mGBA 0.10.5; 240x160; save=/workspace/DungeonCrawlerCarlemon/artifacts/floor1/g01b/third-qywt1a9l/open/howler-first.sav; read-only RAM diagnostics
frame=720 map=0.0 pos=-7,-7 flags=0
party=0 HP=0/0,0/0 battle=0 battlers=0 outcome=0 PP=0,0 trial=0 donut-ability=0
persistent PP=0,0 status=0,0
growth level/xp/item=0/0/0,0/0/0 stats maxHP/attack,maxHP/magic=0/0,0/0 foesHP=0,0
pattern trainer=0 turn=0 foePP=0,0 foeAtkDef=0,0 CarlAtk=0 foeLevel=0
support PP=0,0 Carl-defense=0 enemy-attack=0,0
party action uses=0,0 / 0,0
frame=721 map=0.0 pos=-7,-7 flags=0
party=0 HP=0/0,0/0 battle=0 battlers=0 outcome=0 PP=0,0 trial=0 donut-ability=0
persistent PP=0,0 status=0,0
growth level/xp/item=0/0/0,0/0/0 stats maxHP/attack,maxHP/magic=0/0,0/0 foesHP=0,0
pattern trainer=0 turn=0 foePP=0,0 foeAtkDef=0,0 CarlAtk=0 foeLevel=0
support PP=0,0 Carl-defense=0 enemy-attack=0,0
party action uses=0,0 / 0,0
frame=1081 map=0.0 pos=-7,-7 flags=0
party=0 HP=0/0,0/0 battle=0 battlers=0 outcome=0 PP=0,0 trial=0 donut-ability=0
persistent PP=0,0 status=0,0
growth level/xp/item=0/0/0,0/0/0 stats maxHP/attack,maxHP/magic=0/0,0/0 foesHP=0,0
pattern trainer=0 turn=0 foePP=0,0 foeAtkDef=0,0 CarlAtk=0 foeLevel=0
support PP=0,0 Carl-defense=0 enemy-attack=0,0
party action uses=0,0 / 0,0
frame=1082 map=0.0 pos=-7,-7 flags=0
party=0 HP=0/0,0/0 battle=0 battlers=0 outcome=0 PP=0,0 trial=0 donut-ability=0
persistent PP=0,0 status=0,0
growth level/xp/item=0/0/0,0/0/0 stats maxHP/attack,maxHP/magic=0/0,0/0 foesHP=0,0
pattern trainer=0 turn=0 foePP=0,0 foeAtkDef=0,0 CarlAtk=0 foeLevel=0
support PP=0,0 Carl-defense=0 enemy-attack=0,0
party action uses=0,0 / 0,0
frame=1262 map=0.0 pos=-7,-7 flags=0
party=0 HP=0/0,0/0 battle=0 battlers=0 outcome=0 PP=0,0 trial=0 donut-ability=0
persistent PP=0,0 status=0,0
growth level/xp/item=0/0/0,0/0/0 stats maxHP/attack,maxHP/magic=0/0,0/0 foesHP=0,0
pattern trainer=0 turn=0 foePP=0,0 foeAtkDef=0,0 CarlAtk=0 foeLevel=0
support PP=0,0 Carl-defense=0 enemy-attack=0,0
party action uses=0,0 / 0,0
frame=1263 map=0.0 pos=-7,-7 flags=0
party=0 HP=0/0,0/0 battle=0 battlers=0 outcome=0 PP=0,0 trial=0 donut-ability=0
persistent PP=0,0 status=0,0
growth level/xp/item=0/0/0,0/0/0 stats maxHP/attack,maxHP/magic=0/0,0/0 foesHP=0,0
pattern trainer=0 turn=0 foePP=0,0 foeAtkDef=0,0 CarlAtk=0 foeLevel=0
support PP=0,0 Carl-defense=0 enemy-attack=0,0
party action uses=0,0 / 0,0
frame=1443 map=0.0 pos=-7,-7 flags=0
party=0 HP=0/0,0/0 battle=0 battlers=0 outcome=0 PP=0,0 trial=0 donut-ability=0
persistent PP=0,0 status=0,0
growth level/xp/item=0/0/0,0/0/0 stats maxHP/attack,maxHP/magic=0/0,0/0 foesHP=0,0
pattern trainer=0 turn=0 foePP=0,0 foeAtkDef=0,0 CarlAtk=0 foeLevel=0
support PP=0,0 Carl-defense=0 enemy-attack=0,0
party action uses=0,0 / 0,0
frame=1444 map=0.0 pos=-7,-7 flags=0
party=0 HP=0/0,0/0 battle=0 battlers=0 outcome=0 PP=0,0 trial=0 donut-ability=0
persistent PP=0,0 status=0,0
growth level/xp/item=0/0/0,0/0/0 stats maxHP/attack,maxHP/magic=0/0,0/0 foesHP=0,0
pattern trainer=0 turn=0 foePP=0,0 foeAtkDef=0,0 CarlAtk=0 foeLevel=0
support PP=0,0 Carl-defense=0 enemy-attack=0,0
party action uses=0,0 / 0,0
frame=2044 map=35.0 pos=8,38 flags=0
party=2 HP=30/30,26/26 battle=0 battlers=0 outcome=0 PP=0,0 trial=0 donut-ability=0
persistent PP=8,2 status=0,0
growth level/xp/item=8/399/0,8/709/0 stats maxHP/attack,maxHP/magic=30/20,26/13 foesHP=0,0
pattern trainer=0 turn=0 foePP=0,0 foeAtkDef=0,0 CarlAtk=0 foeLevel=0
support PP=0,0 Carl-defense=0 enemy-attack=0,0
party action uses=8,40 / 2,40
frame=2044 map=35.0 pos=8,38 flags=0
party=2 HP=30/30,26/26 battle=0 battlers=0 outcome=0 PP=0,0 trial=0 donut-ability=0
persistent PP=8,2 status=0,0
growth level/xp/item=8/399/0,8/709/0 stats maxHP/attack,maxHP/magic=30/20,26/13 foesHP=0,0
pattern trainer=0 turn=0 foePP=0,0 foeAtkDef=0,0 CarlAtk=0 foeLevel=0
support PP=0,0 Carl-defense=0 enemy-attack=0,0
party action uses=8,40 / 2,40
PASS expect 35 0 8 38 0
frame=2044 map=35.0 pos=8,38 flags=0
party=2 HP=30/30,26/26 battle=0 battlers=0 outcome=0 PP=0,0 trial=0 donut-ability=0
persistent PP=8,2 status=0,0
growth level/xp/item=8/399/0,8/709/0 stats maxHP/attack,maxHP/magic=30/20,26/13 foesHP=0,0
pattern trainer=0 turn=0 foePP=0,0 foeAtkDef=0,0 CarlAtk=0 foeLevel=0
support PP=0,0 Carl-defense=0 enemy-attack=0,0
party action uses=8,40 / 2,40
PASS duo healthy
frame=2044 map=35.0 pos=8,38 flags=0
party=2 HP=30/30,26/26 battle=0 battlers=0 outcome=0 PP=0,0 trial=0 donut-ability=0
persistent PP=8,2 status=0,0
growth level/xp/item=8/399/0,8/709/0 stats maxHP/attack,maxHP/magic=30/20,26/13 foesHP=0,0
pattern trainer=0 turn=0 foePP=0,0 foeAtkDef=0,0 CarlAtk=0 foeLevel=0
support PP=0,0 Carl-defense=0 enemy-attack=0,0
party action uses=8,40 / 2,40
PASS uses 8 40 2 40
frame=2044 map=35.0 pos=8,38 flags=0
party=2 HP=30/30,26/26 battle=0 battlers=0 outcome=0 PP=0,0 trial=0 donut-ability=0
persistent PP=8,2 status=0,0
growth level/xp/item=8/399/0,8/709/0 stats maxHP/attack,maxHP/magic=30/20,26/13 foesHP=0,0
PASS flag 32 0
pattern trainer=0 turn=0 foePP=0,0 foeAtkDef=0,0 CarlAtk=0 foeLevel=0
support PP=0,0 Carl-defense=0 enemy-attack=0,0
party action uses=8,40 / 2,40
frame=2044 map=35.0 pos=8,38 flags=0
party=2 HP=30/30,26/26 battle=0 battlers=0 outcome=0 PP=0,0 trial=0 donut-ability=0
persistent PP=8,2 status=0,0
growth level/xp/item=8/399/0,8/709/0 stats maxHP/attack,maxHP/magic=30/20,26/13 foesHP=0,0
PASS flag 33 0
pattern trainer=0 turn=0 foePP=0,0 foeAtkDef=0,0 CarlAtk=0 foeLevel=0
support PP=0,0 Carl-defense=0 enemy-attack=0,0
party action uses=8,40 / 2,40
frame=2044 map=35.0 pos=8,38 flags=0
party=2 HP=30/30,26/26 battle=0 battlers=0 outcome=0 PP=0,0 trial=0 donut-ability=0
persistent PP=8,2 status=0,0
growth level/xp/item=8/399/0,8/709/0 stats maxHP/attack,maxHP/magic=30/20,26/13 foesHP=0,0
PASS flag 34 0
pattern trainer=0 turn=0 foePP=0,0 foeAtkDef=0,0 CarlAtk=0 foeLevel=0
support PP=0,0 Carl-defense=0 enemy-attack=0,0
party action uses=8,40 / 2,40
frame=2044 map=35.0 pos=8,38 flags=0
party=2 HP=30/30,26/26 battle=0 battlers=0 outcome=0 PP=0,0 trial=0 donut-ability=0
persistent PP=8,2 status=0,0
growth level/xp/item=8/399/0,8/709/0 stats maxHP/attack,maxHP/magic=30/20,26/13 foesHP=0,0
PASS flag 35 0
pattern trainer=0 turn=0 foePP=0,0 foeAtkDef=0,0 CarlAtk=0 foeLevel=0
support PP=0,0 Carl-defense=0 enemy-attack=0,0
party action uses=8,40 / 2,40
frame=2044 map=35.0 pos=8,38 flags=0
party=2 HP=30/30,26/26 battle=0 battlers=0 outcome=0 PP=0,0 trial=0 donut-ability=0
persistent PP=8,2 status=0,0
growth level/xp/item=8/399/0,8/709/0 stats maxHP/attack,maxHP/magic=30/20,26/13 foesHP=0,0
PASS flag 36 0
pattern trainer=0 turn=0 foePP=0,0 foeAtkDef=0,0 CarlAtk=0 foeLevel=0
support PP=0,0 Carl-defense=0 enemy-attack=0,0
party action uses=8,40 / 2,40
frame=2044 map=35.0 pos=8,38 flags=0
party=2 HP=30/30,26/26 battle=0 battlers=0 outcome=0 PP=0,0 trial=0 donut-ability=0
persistent PP=8,2 status=0,0
growth level/xp/item=8/399/0,8/709/0 stats maxHP/attack,maxHP/magic=30/20,26/13 foesHP=0,0
PASS flag 37 0
pattern trainer=0 turn=0 foePP=0,0 foeAtkDef=0,0 CarlAtk=0 foeLevel=0
support PP=0,0 Carl-defense=0 enemy-attack=0,0
party action uses=8,40 / 2,40
frame=2044 map=35.0 pos=8,38 flags=0
party=2 HP=30/30,26/26 battle=0 battlers=0 outcome=0 PP=0,0 trial=0 donut-ability=0
persistent PP=8,2 status=0,0
growth level/xp/item=8/399/0,8/709/0 stats maxHP/attack,maxHP/magic=30/20,26/13 foesHP=0,0
PASS flag 38 0
pattern trainer=0 turn=0 foePP=0,0 foeAtkDef=0,0 CarlAtk=0 foeLevel=0
support PP=0,0 Carl-defense=0 enemy-attack=0,0
party action uses=8,40 / 2,40
frame=2044 map=35.0 pos=8,38 flags=0
party=2 HP=30/30,26/26 battle=0 battlers=0 outcome=0 PP=0,0 trial=0 donut-ability=0
persistent PP=8,2 status=0,0
growth level/xp/item=8/399/0,8/709/0 stats maxHP/attack,maxHP/magic=30/20,26/13 foesHP=0,0
PASS flag 39 0
pattern trainer=0 turn=0 foePP=0,0 foeAtkDef=0,0 CarlAtk=0 foeLevel=0
support PP=0,0 Carl-defense=0 enemy-attack=0,0
party action uses=8,40 / 2,40
frame=2044 map=35.0 pos=8,38 flags=0
party=2 HP=30/30,26/26 battle=0 battlers=0 outcome=0 PP=0,0 trial=0 donut-ability=0
persistent PP=8,2 status=0,0
growth level/xp/item=8/399/0,8/709/0 stats maxHP/attack,maxHP/magic=30/20,26/13 foesHP=0,0
PASS flag 40 0
pattern trainer=0 turn=0 foePP=0,0 foeAtkDef=0,0 CarlAtk=0 foeLevel=0
support PP=0,0 Carl-defense=0 enemy-attack=0,0
party action uses=8,40 / 2,40
frame=2044 map=35.0 pos=8,38 flags=0
party=2 HP=30/30,26/26 battle=0 battlers=0 outcome=0 PP=0,0 trial=0 donut-ability=0
persistent PP=8,2 status=0,0
growth level/xp/item=8/399/0,8/709/0 stats maxHP/attack,maxHP/magic=30/20,26/13 foesHP=0,0
PASS flag 41 0
pattern trainer=0 turn=0 foePP=0,0 foeAtkDef=0,0 CarlAtk=0 foeLevel=0
support PP=0,0 Carl-defense=0 enemy-attack=0,0
party action uses=8,40 / 2,40
frame=2044 map=35.0 pos=8,38 flags=0
party=2 HP=30/30,26/26 battle=0 battlers=0 outcome=0 PP=0,0 trial=0 donut-ability=0
persistent PP=8,2 status=0,0
growth level/xp/item=8/399/0,8/709/0 stats maxHP/attack,maxHP/magic=30/20,26/13 foesHP=0,0
PASS flag 42 0
pattern trainer=0 turn=0 foePP=0,0 foeAtkDef=0,0 CarlAtk=0 foeLevel=0
support PP=0,0 Carl-defense=0 enemy-attack=0,0
party action uses=8,40 / 2,40
frame=2044 map=35.0 pos=8,38 flags=0
party=2 HP=30/30,26/26 battle=0 battlers=0 outcome=0 PP=0,0 trial=0 donut-ability=0
persistent PP=8,2 status=0,0
growth level/xp/item=8/399/0,8/709/0 stats maxHP/attack,maxHP/magic=30/20,26/13 foesHP=0,0
PASS flag 43 0
pattern trainer=0 turn=0 foePP=0,0 foeAtkDef=0,0 CarlAtk=0 foeLevel=0
support PP=0,0 Carl-defense=0 enemy-attack=0,0
party action uses=8,40 / 2,40
frame=2044 map=35.0 pos=8,38 flags=0
party=2 HP=30/30,26/26 battle=0 battlers=0 outcome=0 PP=0,0 trial=0 donut-ability=0
persistent PP=8,2 status=0,0
growth level/xp/item=8/399/0,8/709/0 stats maxHP/attack,maxHP/magic=30/20,26/13 foesHP=0,0
PASS flag 44 0
pattern trainer=0 turn=0 foePP=0,0 foeAtkDef=0,0 CarlAtk=0 foeLevel=0
support PP=0,0 Carl-defense=0 enemy-attack=0,0
party action uses=8,40 / 2,40
frame=2044 map=35.0 pos=8,38 flags=0
party=2 HP=30/30,26/26 battle=0 battlers=0 outcome=0 PP=0,0 trial=0 donut-ability=0
persistent PP=8,2 status=0,0
growth level/xp/item=8/399/0,8/709/0 stats maxHP/attack,maxHP/magic=30/20,26/13 foesHP=0,0
PASS flag 45 0
pattern trainer=0 turn=0 foePP=0,0 foeAtkDef=0,0 CarlAtk=0 foeLevel=0
support PP=0,0 Carl-defense=0 enemy-attack=0,0
party action uses=8,40 / 2,40
frame=2044 map=35.0 pos=8,38 flags=0
party=2 HP=30/30,26/26 battle=0 battlers=0 outcome=0 PP=0,0 trial=0 donut-ability=0
persistent PP=8,2 status=0,0
growth level/xp/item=8/399/0,8/709/0 stats maxHP/attack,maxHP/magic=30/20,26/13 foesHP=0,0
PASS flag 46 0
pattern trainer=0 turn=0 foePP=0,0 foeAtkDef=0,0 CarlAtk=0 foeLevel=0
support PP=0,0 Carl-defense=0 enemy-attack=0,0
party action uses=8,40 / 2,40
frame=2044 map=35.0 pos=8,38 flags=0
party=2 HP=30/30,26/26 battle=0 battlers=0 outcome=0 PP=0,0 trial=0 donut-ability=0
persistent PP=8,2 status=0,0
growth level/xp/item=8/399/0,8/709/0 stats maxHP/attack,maxHP/magic=30/20,26/13 foesHP=0,0
PASS flag 47 0
pattern trainer=0 turn=0 foePP=0,0 foeAtkDef=0,0 CarlAtk=0 foeLevel=0
support PP=0,0 Carl-defense=0 enemy-attack=0,0
party action uses=8,40 / 2,40
frame=2044 map=35.0 pos=8,38 flags=0
party=2 HP=30/30,26/26 battle=0 battlers=0 outcome=0 PP=0,0 trial=0 donut-ability=0
persistent PP=8,2 status=0,0
growth level/xp/item=8/399/0,8/709/0 stats maxHP/attack,maxHP/magic=30/20,26/13 foesHP=0,0
PASS flag 48 0
pattern trainer=0 turn=0 foePP=0,0 foeAtkDef=0,0 CarlAtk=0 foeLevel=0
support PP=0,0 Carl-defense=0 enemy-attack=0,0
party action uses=8,40 / 2,40
frame=2044 map=35.0 pos=8,38 flags=0
party=2 HP=30/30,26/26 battle=0 battlers=0 outcome=0 PP=0,0 trial=0 donut-ability=0
persistent PP=8,2 status=0,0
growth level/xp/item=8/399/0,8/709/0 stats maxHP/attack,maxHP/magic=30/20,26/13 foesHP=0,0
PASS flag 2135 0
pattern trainer=0 turn=0 foePP=0,0 foeAtkDef=0,0 CarlAtk=0 foeLevel=0
support PP=0,0 Carl-defense=0 enemy-attack=0,0
party action uses=8,40 / 2,40
frame=2044 map=35.0 pos=8,38 flags=0
party=2 HP=30/30,26/26 battle=0 battlers=0 outcome=0 PP=0,0 trial=0 donut-ability=0
persistent PP=8,2 status=0,0
growth level/xp/item=8/399/0,8/709/0 stats maxHP/attack,maxHP/magic=30/20,26/13 foesHP=0,0
PASS flag 2136 0
pattern trainer=0 turn=0 foePP=0,0 foeAtkDef=0,0 CarlAtk=0 foeLevel=0
support PP=0,0 Carl-defense=0 enemy-attack=0,0
party action uses=8,40 / 2,40
frame=2044 map=35.0 pos=8,38 flags=0
party=2 HP=30/30,26/26 battle=0 battlers=0 outcome=0 PP=0,0 trial=0 donut-ability=0
persistent PP=8,2 status=0,0
growth level/xp/item=8/399/0,8/709/0 stats maxHP/attack,maxHP/magic=30/20,26/13 foesHP=0,0
PASS flag 2137 0
pattern trainer=0 turn=0 foePP=0,0 foeAtkDef=0,0 CarlAtk=0 foeLevel=0
support PP=0,0 Carl-defense=0 enemy-attack=0,0
party action uses=8,40 / 2,40
frame=2044 map=35.0 pos=8,38 flags=0
party=2 HP=30/30,26/26 battle=0 battlers=0 outcome=0 PP=0,0 trial=0 donut-ability=0
persistent PP=8,2 status=0,0
growth level/xp/item=8/399/0,8/709/0 stats maxHP/attack,maxHP/magic=30/20,26/13 foesHP=0,0
PASS flag 2138 0
pattern trainer=0 turn=0 foePP=0,0 foeAtkDef=0,0 CarlAtk=0 foeLevel=0
support PP=0,0 Carl-defense=0 enemy-attack=0,0
party action uses=8,40 / 2,40
frame=2044 map=35.0 pos=8,38 flags=0
party=2 HP=30/30,26/26 battle=0 battlers=0 outcome=0 PP=0,0 trial=0 donut-ability=0
persistent PP=8,2 status=0,0
growth level/xp/item=8/399/0,8/709/0 stats maxHP/attack,maxHP/magic=30/20,26/13 foesHP=0,0
PASS flag 2139 0
pattern trainer=0 turn=0 foePP=0,0 foeAtkDef=0,0 CarlAtk=0 foeLevel=0
support PP=0,0 Carl-defense=0 enemy-attack=0,0
party action uses=8,40 / 2,40
frame=2112 map=35.0 pos=8,34 flags=0
party=2 HP=30/30,26/26 battle=0 battlers=0 outcome=0 PP=0,0 trial=0 donut-ability=0
persistent PP=8,2 status=0,0
growth level/xp/item=8/399/0,8/709/0 stats maxHP/attack,maxHP/magic=30/20,26/13 foesHP=0,0
pattern trainer=0 turn=0 foePP=0,0 foeAtkDef=0,0 CarlAtk=0 foeLevel=0
support PP=0,0 Carl-defense=0 enemy-attack=0,0
party action uses=8,40 / 2,40
frame=2152 map=35.0 pos=8,34 flags=0
party=2 HP=30/30,26/26 battle=0 battlers=0 outcome=0 PP=0,0 trial=0 donut-ability=0
persistent PP=8,2 status=0,0
growth level/xp/item=8/399/0,8/709/0 stats maxHP/attack,maxHP/magic=30/20,26/13 foesHP=0,0
pattern trainer=0 turn=0 foePP=0,0 foeAtkDef=0,0 CarlAtk=0 foeLevel=0
support PP=0,0 Carl-defense=0 enemy-attack=0,0
party action uses=8,40 / 2,40
frame=2152 map=35.0 pos=8,34 flags=0
party=2 HP=30/30,26/26 battle=0 battlers=0 outcome=0 PP=0,0 trial=0 donut-ability=0
persistent PP=8,2 status=0,0
growth level/xp/item=8/399/0,8/709/0 stats maxHP/attack,maxHP/magic=30/20,26/13 foesHP=0,0
pattern trainer=0 turn=0 foePP=0,0 foeAtkDef=0,0 CarlAtk=0 foeLevel=0
support PP=0,0 Carl-defense=0 enemy-attack=0,0
party action uses=8,40 / 2,40
PASS expect 35 0 8 34 0
frame=2396 map=35.0 pos=23,34 flags=0
party=2 HP=30/30,26/26 battle=0 battlers=0 outcome=0 PP=0,0 trial=0 donut-ability=0
persistent PP=8,2 status=0,0
growth level/xp/item=8/399/0,8/709/0 stats maxHP/attack,maxHP/magic=30/20,26/13 foesHP=0,0
pattern trainer=0 turn=0 foePP=0,0 foeAtkDef=0,0 CarlAtk=0 foeLevel=0
support PP=0,0 Carl-defense=0 enemy-attack=0,0
party action uses=8,40 / 2,40
frame=2436 map=35.0 pos=23,34 flags=0
party=2 HP=30/30,26/26 battle=0 battlers=0 outcome=0 PP=0,0 trial=0 donut-ability=0
persistent PP=8,2 status=0,0
growth level/xp/item=8/399/0,8/709/0 stats maxHP/attack,maxHP/magic=30/20,26/13 foesHP=0,0
pattern trainer=0 turn=0 foePP=0,0 foeAtkDef=0,0 CarlAtk=0 foeLevel=0
support PP=0,0 Carl-defense=0 enemy-attack=0,0
party action uses=8,40 / 2,40
frame=2436 map=35.0 pos=23,34 flags=0
party=2 HP=30/30,26/26 battle=0 battlers=0 outcome=0 PP=0,0 trial=0 donut-ability=0
persistent PP=8,2 status=0,0
growth level/xp/item=8/399/0,8/709/0 stats maxHP/attack,maxHP/magic=30/20,26/13 foesHP=0,0
pattern trainer=0 turn=0 foePP=0,0 foeAtkDef=0,0 CarlAtk=0 foeLevel=0
support PP=0,0 Carl-defense=0 enemy-attack=0,0
party action uses=8,40 / 2,40
PASS expect 35 0 23 34 0
frame=2600 map=35.0 pos=23,24 flags=0
party=2 HP=30/30,26/26 battle=0 battlers=0 outcome=0 PP=0,0 trial=0 donut-ability=0
persistent PP=8,2 status=0,0
growth level/xp/item=8/399/0,8/709/0 stats maxHP/attack,maxHP/magic=30/20,26/13 foesHP=0,0
pattern trainer=0 turn=0 foePP=0,0 foeAtkDef=0,0 CarlAtk=0 foeLevel=0
support PP=0,0 Carl-defense=0 enemy-attack=0,0
party action uses=8,40 / 2,40
frame=2640 map=35.0 pos=23,24 flags=0
party=2 HP=30/30,26/26 battle=0 battlers=0 outcome=0 PP=0,0 trial=0 donut-ability=0
persistent PP=8,2 status=0,0
growth level/xp/item=8/399/0,8/709/0 stats maxHP/attack,maxHP/magic=30/20,26/13 foesHP=0,0
pattern trainer=0 turn=0 foePP=0,0 foeAtkDef=0,0 CarlAtk=0 foeLevel=0
support PP=0,0 Carl-defense=0 enemy-attack=0,0
party action uses=8,40 / 2,40
frame=2640 map=35.0 pos=23,24 flags=0
party=2 HP=30/30,26/26 battle=0 battlers=0 outcome=0 PP=0,0 trial=0 donut-ability=0
persistent PP=8,2 status=0,0
growth level/xp/item=8/399/0,8/709/0 stats maxHP/attack,maxHP/magic=30/20,26/13 foesHP=0,0
pattern trainer=0 turn=0 foePP=0,0 foeAtkDef=0,0 CarlAtk=0 foeLevel=0
support PP=0,0 Carl-defense=0 enemy-attack=0,0
party action uses=8,40 / 2,40
PASS expect 35 0 23 24 0
frame=2756 map=35.0 pos=30,24 flags=0
party=2 HP=30/30,26/26 battle=0 battlers=0 outcome=0 PP=0,0 trial=0 donut-ability=0
persistent PP=8,2 status=0,0
growth level/xp/item=8/399/0,8/709/0 stats maxHP/attack,maxHP/magic=30/20,26/13 foesHP=0,0
pattern trainer=0 turn=0 foePP=0,0 foeAtkDef=0,0 CarlAtk=0 foeLevel=0
support PP=0,0 Carl-defense=0 enemy-attack=0,0
party action uses=8,40 / 2,40
frame=2796 map=35.0 pos=30,24 flags=0
party=2 HP=30/30,26/26 battle=0 battlers=0 outcome=0 PP=0,0 trial=0 donut-ability=0
persistent PP=8,2 status=0,0
growth level/xp/item=8/399/0,8/709/0 stats maxHP/attack,maxHP/magic=30/20,26/13 foesHP=0,0
pattern trainer=0 turn=0 foePP=0,0 foeAtkDef=0,0 CarlAtk=0 foeLevel=0
support PP=0,0 Carl-defense=0 enemy-attack=0,0
party action uses=8,40 / 2,40
frame=2796 map=35.0 pos=30,24 flags=0
party=2 HP=30/30,26/26 battle=0 battlers=0 outcome=0 PP=0,0 trial=0 donut-ability=0
persistent PP=8,2 status=0,0
growth level/xp/item=8/399/0,8/709/0 stats maxHP/attack,maxHP/magic=30/20,26/13 foesHP=0,0
pattern trainer=0 turn=0 foePP=0,0 foeAtkDef=0,0 CarlAtk=0 foeLevel=0
support PP=0,0 Carl-defense=0 enemy-attack=0,0
party action uses=8,40 / 2,40
PASS expect 35 0 30 24 0
frame=2836 map=35.0 pos=30,24 flags=0
party=2 HP=30/30,26/26 battle=0 battlers=0 outcome=0 PP=0,0 trial=0 donut-ability=0
persistent PP=8,2 status=0,0
growth level/xp/item=8/399/0,8/709/0 stats maxHP/attack,maxHP/magic=30/20,26/13 foesHP=0,0
pattern trainer=0 turn=0 foePP=0,0 foeAtkDef=0,0 CarlAtk=0 foeLevel=0
support PP=0,0 Carl-defense=0 enemy-attack=0,0
party action uses=8,40 / 2,40
frame=2900 map=35.0 pos=34,24 flags=0
party=2 HP=30/30,26/26 battle=0 battlers=0 outcome=0 PP=0,0 trial=0 donut-ability=0
persistent PP=8,2 status=0,0
growth level/xp/item=8/399/0,8/709/0 stats maxHP/attack,maxHP/magic=30/20,26/13 foesHP=0,0
pattern trainer=0 turn=0 foePP=0,0 foeAtkDef=0,0 CarlAtk=0 foeLevel=0
support PP=0,0 Carl-defense=0 enemy-attack=0,0
party action uses=8,40 / 2,40
frame=2940 map=35.0 pos=34,24 flags=0
party=2 HP=30/30,26/26 battle=0 battlers=0 outcome=0 PP=0,0 trial=0 donut-ability=0
persistent PP=8,2 status=0,0
growth level/xp/item=8/399/0,8/709/0 stats maxHP/attack,maxHP/magic=30/20,26/13 foesHP=0,0
pattern trainer=0 turn=0 foePP=0,0 foeAtkDef=0,0 CarlAtk=0 foeLevel=0
support PP=0,0 Carl-defense=0 enemy-attack=0,0
party action uses=8,40 / 2,40
frame=2940 map=35.0 pos=34,24 flags=0
party=2 HP=30/30,26/26 battle=0 battlers=0 outcome=0 PP=0,0 trial=0 donut-ability=0
persistent PP=8,2 status=0,0
growth level/xp/item=8/399/0,8/709/0 stats maxHP/attack,maxHP/magic=30/20,26/13 foesHP=0,0
pattern trainer=0 turn=0 foePP=0,0 foeAtkDef=0,0 CarlAtk=0 foeLevel=0
support PP=0,0 Carl-defense=0 enemy-attack=0,0
party action uses=8,40 / 2,40
PASS expect 35 0 34 24 0
frame=2976 map=35.0 pos=34,26 flags=0
party=2 HP=30/30,26/26 battle=0 battlers=0 outcome=0 PP=0,0 trial=0 donut-ability=0
persistent PP=8,2 status=0,0
growth level/xp/item=8/399/0,8/709/0 stats maxHP/attack,maxHP/magic=30/20,26/13 foesHP=0,0
pattern trainer=0 turn=0 foePP=0,0 foeAtkDef=0,0 CarlAtk=0 foeLevel=0
support PP=0,0 Carl-defense=0 enemy-attack=0,0
party action uses=8,40 / 2,40
frame=3016 map=35.0 pos=34,26 flags=0
party=2 HP=30/30,26/26 battle=0 battlers=0 outcome=0 PP=0,0 trial=0 donut-ability=0
persistent PP=8,2 status=0,0
growth level/xp/item=8/399/0,8/709/0 stats maxHP/attack,maxHP/magic=30/20,26/13 foesHP=0,0
pattern trainer=0 turn=0 foePP=0,0 foeAtkDef=0,0 CarlAtk=0 foeLevel=0
support PP=0,0 Carl-defense=0 enemy-attack=0,0
party action uses=8,40 / 2,40
frame=3016 map=35.0 pos=34,26 flags=0
party=2 HP=30/30,26/26 battle=0 battlers=0 outcome=0 PP=0,0 trial=0 donut-ability=0
persistent PP=8,2 status=0,0
growth level/xp/item=8/399/0,8/709/0 stats maxHP/attack,maxHP/magic=30/20,26/13 foesHP=0,0
pattern trainer=0 turn=0 foePP=0,0 foeAtkDef=0,0 CarlAtk=0 foeLevel=0
support PP=0,0 Carl-defense=0 enemy-attack=0,0
party action uses=8,40 / 2,40
PASS expect 35 0 34 26 0
frame=3052 map=35.0 pos=36,26 flags=0
party=2 HP=30/30,26/26 battle=0 battlers=0 outcome=0 PP=0,0 trial=0 donut-ability=0
persistent PP=8,2 status=0,0
growth level/xp/item=8/399/0,8/709/0 stats maxHP/attack,maxHP/magic=30/20,26/13 foesHP=0,0
pattern trainer=0 turn=0 foePP=0,0 foeAtkDef=0,0 CarlAtk=0 foeLevel=0
support PP=0,0 Carl-defense=0 enemy-attack=0,0
party action uses=8,40 / 2,40
frame=3092 map=35.0 pos=36,26 flags=0
party=2 HP=30/30,26/26 battle=0 battlers=0 outcome=0 PP=0,0 trial=0 donut-ability=0
persistent PP=8,2 status=0,0
growth level/xp/item=8/399/0,8/709/0 stats maxHP/attack,maxHP/magic=30/20,26/13 foesHP=0,0
pattern trainer=0 turn=0 foePP=0,0 foeAtkDef=0,0 CarlAtk=0 foeLevel=0
support PP=0,0 Carl-defense=0 enemy-attack=0,0
party action uses=8,40 / 2,40
frame=3092 map=35.0 pos=36,26 flags=0
party=2 HP=30/30,26/26 battle=0 battlers=0 outcome=0 PP=0,0 trial=0 donut-ability=0
persistent PP=8,2 status=0,0
growth level/xp/item=8/399/0,8/709/0 stats maxHP/attack,maxHP/magic=30/20,26/13 foesHP=0,0
pattern trainer=0 turn=0 foePP=0,0 foeAtkDef=0,0 CarlAtk=0 foeLevel=0
support PP=0,0 Carl-defense=0 enemy-attack=0,0
party action uses=8,40 / 2,40
PASS expect 35 0 36 26 0
frame=3112 map=35.0 pos=36,27 flags=0
party=2 HP=30/30,26/26 battle=0 battlers=0 outcome=0 PP=0,0 trial=0 donut-ability=0
persistent PP=8,2 status=0,0
growth level/xp/item=8/399/0,8/709/0 stats maxHP/attack,maxHP/magic=30/20,26/13 foesHP=0,0
pattern trainer=0 turn=0 foePP=0,0 foeAtkDef=0,0 CarlAtk=0 foeLevel=0
support PP=0,0 Carl-defense=0 enemy-attack=0,0
party action uses=8,40 / 2,40
frame=3152 map=35.0 pos=36,27 flags=0
party=2 HP=30/30,26/26 battle=0 battlers=0 outcome=0 PP=0,0 trial=0 donut-ability=0
persistent PP=8,2 status=0,0
growth level/xp/item=8/399/0,8/709/0 stats maxHP/attack,maxHP/magic=30/20,26/13 foesHP=0,0
pattern trainer=0 turn=0 foePP=0,0 foeAtkDef=0,0 CarlAtk=0 foeLevel=0
support PP=0,0 Carl-defense=0 enemy-attack=0,0
party action uses=8,40 / 2,40
frame=3152 map=35.0 pos=36,27 flags=0
party=2 HP=30/30,26/26 battle=0 battlers=0 outcome=0 PP=0,0 trial=0 donut-ability=0
persistent PP=8,2 status=0,0
growth level/xp/item=8/399/0,8/709/0 stats maxHP/attack,maxHP/magic=30/20,26/13 foesHP=0,0
pattern trainer=0 turn=0 foePP=0,0 foeAtkDef=0,0 CarlAtk=0 foeLevel=0
support PP=0,0 Carl-defense=0 enemy-attack=0,0
party action uses=8,40 / 2,40
PASS expect 35 0 36 27 0
frame=3396 map=35.0 pos=51,27 flags=0
party=2 HP=30/30,26/26 battle=0 battlers=0 outcome=0 PP=0,0 trial=0 donut-ability=0
persistent PP=8,2 status=0,0
growth level/xp/item=8/399/0,8/709/0 stats maxHP/attack,maxHP/magic=30/20,26/13 foesHP=0,0
pattern trainer=0 turn=0 foePP=0,0 foeAtkDef=0,0 CarlAtk=0 foeLevel=0
support PP=0,0 Carl-defense=0 enemy-attack=0,0
party action uses=8,40 / 2,40
frame=3436 map=35.0 pos=51,27 flags=0
party=2 HP=30/30,26/26 battle=0 battlers=0 outcome=0 PP=0,0 trial=0 donut-ability=0
persistent PP=8,2 status=0,0
growth level/xp/item=8/399/0,8/709/0 stats maxHP/attack,maxHP/magic=30/20,26/13 foesHP=0,0
pattern trainer=0 turn=0 foePP=0,0 foeAtkDef=0,0 CarlAtk=0 foeLevel=0
support PP=0,0 Carl-defense=0 enemy-attack=0,0
party action uses=8,40 / 2,40
frame=3436 map=35.0 pos=51,27 flags=0
party=2 HP=30/30,26/26 battle=0 battlers=0 outcome=0 PP=0,0 trial=0 donut-ability=0
persistent PP=8,2 status=0,0
growth level/xp/item=8/399/0,8/709/0 stats maxHP/attack,maxHP/magic=30/20,26/13 foesHP=0,0
pattern trainer=0 turn=0 foePP=0,0 foeAtkDef=0,0 CarlAtk=0 foeLevel=0
support PP=0,0 Carl-defense=0 enemy-attack=0,0
party action uses=8,40 / 2,40
PASS expect 35 0 51 27 0
frame=3476 map=35.0 pos=51,27 flags=0
party=2 HP=30/30,26/26 battle=0 battlers=0 outcome=0 PP=0,0 trial=0 donut-ability=0
persistent PP=8,2 status=0,0
growth level/xp/item=8/399/0,8/709/0 stats maxHP/attack,maxHP/magic=30/20,26/13 foesHP=0,0
pattern trainer=0 turn=0 foePP=0,0 foeAtkDef=0,0 CarlAtk=0 foeLevel=0
support PP=0,0 Carl-defense=0 enemy-attack=0,0
party action uses=8,40 / 2,40
frame=3496 map=35.0 pos=51,26 flags=0
party=2 HP=30/30,26/26 battle=0 battlers=0 outcome=0 PP=0,0 trial=0 donut-ability=0
persistent PP=8,2 status=0,0
growth level/xp/item=8/399/0,8/709/0 stats maxHP/attack,maxHP/magic=30/20,26/13 foesHP=0,0
pattern trainer=0 turn=0 foePP=0,0 foeAtkDef=0,0 CarlAtk=0 foeLevel=0
support PP=0,0 Carl-defense=0 enemy-attack=0,0
party action uses=8,40 / 2,40
frame=3536 map=35.0 pos=51,26 flags=0
party=2 HP=30/30,26/26 battle=0 battlers=0 outcome=0 PP=0,0 trial=0 donut-ability=0
persistent PP=8,2 status=0,0
growth level/xp/item=8/399/0,8/709/0 stats maxHP/attack,maxHP/magic=30/20,26/13 foesHP=0,0
pattern trainer=0 turn=0 foePP=0,0 foeAtkDef=0,0 CarlAtk=0 foeLevel=0
support PP=0,0 Carl-defense=0 enemy-attack=0,0
party action uses=8,40 / 2,40
frame=3536 map=35.0 pos=51,26 flags=0
party=2 HP=30/30,26/26 battle=0 battlers=0 outcome=0 PP=0,0 trial=0 donut-ability=0
persistent PP=8,2 status=0,0
growth level/xp/item=8/399/0,8/709/0 stats maxHP/attack,maxHP/magic=30/20,26/13 foesHP=0,0
pattern trainer=0 turn=0 foePP=0,0 foeAtkDef=0,0 CarlAtk=0 foeLevel=0
support PP=0,0 Carl-defense=0 enemy-attack=0,0
party action uses=8,40 / 2,40
PASS expect 35 0 51 26 0
frame=3764 map=35.0 pos=37,26 flags=0
party=2 HP=30/30,26/26 battle=0 battlers=0 outcome=0 PP=0,0 trial=0 donut-ability=0
persistent PP=8,2 status=0,0
growth level/xp/item=8/399/0,8/709/0 stats maxHP/attack,maxHP/magic=30/20,26/13 foesHP=0,0
pattern trainer=0 turn=0 foePP=0,0 foeAtkDef=0,0 CarlAtk=0 foeLevel=0
support PP=0,0 Carl-defense=0 enemy-attack=0,0
party action uses=8,40 / 2,40
frame=3804 map=35.1 pos=4,3 flags=0
party=2 HP=30/30,26/26 battle=0 battlers=0 outcome=0 PP=0,0 trial=0 donut-ability=0
persistent PP=8,2 status=0,0
growth level/xp/item=8/399/0,8/709/0 stats maxHP/attack,maxHP/magic=30/20,26/13 foesHP=0,0
pattern trainer=0 turn=0 foePP=0,0 foeAtkDef=0,0 CarlAtk=0 foeLevel=0
support PP=0,0 Carl-defense=0 enemy-attack=0,0
party action uses=8,40 / 2,40
frame=4104 map=35.1 pos=4,3 flags=0
party=2 HP=30/30,26/26 battle=0 battlers=0 outcome=0 PP=0,0 trial=0 donut-ability=0
persistent PP=8,2 status=0,0
growth level/xp/item=8/399/0,8/709/0 stats maxHP/attack,maxHP/magic=30/20,26/13 foesHP=0,0
pattern trainer=0 turn=0 foePP=0,0 foeAtkDef=0,0 CarlAtk=0 foeLevel=0
support PP=0,0 Carl-defense=0 enemy-attack=0,0
party action uses=8,40 / 2,40
frame=4104 map=35.1 pos=4,3 flags=0
party=2 HP=30/30,26/26 battle=0 battlers=0 outcome=0 PP=0,0 trial=0 donut-ability=0
persistent PP=8,2 status=0,0
growth level/xp/item=8/399/0,8/709/0 stats maxHP/attack,maxHP/magic=30/20,26/13 foesHP=0,0
pattern trainer=0 turn=0 foePP=0,0 foeAtkDef=0,0 CarlAtk=0 foeLevel=0
support PP=0,0 Carl-defense=0 enemy-attack=0,0
party action uses=8,40 / 2,40
PASS expect 35 1 4 3 0
frame=4144 map=35.1 pos=4,3 flags=0
party=2 HP=30/30,26/26 battle=0 battlers=0 outcome=0 PP=0,0 trial=0 donut-ability=0
persistent PP=8,2 status=0,0
growth level/xp/item=8/399/0,8/709/0 stats maxHP/attack,maxHP/magic=30/20,26/13 foesHP=0,0
pattern trainer=0 turn=0 foePP=0,0 foeAtkDef=0,0 CarlAtk=0 foeLevel=0
support PP=0,0 Carl-defense=0 enemy-attack=0,0
party action uses=8,40 / 2,40
frame=4180 map=35.1 pos=4,5 flags=0
party=2 HP=30/30,26/26 battle=0 battlers=0 outcome=0 PP=0,0 trial=0 donut-ability=0
persistent PP=8,2 status=0,0
growth level/xp/item=8/399/0,8/709/0 stats maxHP/attack,maxHP/magic=30/20,26/13 foesHP=0,0
pattern trainer=0 turn=0 foePP=0,0 foeAtkDef=0,0 CarlAtk=0 foeLevel=0
support PP=0,0 Carl-defense=0 enemy-attack=0,0
party action uses=8,40 / 2,40
frame=4220 map=35.1 pos=4,5 flags=0
party=2 HP=30/30,26/26 battle=0 battlers=0 outcome=0 PP=0,0 trial=0 donut-ability=0
persistent PP=8,2 status=0,0
growth level/xp/item=8/399/0,8/709/0 stats maxHP/attack,maxHP/magic=30/20,26/13 foesHP=0,0
pattern trainer=0 turn=0 foePP=0,0 foeAtkDef=0,0 CarlAtk=0 foeLevel=0
support PP=0,0 Carl-defense=0 enemy-attack=0,0
party action uses=8,40 / 2,40
frame=4220 map=35.1 pos=4,5 flags=0
party=2 HP=30/30,26/26 battle=0 battlers=0 outcome=0 PP=0,0 trial=0 donut-ability=0
persistent PP=8,2 status=0,0
growth level/xp/item=8/399/0,8/709/0 stats maxHP/attack,maxHP/magic=30/20,26/13 foesHP=0,0
pattern trainer=0 turn=0 foePP=0,0 foeAtkDef=0,0 CarlAtk=0 foeLevel=0
support PP=0,0 Carl-defense=0 enemy-attack=0,0
party action uses=8,40 / 2,40
PASS expect 35 1 4 5 0
frame=4260 map=35.1 pos=4,5 flags=0
party=2 HP=30/30,26/26 battle=0 battlers=0 outcome=0 PP=0,0 trial=0 donut-ability=0
persistent PP=8,2 status=0,0
growth level/xp/item=8/399/0,8/709/0 stats maxHP/attack,maxHP/magic=30/20,26/13 foesHP=0,0
pattern trainer=0 turn=0 foePP=0,0 foeAtkDef=0,0 CarlAtk=0 foeLevel=0
support PP=0,0 Carl-defense=0 enemy-attack=0,0
party action uses=8,40 / 2,40
MEASURE name=howler-out frames=784 walking=272 tiles=17 warps=1
frame=4261 map=35.1 pos=4,5 flags=0
party=2 HP=30/30,26/26 battle=0 battlers=0 outcome=0 PP=0,0 trial=0 donut-ability=0
persistent PP=8,2 status=0,0
growth level/xp/item=8/399/0,8/709/0 stats maxHP/attack,maxHP/magic=30/20,26/13 foesHP=0,0
pattern trainer=0 turn=0 foePP=0,0 foeAtkDef=0,0 CarlAtk=0 foeLevel=0
support PP=0,0 Carl-defense=0 enemy-attack=0,0
party action uses=8,40 / 2,40
frame=4301 map=35.1 pos=4,5 flags=0
party=2 HP=30/30,26/26 battle=0 battlers=0 outcome=0 PP=0,0 trial=0 donut-ability=0
persistent PP=8,2 status=0,0
growth level/xp/item=8/399/0,8/709/0 stats maxHP/attack,maxHP/magic=30/20,26/13 foesHP=0,0
pattern trainer=0 turn=0 foePP=0,0 foeAtkDef=0,0 CarlAtk=0 foeLevel=0
support PP=0,0 Carl-defense=0 enemy-attack=0,0
party action uses=8,40 / 2,40
frame=4302 map=35.1 pos=4,5 flags=0
party=2 HP=30/30,26/26 battle=0 battlers=0 outcome=0 PP=0,0 trial=0 donut-ability=0
persistent PP=8,2 status=0,0
growth level/xp/item=8/399/0,8/709/0 stats maxHP/attack,maxHP/magic=30/20,26/13 foesHP=0,0
pattern trainer=0 turn=0 foePP=0,0 foeAtkDef=0,0 CarlAtk=0 foeLevel=0
support PP=0,0 Carl-defense=0 enemy-attack=0,0
party action uses=8,40 / 2,40
frame=4702 map=35.1 pos=4,5 flags=0
party=2 HP=30/30,26/26 battle=0 battlers=0 outcome=0 PP=0,0 trial=0 donut-ability=0
persistent PP=8,2 status=0,0
growth level/xp/item=8/399/0,8/709/0 stats maxHP/attack,maxHP/magic=30/20,26/13 foesHP=0,0
pattern trainer=0 turn=0 foePP=0,0 foeAtkDef=0,0 CarlAtk=0 foeLevel=0
support PP=0,0 Carl-defense=0 enemy-attack=0,0
party action uses=8,40 / 2,40
frame=4702 map=35.1 pos=4,5 flags=0
party=2 HP=30/30,26/26 battle=0 battlers=0 outcome=0 PP=0,0 trial=0 donut-ability=0
persistent PP=8,2 status=0,0
growth level/xp/item=8/399/0,8/709/0 stats maxHP/attack,maxHP/magic=30/20,26/13 foesHP=0,0
pattern trainer=0 turn=0 foePP=0,0 foeAtkDef=0,0 CarlAtk=0 foeLevel=0
support PP=0,0 Carl-defense=0 enemy-attack=0,0
party action uses=8,40 / 2,40
PASS duo healthy
frame=4702 map=35.1 pos=4,5 flags=0
party=2 HP=30/30,26/26 battle=0 battlers=0 outcome=0 PP=0,0 trial=0 donut-ability=0
persistent PP=8,2 status=0,0
growth level/xp/item=8/399/0,8/709/0 stats maxHP/attack,maxHP/magic=30/20,26/13 foesHP=0,0
pattern trainer=0 turn=0 foePP=0,0 foeAtkDef=0,0 CarlAtk=0 foeLevel=0
support PP=0,0 Carl-defense=0 enemy-attack=0,0
party action uses=8,40 / 2,40
PASS uses 8 40 2 40
frame=4703 map=35.1 pos=4,5 flags=0
party=2 HP=30/30,26/26 battle=0 battlers=0 outcome=0 PP=0,0 trial=0 donut-ability=0
persistent PP=8,2 status=0,0
growth level/xp/item=8/399/0,8/709/0 stats maxHP/attack,maxHP/magic=30/20,26/13 foesHP=0,0
pattern trainer=0 turn=0 foePP=0,0 foeAtkDef=0,0 CarlAtk=0 foeLevel=0
support PP=0,0 Carl-defense=0 enemy-attack=0,0
party action uses=8,40 / 2,40
frame=5103 map=35.1 pos=4,5 flags=0
party=2 HP=30/30,26/26 battle=0 battlers=0 outcome=0 PP=0,0 trial=0 donut-ability=0
persistent PP=8,2 status=0,0
growth level/xp/item=8/399/0,8/709/0 stats maxHP/attack,maxHP/magic=30/20,26/13 foesHP=0,0
pattern trainer=0 turn=0 foePP=0,0 foeAtkDef=0,0 CarlAtk=0 foeLevel=0
support PP=0,0 Carl-defense=0 enemy-attack=0,0
party action uses=8,40 / 2,40
frame=5104 map=35.1 pos=4,5 flags=0
party=2 HP=30/30,26/26 battle=0 battlers=0 outcome=0 PP=0,0 trial=0 donut-ability=0
persistent PP=8,2 status=0,0
growth level/xp/item=8/399/0,8/709/0 stats maxHP/attack,maxHP/magic=30/20,26/13 foesHP=0,0
pattern trainer=0 turn=0 foePP=0,0 foeAtkDef=0,0 CarlAtk=0 foeLevel=0
support PP=0,0 Carl-defense=0 enemy-attack=0,0
party action uses=8,40 / 2,40
frame=5144 map=35.1 pos=4,5 flags=0
party=2 HP=30/30,26/26 battle=0 battlers=0 outcome=0 PP=0,0 trial=0 donut-ability=0
persistent PP=8,2 status=0,0
growth level/xp/item=8/399/0,8/709/0 stats maxHP/attack,maxHP/magic=30/20,26/13 foesHP=0,0
pattern trainer=0 turn=0 foePP=0,0 foeAtkDef=0,0 CarlAtk=0 foeLevel=0
support PP=0,0 Carl-defense=0 enemy-attack=0,0
party action uses=8,40 / 2,40
frame=5144 map=35.1 pos=4,5 flags=0
party=2 HP=30/30,26/26 battle=0 battlers=0 outcome=0 PP=0,0 trial=0 donut-ability=0
persistent PP=8,2 status=0,0
growth level/xp/item=8/399/0,8/709/0 stats maxHP/attack,maxHP/magic=30/20,26/13 foesHP=0,0
pattern trainer=0 turn=0 foePP=0,0 foeAtkDef=0,0 CarlAtk=0 foeLevel=0
support PP=0,0 Carl-defense=0 enemy-attack=0,0
party action uses=8,40 / 2,40
PASS expect 35 1 4 5 0
frame=5180 map=35.1 pos=4,3 flags=0
party=2 HP=30/30,26/26 battle=0 battlers=0 outcome=0 PP=0,0 trial=0 donut-ability=0
persistent PP=8,2 status=0,0
growth level/xp/item=8/399/0,8/709/0 stats maxHP/attack,maxHP/magic=30/20,26/13 foesHP=0,0
pattern trainer=0 turn=0 foePP=0,0 foeAtkDef=0,0 CarlAtk=0 foeLevel=0
support PP=0,0 Carl-defense=0 enemy-attack=0,0
party action uses=8,40 / 2,40
frame=5220 map=35.0 pos=37,26 flags=0
party=2 HP=30/30,26/26 battle=0 battlers=0 outcome=0 PP=0,0 trial=0 donut-ability=0
persistent PP=8,2 status=0,0
growth level/xp/item=8/399/0,8/709/0 stats maxHP/attack,maxHP/magic=30/20,26/13 foesHP=0,0
pattern trainer=0 turn=0 foePP=0,0 foeAtkDef=0,0 CarlAtk=0 foeLevel=0
support PP=0,0 Carl-defense=0 enemy-attack=0,0
party action uses=8,40 / 2,40
frame=5520 map=35.0 pos=37,26 flags=0
party=2 HP=30/30,26/26 battle=0 battlers=0 outcome=0 PP=0,0 trial=0 donut-ability=0
persistent PP=8,2 status=0,0
growth level/xp/item=8/399/0,8/709/0 stats maxHP/attack,maxHP/magic=30/20,26/13 foesHP=0,0
pattern trainer=0 turn=0 foePP=0,0 foeAtkDef=0,0 CarlAtk=0 foeLevel=0
support PP=0,0 Carl-defense=0 enemy-attack=0,0
party action uses=8,40 / 2,40
frame=5520 map=35.0 pos=37,26 flags=0
party=2 HP=30/30,26/26 battle=0 battlers=0 outcome=0 PP=0,0 trial=0 donut-ability=0
persistent PP=8,2 status=0,0
growth level/xp/item=8/399/0,8/709/0 stats maxHP/attack,maxHP/magic=30/20,26/13 foesHP=0,0
pattern trainer=0 turn=0 foePP=0,0 foeAtkDef=0,0 CarlAtk=0 foeLevel=0
support PP=0,0 Carl-defense=0 enemy-attack=0,0
party action uses=8,40 / 2,40
PASS expect 35 0 37 26 0
frame=5748 map=35.0 pos=51,26 flags=0
party=2 HP=30/30,26/26 battle=0 battlers=0 outcome=0 PP=0,0 trial=0 donut-ability=0
persistent PP=8,2 status=0,0
growth level/xp/item=8/399/0,8/709/0 stats maxHP/attack,maxHP/magic=30/20,26/13 foesHP=0,0
pattern trainer=0 turn=0 foePP=0,0 foeAtkDef=0,0 CarlAtk=0 foeLevel=0
support PP=0,0 Carl-defense=0 enemy-attack=0,0
party action uses=8,40 / 2,40
frame=5788 map=35.0 pos=51,26 flags=0
party=2 HP=30/30,26/26 battle=0 battlers=0 outcome=0 PP=0,0 trial=0 donut-ability=0
persistent PP=8,2 status=0,0
growth level/xp/item=8/399/0,8/709/0 stats maxHP/attack,maxHP/magic=30/20,26/13 foesHP=0,0
pattern trainer=0 turn=0 foePP=0,0 foeAtkDef=0,0 CarlAtk=0 foeLevel=0
support PP=0,0 Carl-defense=0 enemy-attack=0,0
party action uses=8,40 / 2,40
frame=5788 map=35.0 pos=51,26 flags=0
party=2 HP=30/30,26/26 battle=0 battlers=0 outcome=0 PP=0,0 trial=0 donut-ability=0
persistent PP=8,2 status=0,0
growth level/xp/item=8/399/0,8/709/0 stats maxHP/attack,maxHP/magic=30/20,26/13 foesHP=0,0
pattern trainer=0 turn=0 foePP=0,0 foeAtkDef=0,0 CarlAtk=0 foeLevel=0
support PP=0,0 Carl-defense=0 enemy-attack=0,0
party action uses=8,40 / 2,40
PASS expect 35 0 51 26 0
frame=5808 map=35.0 pos=51,27 flags=0
party=2 HP=30/30,26/26 battle=0 battlers=0 outcome=0 PP=0,0 trial=0 donut-ability=0
persistent PP=8,2 status=0,0
growth level/xp/item=8/399/0,8/709/0 stats maxHP/attack,maxHP/magic=30/20,26/13 foesHP=0,0
pattern trainer=0 turn=0 foePP=0,0 foeAtkDef=0,0 CarlAtk=0 foeLevel=0
support PP=0,0 Carl-defense=0 enemy-attack=0,0
party action uses=8,40 / 2,40
frame=5848 map=35.0 pos=51,27 flags=0
party=2 HP=30/30,26/26 battle=0 battlers=0 outcome=0 PP=0,0 trial=0 donut-ability=0
persistent PP=8,2 status=0,0
growth level/xp/item=8/399/0,8/709/0 stats maxHP/attack,maxHP/magic=30/20,26/13 foesHP=0,0
pattern trainer=0 turn=0 foePP=0,0 foeAtkDef=0,0 CarlAtk=0 foeLevel=0
support PP=0,0 Carl-defense=0 enemy-attack=0,0
party action uses=8,40 / 2,40
frame=5848 map=35.0 pos=51,27 flags=0
party=2 HP=30/30,26/26 battle=0 battlers=0 outcome=0 PP=0,0 trial=0 donut-ability=0
persistent PP=8,2 status=0,0
growth level/xp/item=8/399/0,8/709/0 stats maxHP/attack,maxHP/magic=30/20,26/13 foesHP=0,0
pattern trainer=0 turn=0 foePP=0,0 foeAtkDef=0,0 CarlAtk=0 foeLevel=0
support PP=0,0 Carl-defense=0 enemy-attack=0,0
party action uses=8,40 / 2,40
PASS expect 35 0 51 27 0
frame=5888 map=35.0 pos=51,27 flags=0
party=2 HP=30/30,26/26 battle=0 battlers=0 outcome=0 PP=0,0 trial=0 donut-ability=0
persistent PP=8,2 status=0,0
growth level/xp/item=8/399/0,8/709/0 stats maxHP/attack,maxHP/magic=30/20,26/13 foesHP=0,0
pattern trainer=0 turn=0 foePP=0,0 foeAtkDef=0,0 CarlAtk=0 foeLevel=0
support PP=0,0 Carl-defense=0 enemy-attack=0,0
party action uses=8,40 / 2,40
MEASURE name=howler-back frames=744 walking=272 tiles=17 warps=1
frame=5888 map=35.0 pos=51,27 flags=0
party=2 HP=30/30,26/26 battle=0 battlers=0 outcome=0 PP=0,0 trial=0 donut-ability=0
persistent PP=8,2 status=0,0
growth level/xp/item=8/399/0,8/709/0 stats maxHP/attack,maxHP/magic=30/20,26/13 foesHP=0,0
pattern trainer=0 turn=0 foePP=0,0 foeAtkDef=0,0 CarlAtk=0 foeLevel=0
support PP=0,0 Carl-defense=0 enemy-attack=0,0
party action uses=8,40 / 2,40
PASS duo healthy
frame=5888 map=35.0 pos=51,27 flags=0
party=2 HP=30/30,26/26 battle=0 battlers=0 outcome=0 PP=0,0 trial=0 donut-ability=0
persistent PP=8,2 status=0,0
growth level/xp/item=8/399/0,8/709/0 stats maxHP/attack,maxHP/magic=30/20,26/13 foesHP=0,0
pattern trainer=0 turn=0 foePP=0,0 foeAtkDef=0,0 CarlAtk=0 foeLevel=0
support PP=0,0 Carl-defense=0 enemy-attack=0,0
party action uses=8,40 / 2,40
PASS uses 8 40 2 40
frame=5888 map=35.0 pos=51,27 flags=0
party=2 HP=30/30,26/26 battle=0 battlers=0 outcome=0 PP=0,0 trial=0 donut-ability=0
persistent PP=8,2 status=0,0
growth level/xp/item=8/399/0,8/709/0 stats maxHP/attack,maxHP/magic=30/20,26/13 foesHP=0,0
PASS flag 32 0
pattern trainer=0 turn=0 foePP=0,0 foeAtkDef=0,0 CarlAtk=0 foeLevel=0
support PP=0,0 Carl-defense=0 enemy-attack=0,0
party action uses=8,40 / 2,40
frame=5888 map=35.0 pos=51,27 flags=0
party=2 HP=30/30,26/26 battle=0 battlers=0 outcome=0 PP=0,0 trial=0 donut-ability=0
persistent PP=8,2 status=0,0
growth level/xp/item=8/399/0,8/709/0 stats maxHP/attack,maxHP/magic=30/20,26/13 foesHP=0,0
PASS flag 33 0
pattern trainer=0 turn=0 foePP=0,0 foeAtkDef=0,0 CarlAtk=0 foeLevel=0
support PP=0,0 Carl-defense=0 enemy-attack=0,0
party action uses=8,40 / 2,40
frame=5888 map=35.0 pos=51,27 flags=0
party=2 HP=30/30,26/26 battle=0 battlers=0 outcome=0 PP=0,0 trial=0 donut-ability=0
persistent PP=8,2 status=0,0
growth level/xp/item=8/399/0,8/709/0 stats maxHP/attack,maxHP/magic=30/20,26/13 foesHP=0,0
PASS flag 34 0
pattern trainer=0 turn=0 foePP=0,0 foeAtkDef=0,0 CarlAtk=0 foeLevel=0
support PP=0,0 Carl-defense=0 enemy-attack=0,0
party action uses=8,40 / 2,40
frame=5888 map=35.0 pos=51,27 flags=0
party=2 HP=30/30,26/26 battle=0 battlers=0 outcome=0 PP=0,0 trial=0 donut-ability=0
persistent PP=8,2 status=0,0
growth level/xp/item=8/399/0,8/709/0 stats maxHP/attack,maxHP/magic=30/20,26/13 foesHP=0,0
PASS flag 35 0
pattern trainer=0 turn=0 foePP=0,0 foeAtkDef=0,0 CarlAtk=0 foeLevel=0
support PP=0,0 Carl-defense=0 enemy-attack=0,0
party action uses=8,40 / 2,40
frame=5888 map=35.0 pos=51,27 flags=0
party=2 HP=30/30,26/26 battle=0 battlers=0 outcome=0 PP=0,0 trial=0 donut-ability=0
persistent PP=8,2 status=0,0
growth level/xp/item=8/399/0,8/709/0 stats maxHP/attack,maxHP/magic=30/20,26/13 foesHP=0,0
PASS flag 36 0
pattern trainer=0 turn=0 foePP=0,0 foeAtkDef=0,0 CarlAtk=0 foeLevel=0
support PP=0,0 Carl-defense=0 enemy-attack=0,0
party action uses=8,40 / 2,40
frame=5888 map=35.0 pos=51,27 flags=0
party=2 HP=30/30,26/26 battle=0 battlers=0 outcome=0 PP=0,0 trial=0 donut-ability=0
persistent PP=8,2 status=0,0
growth level/xp/item=8/399/0,8/709/0 stats maxHP/attack,maxHP/magic=30/20,26/13 foesHP=0,0
PASS flag 37 0
pattern trainer=0 turn=0 foePP=0,0 foeAtkDef=0,0 CarlAtk=0 foeLevel=0
support PP=0,0 Carl-defense=0 enemy-attack=0,0
party action uses=8,40 / 2,40
frame=5888 map=35.0 pos=51,27 flags=0
party=2 HP=30/30,26/26 battle=0 battlers=0 outcome=0 PP=0,0 trial=0 donut-ability=0
persistent PP=8,2 status=0,0
growth level/xp/item=8/399/0,8/709/0 stats maxHP/attack,maxHP/magic=30/20,26/13 foesHP=0,0
PASS flag 38 0
pattern trainer=0 turn=0 foePP=0,0 foeAtkDef=0,0 CarlAtk=0 foeLevel=0
support PP=0,0 Carl-defense=0 enemy-attack=0,0
party action uses=8,40 / 2,40
frame=5888 map=35.0 pos=51,27 flags=0
party=2 HP=30/30,26/26 battle=0 battlers=0 outcome=0 PP=0,0 trial=0 donut-ability=0
persistent PP=8,2 status=0,0
growth level/xp/item=8/399/0,8/709/0 stats maxHP/attack,maxHP/magic=30/20,26/13 foesHP=0,0
PASS flag 39 0
pattern trainer=0 turn=0 foePP=0,0 foeAtkDef=0,0 CarlAtk=0 foeLevel=0
support PP=0,0 Carl-defense=0 enemy-attack=0,0
party action uses=8,40 / 2,40
frame=5888 map=35.0 pos=51,27 flags=0
party=2 HP=30/30,26/26 battle=0 battlers=0 outcome=0 PP=0,0 trial=0 donut-ability=0
persistent PP=8,2 status=0,0
growth level/xp/item=8/399/0,8/709/0 stats maxHP/attack,maxHP/magic=30/20,26/13 foesHP=0,0
PASS flag 40 0
pattern trainer=0 turn=0 foePP=0,0 foeAtkDef=0,0 CarlAtk=0 foeLevel=0
support PP=0,0 Carl-defense=0 enemy-attack=0,0
party action uses=8,40 / 2,40
frame=5888 map=35.0 pos=51,27 flags=0
party=2 HP=30/30,26/26 battle=0 battlers=0 outcome=0 PP=0,0 trial=0 donut-ability=0
persistent PP=8,2 status=0,0
growth level/xp/item=8/399/0,8/709/0 stats maxHP/attack,maxHP/magic=30/20,26/13 foesHP=0,0
PASS flag 41 0
pattern trainer=0 turn=0 foePP=0,0 foeAtkDef=0,0 CarlAtk=0 foeLevel=0
support PP=0,0 Carl-defense=0 enemy-attack=0,0
party action uses=8,40 / 2,40
frame=5888 map=35.0 pos=51,27 flags=0
party=2 HP=30/30,26/26 battle=0 battlers=0 outcome=0 PP=0,0 trial=0 donut-ability=0
persistent PP=8,2 status=0,0
growth level/xp/item=8/399/0,8/709/0 stats maxHP/attack,maxHP/magic=30/20,26/13 foesHP=0,0
PASS flag 42 0
pattern trainer=0 turn=0 foePP=0,0 foeAtkDef=0,0 CarlAtk=0 foeLevel=0
support PP=0,0 Carl-defense=0 enemy-attack=0,0
party action uses=8,40 / 2,40
frame=5888 map=35.0 pos=51,27 flags=0
party=2 HP=30/30,26/26 battle=0 battlers=0 outcome=0 PP=0,0 trial=0 donut-ability=0
persistent PP=8,2 status=0,0
growth level/xp/item=8/399/0,8/709/0 stats maxHP/attack,maxHP/magic=30/20,26/13 foesHP=0,0
PASS flag 43 0
pattern trainer=0 turn=0 foePP=0,0 foeAtkDef=0,0 CarlAtk=0 foeLevel=0
support PP=0,0 Carl-defense=0 enemy-attack=0,0
party action uses=8,40 / 2,40
frame=5888 map=35.0 pos=51,27 flags=0
party=2 HP=30/30,26/26 battle=0 battlers=0 outcome=0 PP=0,0 trial=0 donut-ability=0
persistent PP=8,2 status=0,0
growth level/xp/item=8/399/0,8/709/0 stats maxHP/attack,maxHP/magic=30/20,26/13 foesHP=0,0
PASS flag 44 0
pattern trainer=0 turn=0 foePP=0,0 foeAtkDef=0,0 CarlAtk=0 foeLevel=0
support PP=0,0 Carl-defense=0 enemy-attack=0,0
party action uses=8,40 / 2,40
frame=5888 map=35.0 pos=51,27 flags=0
party=2 HP=30/30,26/26 battle=0 battlers=0 outcome=0 PP=0,0 trial=0 donut-ability=0
persistent PP=8,2 status=0,0
growth level/xp/item=8/399/0,8/709/0 stats maxHP/attack,maxHP/magic=30/20,26/13 foesHP=0,0
PASS flag 45 0
pattern trainer=0 turn=0 foePP=0,0 foeAtkDef=0,0 CarlAtk=0 foeLevel=0
support PP=0,0 Carl-defense=0 enemy-attack=0,0
party action uses=8,40 / 2,40
frame=5888 map=35.0 pos=51,27 flags=0
party=2 HP=30/30,26/26 battle=0 battlers=0 outcome=0 PP=0,0 trial=0 donut-ability=0
persistent PP=8,2 status=0,0
growth level/xp/item=8/399/0,8/709/0 stats maxHP/attack,maxHP/magic=30/20,26/13 foesHP=0,0
PASS flag 46 0
pattern trainer=0 turn=0 foePP=0,0 foeAtkDef=0,0 CarlAtk=0 foeLevel=0
support PP=0,0 Carl-defense=0 enemy-attack=0,0
party action uses=8,40 / 2,40
frame=5888 map=35.0 pos=51,27 flags=0
party=2 HP=30/30,26/26 battle=0 battlers=0 outcome=0 PP=0,0 trial=0 donut-ability=0
persistent PP=8,2 status=0,0
growth level/xp/item=8/399/0,8/709/0 stats maxHP/attack,maxHP/magic=30/20,26/13 foesHP=0,0
PASS flag 47 0
pattern trainer=0 turn=0 foePP=0,0 foeAtkDef=0,0 CarlAtk=0 foeLevel=0
support PP=0,0 Carl-defense=0 enemy-attack=0,0
party action uses=8,40 / 2,40
frame=5888 map=35.0 pos=51,27 flags=0
party=2 HP=30/30,26/26 battle=0 battlers=0 outcome=0 PP=0,0 trial=0 donut-ability=0
persistent PP=8,2 status=0,0
growth level/xp/item=8/399/0,8/709/0 stats maxHP/attack,maxHP/magic=30/20,26/13 foesHP=0,0
PASS flag 48 0
pattern trainer=0 turn=0 foePP=0,0 foeAtkDef=0,0 CarlAtk=0 foeLevel=0
support PP=0,0 Carl-defense=0 enemy-attack=0,0
party action uses=8,40 / 2,40
frame=5888 map=35.0 pos=51,27 flags=0
party=2 HP=30/30,26/26 battle=0 battlers=0 outcome=0 PP=0,0 trial=0 donut-ability=0
persistent PP=8,2 status=0,0
growth level/xp/item=8/399/0,8/709/0 stats maxHP/attack,maxHP/magic=30/20,26/13 foesHP=0,0
PASS flag 2135 0
pattern trainer=0 turn=0 foePP=0,0 foeAtkDef=0,0 CarlAtk=0 foeLevel=0
support PP=0,0 Carl-defense=0 enemy-attack=0,0
party action uses=8,40 / 2,40
frame=5888 map=35.0 pos=51,27 flags=0
party=2 HP=30/30,26/26 battle=0 battlers=0 outcome=0 PP=0,0 trial=0 donut-ability=0
persistent PP=8,2 status=0,0
growth level/xp/item=8/399/0,8/709/0 stats maxHP/attack,maxHP/magic=30/20,26/13 foesHP=0,0
PASS flag 2136 0
pattern trainer=0 turn=0 foePP=0,0 foeAtkDef=0,0 CarlAtk=0 foeLevel=0
support PP=0,0 Carl-defense=0 enemy-attack=0,0
party action uses=8,40 / 2,40
frame=5888 map=35.0 pos=51,27 flags=0
party=2 HP=30/30,26/26 battle=0 battlers=0 outcome=0 PP=0,0 trial=0 donut-ability=0
persistent PP=8,2 status=0,0
growth level/xp/item=8/399/0,8/709/0 stats maxHP/attack,maxHP/magic=30/20,26/13 foesHP=0,0
PASS flag 2137 0
pattern trainer=0 turn=0 foePP=0,0 foeAtkDef=0,0 CarlAtk=0 foeLevel=0
support PP=0,0 Carl-defense=0 enemy-attack=0,0
party action uses=8,40 / 2,40
frame=5888 map=35.0 pos=51,27 flags=0
party=2 HP=30/30,26/26 battle=0 battlers=0 outcome=0 PP=0,0 trial=0 donut-ability=0
persistent PP=8,2 status=0,0
growth level/xp/item=8/399/0,8/709/0 stats maxHP/attack,maxHP/magic=30/20,26/13 foesHP=0,0
PASS flag 2138 0
pattern trainer=0 turn=0 foePP=0,0 foeAtkDef=0,0 CarlAtk=0 foeLevel=0
support PP=0,0 Carl-defense=0 enemy-attack=0,0
party action uses=8,40 / 2,40
frame=5888 map=35.0 pos=51,27 flags=0
party=2 HP=30/30,26/26 battle=0 battlers=0 outcome=0 PP=0,0 trial=0 donut-ability=0
persistent PP=8,2 status=0,0
growth level/xp/item=8/399/0,8/709/0 stats maxHP/attack,maxHP/magic=30/20,26/13 foesHP=0,0
PASS flag 2139 0
pattern trainer=0 turn=0 foePP=0,0 foeAtkDef=0,0 CarlAtk=0 foeLevel=0
support PP=0,0 Carl-defense=0 enemy-attack=0,0
party action uses=8,40 / 2,40
frame=5908 map=35.0 pos=50,27 flags=0
party=2 HP=30/30,26/26 battle=0 battlers=0 outcome=0 PP=0,0 trial=0 donut-ability=0
persistent PP=8,2 status=0,0
growth level/xp/item=8/399/0,8/709/0 stats maxHP/attack,maxHP/magic=30/20,26/13 foesHP=0,0
pattern trainer=0 turn=0 foePP=0,0 foeAtkDef=0,0 CarlAtk=0 foeLevel=0
support PP=0,0 Carl-defense=0 enemy-attack=0,0
party action uses=8,40 / 2,40
frame=5948 map=35.0 pos=50,27 flags=0
party=2 HP=30/30,26/26 battle=0 battlers=0 outcome=0 PP=0,0 trial=0 donut-ability=0
persistent PP=8,2 status=0,0
growth level/xp/item=8/399/0,8/709/0 stats maxHP/attack,maxHP/magic=30/20,26/13 foesHP=0,0
pattern trainer=0 turn=0 foePP=0,0 foeAtkDef=0,0 CarlAtk=0 foeLevel=0
support PP=0,0 Carl-defense=0 enemy-attack=0,0
party action uses=8,40 / 2,40
frame=5948 map=35.0 pos=50,27 flags=0
party=2 HP=30/30,26/26 battle=0 battlers=0 outcome=0 PP=0,0 trial=0 donut-ability=0
persistent PP=8,2 status=0,0
growth level/xp/item=8/399/0,8/709/0 stats maxHP/attack,maxHP/magic=30/20,26/13 foesHP=0,0
pattern trainer=0 turn=0 foePP=0,0 foeAtkDef=0,0 CarlAtk=0 foeLevel=0
support PP=0,0 Carl-defense=0 enemy-attack=0,0
party action uses=8,40 / 2,40
PASS expect 35 0 50 27 0
frame=6016 map=35.0 pos=50,31 flags=0
party=2 HP=30/30,26/26 battle=0 battlers=0 outcome=0 PP=0,0 trial=0 donut-ability=0
persistent PP=8,2 status=0,0
growth level/xp/item=8/399/0,8/709/0 stats maxHP/attack,maxHP/magic=30/20,26/13 foesHP=0,0
pattern trainer=0 turn=0 foePP=0,0 foeAtkDef=0,0 CarlAtk=0 foeLevel=0
support PP=0,0 Carl-defense=0 enemy-attack=0,0
party action uses=8,40 / 2,40
frame=6056 map=35.0 pos=50,31 flags=0
party=2 HP=30/30,26/26 battle=0 battlers=0 outcome=0 PP=0,0 trial=0 donut-ability=0
persistent PP=8,2 status=0,0
growth level/xp/item=8/399/0,8/709/0 stats maxHP/attack,maxHP/magic=30/20,26/13 foesHP=0,0
pattern trainer=0 turn=0 foePP=0,0 foeAtkDef=0,0 CarlAtk=0 foeLevel=0
support PP=0,0 Carl-defense=0 enemy-attack=0,0
party action uses=8,40 / 2,40
frame=6056 map=35.0 pos=50,31 flags=0
party=2 HP=30/30,26/26 battle=0 battlers=0 outcome=0 PP=0,0 trial=0 donut-ability=0
persistent PP=8,2 status=0,0
growth level/xp/item=8/399/0,8/709/0 stats maxHP/attack,maxHP/magic=30/20,26/13 foesHP=0,0
pattern trainer=0 turn=0 foePP=0,0 foeAtkDef=0,0 CarlAtk=0 foeLevel=0
support PP=0,0 Carl-defense=0 enemy-attack=0,0
party action uses=8,40 / 2,40
PASS expect 35 0 50 31 0
frame=6268 map=35.0 pos=37,31 flags=0
party=2 HP=30/30,26/26 battle=0 battlers=0 outcome=0 PP=0,0 trial=0 donut-ability=0
persistent PP=8,2 status=0,0
growth level/xp/item=8/399/0,8/709/0 stats maxHP/attack,maxHP/magic=30/20,26/13 foesHP=0,0
pattern trainer=0 turn=0 foePP=0,0 foeAtkDef=0,0 CarlAtk=0 foeLevel=0
support PP=0,0 Carl-defense=0 enemy-attack=0,0
party action uses=8,40 / 2,40
frame=6308 map=35.0 pos=37,31 flags=0
party=2 HP=30/30,26/26 battle=0 battlers=0 outcome=0 PP=0,0 trial=0 donut-ability=0
persistent PP=8,2 status=0,0
growth level/xp/item=8/399/0,8/709/0 stats maxHP/attack,maxHP/magic=30/20,26/13 foesHP=0,0
pattern trainer=0 turn=0 foePP=0,0 foeAtkDef=0,0 CarlAtk=0 foeLevel=0
support PP=0,0 Carl-defense=0 enemy-attack=0,0
party action uses=8,40 / 2,40
frame=6308 map=35.0 pos=37,31 flags=0
party=2 HP=30/30,26/26 battle=0 battlers=0 outcome=0 PP=0,0 trial=0 donut-ability=0
persistent PP=8,2 status=0,0
growth level/xp/item=8/399/0,8/709/0 stats maxHP/attack,maxHP/magic=30/20,26/13 foesHP=0,0
pattern trainer=0 turn=0 foePP=0,0 foeAtkDef=0,0 CarlAtk=0 foeLevel=0
support PP=0,0 Carl-defense=0 enemy-attack=0,0
party action uses=8,40 / 2,40
PASS expect 35 0 37 31 0
frame=6348 map=35.0 pos=37,31 flags=0
party=2 HP=30/30,26/26 battle=0 battlers=0 outcome=0 PP=0,0 trial=0 donut-ability=0
persistent PP=8,2 status=0,0
growth level/xp/item=8/399/0,8/709/0 stats maxHP/attack,maxHP/magic=30/20,26/13 foesHP=0,0
pattern trainer=0 turn=0 foePP=0,0 foeAtkDef=0,0 CarlAtk=0 foeLevel=0
support PP=0,0 Carl-defense=0 enemy-attack=0,0
party action uses=8,40 / 2,40
frame=6432 map=35.0 pos=37,26 flags=0
party=2 HP=30/30,26/26 battle=0 battlers=0 outcome=0 PP=0,0 trial=0 donut-ability=0
persistent PP=8,2 status=0,0
growth level/xp/item=8/399/0,8/709/0 stats maxHP/attack,maxHP/magic=30/20,26/13 foesHP=0,0
pattern trainer=0 turn=0 foePP=0,0 foeAtkDef=0,0 CarlAtk=0 foeLevel=0
support PP=0,0 Carl-defense=0 enemy-attack=0,0
party action uses=8,40 / 2,40
frame=6472 map=35.1 pos=4,3 flags=0
party=2 HP=30/30,26/26 battle=0 battlers=0 outcome=0 PP=0,0 trial=0 donut-ability=0
persistent PP=8,2 status=0,0
growth level/xp/item=8/399/0,8/709/0 stats maxHP/attack,maxHP/magic=30/20,26/13 foesHP=0,0
pattern trainer=0 turn=0 foePP=0,0 foeAtkDef=0,0 CarlAtk=0 foeLevel=0
support PP=0,0 Carl-defense=0 enemy-attack=0,0
party action uses=8,40 / 2,40
frame=6772 map=35.1 pos=4,3 flags=0
party=2 HP=30/30,26/26 battle=0 battlers=0 outcome=0 PP=0,0 trial=0 donut-ability=0
persistent PP=8,2 status=0,0
growth level/xp/item=8/399/0,8/709/0 stats maxHP/attack,maxHP/magic=30/20,26/13 foesHP=0,0
pattern trainer=0 turn=0 foePP=0,0 foeAtkDef=0,0 CarlAtk=0 foeLevel=0
support PP=0,0 Carl-defense=0 enemy-attack=0,0
party action uses=8,40 / 2,40
frame=6772 map=35.1 pos=4,3 flags=0
party=2 HP=30/30,26/26 battle=0 battlers=0 outcome=0 PP=0,0 trial=0 donut-ability=0
persistent PP=8,2 status=0,0
growth level/xp/item=8/399/0,8/709/0 stats maxHP/attack,maxHP/magic=30/20,26/13 foesHP=0,0
pattern trainer=0 turn=0 foePP=0,0 foeAtkDef=0,0 CarlAtk=0 foeLevel=0
support PP=0,0 Carl-defense=0 enemy-attack=0,0
party action uses=8,40 / 2,40
PASS expect 35 1 4 3 0
frame=6812 map=35.1 pos=4,3 flags=0
party=2 HP=30/30,26/26 battle=0 battlers=0 outcome=0 PP=0,0 trial=0 donut-ability=0
persistent PP=8,2 status=0,0
growth level/xp/item=8/399/0,8/709/0 stats maxHP/attack,maxHP/magic=30/20,26/13 foesHP=0,0
pattern trainer=0 turn=0 foePP=0,0 foeAtkDef=0,0 CarlAtk=0 foeLevel=0
support PP=0,0 Carl-defense=0 enemy-attack=0,0
party action uses=8,40 / 2,40
frame=6848 map=35.1 pos=4,5 flags=0
party=2 HP=30/30,26/26 battle=0 battlers=0 outcome=0 PP=0,0 trial=0 donut-ability=0
persistent PP=8,2 status=0,0
growth level/xp/item=8/399/0,8/709/0 stats maxHP/attack,maxHP/magic=30/20,26/13 foesHP=0,0
pattern trainer=0 turn=0 foePP=0,0 foeAtkDef=0,0 CarlAtk=0 foeLevel=0
support PP=0,0 Carl-defense=0 enemy-attack=0,0
party action uses=8,40 / 2,40
frame=6888 map=35.1 pos=4,5 flags=0
party=2 HP=30/30,26/26 battle=0 battlers=0 outcome=0 PP=0,0 trial=0 donut-ability=0
persistent PP=8,2 status=0,0
growth level/xp/item=8/399/0,8/709/0 stats maxHP/attack,maxHP/magic=30/20,26/13 foesHP=0,0
pattern trainer=0 turn=0 foePP=0,0 foeAtkDef=0,0 CarlAtk=0 foeLevel=0
support PP=0,0 Carl-defense=0 enemy-attack=0,0
party action uses=8,40 / 2,40
frame=6888 map=35.1 pos=4,5 flags=0
party=2 HP=30/30,26/26 battle=0 battlers=0 outcome=0 PP=0,0 trial=0 donut-ability=0
persistent PP=8,2 status=0,0
growth level/xp/item=8/399/0,8/709/0 stats maxHP/attack,maxHP/magic=30/20,26/13 foesHP=0,0
pattern trainer=0 turn=0 foePP=0,0 foeAtkDef=0,0 CarlAtk=0 foeLevel=0
support PP=0,0 Carl-defense=0 enemy-attack=0,0
party action uses=8,40 / 2,40
PASS expect 35 1 4 5 0
frame=6928 map=35.1 pos=4,5 flags=0
party=2 HP=30/30,26/26 battle=0 battlers=0 outcome=0 PP=0,0 trial=0 donut-ability=0
persistent PP=8,2 status=0,0
growth level/xp/item=8/399/0,8/709/0 stats maxHP/attack,maxHP/magic=30/20,26/13 foesHP=0,0
pattern trainer=0 turn=0 foePP=0,0 foeAtkDef=0,0 CarlAtk=0 foeLevel=0
support PP=0,0 Carl-defense=0 enemy-attack=0,0
party action uses=8,40 / 2,40
MEASURE name=guard-out frames=580 walking=112 tiles=7 warps=1
frame=6929 map=35.1 pos=4,5 flags=0
party=2 HP=30/30,26/26 battle=0 battlers=0 outcome=0 PP=0,0 trial=0 donut-ability=0
persistent PP=8,2 status=0,0
growth level/xp/item=8/399/0,8/709/0 stats maxHP/attack,maxHP/magic=30/20,26/13 foesHP=0,0
pattern trainer=0 turn=0 foePP=0,0 foeAtkDef=0,0 CarlAtk=0 foeLevel=0
support PP=0,0 Carl-defense=0 enemy-attack=0,0
party action uses=8,40 / 2,40
frame=6969 map=35.1 pos=4,5 flags=0
party=2 HP=30/30,26/26 battle=0 battlers=0 outcome=0 PP=0,0 trial=0 donut-ability=0
persistent PP=8,2 status=0,0
growth level/xp/item=8/399/0,8/709/0 stats maxHP/attack,maxHP/magic=30/20,26/13 foesHP=0,0
pattern trainer=0 turn=0 foePP=0,0 foeAtkDef=0,0 CarlAtk=0 foeLevel=0
support PP=0,0 Carl-defense=0 enemy-attack=0,0
party action uses=8,40 / 2,40
frame=6970 map=35.1 pos=4,5 flags=0
party=2 HP=30/30,26/26 battle=0 battlers=0 outcome=0 PP=0,0 trial=0 donut-ability=0
persistent PP=8,2 status=0,0
growth level/xp/item=8/399/0,8/709/0 stats maxHP/attack,maxHP/magic=30/20,26/13 foesHP=0,0
pattern trainer=0 turn=0 foePP=0,0 foeAtkDef=0,0 CarlAtk=0 foeLevel=0
support PP=0,0 Carl-defense=0 enemy-attack=0,0
party action uses=8,40 / 2,40
frame=7370 map=35.1 pos=4,5 flags=0
party=2 HP=30/30,26/26 battle=0 battlers=0 outcome=0 PP=0,0 trial=0 donut-ability=0
persistent PP=8,2 status=0,0
growth level/xp/item=8/399/0,8/709/0 stats maxHP/attack,maxHP/magic=30/20,26/13 foesHP=0,0
pattern trainer=0 turn=0 foePP=0,0 foeAtkDef=0,0 CarlAtk=0 foeLevel=0
support PP=0,0 Carl-defense=0 enemy-attack=0,0
party action uses=8,40 / 2,40
frame=7370 map=35.1 pos=4,5 flags=0
party=2 HP=30/30,26/26 battle=0 battlers=0 outcome=0 PP=0,0 trial=0 donut-ability=0
persistent PP=8,2 status=0,0
growth level/xp/item=8/399/0,8/709/0 stats maxHP/attack,maxHP/magic=30/20,26/13 foesHP=0,0
pattern trainer=0 turn=0 foePP=0,0 foeAtkDef=0,0 CarlAtk=0 foeLevel=0
support PP=0,0 Carl-defense=0 enemy-attack=0,0
party action uses=8,40 / 2,40
PASS duo healthy
frame=7370 map=35.1 pos=4,5 flags=0
party=2 HP=30/30,26/26 battle=0 battlers=0 outcome=0 PP=0,0 trial=0 donut-ability=0
persistent PP=8,2 status=0,0
growth level/xp/item=8/399/0,8/709/0 stats maxHP/attack,maxHP/magic=30/20,26/13 foesHP=0,0
pattern trainer=0 turn=0 foePP=0,0 foeAtkDef=0,0 CarlAtk=0 foeLevel=0
support PP=0,0 Carl-defense=0 enemy-attack=0,0
party action uses=8,40 / 2,40
PASS uses 8 40 2 40
frame=7371 map=35.1 pos=4,5 flags=0
party=2 HP=30/30,26/26 battle=0 battlers=0 outcome=0 PP=0,0 trial=0 donut-ability=0
persistent PP=8,2 status=0,0
growth level/xp/item=8/399/0,8/709/0 stats maxHP/attack,maxHP/magic=30/20,26/13 foesHP=0,0
pattern trainer=0 turn=0 foePP=0,0 foeAtkDef=0,0 CarlAtk=0 foeLevel=0
support PP=0,0 Carl-defense=0 enemy-attack=0,0
party action uses=8,40 / 2,40
frame=7771 map=35.1 pos=4,5 flags=0
party=2 HP=30/30,26/26 battle=0 battlers=0 outcome=0 PP=0,0 trial=0 donut-ability=0
persistent PP=8,2 status=0,0
growth level/xp/item=8/399/0,8/709/0 stats maxHP/attack,maxHP/magic=30/20,26/13 foesHP=0,0
pattern trainer=0 turn=0 foePP=0,0 foeAtkDef=0,0 CarlAtk=0 foeLevel=0
support PP=0,0 Carl-defense=0 enemy-attack=0,0
party action uses=8,40 / 2,40
frame=7772 map=35.1 pos=4,5 flags=0
party=2 HP=30/30,26/26 battle=0 battlers=0 outcome=0 PP=0,0 trial=0 donut-ability=0
persistent PP=8,2 status=0,0
growth level/xp/item=8/399/0,8/709/0 stats maxHP/attack,maxHP/magic=30/20,26/13 foesHP=0,0
pattern trainer=0 turn=0 foePP=0,0 foeAtkDef=0,0 CarlAtk=0 foeLevel=0
support PP=0,0 Carl-defense=0 enemy-attack=0,0
party action uses=8,40 / 2,40
frame=7812 map=35.1 pos=4,5 flags=0
party=2 HP=30/30,26/26 battle=0 battlers=0 outcome=0 PP=0,0 trial=0 donut-ability=0
persistent PP=8,2 status=0,0
growth level/xp/item=8/399/0,8/709/0 stats maxHP/attack,maxHP/magic=30/20,26/13 foesHP=0,0
pattern trainer=0 turn=0 foePP=0,0 foeAtkDef=0,0 CarlAtk=0 foeLevel=0
support PP=0,0 Carl-defense=0 enemy-attack=0,0
party action uses=8,40 / 2,40
frame=7812 map=35.1 pos=4,5 flags=0
party=2 HP=30/30,26/26 battle=0 battlers=0 outcome=0 PP=0,0 trial=0 donut-ability=0
persistent PP=8,2 status=0,0
growth level/xp/item=8/399/0,8/709/0 stats maxHP/attack,maxHP/magic=30/20,26/13 foesHP=0,0
pattern trainer=0 turn=0 foePP=0,0 foeAtkDef=0,0 CarlAtk=0 foeLevel=0
support PP=0,0 Carl-defense=0 enemy-attack=0,0
party action uses=8,40 / 2,40
PASS expect 35 1 4 5 0
frame=7848 map=35.1 pos=4,3 flags=0
party=2 HP=30/30,26/26 battle=0 battlers=0 outcome=0 PP=0,0 trial=0 donut-ability=0
persistent PP=8,2 status=0,0
growth level/xp/item=8/399/0,8/709/0 stats maxHP/attack,maxHP/magic=30/20,26/13 foesHP=0,0
pattern trainer=0 turn=0 foePP=0,0 foeAtkDef=0,0 CarlAtk=0 foeLevel=0
support PP=0,0 Carl-defense=0 enemy-attack=0,0
party action uses=8,40 / 2,40
frame=7888 map=35.0 pos=37,26 flags=0
party=2 HP=30/30,26/26 battle=0 battlers=0 outcome=0 PP=0,0 trial=0 donut-ability=0
persistent PP=8,2 status=0,0
growth level/xp/item=8/399/0,8/709/0 stats maxHP/attack,maxHP/magic=30/20,26/13 foesHP=0,0
pattern trainer=0 turn=0 foePP=0,0 foeAtkDef=0,0 CarlAtk=0 foeLevel=0
support PP=0,0 Carl-defense=0 enemy-attack=0,0
party action uses=8,40 / 2,40
frame=8188 map=35.0 pos=37,26 flags=0
party=2 HP=30/30,26/26 battle=0 battlers=0 outcome=0 PP=0,0 trial=0 donut-ability=0
persistent PP=8,2 status=0,0
growth level/xp/item=8/399/0,8/709/0 stats maxHP/attack,maxHP/magic=30/20,26/13 foesHP=0,0
pattern trainer=0 turn=0 foePP=0,0 foeAtkDef=0,0 CarlAtk=0 foeLevel=0
support PP=0,0 Carl-defense=0 enemy-attack=0,0
party action uses=8,40 / 2,40
frame=8188 map=35.0 pos=37,26 flags=0
party=2 HP=30/30,26/26 battle=0 battlers=0 outcome=0 PP=0,0 trial=0 donut-ability=0
persistent PP=8,2 status=0,0
growth level/xp/item=8/399/0,8/709/0 stats maxHP/attack,maxHP/magic=30/20,26/13 foesHP=0,0
pattern trainer=0 turn=0 foePP=0,0 foeAtkDef=0,0 CarlAtk=0 foeLevel=0
support PP=0,0 Carl-defense=0 enemy-attack=0,0
party action uses=8,40 / 2,40
PASS expect 35 0 37 26 0
frame=8272 map=35.0 pos=37,31 flags=0
party=2 HP=30/30,26/26 battle=0 battlers=0 outcome=0 PP=0,0 trial=0 donut-ability=0
persistent PP=8,2 status=0,0
growth level/xp/item=8/399/0,8/709/0 stats maxHP/attack,maxHP/magic=30/20,26/13 foesHP=0,0
pattern trainer=0 turn=0 foePP=0,0 foeAtkDef=0,0 CarlAtk=0 foeLevel=0
support PP=0,0 Carl-defense=0 enemy-attack=0,0
party action uses=8,40 / 2,40
frame=8312 map=35.0 pos=37,31 flags=0
party=2 HP=30/30,26/26 battle=0 battlers=0 outcome=0 PP=0,0 trial=0 donut-ability=0
persistent PP=8,2 status=0,0
growth level/xp/item=8/399/0,8/709/0 stats maxHP/attack,maxHP/magic=30/20,26/13 foesHP=0,0
pattern trainer=0 turn=0 foePP=0,0 foeAtkDef=0,0 CarlAtk=0 foeLevel=0
support PP=0,0 Carl-defense=0 enemy-attack=0,0
party action uses=8,40 / 2,40
frame=8312 map=35.0 pos=37,31 flags=0
party=2 HP=30/30,26/26 battle=0 battlers=0 outcome=0 PP=0,0 trial=0 donut-ability=0
persistent PP=8,2 status=0,0
growth level/xp/item=8/399/0,8/709/0 stats maxHP/attack,maxHP/magic=30/20,26/13 foesHP=0,0
pattern trainer=0 turn=0 foePP=0,0 foeAtkDef=0,0 CarlAtk=0 foeLevel=0
support PP=0,0 Carl-defense=0 enemy-attack=0,0
party action uses=8,40 / 2,40
PASS expect 35 0 37 31 0
frame=8352 map=35.0 pos=37,31 flags=0
party=2 HP=30/30,26/26 battle=0 battlers=0 outcome=0 PP=0,0 trial=0 donut-ability=0
persistent PP=8,2 status=0,0
growth level/xp/item=8/399/0,8/709/0 stats maxHP/attack,maxHP/magic=30/20,26/13 foesHP=0,0
pattern trainer=0 turn=0 foePP=0,0 foeAtkDef=0,0 CarlAtk=0 foeLevel=0
support PP=0,0 Carl-defense=0 enemy-attack=0,0
party action uses=8,40 / 2,40
MEASURE name=guard-back frames=540 walking=112 tiles=7 warps=1
frame=8352 map=35.0 pos=37,31 flags=0
party=2 HP=30/30,26/26 battle=0 battlers=0 outcome=0 PP=0,0 trial=0 donut-ability=0
persistent PP=8,2 status=0,0
growth level/xp/item=8/399/0,8/709/0 stats maxHP/attack,maxHP/magic=30/20,26/13 foesHP=0,0
pattern trainer=0 turn=0 foePP=0,0 foeAtkDef=0,0 CarlAtk=0 foeLevel=0
support PP=0,0 Carl-defense=0 enemy-attack=0,0
party action uses=8,40 / 2,40
PASS duo healthy
frame=8352 map=35.0 pos=37,31 flags=0
party=2 HP=30/30,26/26 battle=0 battlers=0 outcome=0 PP=0,0 trial=0 donut-ability=0
persistent PP=8,2 status=0,0
growth level/xp/item=8/399/0,8/709/0 stats maxHP/attack,maxHP/magic=30/20,26/13 foesHP=0,0
pattern trainer=0 turn=0 foePP=0,0 foeAtkDef=0,0 CarlAtk=0 foeLevel=0
support PP=0,0 Carl-defense=0 enemy-attack=0,0
party action uses=8,40 / 2,40
PASS uses 8 40 2 40
frame=8352 map=35.0 pos=37,31 flags=0
party=2 HP=30/30,26/26 battle=0 battlers=0 outcome=0 PP=0,0 trial=0 donut-ability=0
persistent PP=8,2 status=0,0
growth level/xp/item=8/399/0,8/709/0 stats maxHP/attack,maxHP/magic=30/20,26/13 foesHP=0,0
PASS flag 32 0
pattern trainer=0 turn=0 foePP=0,0 foeAtkDef=0,0 CarlAtk=0 foeLevel=0
support PP=0,0 Carl-defense=0 enemy-attack=0,0
party action uses=8,40 / 2,40
frame=8352 map=35.0 pos=37,31 flags=0
party=2 HP=30/30,26/26 battle=0 battlers=0 outcome=0 PP=0,0 trial=0 donut-ability=0
persistent PP=8,2 status=0,0
growth level/xp/item=8/399/0,8/709/0 stats maxHP/attack,maxHP/magic=30/20,26/13 foesHP=0,0
PASS flag 33 0
pattern trainer=0 turn=0 foePP=0,0 foeAtkDef=0,0 CarlAtk=0 foeLevel=0
support PP=0,0 Carl-defense=0 enemy-attack=0,0
party action uses=8,40 / 2,40
frame=8352 map=35.0 pos=37,31 flags=0
party=2 HP=30/30,26/26 battle=0 battlers=0 outcome=0 PP=0,0 trial=0 donut-ability=0
persistent PP=8,2 status=0,0
growth level/xp/item=8/399/0,8/709/0 stats maxHP/attack,maxHP/magic=30/20,26/13 foesHP=0,0
PASS flag 34 0
pattern trainer=0 turn=0 foePP=0,0 foeAtkDef=0,0 CarlAtk=0 foeLevel=0
support PP=0,0 Carl-defense=0 enemy-attack=0,0
party action uses=8,40 / 2,40
frame=8352 map=35.0 pos=37,31 flags=0
party=2 HP=30/30,26/26 battle=0 battlers=0 outcome=0 PP=0,0 trial=0 donut-ability=0
persistent PP=8,2 status=0,0
growth level/xp/item=8/399/0,8/709/0 stats maxHP/attack,maxHP/magic=30/20,26/13 foesHP=0,0
PASS flag 35 0
pattern trainer=0 turn=0 foePP=0,0 foeAtkDef=0,0 CarlAtk=0 foeLevel=0
support PP=0,0 Carl-defense=0 enemy-attack=0,0
party action uses=8,40 / 2,40
frame=8352 map=35.0 pos=37,31 flags=0
party=2 HP=30/30,26/26 battle=0 battlers=0 outcome=0 PP=0,0 trial=0 donut-ability=0
persistent PP=8,2 status=0,0
growth level/xp/item=8/399/0,8/709/0 stats maxHP/attack,maxHP/magic=30/20,26/13 foesHP=0,0
PASS flag 36 0
pattern trainer=0 turn=0 foePP=0,0 foeAtkDef=0,0 CarlAtk=0 foeLevel=0
support PP=0,0 Carl-defense=0 enemy-attack=0,0
party action uses=8,40 / 2,40
frame=8352 map=35.0 pos=37,31 flags=0
party=2 HP=30/30,26/26 battle=0 battlers=0 outcome=0 PP=0,0 trial=0 donut-ability=0
persistent PP=8,2 status=0,0
growth level/xp/item=8/399/0,8/709/0 stats maxHP/attack,maxHP/magic=30/20,26/13 foesHP=0,0
PASS flag 37 0
pattern trainer=0 turn=0 foePP=0,0 foeAtkDef=0,0 CarlAtk=0 foeLevel=0
support PP=0,0 Carl-defense=0 enemy-attack=0,0
party action uses=8,40 / 2,40
frame=8352 map=35.0 pos=37,31 flags=0
party=2 HP=30/30,26/26 battle=0 battlers=0 outcome=0 PP=0,0 trial=0 donut-ability=0
persistent PP=8,2 status=0,0
growth level/xp/item=8/399/0,8/709/0 stats maxHP/attack,maxHP/magic=30/20,26/13 foesHP=0,0
PASS flag 38 0
pattern trainer=0 turn=0 foePP=0,0 foeAtkDef=0,0 CarlAtk=0 foeLevel=0
support PP=0,0 Carl-defense=0 enemy-attack=0,0
party action uses=8,40 / 2,40
frame=8352 map=35.0 pos=37,31 flags=0
party=2 HP=30/30,26/26 battle=0 battlers=0 outcome=0 PP=0,0 trial=0 donut-ability=0
persistent PP=8,2 status=0,0
growth level/xp/item=8/399/0,8/709/0 stats maxHP/attack,maxHP/magic=30/20,26/13 foesHP=0,0
PASS flag 39 0
pattern trainer=0 turn=0 foePP=0,0 foeAtkDef=0,0 CarlAtk=0 foeLevel=0
support PP=0,0 Carl-defense=0 enemy-attack=0,0
party action uses=8,40 / 2,40
frame=8352 map=35.0 pos=37,31 flags=0
party=2 HP=30/30,26/26 battle=0 battlers=0 outcome=0 PP=0,0 trial=0 donut-ability=0
persistent PP=8,2 status=0,0
growth level/xp/item=8/399/0,8/709/0 stats maxHP/attack,maxHP/magic=30/20,26/13 foesHP=0,0
PASS flag 40 0
pattern trainer=0 turn=0 foePP=0,0 foeAtkDef=0,0 CarlAtk=0 foeLevel=0
support PP=0,0 Carl-defense=0 enemy-attack=0,0
party action uses=8,40 / 2,40
frame=8352 map=35.0 pos=37,31 flags=0
party=2 HP=30/30,26/26 battle=0 battlers=0 outcome=0 PP=0,0 trial=0 donut-ability=0
persistent PP=8,2 status=0,0
growth level/xp/item=8/399/0,8/709/0 stats maxHP/attack,maxHP/magic=30/20,26/13 foesHP=0,0
PASS flag 41 0
pattern trainer=0 turn=0 foePP=0,0 foeAtkDef=0,0 CarlAtk=0 foeLevel=0
support PP=0,0 Carl-defense=0 enemy-attack=0,0
party action uses=8,40 / 2,40
frame=8352 map=35.0 pos=37,31 flags=0
party=2 HP=30/30,26/26 battle=0 battlers=0 outcome=0 PP=0,0 trial=0 donut-ability=0
persistent PP=8,2 status=0,0
growth level/xp/item=8/399/0,8/709/0 stats maxHP/attack,maxHP/magic=30/20,26/13 foesHP=0,0
PASS flag 42 0
pattern trainer=0 turn=0 foePP=0,0 foeAtkDef=0,0 CarlAtk=0 foeLevel=0
support PP=0,0 Carl-defense=0 enemy-attack=0,0
party action uses=8,40 / 2,40
frame=8352 map=35.0 pos=37,31 flags=0
party=2 HP=30/30,26/26 battle=0 battlers=0 outcome=0 PP=0,0 trial=0 donut-ability=0
persistent PP=8,2 status=0,0
growth level/xp/item=8/399/0,8/709/0 stats maxHP/attack,maxHP/magic=30/20,26/13 foesHP=0,0
PASS flag 43 0
pattern trainer=0 turn=0 foePP=0,0 foeAtkDef=0,0 CarlAtk=0 foeLevel=0
support PP=0,0 Carl-defense=0 enemy-attack=0,0
party action uses=8,40 / 2,40
frame=8352 map=35.0 pos=37,31 flags=0
party=2 HP=30/30,26/26 battle=0 battlers=0 outcome=0 PP=0,0 trial=0 donut-ability=0
persistent PP=8,2 status=0,0
growth level/xp/item=8/399/0,8/709/0 stats maxHP/attack,maxHP/magic=30/20,26/13 foesHP=0,0
PASS flag 44 0
pattern trainer=0 turn=0 foePP=0,0 foeAtkDef=0,0 CarlAtk=0 foeLevel=0
support PP=0,0 Carl-defense=0 enemy-attack=0,0
party action uses=8,40 / 2,40
frame=8352 map=35.0 pos=37,31 flags=0
party=2 HP=30/30,26/26 battle=0 battlers=0 outcome=0 PP=0,0 trial=0 donut-ability=0
persistent PP=8,2 status=0,0
growth level/xp/item=8/399/0,8/709/0 stats maxHP/attack,maxHP/magic=30/20,26/13 foesHP=0,0
PASS flag 45 0
pattern trainer=0 turn=0 foePP=0,0 foeAtkDef=0,0 CarlAtk=0 foeLevel=0
support PP=0,0 Carl-defense=0 enemy-attack=0,0
party action uses=8,40 / 2,40
frame=8352 map=35.0 pos=37,31 flags=0
party=2 HP=30/30,26/26 battle=0 battlers=0 outcome=0 PP=0,0 trial=0 donut-ability=0
persistent PP=8,2 status=0,0
growth level/xp/item=8/399/0,8/709/0 stats maxHP/attack,maxHP/magic=30/20,26/13 foesHP=0,0
PASS flag 46 0
pattern trainer=0 turn=0 foePP=0,0 foeAtkDef=0,0 CarlAtk=0 foeLevel=0
support PP=0,0 Carl-defense=0 enemy-attack=0,0
party action uses=8,40 / 2,40
frame=8352 map=35.0 pos=37,31 flags=0
party=2 HP=30/30,26/26 battle=0 battlers=0 outcome=0 PP=0,0 trial=0 donut-ability=0
persistent PP=8,2 status=0,0
growth level/xp/item=8/399/0,8/709/0 stats maxHP/attack,maxHP/magic=30/20,26/13 foesHP=0,0
PASS flag 47 0
pattern trainer=0 turn=0 foePP=0,0 foeAtkDef=0,0 CarlAtk=0 foeLevel=0
support PP=0,0 Carl-defense=0 enemy-attack=0,0
party action uses=8,40 / 2,40
frame=8352 map=35.0 pos=37,31 flags=0
party=2 HP=30/30,26/26 battle=0 battlers=0 outcome=0 PP=0,0 trial=0 donut-ability=0
persistent PP=8,2 status=0,0
growth level/xp/item=8/399/0,8/709/0 stats maxHP/attack,maxHP/magic=30/20,26/13 foesHP=0,0
PASS flag 48 0
pattern trainer=0 turn=0 foePP=0,0 foeAtkDef=0,0 CarlAtk=0 foeLevel=0
support PP=0,0 Carl-defense=0 enemy-attack=0,0
party action uses=8,40 / 2,40
frame=8352 map=35.0 pos=37,31 flags=0
party=2 HP=30/30,26/26 battle=0 battlers=0 outcome=0 PP=0,0 trial=0 donut-ability=0
persistent PP=8,2 status=0,0
growth level/xp/item=8/399/0,8/709/0 stats maxHP/attack,maxHP/magic=30/20,26/13 foesHP=0,0
PASS flag 2135 0
pattern trainer=0 turn=0 foePP=0,0 foeAtkDef=0,0 CarlAtk=0 foeLevel=0
support PP=0,0 Carl-defense=0 enemy-attack=0,0
party action uses=8,40 / 2,40
frame=8352 map=35.0 pos=37,31 flags=0
party=2 HP=30/30,26/26 battle=0 battlers=0 outcome=0 PP=0,0 trial=0 donut-ability=0
persistent PP=8,2 status=0,0
growth level/xp/item=8/399/0,8/709/0 stats maxHP/attack,maxHP/magic=30/20,26/13 foesHP=0,0
PASS flag 2136 0
pattern trainer=0 turn=0 foePP=0,0 foeAtkDef=0,0 CarlAtk=0 foeLevel=0
support PP=0,0 Carl-defense=0 enemy-attack=0,0
party action uses=8,40 / 2,40
frame=8352 map=35.0 pos=37,31 flags=0
party=2 HP=30/30,26/26 battle=0 battlers=0 outcome=0 PP=0,0 trial=0 donut-ability=0
persistent PP=8,2 status=0,0
growth level/xp/item=8/399/0,8/709/0 stats maxHP/attack,maxHP/magic=30/20,26/13 foesHP=0,0
PASS flag 2137 0
pattern trainer=0 turn=0 foePP=0,0 foeAtkDef=0,0 CarlAtk=0 foeLevel=0
support PP=0,0 Carl-defense=0 enemy-attack=0,0
party action uses=8,40 / 2,40
frame=8352 map=35.0 pos=37,31 flags=0
party=2 HP=30/30,26/26 battle=0 battlers=0 outcome=0 PP=0,0 trial=0 donut-ability=0
persistent PP=8,2 status=0,0
growth level/xp/item=8/399/0,8/709/0 stats maxHP/attack,maxHP/magic=30/20,26/13 foesHP=0,0
PASS flag 2138 0
pattern trainer=0 turn=0 foePP=0,0 foeAtkDef=0,0 CarlAtk=0 foeLevel=0
support PP=0,0 Carl-defense=0 enemy-attack=0,0
party action uses=8,40 / 2,40
frame=8352 map=35.0 pos=37,31 flags=0
party=2 HP=30/30,26/26 battle=0 battlers=0 outcome=0 PP=0,0 trial=0 donut-ability=0
persistent PP=8,2 status=0,0
growth level/xp/item=8/399/0,8/709/0 stats maxHP/attack,maxHP/magic=30/20,26/13 foesHP=0,0
PASS flag 2139 0
pattern trainer=0 turn=0 foePP=0,0 foeAtkDef=0,0 CarlAtk=0 foeLevel=0
support PP=0,0 Carl-defense=0 enemy-attack=0,0
party action uses=8,40 / 2,40
frame=8372 map=35.0 pos=36,31 flags=0
party=2 HP=30/30,26/26 battle=0 battlers=0 outcome=0 PP=0,0 trial=0 donut-ability=0
persistent PP=8,2 status=0,0
growth level/xp/item=8/399/0,8/709/0 stats maxHP/attack,maxHP/magic=30/20,26/13 foesHP=0,0
pattern trainer=0 turn=0 foePP=0,0 foeAtkDef=0,0 CarlAtk=0 foeLevel=0
support PP=0,0 Carl-defense=0 enemy-attack=0,0
party action uses=8,40 / 2,40
frame=8412 map=35.0 pos=36,31 flags=0
party=2 HP=30/30,26/26 battle=0 battlers=0 outcome=0 PP=0,0 trial=0 donut-ability=0
persistent PP=8,2 status=0,0
growth level/xp/item=8/399/0,8/709/0 stats maxHP/attack,maxHP/magic=30/20,26/13 foesHP=0,0
pattern trainer=0 turn=0 foePP=0,0 foeAtkDef=0,0 CarlAtk=0 foeLevel=0
support PP=0,0 Carl-defense=0 enemy-attack=0,0
party action uses=8,40 / 2,40
frame=8412 map=35.0 pos=36,31 flags=0
party=2 HP=30/30,26/26 battle=0 battlers=0 outcome=0 PP=0,0 trial=0 donut-ability=0
persistent PP=8,2 status=0,0
growth level/xp/item=8/399/0,8/709/0 stats maxHP/attack,maxHP/magic=30/20,26/13 foesHP=0,0
pattern trainer=0 turn=0 foePP=0,0 foeAtkDef=0,0 CarlAtk=0 foeLevel=0
support PP=0,0 Carl-defense=0 enemy-attack=0,0
party action uses=8,40 / 2,40
PASS expect 35 0 36 31 0
frame=8496 map=35.0 pos=36,36 flags=0
party=2 HP=30/30,26/26 battle=0 battlers=0 outcome=0 PP=0,0 trial=0 donut-ability=0
persistent PP=8,2 status=0,0
growth level/xp/item=8/399/0,8/709/0 stats maxHP/attack,maxHP/magic=30/20,26/13 foesHP=0,0
pattern trainer=0 turn=0 foePP=0,0 foeAtkDef=0,0 CarlAtk=0 foeLevel=0
support PP=0,0 Carl-defense=0 enemy-attack=0,0
party action uses=8,40 / 2,40
frame=8536 map=35.0 pos=36,36 flags=0
party=2 HP=30/30,26/26 battle=0 battlers=0 outcome=0 PP=0,0 trial=0 donut-ability=0
persistent PP=8,2 status=0,0
growth level/xp/item=8/399/0,8/709/0 stats maxHP/attack,maxHP/magic=30/20,26/13 foesHP=0,0
pattern trainer=0 turn=0 foePP=0,0 foeAtkDef=0,0 CarlAtk=0 foeLevel=0
support PP=0,0 Carl-defense=0 enemy-attack=0,0
party action uses=8,40 / 2,40
frame=8536 map=35.0 pos=36,36 flags=0
party=2 HP=30/30,26/26 battle=0 battlers=0 outcome=0 PP=0,0 trial=0 donut-ability=0
persistent PP=8,2 status=0,0
growth level/xp/item=8/399/0,8/709/0 stats maxHP/attack,maxHP/magic=30/20,26/13 foesHP=0,0
pattern trainer=0 turn=0 foePP=0,0 foeAtkDef=0,0 CarlAtk=0 foeLevel=0
support PP=0,0 Carl-defense=0 enemy-attack=0,0
party action uses=8,40 / 2,40
PASS expect 35 0 36 36 0
frame=8572 map=35.0 pos=34,36 flags=0
party=2 HP=30/30,26/26 battle=0 battlers=0 outcome=0 PP=0,0 trial=0 donut-ability=0
persistent PP=8,2 status=0,0
growth level/xp/item=8/399/0,8/709/0 stats maxHP/attack,maxHP/magic=30/20,26/13 foesHP=0,0
pattern trainer=0 turn=0 foePP=0,0 foeAtkDef=0,0 CarlAtk=0 foeLevel=0
support PP=0,0 Carl-defense=0 enemy-attack=0,0
party action uses=8,40 / 2,40
frame=8612 map=35.0 pos=34,36 flags=0
party=2 HP=30/30,26/26 battle=0 battlers=0 outcome=0 PP=0,0 trial=0 donut-ability=0
persistent PP=8,2 status=0,0
growth level/xp/item=8/399/0,8/709/0 stats maxHP/attack,maxHP/magic=30/20,26/13 foesHP=0,0
pattern trainer=0 turn=0 foePP=0,0 foeAtkDef=0,0 CarlAtk=0 foeLevel=0
support PP=0,0 Carl-defense=0 enemy-attack=0,0
party action uses=8,40 / 2,40
frame=8612 map=35.0 pos=34,36 flags=0
party=2 HP=30/30,26/26 battle=0 battlers=0 outcome=0 PP=0,0 trial=0 donut-ability=0
persistent PP=8,2 status=0,0
growth level/xp/item=8/399/0,8/709/0 stats maxHP/attack,maxHP/magic=30/20,26/13 foesHP=0,0
pattern trainer=0 turn=0 foePP=0,0 foeAtkDef=0,0 CarlAtk=0 foeLevel=0
support PP=0,0 Carl-defense=0 enemy-attack=0,0
party action uses=8,40 / 2,40
PASS expect 35 0 34 36 0
frame=8696 map=35.0 pos=34,41 flags=0
party=2 HP=30/30,26/26 battle=0 battlers=0 outcome=0 PP=0,0 trial=0 donut-ability=0
persistent PP=8,2 status=0,0
growth level/xp/item=8/399/0,8/709/0 stats maxHP/attack,maxHP/magic=30/20,26/13 foesHP=0,0
pattern trainer=0 turn=0 foePP=0,0 foeAtkDef=0,0 CarlAtk=0 foeLevel=0
support PP=0,0 Carl-defense=0 enemy-attack=0,0
party action uses=8,40 / 2,40
frame=8736 map=35.0 pos=34,41 flags=0
party=2 HP=30/30,26/26 battle=0 battlers=0 outcome=0 PP=0,0 trial=0 donut-ability=0
persistent PP=8,2 status=0,0
growth level/xp/item=8/399/0,8/709/0 stats maxHP/attack,maxHP/magic=30/20,26/13 foesHP=0,0
pattern trainer=0 turn=0 foePP=0,0 foeAtkDef=0,0 CarlAtk=0 foeLevel=0
support PP=0,0 Carl-defense=0 enemy-attack=0,0
party action uses=8,40 / 2,40
frame=8736 map=35.0 pos=34,41 flags=0
party=2 HP=30/30,26/26 battle=0 battlers=0 outcome=0 PP=0,0 trial=0 donut-ability=0
persistent PP=8,2 status=0,0
growth level/xp/item=8/399/0,8/709/0 stats maxHP/attack,maxHP/magic=30/20,26/13 foesHP=0,0
pattern trainer=0 turn=0 foePP=0,0 foeAtkDef=0,0 CarlAtk=0 foeLevel=0
support PP=0,0 Carl-defense=0 enemy-attack=0,0
party action uses=8,40 / 2,40
PASS expect 35 0 34 41 0
frame=8868 map=35.0 pos=42,41 flags=0
party=2 HP=30/30,26/26 battle=0 battlers=0 outcome=0 PP=0,0 trial=0 donut-ability=0
persistent PP=8,2 status=0,0
growth level/xp/item=8/399/0,8/709/0 stats maxHP/attack,maxHP/magic=30/20,26/13 foesHP=0,0
pattern trainer=0 turn=0 foePP=0,0 foeAtkDef=0,0 CarlAtk=0 foeLevel=0
support PP=0,0 Carl-defense=0 enemy-attack=0,0
party action uses=8,40 / 2,40
frame=8908 map=35.0 pos=42,41 flags=0
party=2 HP=30/30,26/26 battle=0 battlers=0 outcome=0 PP=0,0 trial=0 donut-ability=0
persistent PP=8,2 status=0,0
growth level/xp/item=8/399/0,8/709/0 stats maxHP/attack,maxHP/magic=30/20,26/13 foesHP=0,0
pattern trainer=0 turn=0 foePP=0,0 foeAtkDef=0,0 CarlAtk=0 foeLevel=0
support PP=0,0 Carl-defense=0 enemy-attack=0,0
party action uses=8,40 / 2,40
frame=8908 map=35.0 pos=42,41 flags=0
party=2 HP=30/30,26/26 battle=0 battlers=0 outcome=0 PP=0,0 trial=0 donut-ability=0
persistent PP=8,2 status=0,0
growth level/xp/item=8/399/0,8/709/0 stats maxHP/attack,maxHP/magic=30/20,26/13 foesHP=0,0
pattern trainer=0 turn=0 foePP=0,0 foeAtkDef=0,0 CarlAtk=0 foeLevel=0
support PP=0,0 Carl-defense=0 enemy-attack=0,0
party action uses=8,40 / 2,40
PASS expect 35 0 42 41 0
frame=8928 map=35.0 pos=42,40 flags=0
party=2 HP=30/30,26/26 battle=0 battlers=0 outcome=0 PP=0,0 trial=0 donut-ability=0
persistent PP=8,2 status=0,0
growth level/xp/item=8/399/0,8/709/0 stats maxHP/attack,maxHP/magic=30/20,26/13 foesHP=0,0
pattern trainer=0 turn=0 foePP=0,0 foeAtkDef=0,0 CarlAtk=0 foeLevel=0
support PP=0,0 Carl-defense=0 enemy-attack=0,0
party action uses=8,40 / 2,40
frame=8968 map=35.0 pos=42,40 flags=0
party=2 HP=30/30,26/26 battle=0 battlers=0 outcome=0 PP=0,0 trial=0 donut-ability=0
persistent PP=8,2 status=0,0
growth level/xp/item=8/399/0,8/709/0 stats maxHP/attack,maxHP/magic=30/20,26/13 foesHP=0,0
pattern trainer=0 turn=0 foePP=0,0 foeAtkDef=0,0 CarlAtk=0 foeLevel=0
support PP=0,0 Carl-defense=0 enemy-attack=0,0
party action uses=8,40 / 2,40
frame=8968 map=35.0 pos=42,40 flags=0
party=2 HP=30/30,26/26 battle=0 battlers=0 outcome=0 PP=0,0 trial=0 donut-ability=0
persistent PP=8,2 status=0,0
growth level/xp/item=8/399/0,8/709/0 stats maxHP/attack,maxHP/magic=30/20,26/13 foesHP=0,0
pattern trainer=0 turn=0 foePP=0,0 foeAtkDef=0,0 CarlAtk=0 foeLevel=0
support PP=0,0 Carl-defense=0 enemy-attack=0,0
party action uses=8,40 / 2,40
PASS expect 35 0 42 40 0
frame=9008 map=35.0 pos=42,40 flags=0
party=2 HP=30/30,26/26 battle=0 battlers=0 outcome=0 PP=0,0 trial=0 donut-ability=0
persistent PP=8,2 status=0,0
growth level/xp/item=8/399/0,8/709/0 stats maxHP/attack,maxHP/magic=30/20,26/13 foesHP=0,0
pattern trainer=0 turn=0 foePP=0,0 foeAtkDef=0,0 CarlAtk=0 foeLevel=0
support PP=0,0 Carl-defense=0 enemy-attack=0,0
party action uses=8,40 / 2,40
frame=9028 map=35.0 pos=42,41 flags=0
party=2 HP=30/30,26/26 battle=0 battlers=0 outcome=0 PP=0,0 trial=0 donut-ability=0
persistent PP=8,2 status=0,0
growth level/xp/item=8/399/0,8/709/0 stats maxHP/attack,maxHP/magic=30/20,26/13 foesHP=0,0
pattern trainer=0 turn=0 foePP=0,0 foeAtkDef=0,0 CarlAtk=0 foeLevel=0
support PP=0,0 Carl-defense=0 enemy-attack=0,0
party action uses=8,40 / 2,40
frame=9068 map=35.0 pos=42,41 flags=0
party=2 HP=30/30,26/26 battle=0 battlers=0 outcome=0 PP=0,0 trial=0 donut-ability=0
persistent PP=8,2 status=0,0
growth level/xp/item=8/399/0,8/709/0 stats maxHP/attack,maxHP/magic=30/20,26/13 foesHP=0,0
pattern trainer=0 turn=0 foePP=0,0 foeAtkDef=0,0 CarlAtk=0 foeLevel=0
support PP=0,0 Carl-defense=0 enemy-attack=0,0
party action uses=8,40 / 2,40
frame=9068 map=35.0 pos=42,41 flags=0
party=2 HP=30/30,26/26 battle=0 battlers=0 outcome=0 PP=0,0 trial=0 donut-ability=0
persistent PP=8,2 status=0,0
growth level/xp/item=8/399/0,8/709/0 stats maxHP/attack,maxHP/magic=30/20,26/13 foesHP=0,0
pattern trainer=0 turn=0 foePP=0,0 foeAtkDef=0,0 CarlAtk=0 foeLevel=0
support PP=0,0 Carl-defense=0 enemy-attack=0,0
party action uses=8,40 / 2,40
PASS expect 35 0 42 41 0
frame=9136 map=35.0 pos=46,41 flags=0
party=2 HP=30/30,26/26 battle=0 battlers=0 outcome=0 PP=0,0 trial=0 donut-ability=0
persistent PP=8,2 status=0,0
growth level/xp/item=8/399/0,8/709/0 stats maxHP/attack,maxHP/magic=30/20,26/13 foesHP=0,0
pattern trainer=0 turn=0 foePP=0,0 foeAtkDef=0,0 CarlAtk=0 foeLevel=0
support PP=0,0 Carl-defense=0 enemy-attack=0,0
party action uses=8,40 / 2,40
frame=9176 map=35.0 pos=46,41 flags=0
party=2 HP=30/30,26/26 battle=0 battlers=0 outcome=0 PP=0,0 trial=0 donut-ability=0
persistent PP=8,2 status=0,0
growth level/xp/item=8/399/0,8/709/0 stats maxHP/attack,maxHP/magic=30/20,26/13 foesHP=0,0
pattern trainer=0 turn=0 foePP=0,0 foeAtkDef=0,0 CarlAtk=0 foeLevel=0
support PP=0,0 Carl-defense=0 enemy-attack=0,0
party action uses=8,40 / 2,40
frame=9176 map=35.0 pos=46,41 flags=0
party=2 HP=30/30,26/26 battle=0 battlers=0 outcome=0 PP=0,0 trial=0 donut-ability=0
persistent PP=8,2 status=0,0
growth level/xp/item=8/399/0,8/709/0 stats maxHP/attack,maxHP/magic=30/20,26/13 foesHP=0,0
pattern trainer=0 turn=0 foePP=0,0 foeAtkDef=0,0 CarlAtk=0 foeLevel=0
support PP=0,0 Carl-defense=0 enemy-attack=0,0
party action uses=8,40 / 2,40
PASS expect 35 0 46 41 0
frame=9196 map=35.0 pos=46,42 flags=0
party=2 HP=30/30,26/26 battle=0 battlers=0 outcome=0 PP=0,0 trial=0 donut-ability=0
persistent PP=8,2 status=0,0
growth level/xp/item=8/399/0,8/709/0 stats maxHP/attack,maxHP/magic=30/20,26/13 foesHP=0,0
pattern trainer=0 turn=0 foePP=0,0 foeAtkDef=0,0 CarlAtk=0 foeLevel=0
support PP=0,0 Carl-defense=0 enemy-attack=0,0
party action uses=8,40 / 2,40
frame=9236 map=35.0 pos=46,42 flags=0
party=2 HP=30/30,26/26 battle=0 battlers=0 outcome=0 PP=0,0 trial=0 donut-ability=0
persistent PP=8,2 status=0,0
growth level/xp/item=8/399/0,8/709/0 stats maxHP/attack,maxHP/magic=30/20,26/13 foesHP=0,0
pattern trainer=0 turn=0 foePP=0,0 foeAtkDef=0,0 CarlAtk=0 foeLevel=0
support PP=0,0 Carl-defense=0 enemy-attack=0,0
party action uses=8,40 / 2,40
frame=9236 map=35.0 pos=46,42 flags=0
party=2 HP=30/30,26/26 battle=0 battlers=0 outcome=0 PP=0,0 trial=0 donut-ability=0
persistent PP=8,2 status=0,0
growth level/xp/item=8/399/0,8/709/0 stats maxHP/attack,maxHP/magic=30/20,26/13 foesHP=0,0
pattern trainer=0 turn=0 foePP=0,0 foeAtkDef=0,0 CarlAtk=0 foeLevel=0
support PP=0,0 Carl-defense=0 enemy-attack=0,0
party action uses=8,40 / 2,40
PASS expect 35 0 46 42 0
frame=9276 map=35.0 pos=46,42 flags=0
party=2 HP=30/30,26/26 battle=0 battlers=0 outcome=0 PP=0,0 trial=0 donut-ability=0
persistent PP=8,2 status=0,0
growth level/xp/item=8/399/0,8/709/0 stats maxHP/attack,maxHP/magic=30/20,26/13 foesHP=0,0
pattern trainer=0 turn=0 foePP=0,0 foeAtkDef=0,0 CarlAtk=0 foeLevel=0
support PP=0,0 Carl-defense=0 enemy-attack=0,0
party action uses=8,40 / 2,40
frame=9344 map=35.0 pos=50,42 flags=0
party=2 HP=30/30,26/26 battle=0 battlers=0 outcome=0 PP=0,0 trial=0 donut-ability=0
persistent PP=8,2 status=0,0
growth level/xp/item=8/399/0,8/709/0 stats maxHP/attack,maxHP/magic=30/20,26/13 foesHP=0,0
pattern trainer=0 turn=0 foePP=0,0 foeAtkDef=0,0 CarlAtk=0 foeLevel=0
support PP=0,0 Carl-defense=0 enemy-attack=0,0
party action uses=8,40 / 2,40
frame=9384 map=35.0 pos=50,42 flags=0
party=2 HP=30/30,26/26 battle=0 battlers=0 outcome=0 PP=0,0 trial=0 donut-ability=0
persistent PP=8,2 status=0,0
growth level/xp/item=8/399/0,8/709/0 stats maxHP/attack,maxHP/magic=30/20,26/13 foesHP=0,0
pattern trainer=0 turn=0 foePP=0,0 foeAtkDef=0,0 CarlAtk=0 foeLevel=0
support PP=0,0 Carl-defense=0 enemy-attack=0,0
party action uses=8,40 / 2,40
frame=9384 map=35.0 pos=50,42 flags=0
party=2 HP=30/30,26/26 battle=0 battlers=0 outcome=0 PP=0,0 trial=0 donut-ability=0
persistent PP=8,2 status=0,0
growth level/xp/item=8/399/0,8/709/0 stats maxHP/attack,maxHP/magic=30/20,26/13 foesHP=0,0
pattern trainer=0 turn=0 foePP=0,0 foeAtkDef=0,0 CarlAtk=0 foeLevel=0
support PP=0,0 Carl-defense=0 enemy-attack=0,0
party action uses=8,40 / 2,40
PASS expect 35 0 50 42 0
frame=9424 map=35.0 pos=50,42 flags=0
party=2 HP=30/30,26/26 battle=0 battlers=0 outcome=0 PP=0,0 trial=0 donut-ability=0
persistent PP=8,2 status=0,0
growth level/xp/item=8/399/0,8/709/0 stats maxHP/attack,maxHP/magic=30/20,26/13 foesHP=0,0
pattern trainer=0 turn=0 foePP=0,0 foeAtkDef=0,0 CarlAtk=0 foeLevel=0
support PP=0,0 Carl-defense=0 enemy-attack=0,0
party action uses=8,40 / 2,40
frame=9504 map=35.0 pos=55,42 flags=0
party=2 HP=30/30,26/26 battle=0 battlers=0 outcome=0 PP=0,0 trial=0 donut-ability=0
persistent PP=8,2 status=0,0
growth level/xp/item=8/399/0,8/709/0 stats maxHP/attack,maxHP/magic=30/20,26/13 foesHP=0,0
pattern trainer=0 turn=0 foePP=0,0 foeAtkDef=0,0 CarlAtk=0 foeLevel=0
support PP=0,0 Carl-defense=0 enemy-attack=0,0
party action uses=8,40 / 2,40
frame=9544 map=35.0 pos=55,42 flags=0
party=2 HP=30/30,26/26 battle=0 battlers=0 outcome=0 PP=0,0 trial=0 donut-ability=0
persistent PP=8,2 status=0,0
growth level/xp/item=8/399/0,8/709/0 stats maxHP/attack,maxHP/magic=30/20,26/13 foesHP=0,0
pattern trainer=0 turn=0 foePP=0,0 foeAtkDef=0,0 CarlAtk=0 foeLevel=0
support PP=0,0 Carl-defense=0 enemy-attack=0,0
party action uses=8,40 / 2,40
frame=9544 map=35.0 pos=55,42 flags=0
party=2 HP=30/30,26/26 battle=0 battlers=0 outcome=0 PP=0,0 trial=0 donut-ability=0
persistent PP=8,2 status=0,0
growth level/xp/item=8/399/0,8/709/0 stats maxHP/attack,maxHP/magic=30/20,26/13 foesHP=0,0
pattern trainer=0 turn=0 foePP=0,0 foeAtkDef=0,0 CarlAtk=0 foeLevel=0
support PP=0,0 Carl-defense=0 enemy-attack=0,0
party action uses=8,40 / 2,40
PASS expect 35 0 55 42 0
frame=9584 map=35.0 pos=55,42 flags=0
party=2 HP=30/30,26/26 battle=0 battlers=0 outcome=0 PP=0,0 trial=0 donut-ability=0
persistent PP=8,2 status=0,0
growth level/xp/item=8/399/0,8/709/0 stats maxHP/attack,maxHP/magic=30/20,26/13 foesHP=0,0
pattern trainer=0 turn=0 foePP=0,0 foeAtkDef=0,0 CarlAtk=0 foeLevel=0
support PP=0,0 Carl-defense=0 enemy-attack=0,0
party action uses=8,40 / 2,40
frame=9604 map=35.0 pos=55,41 flags=0
party=2 HP=30/30,26/26 battle=0 battlers=0 outcome=0 PP=0,0 trial=0 donut-ability=0
persistent PP=8,2 status=0,0
growth level/xp/item=8/399/0,8/709/0 stats maxHP/attack,maxHP/magic=30/20,26/13 foesHP=0,0
pattern trainer=0 turn=0 foePP=0,0 foeAtkDef=0,0 CarlAtk=0 foeLevel=0
support PP=0,0 Carl-defense=0 enemy-attack=0,0
party action uses=8,40 / 2,40
frame=9644 map=35.0 pos=55,41 flags=0
party=2 HP=30/30,26/26 battle=0 battlers=0 outcome=0 PP=0,0 trial=0 donut-ability=0
persistent PP=8,2 status=0,0
growth level/xp/item=8/399/0,8/709/0 stats maxHP/attack,maxHP/magic=30/20,26/13 foesHP=0,0
pattern trainer=0 turn=0 foePP=0,0 foeAtkDef=0,0 CarlAtk=0 foeLevel=0
support PP=0,0 Carl-defense=0 enemy-attack=0,0
party action uses=8,40 / 2,40
frame=9644 map=35.0 pos=55,41 flags=0
party=2 HP=30/30,26/26 battle=0 battlers=0 outcome=0 PP=0,0 trial=0 donut-ability=0
persistent PP=8,2 status=0,0
growth level/xp/item=8/399/0,8/709/0 stats maxHP/attack,maxHP/magic=30/20,26/13 foesHP=0,0
pattern trainer=0 turn=0 foePP=0,0 foeAtkDef=0,0 CarlAtk=0 foeLevel=0
support PP=0,0 Carl-defense=0 enemy-attack=0,0
party action uses=8,40 / 2,40
PASS expect 35 0 55 41 0
frame=9984 map=35.0 pos=34,41 flags=0
party=2 HP=30/30,26/26 battle=0 battlers=0 outcome=0 PP=0,0 trial=0 donut-ability=0
persistent PP=8,2 status=0,0
growth level/xp/item=8/399/0,8/709/0 stats maxHP/attack,maxHP/magic=30/20,26/13 foesHP=0,0
pattern trainer=0 turn=0 foePP=0,0 foeAtkDef=0,0 CarlAtk=0 foeLevel=0
support PP=0,0 Carl-defense=0 enemy-attack=0,0
party action uses=8,40 / 2,40
frame=10024 map=35.0 pos=34,41 flags=0
party=2 HP=30/30,26/26 battle=0 battlers=0 outcome=0 PP=0,0 trial=0 donut-ability=0
persistent PP=8,2 status=0,0
growth level/xp/item=8/399/0,8/709/0 stats maxHP/attack,maxHP/magic=30/20,26/13 foesHP=0,0
pattern trainer=0 turn=0 foePP=0,0 foeAtkDef=0,0 CarlAtk=0 foeLevel=0
support PP=0,0 Carl-defense=0 enemy-attack=0,0
party action uses=8,40 / 2,40
frame=10024 map=35.0 pos=34,41 flags=0
party=2 HP=30/30,26/26 battle=0 battlers=0 outcome=0 PP=0,0 trial=0 donut-ability=0
persistent PP=8,2 status=0,0
growth level/xp/item=8/399/0,8/709/0 stats maxHP/attack,maxHP/magic=30/20,26/13 foesHP=0,0
pattern trainer=0 turn=0 foePP=0,0 foeAtkDef=0,0 CarlAtk=0 foeLevel=0
support PP=0,0 Carl-defense=0 enemy-attack=0,0
party action uses=8,40 / 2,40
PASS expect 35 0 34 41 0
frame=10380 map=35.0 pos=34,19 flags=0
party=2 HP=30/30,26/26 battle=0 battlers=0 outcome=0 PP=0,0 trial=0 donut-ability=0
persistent PP=8,2 status=0,0
growth level/xp/item=8/399/0,8/709/0 stats maxHP/attack,maxHP/magic=30/20,26/13 foesHP=0,0
pattern trainer=0 turn=0 foePP=0,0 foeAtkDef=0,0 CarlAtk=0 foeLevel=0
support PP=0,0 Carl-defense=0 enemy-attack=0,0
party action uses=8,40 / 2,40
frame=10420 map=35.0 pos=34,19 flags=0
party=2 HP=30/30,26/26 battle=0 battlers=0 outcome=0 PP=0,0 trial=0 donut-ability=0
persistent PP=8,2 status=0,0
growth level/xp/item=8/399/0,8/709/0 stats maxHP/attack,maxHP/magic=30/20,26/13 foesHP=0,0
pattern trainer=0 turn=0 foePP=0,0 foeAtkDef=0,0 CarlAtk=0 foeLevel=0
support PP=0,0 Carl-defense=0 enemy-attack=0,0
party action uses=8,40 / 2,40
frame=10420 map=35.0 pos=34,19 flags=0
party=2 HP=30/30,26/26 battle=0 battlers=0 outcome=0 PP=0,0 trial=0 donut-ability=0
persistent PP=8,2 status=0,0
growth level/xp/item=8/399/0,8/709/0 stats maxHP/attack,maxHP/magic=30/20,26/13 foesHP=0,0
pattern trainer=0 turn=0 foePP=0,0 foeAtkDef=0,0 CarlAtk=0 foeLevel=0
support PP=0,0 Carl-defense=0 enemy-attack=0,0
party action uses=8,40 / 2,40
PASS expect 35 0 34 19 0
frame=10680 map=35.0 pos=50,19 flags=0
party=2 HP=30/30,26/26 battle=0 battlers=0 outcome=0 PP=0,0 trial=0 donut-ability=0
persistent PP=8,2 status=0,0
growth level/xp/item=8/399/0,8/709/0 stats maxHP/attack,maxHP/magic=30/20,26/13 foesHP=0,0
pattern trainer=0 turn=0 foePP=0,0 foeAtkDef=0,0 CarlAtk=0 foeLevel=0
support PP=0,0 Carl-defense=0 enemy-attack=0,0
party action uses=8,40 / 2,40
frame=10720 map=35.0 pos=50,19 flags=0
party=2 HP=30/30,26/26 battle=0 battlers=0 outcome=0 PP=0,0 trial=0 donut-ability=0
persistent PP=8,2 status=0,0
growth level/xp/item=8/399/0,8/709/0 stats maxHP/attack,maxHP/magic=30/20,26/13 foesHP=0,0
pattern trainer=0 turn=0 foePP=0,0 foeAtkDef=0,0 CarlAtk=0 foeLevel=0
support PP=0,0 Carl-defense=0 enemy-attack=0,0
party action uses=8,40 / 2,40
frame=10720 map=35.0 pos=50,19 flags=0
party=2 HP=30/30,26/26 battle=0 battlers=0 outcome=0 PP=0,0 trial=0 donut-ability=0
persistent PP=8,2 status=0,0
growth level/xp/item=8/399/0,8/709/0 stats maxHP/attack,maxHP/magic=30/20,26/13 foesHP=0,0
pattern trainer=0 turn=0 foePP=0,0 foeAtkDef=0,0 CarlAtk=0 foeLevel=0
support PP=0,0 Carl-defense=0 enemy-attack=0,0
party action uses=8,40 / 2,40
PASS expect 35 0 50 19 0
frame=10760 map=35.0 pos=50,19 flags=0
party=2 HP=30/30,26/26 battle=0 battlers=0 outcome=0 PP=0,0 trial=0 donut-ability=0
persistent PP=8,2 status=0,0
growth level/xp/item=8/399/0,8/709/0 stats maxHP/attack,maxHP/magic=30/20,26/13 foesHP=0,0
pattern trainer=0 turn=0 foePP=0,0 foeAtkDef=0,0 CarlAtk=0 foeLevel=0
support PP=0,0 Carl-defense=0 enemy-attack=0,0
party action uses=8,40 / 2,40
frame=10796 map=35.0 pos=50,21 flags=0
party=2 HP=30/30,26/26 battle=0 battlers=0 outcome=0 PP=0,0 trial=0 donut-ability=0
persistent PP=8,2 status=0,0
growth level/xp/item=8/399/0,8/709/0 stats maxHP/attack,maxHP/magic=30/20,26/13 foesHP=0,0
pattern trainer=0 turn=0 foePP=0,0 foeAtkDef=0,0 CarlAtk=0 foeLevel=0
support PP=0,0 Carl-defense=0 enemy-attack=0,0
party action uses=8,40 / 2,40
frame=10836 map=35.0 pos=50,21 flags=0
party=2 HP=30/30,26/26 battle=0 battlers=0 outcome=0 PP=0,0 trial=0 donut-ability=0
persistent PP=8,2 status=0,0
growth level/xp/item=8/399/0,8/709/0 stats maxHP/attack,maxHP/magic=30/20,26/13 foesHP=0,0
pattern trainer=0 turn=0 foePP=0,0 foeAtkDef=0,0 CarlAtk=0 foeLevel=0
support PP=0,0 Carl-defense=0 enemy-attack=0,0
party action uses=8,40 / 2,40
frame=10836 map=35.0 pos=50,21 flags=0
party=2 HP=30/30,26/26 battle=0 battlers=0 outcome=0 PP=0,0 trial=0 donut-ability=0
persistent PP=8,2 status=0,0
growth level/xp/item=8/399/0,8/709/0 stats maxHP/attack,maxHP/magic=30/20,26/13 foesHP=0,0
pattern trainer=0 turn=0 foePP=0,0 foeAtkDef=0,0 CarlAtk=0 foeLevel=0
support PP=0,0 Carl-defense=0 enemy-attack=0,0
party action uses=8,40 / 2,40
PASS expect 35 0 50 21 0
frame=11096 map=35.0 pos=34,21 flags=0
party=2 HP=30/30,26/26 battle=0 battlers=0 outcome=0 PP=0,0 trial=0 donut-ability=0
persistent PP=8,2 status=0,0
growth level/xp/item=8/399/0,8/709/0 stats maxHP/attack,maxHP/magic=30/20,26/13 foesHP=0,0
pattern trainer=0 turn=0 foePP=0,0 foeAtkDef=0,0 CarlAtk=0 foeLevel=0
support PP=0,0 Carl-defense=0 enemy-attack=0,0
party action uses=8,40 / 2,40
frame=11136 map=35.0 pos=34,21 flags=0
party=2 HP=30/30,26/26 battle=0 battlers=0 outcome=0 PP=0,0 trial=0 donut-ability=0
persistent PP=8,2 status=0,0
growth level/xp/item=8/399/0,8/709/0 stats maxHP/attack,maxHP/magic=30/20,26/13 foesHP=0,0
pattern trainer=0 turn=0 foePP=0,0 foeAtkDef=0,0 CarlAtk=0 foeLevel=0
support PP=0,0 Carl-defense=0 enemy-attack=0,0
party action uses=8,40 / 2,40
frame=11136 map=35.0 pos=34,21 flags=0
party=2 HP=30/30,26/26 battle=0 battlers=0 outcome=0 PP=0,0 trial=0 donut-ability=0
persistent PP=8,2 status=0,0
growth level/xp/item=8/399/0,8/709/0 stats maxHP/attack,maxHP/magic=30/20,26/13 foesHP=0,0
pattern trainer=0 turn=0 foePP=0,0 foeAtkDef=0,0 CarlAtk=0 foeLevel=0
support PP=0,0 Carl-defense=0 enemy-attack=0,0
party action uses=8,40 / 2,40
PASS expect 35 0 34 21 0
frame=11188 map=35.0 pos=34,24 flags=0
party=2 HP=30/30,26/26 battle=0 battlers=0 outcome=0 PP=0,0 trial=0 donut-ability=0
persistent PP=8,2 status=0,0
growth level/xp/item=8/399/0,8/709/0 stats maxHP/attack,maxHP/magic=30/20,26/13 foesHP=0,0
pattern trainer=0 turn=0 foePP=0,0 foeAtkDef=0,0 CarlAtk=0 foeLevel=0
support PP=0,0 Carl-defense=0 enemy-attack=0,0
party action uses=8,40 / 2,40
frame=11228 map=35.0 pos=34,24 flags=0
party=2 HP=30/30,26/26 battle=0 battlers=0 outcome=0 PP=0,0 trial=0 donut-ability=0
persistent PP=8,2 status=0,0
growth level/xp/item=8/399/0,8/709/0 stats maxHP/attack,maxHP/magic=30/20,26/13 foesHP=0,0
pattern trainer=0 turn=0 foePP=0,0 foeAtkDef=0,0 CarlAtk=0 foeLevel=0
support PP=0,0 Carl-defense=0 enemy-attack=0,0
party action uses=8,40 / 2,40
frame=11228 map=35.0 pos=34,24 flags=0
party=2 HP=30/30,26/26 battle=0 battlers=0 outcome=0 PP=0,0 trial=0 donut-ability=0
persistent PP=8,2 status=0,0
growth level/xp/item=8/399/0,8/709/0 stats maxHP/attack,maxHP/magic=30/20,26/13 foesHP=0,0
pattern trainer=0 turn=0 foePP=0,0 foeAtkDef=0,0 CarlAtk=0 foeLevel=0
support PP=0,0 Carl-defense=0 enemy-attack=0,0
party action uses=8,40 / 2,40
PASS expect 35 0 34 24 0
frame=11296 map=35.0 pos=30,24 flags=0
party=2 HP=30/30,26/26 battle=0 battlers=0 outcome=0 PP=0,0 trial=0 donut-ability=0
persistent PP=8,2 status=0,0
growth level/xp/item=8/399/0,8/709/0 stats maxHP/attack,maxHP/magic=30/20,26/13 foesHP=0,0
pattern trainer=0 turn=0 foePP=0,0 foeAtkDef=0,0 CarlAtk=0 foeLevel=0
support PP=0,0 Carl-defense=0 enemy-attack=0,0
party action uses=8,40 / 2,40
frame=11336 map=35.0 pos=30,24 flags=0
party=2 HP=30/30,26/26 battle=0 battlers=0 outcome=0 PP=0,0 trial=0 donut-ability=0
persistent PP=8,2 status=0,0
growth level/xp/item=8/399/0,8/709/0 stats maxHP/attack,maxHP/magic=30/20,26/13 foesHP=0,0
pattern trainer=0 turn=0 foePP=0,0 foeAtkDef=0,0 CarlAtk=0 foeLevel=0
support PP=0,0 Carl-defense=0 enemy-attack=0,0
party action uses=8,40 / 2,40
frame=11336 map=35.0 pos=30,24 flags=0
party=2 HP=30/30,26/26 battle=0 battlers=0 outcome=0 PP=0,0 trial=0 donut-ability=0
persistent PP=8,2 status=0,0
growth level/xp/item=8/399/0,8/709/0 stats maxHP/attack,maxHP/magic=30/20,26/13 foesHP=0,0
pattern trainer=0 turn=0 foePP=0,0 foeAtkDef=0,0 CarlAtk=0 foeLevel=0
support PP=0,0 Carl-defense=0 enemy-attack=0,0
party action uses=8,40 / 2,40
PASS expect 35 0 30 24 0
frame=11376 map=35.0 pos=30,24 flags=0
party=2 HP=30/30,26/26 battle=0 battlers=0 outcome=0 PP=0,0 trial=0 donut-ability=0
persistent PP=8,2 status=0,0
growth level/xp/item=8/399/0,8/709/0 stats maxHP/attack,maxHP/magic=30/20,26/13 foesHP=0,0
pattern trainer=0 turn=0 foePP=0,0 foeAtkDef=0,0 CarlAtk=0 foeLevel=0
support PP=0,0 Carl-defense=0 enemy-attack=0,0
party action uses=8,40 / 2,40
frame=11508 map=35.0 pos=30,16 flags=0
party=2 HP=30/30,26/26 battle=0 battlers=0 outcome=0 PP=0,0 trial=0 donut-ability=0
persistent PP=8,2 status=0,0
growth level/xp/item=8/399/0,8/709/0 stats maxHP/attack,maxHP/magic=30/20,26/13 foesHP=0,0
pattern trainer=0 turn=0 foePP=0,0 foeAtkDef=0,0 CarlAtk=0 foeLevel=0
support PP=0,0 Carl-defense=0 enemy-attack=0,0
party action uses=8,40 / 2,40
frame=11548 map=35.0 pos=30,16 flags=0
party=2 HP=30/30,26/26 battle=0 battlers=0 outcome=0 PP=0,0 trial=0 donut-ability=0
persistent PP=8,2 status=0,0
growth level/xp/item=8/399/0,8/709/0 stats maxHP/attack,maxHP/magic=30/20,26/13 foesHP=0,0
pattern trainer=0 turn=0 foePP=0,0 foeAtkDef=0,0 CarlAtk=0 foeLevel=0
support PP=0,0 Carl-defense=0 enemy-attack=0,0
party action uses=8,40 / 2,40
frame=11548 map=35.0 pos=30,16 flags=0
party=2 HP=30/30,26/26 battle=0 battlers=0 outcome=0 PP=0,0 trial=0 donut-ability=0
persistent PP=8,2 status=0,0
growth level/xp/item=8/399/0,8/709/0 stats maxHP/attack,maxHP/magic=30/20,26/13 foesHP=0,0
pattern trainer=0 turn=0 foePP=0,0 foeAtkDef=0,0 CarlAtk=0 foeLevel=0
support PP=0,0 Carl-defense=0 enemy-attack=0,0
party action uses=8,40 / 2,40
PASS expect 35 0 30 16 0
frame=11616 map=35.0 pos=34,16 flags=0
party=2 HP=30/30,26/26 battle=0 battlers=0 outcome=0 PP=0,0 trial=0 donut-ability=0
persistent PP=8,2 status=0,0
growth level/xp/item=8/399/0,8/709/0 stats maxHP/attack,maxHP/magic=30/20,26/13 foesHP=0,0
pattern trainer=0 turn=0 foePP=0,0 foeAtkDef=0,0 CarlAtk=0 foeLevel=0
support PP=0,0 Carl-defense=0 enemy-attack=0,0
party action uses=8,40 / 2,40
frame=11656 map=35.0 pos=34,16 flags=0
party=2 HP=30/30,26/26 battle=0 battlers=0 outcome=0 PP=0,0 trial=0 donut-ability=0
persistent PP=8,2 status=0,0
growth level/xp/item=8/399/0,8/709/0 stats maxHP/attack,maxHP/magic=30/20,26/13 foesHP=0,0
pattern trainer=0 turn=0 foePP=0,0 foeAtkDef=0,0 CarlAtk=0 foeLevel=0
support PP=0,0 Carl-defense=0 enemy-attack=0,0
party action uses=8,40 / 2,40
frame=11656 map=35.0 pos=34,16 flags=0
party=2 HP=30/30,26/26 battle=0 battlers=0 outcome=0 PP=0,0 trial=0 donut-ability=0
persistent PP=8,2 status=0,0
growth level/xp/item=8/399/0,8/709/0 stats maxHP/attack,maxHP/magic=30/20,26/13 foesHP=0,0
pattern trainer=0 turn=0 foePP=0,0 foeAtkDef=0,0 CarlAtk=0 foeLevel=0
support PP=0,0 Carl-defense=0 enemy-attack=0,0
party action uses=8,40 / 2,40
PASS expect 35 0 34 16 0
frame=11688 map=35.0 pos=36,16 flags=0
party=2 HP=30/30,26/26 battle=0 battlers=0 outcome=0 PP=0,0 trial=0 donut-ability=0
persistent PP=8,2 status=0,0
growth level/xp/item=8/399/0,8/709/0 stats maxHP/attack,maxHP/magic=30/20,26/13 foesHP=0,0
pattern trainer=0 turn=0 foePP=0,0 foeAtkDef=0,0 CarlAtk=0 foeLevel=0
support PP=0,0 Carl-defense=0 enemy-attack=0,0
party action uses=8,40 / 2,40
frame=11728 map=35.0 pos=36,16 flags=0
party=2 HP=30/30,26/26 battle=0 battlers=0 outcome=0 PP=0,0 trial=0 donut-ability=0
persistent PP=8,2 status=0,0
growth level/xp/item=8/399/0,8/709/0 stats maxHP/attack,maxHP/magic=30/20,26/13 foesHP=0,0
pattern trainer=0 turn=0 foePP=0,0 foeAtkDef=0,0 CarlAtk=0 foeLevel=0
support PP=0,0 Carl-defense=0 enemy-attack=0,0
party action uses=8,40 / 2,40
frame=11728 map=35.0 pos=36,16 flags=0
party=2 HP=30/30,26/26 battle=0 battlers=0 outcome=0 PP=0,0 trial=0 donut-ability=0
persistent PP=8,2 status=0,0
growth level/xp/item=8/399/0,8/709/0 stats maxHP/attack,maxHP/magic=30/20,26/13 foesHP=0,0
pattern trainer=0 turn=0 foePP=0,0 foeAtkDef=0,0 CarlAtk=0 foeLevel=0
support PP=0,0 Carl-defense=0 enemy-attack=0,0
party action uses=8,40 / 2,40
PASS expect 35 0 36 16 0
frame=11812 map=35.0 pos=36,21 flags=0
party=2 HP=30/30,26/26 battle=0 battlers=0 outcome=0 PP=0,0 trial=0 donut-ability=0
persistent PP=8,2 status=0,0
growth level/xp/item=8/399/0,8/709/0 stats maxHP/attack,maxHP/magic=30/20,26/13 foesHP=0,0
pattern trainer=0 turn=0 foePP=0,0 foeAtkDef=0,0 CarlAtk=0 foeLevel=0
support PP=0,0 Carl-defense=0 enemy-attack=0,0
party action uses=8,40 / 2,40
frame=11852 map=35.0 pos=36,21 flags=0
party=2 HP=30/30,26/26 battle=0 battlers=0 outcome=0 PP=0,0 trial=0 donut-ability=0
persistent PP=8,2 status=0,0
growth level/xp/item=8/399/0,8/709/0 stats maxHP/attack,maxHP/magic=30/20,26/13 foesHP=0,0
pattern trainer=0 turn=0 foePP=0,0 foeAtkDef=0,0 CarlAtk=0 foeLevel=0
support PP=0,0 Carl-defense=0 enemy-attack=0,0
party action uses=8,40 / 2,40
frame=11852 map=35.0 pos=36,21 flags=0
party=2 HP=30/30,26/26 battle=0 battlers=0 outcome=0 PP=0,0 trial=0 donut-ability=0
persistent PP=8,2 status=0,0
growth level/xp/item=8/399/0,8/709/0 stats maxHP/attack,maxHP/magic=30/20,26/13 foesHP=0,0
pattern trainer=0 turn=0 foePP=0,0 foeAtkDef=0,0 CarlAtk=0 foeLevel=0
support PP=0,0 Carl-defense=0 enemy-attack=0,0
party action uses=8,40 / 2,40
PASS expect 35 0 36 21 0
frame=11888 map=35.0 pos=34,21 flags=0
party=2 HP=30/30,26/26 battle=0 battlers=0 outcome=0 PP=0,0 trial=0 donut-ability=0
persistent PP=8,2 status=0,0
growth level/xp/item=8/399/0,8/709/0 stats maxHP/attack,maxHP/magic=30/20,26/13 foesHP=0,0
pattern trainer=0 turn=0 foePP=0,0 foeAtkDef=0,0 CarlAtk=0 foeLevel=0
support PP=0,0 Carl-defense=0 enemy-attack=0,0
party action uses=8,40 / 2,40
frame=11928 map=35.0 pos=34,21 flags=0
party=2 HP=30/30,26/26 battle=0 battlers=0 outcome=0 PP=0,0 trial=0 donut-ability=0
persistent PP=8,2 status=0,0
growth level/xp/item=8/399/0,8/709/0 stats maxHP/attack,maxHP/magic=30/20,26/13 foesHP=0,0
pattern trainer=0 turn=0 foePP=0,0 foeAtkDef=0,0 CarlAtk=0 foeLevel=0
support PP=0,0 Carl-defense=0 enemy-attack=0,0
party action uses=8,40 / 2,40
frame=11928 map=35.0 pos=34,21 flags=0
party=2 HP=30/30,26/26 battle=0 battlers=0 outcome=0 PP=0,0 trial=0 donut-ability=0
persistent PP=8,2 status=0,0
growth level/xp/item=8/399/0,8/709/0 stats maxHP/attack,maxHP/magic=30/20,26/13 foesHP=0,0
pattern trainer=0 turn=0 foePP=0,0 foeAtkDef=0,0 CarlAtk=0 foeLevel=0
support PP=0,0 Carl-defense=0 enemy-attack=0,0
party action uses=8,40 / 2,40
PASS expect 35 0 34 21 0
frame=12140 map=35.0 pos=34,34 flags=0
party=2 HP=30/30,26/26 battle=0 battlers=0 outcome=0 PP=0,0 trial=0 donut-ability=0
persistent PP=8,2 status=0,0
growth level/xp/item=8/399/0,8/709/0 stats maxHP/attack,maxHP/magic=30/20,26/13 foesHP=0,0
pattern trainer=0 turn=0 foePP=0,0 foeAtkDef=0,0 CarlAtk=0 foeLevel=0
support PP=0,0 Carl-defense=0 enemy-attack=0,0
party action uses=8,40 / 2,40
frame=12180 map=35.0 pos=34,34 flags=0
party=2 HP=30/30,26/26 battle=0 battlers=0 outcome=0 PP=0,0 trial=0 donut-ability=0
persistent PP=8,2 status=0,0
growth level/xp/item=8/399/0,8/709/0 stats maxHP/attack,maxHP/magic=30/20,26/13 foesHP=0,0
pattern trainer=0 turn=0 foePP=0,0 foeAtkDef=0,0 CarlAtk=0 foeLevel=0
support PP=0,0 Carl-defense=0 enemy-attack=0,0
party action uses=8,40 / 2,40
frame=12180 map=35.0 pos=34,34 flags=0
party=2 HP=30/30,26/26 battle=0 battlers=0 outcome=0 PP=0,0 trial=0 donut-ability=0
persistent PP=8,2 status=0,0
growth level/xp/item=8/399/0,8/709/0 stats maxHP/attack,maxHP/magic=30/20,26/13 foesHP=0,0
pattern trainer=0 turn=0 foePP=0,0 foeAtkDef=0,0 CarlAtk=0 foeLevel=0
support PP=0,0 Carl-defense=0 enemy-attack=0,0
party action uses=8,40 / 2,40
PASS expect 35 0 34 34 0
frame=12600 map=35.0 pos=8,34 flags=0
party=2 HP=30/30,26/26 battle=0 battlers=0 outcome=0 PP=0,0 trial=0 donut-ability=0
persistent PP=8,2 status=0,0
growth level/xp/item=8/399/0,8/709/0 stats maxHP/attack,maxHP/magic=30/20,26/13 foesHP=0,0
pattern trainer=0 turn=0 foePP=0,0 foeAtkDef=0,0 CarlAtk=0 foeLevel=0
support PP=0,0 Carl-defense=0 enemy-attack=0,0
party action uses=8,40 / 2,40
frame=12640 map=35.0 pos=8,34 flags=0
party=2 HP=30/30,26/26 battle=0 battlers=0 outcome=0 PP=0,0 trial=0 donut-ability=0
persistent PP=8,2 status=0,0
growth level/xp/item=8/399/0,8/709/0 stats maxHP/attack,maxHP/magic=30/20,26/13 foesHP=0,0
pattern trainer=0 turn=0 foePP=0,0 foeAtkDef=0,0 CarlAtk=0 foeLevel=0
support PP=0,0 Carl-defense=0 enemy-attack=0,0
party action uses=8,40 / 2,40
frame=12640 map=35.0 pos=8,34 flags=0
party=2 HP=30/30,26/26 battle=0 battlers=0 outcome=0 PP=0,0 trial=0 donut-ability=0
persistent PP=8,2 status=0,0
growth level/xp/item=8/399/0,8/709/0 stats maxHP/attack,maxHP/magic=30/20,26/13 foesHP=0,0
pattern trainer=0 turn=0 foePP=0,0 foeAtkDef=0,0 CarlAtk=0 foeLevel=0
support PP=0,0 Carl-defense=0 enemy-attack=0,0
party action uses=8,40 / 2,40
PASS expect 35 0 8 34 0
frame=12740 map=35.0 pos=8,40 flags=0
party=2 HP=30/30,26/26 battle=0 battlers=0 outcome=0 PP=0,0 trial=0 donut-ability=0
persistent PP=8,2 status=0,0
growth level/xp/item=8/399/0,8/709/0 stats maxHP/attack,maxHP/magic=30/20,26/13 foesHP=0,0
pattern trainer=0 turn=0 foePP=0,0 foeAtkDef=0,0 CarlAtk=0 foeLevel=0
support PP=0,0 Carl-defense=0 enemy-attack=0,0
party action uses=8,40 / 2,40
frame=12780 map=35.0 pos=8,40 flags=0
party=2 HP=30/30,26/26 battle=0 battlers=0 outcome=0 PP=0,0 trial=0 donut-ability=0
persistent PP=8,2 status=0,0
growth level/xp/item=8/399/0,8/709/0 stats maxHP/attack,maxHP/magic=30/20,26/13 foesHP=0,0
pattern trainer=0 turn=0 foePP=0,0 foeAtkDef=0,0 CarlAtk=0 foeLevel=0
support PP=0,0 Carl-defense=0 enemy-attack=0,0
party action uses=8,40 / 2,40
frame=12780 map=35.0 pos=8,40 flags=0
party=2 HP=30/30,26/26 battle=0 battlers=0 outcome=0 PP=0,0 trial=0 donut-ability=0
persistent PP=8,2 status=0,0
growth level/xp/item=8/399/0,8/709/0 stats maxHP/attack,maxHP/magic=30/20,26/13 foesHP=0,0
pattern trainer=0 turn=0 foePP=0,0 foeAtkDef=0,0 CarlAtk=0 foeLevel=0
support PP=0,0 Carl-defense=0 enemy-attack=0,0
party action uses=8,40 / 2,40
PASS expect 35 0 8 40 0
frame=12820 map=35.0 pos=8,40 flags=0
party=2 HP=30/30,26/26 battle=0 battlers=0 outcome=0 PP=0,0 trial=0 donut-ability=0
persistent PP=8,2 status=0,0
growth level/xp/item=8/399/0,8/709/0 stats maxHP/attack,maxHP/magic=30/20,26/13 foesHP=0,0
pattern trainer=0 turn=0 foePP=0,0 foeAtkDef=0,0 CarlAtk=0 foeLevel=0
support PP=0,0 Carl-defense=0 enemy-attack=0,0
party action uses=8,40 / 2,40
frame=12920 map=35.0 pos=8,34 flags=0
party=2 HP=30/30,26/26 battle=0 battlers=0 outcome=0 PP=0,0 trial=0 donut-ability=0
persistent PP=8,2 status=0,0
growth level/xp/item=8/399/0,8/709/0 stats maxHP/attack,maxHP/magic=30/20,26/13 foesHP=0,0
pattern trainer=0 turn=0 foePP=0,0 foeAtkDef=0,0 CarlAtk=0 foeLevel=0
support PP=0,0 Carl-defense=0 enemy-attack=0,0
party action uses=8,40 / 2,40
frame=12960 map=35.0 pos=8,34 flags=0
party=2 HP=30/30,26/26 battle=0 battlers=0 outcome=0 PP=0,0 trial=0 donut-ability=0
persistent PP=8,2 status=0,0
growth level/xp/item=8/399/0,8/709/0 stats maxHP/attack,maxHP/magic=30/20,26/13 foesHP=0,0
pattern trainer=0 turn=0 foePP=0,0 foeAtkDef=0,0 CarlAtk=0 foeLevel=0
support PP=0,0 Carl-defense=0 enemy-attack=0,0
party action uses=8,40 / 2,40
frame=12960 map=35.0 pos=8,34 flags=0
party=2 HP=30/30,26/26 battle=0 battlers=0 outcome=0 PP=0,0 trial=0 donut-ability=0
persistent PP=8,2 status=0,0
growth level/xp/item=8/399/0,8/709/0 stats maxHP/attack,maxHP/magic=30/20,26/13 foesHP=0,0
pattern trainer=0 turn=0 foePP=0,0 foeAtkDef=0,0 CarlAtk=0 foeLevel=0
support PP=0,0 Carl-defense=0 enemy-attack=0,0
party action uses=8,40 / 2,40
PASS expect 35 0 8 34 0
frame=13204 map=35.0 pos=23,34 flags=0
party=2 HP=30/30,26/26 battle=0 battlers=0 outcome=0 PP=0,0 trial=0 donut-ability=0
persistent PP=8,2 status=0,0
growth level/xp/item=8/399/0,8/709/0 stats maxHP/attack,maxHP/magic=30/20,26/13 foesHP=0,0
pattern trainer=0 turn=0 foePP=0,0 foeAtkDef=0,0 CarlAtk=0 foeLevel=0
support PP=0,0 Carl-defense=0 enemy-attack=0,0
party action uses=8,40 / 2,40
frame=13244 map=35.0 pos=23,34 flags=0
party=2 HP=30/30,26/26 battle=0 battlers=0 outcome=0 PP=0,0 trial=0 donut-ability=0
persistent PP=8,2 status=0,0
growth level/xp/item=8/399/0,8/709/0 stats maxHP/attack,maxHP/magic=30/20,26/13 foesHP=0,0
pattern trainer=0 turn=0 foePP=0,0 foeAtkDef=0,0 CarlAtk=0 foeLevel=0
support PP=0,0 Carl-defense=0 enemy-attack=0,0
party action uses=8,40 / 2,40
frame=13244 map=35.0 pos=23,34 flags=0
party=2 HP=30/30,26/26 battle=0 battlers=0 outcome=0 PP=0,0 trial=0 donut-ability=0
persistent PP=8,2 status=0,0
growth level/xp/item=8/399/0,8/709/0 stats maxHP/attack,maxHP/magic=30/20,26/13 foesHP=0,0
pattern trainer=0 turn=0 foePP=0,0 foeAtkDef=0,0 CarlAtk=0 foeLevel=0
support PP=0,0 Carl-defense=0 enemy-attack=0,0
party action uses=8,40 / 2,40
PASS expect 35 0 23 34 0
frame=13264 map=35.0 pos=23,33 flags=0
party=2 HP=30/30,26/26 battle=0 battlers=0 outcome=0 PP=0,0 trial=0 donut-ability=0
persistent PP=8,2 status=0,0
growth level/xp/item=8/399/0,8/709/0 stats maxHP/attack,maxHP/magic=30/20,26/13 foesHP=0,0
pattern trainer=0 turn=0 foePP=0,0 foeAtkDef=0,0 CarlAtk=0 foeLevel=0
support PP=0,0 Carl-defense=0 enemy-attack=0,0
party action uses=8,40 / 2,40
frame=13304 map=35.0 pos=23,33 flags=0
party=2 HP=30/30,26/26 battle=0 battlers=0 outcome=0 PP=0,0 trial=0 donut-ability=0
persistent PP=8,2 status=0,0
growth level/xp/item=8/399/0,8/709/0 stats maxHP/attack,maxHP/magic=30/20,26/13 foesHP=0,0
pattern trainer=0 turn=0 foePP=0,0 foeAtkDef=0,0 CarlAtk=0 foeLevel=0
support PP=0,0 Carl-defense=0 enemy-attack=0,0
party action uses=8,40 / 2,40
frame=13304 map=35.0 pos=23,33 flags=0
party=2 HP=30/30,26/26 battle=0 battlers=0 outcome=0 PP=0,0 trial=0 donut-ability=0
persistent PP=8,2 status=0,0
growth level/xp/item=8/399/0,8/709/0 stats maxHP/attack,maxHP/magic=30/20,26/13 foesHP=0,0
pattern trainer=0 turn=0 foePP=0,0 foeAtkDef=0,0 CarlAtk=0 foeLevel=0
support PP=0,0 Carl-defense=0 enemy-attack=0,0
party action uses=8,40 / 2,40
PASS expect 35 0 23 33 0
frame=13404 map=35.0 pos=29,33 flags=0
party=2 HP=30/30,26/26 battle=0 battlers=0 outcome=0 PP=0,0 trial=0 donut-ability=0
persistent PP=8,2 status=0,0
growth level/xp/item=8/399/0,8/709/0 stats maxHP/attack,maxHP/magic=30/20,26/13 foesHP=0,0
pattern trainer=0 turn=0 foePP=0,0 foeAtkDef=0,0 CarlAtk=0 foeLevel=0
support PP=0,0 Carl-defense=0 enemy-attack=0,0
party action uses=8,40 / 2,40
frame=13444 map=35.0 pos=29,33 flags=0
party=2 HP=30/30,26/26 battle=0 battlers=0 outcome=0 PP=0,0 trial=0 donut-ability=0
persistent PP=8,2 status=0,0
growth level/xp/item=8/399/0,8/709/0 stats maxHP/attack,maxHP/magic=30/20,26/13 foesHP=0,0
pattern trainer=0 turn=0 foePP=0,0 foeAtkDef=0,0 CarlAtk=0 foeLevel=0
support PP=0,0 Carl-defense=0 enemy-attack=0,0
party action uses=8,40 / 2,40
frame=13444 map=35.0 pos=29,33 flags=0
party=2 HP=30/30,26/26 battle=0 battlers=0 outcome=0 PP=0,0 trial=0 donut-ability=0
persistent PP=8,2 status=0,0
growth level/xp/item=8/399/0,8/709/0 stats maxHP/attack,maxHP/magic=30/20,26/13 foesHP=0,0
pattern trainer=0 turn=0 foePP=0,0 foeAtkDef=0,0 CarlAtk=0 foeLevel=0
support PP=0,0 Carl-defense=0 enemy-attack=0,0
party action uses=8,40 / 2,40
PASS expect 35 0 29 33 0
frame=13484 map=35.0 pos=29,33 flags=0
party=2 HP=30/30,26/26 battle=0 battlers=0 outcome=0 PP=0,0 trial=0 donut-ability=0
persistent PP=8,2 status=0,0
growth level/xp/item=8/399/0,8/709/0 stats maxHP/attack,maxHP/magic=30/20,26/13 foesHP=0,0
pattern trainer=0 turn=0 foePP=0,0 foeAtkDef=0,0 CarlAtk=0 foeLevel=0
support PP=0,0 Carl-defense=0 enemy-attack=0,0
party action uses=8,40 / 2,40
frame=13584 map=35.0 pos=23,33 flags=0
party=2 HP=30/30,26/26 battle=0 battlers=0 outcome=0 PP=0,0 trial=0 donut-ability=0
persistent PP=8,2 status=0,0
growth level/xp/item=8/399/0,8/709/0 stats maxHP/attack,maxHP/magic=30/20,26/13 foesHP=0,0
pattern trainer=0 turn=0 foePP=0,0 foeAtkDef=0,0 CarlAtk=0 foeLevel=0
support PP=0,0 Carl-defense=0 enemy-attack=0,0
party action uses=8,40 / 2,40
frame=13624 map=35.0 pos=23,33 flags=0
party=2 HP=30/30,26/26 battle=0 battlers=0 outcome=0 PP=0,0 trial=0 donut-ability=0
persistent PP=8,2 status=0,0
growth level/xp/item=8/399/0,8/709/0 stats maxHP/attack,maxHP/magic=30/20,26/13 foesHP=0,0
pattern trainer=0 turn=0 foePP=0,0 foeAtkDef=0,0 CarlAtk=0 foeLevel=0
support PP=0,0 Carl-defense=0 enemy-attack=0,0
party action uses=8,40 / 2,40
frame=13624 map=35.0 pos=23,33 flags=0
party=2 HP=30/30,26/26 battle=0 battlers=0 outcome=0 PP=0,0 trial=0 donut-ability=0
persistent PP=8,2 status=0,0
growth level/xp/item=8/399/0,8/709/0 stats maxHP/attack,maxHP/magic=30/20,26/13 foesHP=0,0
pattern trainer=0 turn=0 foePP=0,0 foeAtkDef=0,0 CarlAtk=0 foeLevel=0
support PP=0,0 Carl-defense=0 enemy-attack=0,0
party action uses=8,40 / 2,40
PASS expect 35 0 23 33 0
frame=13724 map=35.0 pos=23,27 flags=0
party=2 HP=30/30,26/26 battle=0 battlers=0 outcome=0 PP=0,0 trial=0 donut-ability=0
persistent PP=8,2 status=0,0
growth level/xp/item=8/399/0,8/709/0 stats maxHP/attack,maxHP/magic=30/20,26/13 foesHP=0,0
pattern trainer=0 turn=0 foePP=0,0 foeAtkDef=0,0 CarlAtk=0 foeLevel=0
support PP=0,0 Carl-defense=0 enemy-attack=0,0
party action uses=8,40 / 2,40
frame=13764 map=35.0 pos=23,27 flags=0
party=2 HP=30/30,26/26 battle=0 battlers=0 outcome=0 PP=0,0 trial=0 donut-ability=0
persistent PP=8,2 status=0,0
growth level/xp/item=8/399/0,8/709/0 stats maxHP/attack,maxHP/magic=30/20,26/13 foesHP=0,0
pattern trainer=0 turn=0 foePP=0,0 foeAtkDef=0,0 CarlAtk=0 foeLevel=0
support PP=0,0 Carl-defense=0 enemy-attack=0,0
party action uses=8,40 / 2,40
frame=13764 map=35.0 pos=23,27 flags=0
party=2 HP=30/30,26/26 battle=0 battlers=0 outcome=0 PP=0,0 trial=0 donut-ability=0
persistent PP=8,2 status=0,0
growth level/xp/item=8/399/0,8/709/0 stats maxHP/attack,maxHP/magic=30/20,26/13 foesHP=0,0
pattern trainer=0 turn=0 foePP=0,0 foeAtkDef=0,0 CarlAtk=0 foeLevel=0
support PP=0,0 Carl-defense=0 enemy-attack=0,0
party action uses=8,40 / 2,40
PASS expect 35 0 23 27 0
frame=13864 map=35.0 pos=29,27 flags=0
party=2 HP=30/30,26/26 battle=0 battlers=0 outcome=0 PP=0,0 trial=0 donut-ability=0
persistent PP=8,2 status=0,0
growth level/xp/item=8/399/0,8/709/0 stats maxHP/attack,maxHP/magic=30/20,26/13 foesHP=0,0
pattern trainer=0 turn=0 foePP=0,0 foeAtkDef=0,0 CarlAtk=0 foeLevel=0
support PP=0,0 Carl-defense=0 enemy-attack=0,0
party action uses=8,40 / 2,40
frame=13904 map=35.0 pos=29,27 flags=0
party=2 HP=30/30,26/26 battle=0 battlers=0 outcome=0 PP=0,0 trial=0 donut-ability=0
persistent PP=8,2 status=0,0
growth level/xp/item=8/399/0,8/709/0 stats maxHP/attack,maxHP/magic=30/20,26/13 foesHP=0,0
pattern trainer=0 turn=0 foePP=0,0 foeAtkDef=0,0 CarlAtk=0 foeLevel=0
support PP=0,0 Carl-defense=0 enemy-attack=0,0
party action uses=8,40 / 2,40
frame=13904 map=35.0 pos=29,27 flags=0
party=2 HP=30/30,26/26 battle=0 battlers=0 outcome=0 PP=0,0 trial=0 donut-ability=0
persistent PP=8,2 status=0,0
growth level/xp/item=8/399/0,8/709/0 stats maxHP/attack,maxHP/magic=30/20,26/13 foesHP=0,0
pattern trainer=0 turn=0 foePP=0,0 foeAtkDef=0,0 CarlAtk=0 foeLevel=0
support PP=0,0 Carl-defense=0 enemy-attack=0,0
party action uses=8,40 / 2,40
PASS expect 35 0 29 27 0
frame=13944 map=35.0 pos=29,27 flags=0
party=2 HP=30/30,26/26 battle=0 battlers=0 outcome=0 PP=0,0 trial=0 donut-ability=0
persistent PP=8,2 status=0,0
growth level/xp/item=8/399/0,8/709/0 stats maxHP/attack,maxHP/magic=30/20,26/13 foesHP=0,0
pattern trainer=0 turn=0 foePP=0,0 foeAtkDef=0,0 CarlAtk=0 foeLevel=0
support PP=0,0 Carl-defense=0 enemy-attack=0,0
party action uses=8,40 / 2,40
frame=14044 map=35.0 pos=23,27 flags=0
party=2 HP=30/30,26/26 battle=0 battlers=0 outcome=0 PP=0,0 trial=0 donut-ability=0
persistent PP=8,2 status=0,0
growth level/xp/item=8/399/0,8/709/0 stats maxHP/attack,maxHP/magic=30/20,26/13 foesHP=0,0
pattern trainer=0 turn=0 foePP=0,0 foeAtkDef=0,0 CarlAtk=0 foeLevel=0
support PP=0,0 Carl-defense=0 enemy-attack=0,0
party action uses=8,40 / 2,40
frame=14084 map=35.0 pos=23,27 flags=0
party=2 HP=30/30,26/26 battle=0 battlers=0 outcome=0 PP=0,0 trial=0 donut-ability=0
persistent PP=8,2 status=0,0
growth level/xp/item=8/399/0,8/709/0 stats maxHP/attack,maxHP/magic=30/20,26/13 foesHP=0,0
pattern trainer=0 turn=0 foePP=0,0 foeAtkDef=0,0 CarlAtk=0 foeLevel=0
support PP=0,0 Carl-defense=0 enemy-attack=0,0
party action uses=8,40 / 2,40
frame=14084 map=35.0 pos=23,27 flags=0
party=2 HP=30/30,26/26 battle=0 battlers=0 outcome=0 PP=0,0 trial=0 donut-ability=0
persistent PP=8,2 status=0,0
growth level/xp/item=8/399/0,8/709/0 stats maxHP/attack,maxHP/magic=30/20,26/13 foesHP=0,0
pattern trainer=0 turn=0 foePP=0,0 foeAtkDef=0,0 CarlAtk=0 foeLevel=0
support PP=0,0 Carl-defense=0 enemy-attack=0,0
party action uses=8,40 / 2,40
PASS expect 35 0 23 27 0
frame=14120 map=35.0 pos=23,25 flags=0
party=2 HP=30/30,26/26 battle=0 battlers=0 outcome=0 PP=0,0 trial=0 donut-ability=0
persistent PP=8,2 status=0,0
growth level/xp/item=8/399/0,8/709/0 stats maxHP/attack,maxHP/magic=30/20,26/13 foesHP=0,0
pattern trainer=0 turn=0 foePP=0,0 foeAtkDef=0,0 CarlAtk=0 foeLevel=0
support PP=0,0 Carl-defense=0 enemy-attack=0,0
party action uses=8,40 / 2,40
frame=14160 map=35.0 pos=23,25 flags=0
party=2 HP=30/30,26/26 battle=0 battlers=0 outcome=0 PP=0,0 trial=0 donut-ability=0
persistent PP=8,2 status=0,0
growth level/xp/item=8/399/0,8/709/0 stats maxHP/attack,maxHP/magic=30/20,26/13 foesHP=0,0
pattern trainer=0 turn=0 foePP=0,0 foeAtkDef=0,0 CarlAtk=0 foeLevel=0
support PP=0,0 Carl-defense=0 enemy-attack=0,0
party action uses=8,40 / 2,40
frame=14160 map=35.0 pos=23,25 flags=0
party=2 HP=30/30,26/26 battle=0 battlers=0 outcome=0 PP=0,0 trial=0 donut-ability=0
persistent PP=8,2 status=0,0
growth level/xp/item=8/399/0,8/709/0 stats maxHP/attack,maxHP/magic=30/20,26/13 foesHP=0,0
pattern trainer=0 turn=0 foePP=0,0 foeAtkDef=0,0 CarlAtk=0 foeLevel=0
support PP=0,0 Carl-defense=0 enemy-attack=0,0
party action uses=8,40 / 2,40
PASS expect 35 0 23 25 0
frame=14324 map=35.0 pos=33,25 flags=0
party=2 HP=30/30,26/26 battle=0 battlers=0 outcome=0 PP=0,0 trial=0 donut-ability=0
persistent PP=8,2 status=0,0
growth level/xp/item=8/399/0,8/709/0 stats maxHP/attack,maxHP/magic=30/20,26/13 foesHP=0,0
pattern trainer=0 turn=0 foePP=0,0 foeAtkDef=0,0 CarlAtk=0 foeLevel=0
support PP=0,0 Carl-defense=0 enemy-attack=0,0
party action uses=8,40 / 2,40
frame=14364 map=35.0 pos=33,25 flags=0
party=2 HP=30/30,26/26 battle=0 battlers=0 outcome=0 PP=0,0 trial=0 donut-ability=0
persistent PP=8,2 status=0,0
growth level/xp/item=8/399/0,8/709/0 stats maxHP/attack,maxHP/magic=30/20,26/13 foesHP=0,0
pattern trainer=0 turn=0 foePP=0,0 foeAtkDef=0,0 CarlAtk=0 foeLevel=0
support PP=0,0 Carl-defense=0 enemy-attack=0,0
party action uses=8,40 / 2,40
frame=14364 map=35.0 pos=33,25 flags=0
party=2 HP=30/30,26/26 battle=0 battlers=0 outcome=0 PP=0,0 trial=0 donut-ability=0
persistent PP=8,2 status=0,0
growth level/xp/item=8/399/0,8/709/0 stats maxHP/attack,maxHP/magic=30/20,26/13 foesHP=0,0
pattern trainer=0 turn=0 foePP=0,0 foeAtkDef=0,0 CarlAtk=0 foeLevel=0
support PP=0,0 Carl-defense=0 enemy-attack=0,0
party action uses=8,40 / 2,40
PASS expect 35 0 33 25 0
frame=14400 map=35.0 pos=33,27 flags=0
party=2 HP=30/30,26/26 battle=0 battlers=0 outcome=0 PP=0,0 trial=0 donut-ability=0
persistent PP=8,2 status=0,0
growth level/xp/item=8/399/0,8/709/0 stats maxHP/attack,maxHP/magic=30/20,26/13 foesHP=0,0
pattern trainer=0 turn=0 foePP=0,0 foeAtkDef=0,0 CarlAtk=0 foeLevel=0
support PP=0,0 Carl-defense=0 enemy-attack=0,0
party action uses=8,40 / 2,40
frame=14440 map=35.0 pos=33,27 flags=0
party=2 HP=30/30,26/26 battle=0 battlers=0 outcome=0 PP=0,0 trial=0 donut-ability=0
persistent PP=8,2 status=0,0
growth level/xp/item=8/399/0,8/709/0 stats maxHP/attack,maxHP/magic=30/20,26/13 foesHP=0,0
pattern trainer=0 turn=0 foePP=0,0 foeAtkDef=0,0 CarlAtk=0 foeLevel=0
support PP=0,0 Carl-defense=0 enemy-attack=0,0
party action uses=8,40 / 2,40
frame=14440 map=35.0 pos=33,27 flags=0
party=2 HP=30/30,26/26 battle=0 battlers=0 outcome=0 PP=0,0 trial=0 donut-ability=0
persistent PP=8,2 status=0,0
growth level/xp/item=8/399/0,8/709/0 stats maxHP/attack,maxHP/magic=30/20,26/13 foesHP=0,0
pattern trainer=0 turn=0 foePP=0,0 foeAtkDef=0,0 CarlAtk=0 foeLevel=0
support PP=0,0 Carl-defense=0 enemy-attack=0,0
party action uses=8,40 / 2,40
PASS expect 35 0 33 27 0
frame=14572 map=35.0 pos=41,27 flags=0
party=2 HP=30/30,26/26 battle=0 battlers=0 outcome=0 PP=0,0 trial=0 donut-ability=0
persistent PP=8,2 status=0,0
growth level/xp/item=8/399/0,8/709/0 stats maxHP/attack,maxHP/magic=30/20,26/13 foesHP=0,0
pattern trainer=0 turn=0 foePP=0,0 foeAtkDef=0,0 CarlAtk=0 foeLevel=0
support PP=0,0 Carl-defense=0 enemy-attack=0,0
party action uses=8,40 / 2,40
frame=14612 map=35.0 pos=41,27 flags=0
party=2 HP=30/30,26/26 battle=0 battlers=0 outcome=0 PP=0,0 trial=0 donut-ability=0
persistent PP=8,2 status=0,0
growth level/xp/item=8/399/0,8/709/0 stats maxHP/attack,maxHP/magic=30/20,26/13 foesHP=0,0
pattern trainer=0 turn=0 foePP=0,0 foeAtkDef=0,0 CarlAtk=0 foeLevel=0
support PP=0,0 Carl-defense=0 enemy-attack=0,0
party action uses=8,40 / 2,40
frame=14612 map=35.0 pos=41,27 flags=0
party=2 HP=30/30,26/26 battle=0 battlers=0 outcome=0 PP=0,0 trial=0 donut-ability=0
persistent PP=8,2 status=0,0
growth level/xp/item=8/399/0,8/709/0 stats maxHP/attack,maxHP/magic=30/20,26/13 foesHP=0,0
pattern trainer=0 turn=0 foePP=0,0 foeAtkDef=0,0 CarlAtk=0 foeLevel=0
support PP=0,0 Carl-defense=0 enemy-attack=0,0
party action uses=8,40 / 2,40
PASS expect 35 0 41 27 0
frame=14652 map=35.0 pos=41,27 flags=0
party=2 HP=30/30,26/26 battle=0 battlers=0 outcome=0 PP=0,0 trial=0 donut-ability=0
persistent PP=8,2 status=0,0
growth level/xp/item=8/399/0,8/709/0 stats maxHP/attack,maxHP/magic=30/20,26/13 foesHP=0,0
pattern trainer=0 turn=0 foePP=0,0 foeAtkDef=0,0 CarlAtk=0 foeLevel=0
support PP=0,0 Carl-defense=0 enemy-attack=0,0
party action uses=8,40 / 2,40
frame=14784 map=35.0 pos=33,27 flags=0
party=2 HP=30/30,26/26 battle=0 battlers=0 outcome=0 PP=0,0 trial=0 donut-ability=0
persistent PP=8,2 status=0,0
growth level/xp/item=8/399/0,8/709/0 stats maxHP/attack,maxHP/magic=30/20,26/13 foesHP=0,0
pattern trainer=0 turn=0 foePP=0,0 foeAtkDef=0,0 CarlAtk=0 foeLevel=0
support PP=0,0 Carl-defense=0 enemy-attack=0,0
party action uses=8,40 / 2,40
frame=14824 map=35.0 pos=33,27 flags=0
party=2 HP=30/30,26/26 battle=0 battlers=0 outcome=0 PP=0,0 trial=0 donut-ability=0
persistent PP=8,2 status=0,0
growth level/xp/item=8/399/0,8/709/0 stats maxHP/attack,maxHP/magic=30/20,26/13 foesHP=0,0
pattern trainer=0 turn=0 foePP=0,0 foeAtkDef=0,0 CarlAtk=0 foeLevel=0
support PP=0,0 Carl-defense=0 enemy-attack=0,0
party action uses=8,40 / 2,40
frame=14824 map=35.0 pos=33,27 flags=0
party=2 HP=30/30,26/26 battle=0 battlers=0 outcome=0 PP=0,0 trial=0 donut-ability=0
persistent PP=8,2 status=0,0
growth level/xp/item=8/399/0,8/709/0 stats maxHP/attack,maxHP/magic=30/20,26/13 foesHP=0,0
pattern trainer=0 turn=0 foePP=0,0 foeAtkDef=0,0 CarlAtk=0 foeLevel=0
support PP=0,0 Carl-defense=0 enemy-attack=0,0
party action uses=8,40 / 2,40
PASS expect 35 0 33 27 0
frame=14988 map=35.0 pos=43,27 flags=0
party=2 HP=30/30,26/26 battle=0 battlers=0 outcome=0 PP=0,0 trial=0 donut-ability=0
persistent PP=8,2 status=0,0
growth level/xp/item=8/399/0,8/709/0 stats maxHP/attack,maxHP/magic=30/20,26/13 foesHP=0,0
pattern trainer=0 turn=0 foePP=0,0 foeAtkDef=0,0 CarlAtk=0 foeLevel=0
support PP=0,0 Carl-defense=0 enemy-attack=0,0
party action uses=8,40 / 2,40
frame=15028 map=35.0 pos=43,27 flags=0
party=2 HP=30/30,26/26 battle=0 battlers=0 outcome=0 PP=0,0 trial=0 donut-ability=0
persistent PP=8,2 status=0,0
growth level/xp/item=8/399/0,8/709/0 stats maxHP/attack,maxHP/magic=30/20,26/13 foesHP=0,0
pattern trainer=0 turn=0 foePP=0,0 foeAtkDef=0,0 CarlAtk=0 foeLevel=0
support PP=0,0 Carl-defense=0 enemy-attack=0,0
party action uses=8,40 / 2,40
frame=15028 map=35.0 pos=43,27 flags=0
party=2 HP=30/30,26/26 battle=0 battlers=0 outcome=0 PP=0,0 trial=0 donut-ability=0
persistent PP=8,2 status=0,0
growth level/xp/item=8/399/0,8/709/0 stats maxHP/attack,maxHP/magic=30/20,26/13 foesHP=0,0
pattern trainer=0 turn=0 foePP=0,0 foeAtkDef=0,0 CarlAtk=0 foeLevel=0
support PP=0,0 Carl-defense=0 enemy-attack=0,0
party action uses=8,40 / 2,40
PASS expect 35 0 43 27 0
frame=15096 map=35.0 pos=43,31 flags=0
party=2 HP=30/30,26/26 battle=0 battlers=0 outcome=0 PP=0,0 trial=0 donut-ability=0
persistent PP=8,2 status=0,0
growth level/xp/item=8/399/0,8/709/0 stats maxHP/attack,maxHP/magic=30/20,26/13 foesHP=0,0
pattern trainer=0 turn=0 foePP=0,0 foeAtkDef=0,0 CarlAtk=0 foeLevel=0
support PP=0,0 Carl-defense=0 enemy-attack=0,0
party action uses=8,40 / 2,40
frame=15136 map=35.0 pos=43,31 flags=0
party=2 HP=30/30,26/26 battle=0 battlers=0 outcome=0 PP=0,0 trial=0 donut-ability=0
persistent PP=8,2 status=0,0
growth level/xp/item=8/399/0,8/709/0 stats maxHP/attack,maxHP/magic=30/20,26/13 foesHP=0,0
pattern trainer=0 turn=0 foePP=0,0 foeAtkDef=0,0 CarlAtk=0 foeLevel=0
support PP=0,0 Carl-defense=0 enemy-attack=0,0
party action uses=8,40 / 2,40
frame=15136 map=35.0 pos=43,31 flags=0
party=2 HP=30/30,26/26 battle=0 battlers=0 outcome=0 PP=0,0 trial=0 donut-ability=0
persistent PP=8,2 status=0,0
growth level/xp/item=8/399/0,8/709/0 stats maxHP/attack,maxHP/magic=30/20,26/13 foesHP=0,0
pattern trainer=0 turn=0 foePP=0,0 foeAtkDef=0,0 CarlAtk=0 foeLevel=0
support PP=0,0 Carl-defense=0 enemy-attack=0,0
party action uses=8,40 / 2,40
PASS expect 35 0 43 31 0
frame=15176 map=35.0 pos=43,31 flags=0
party=2 HP=30/30,26/26 battle=0 battlers=0 outcome=0 PP=0,0 trial=0 donut-ability=0
persistent PP=8,2 status=0,0
growth level/xp/item=8/399/0,8/709/0 stats maxHP/attack,maxHP/magic=30/20,26/13 foesHP=0,0
pattern trainer=0 turn=0 foePP=0,0 foeAtkDef=0,0 CarlAtk=0 foeLevel=0
support PP=0,0 Carl-defense=0 enemy-attack=0,0
party action uses=8,40 / 2,40
frame=15244 map=35.0 pos=43,27 flags=0
party=2 HP=30/30,26/26 battle=0 battlers=0 outcome=0 PP=0,0 trial=0 donut-ability=0
persistent PP=8,2 status=0,0
growth level/xp/item=8/399/0,8/709/0 stats maxHP/attack,maxHP/magic=30/20,26/13 foesHP=0,0
pattern trainer=0 turn=0 foePP=0,0 foeAtkDef=0,0 CarlAtk=0 foeLevel=0
support PP=0,0 Carl-defense=0 enemy-attack=0,0
party action uses=8,40 / 2,40
frame=15284 map=35.0 pos=43,27 flags=0
party=2 HP=30/30,26/26 battle=0 battlers=0 outcome=0 PP=0,0 trial=0 donut-ability=0
persistent PP=8,2 status=0,0
growth level/xp/item=8/399/0,8/709/0 stats maxHP/attack,maxHP/magic=30/20,26/13 foesHP=0,0
pattern trainer=0 turn=0 foePP=0,0 foeAtkDef=0,0 CarlAtk=0 foeLevel=0
support PP=0,0 Carl-defense=0 enemy-attack=0,0
party action uses=8,40 / 2,40
frame=15284 map=35.0 pos=43,27 flags=0
party=2 HP=30/30,26/26 battle=0 battlers=0 outcome=0 PP=0,0 trial=0 donut-ability=0
persistent PP=8,2 status=0,0
growth level/xp/item=8/399/0,8/709/0 stats maxHP/attack,maxHP/magic=30/20,26/13 foesHP=0,0
pattern trainer=0 turn=0 foePP=0,0 foeAtkDef=0,0 CarlAtk=0 foeLevel=0
support PP=0,0 Carl-defense=0 enemy-attack=0,0
party action uses=8,40 / 2,40
PASS expect 35 0 43 27 0
frame=15336 map=35.0 pos=43,30 flags=0
party=2 HP=30/30,26/26 battle=0 battlers=0 outcome=0 PP=0,0 trial=0 donut-ability=0
persistent PP=8,2 status=0,0
growth level/xp/item=8/399/0,8/709/0 stats maxHP/attack,maxHP/magic=30/20,26/13 foesHP=0,0
pattern trainer=0 turn=0 foePP=0,0 foeAtkDef=0,0 CarlAtk=0 foeLevel=0
support PP=0,0 Carl-defense=0 enemy-attack=0,0
party action uses=8,40 / 2,40
frame=15376 map=35.0 pos=43,30 flags=0
party=2 HP=30/30,26/26 battle=0 battlers=0 outcome=0 PP=0,0 trial=0 donut-ability=0
persistent PP=8,2 status=0,0
growth level/xp/item=8/399/0,8/709/0 stats maxHP/attack,maxHP/magic=30/20,26/13 foesHP=0,0
pattern trainer=0 turn=0 foePP=0,0 foeAtkDef=0,0 CarlAtk=0 foeLevel=0
support PP=0,0 Carl-defense=0 enemy-attack=0,0
party action uses=8,40 / 2,40
frame=15376 map=35.0 pos=43,30 flags=0
party=2 HP=30/30,26/26 battle=0 battlers=0 outcome=0 PP=0,0 trial=0 donut-ability=0
persistent PP=8,2 status=0,0
growth level/xp/item=8/399/0,8/709/0 stats maxHP/attack,maxHP/magic=30/20,26/13 foesHP=0,0
pattern trainer=0 turn=0 foePP=0,0 foeAtkDef=0,0 CarlAtk=0 foeLevel=0
support PP=0,0 Carl-defense=0 enemy-attack=0,0
party action uses=8,40 / 2,40
PASS expect 35 0 43 30 0
frame=15508 map=35.0 pos=35,30 flags=0
party=2 HP=30/30,26/26 battle=0 battlers=0 outcome=0 PP=0,0 trial=0 donut-ability=0
persistent PP=8,2 status=0,0
growth level/xp/item=8/399/0,8/709/0 stats maxHP/attack,maxHP/magic=30/20,26/13 foesHP=0,0
pattern trainer=0 turn=0 foePP=0,0 foeAtkDef=0,0 CarlAtk=0 foeLevel=0
support PP=0,0 Carl-defense=0 enemy-attack=0,0
party action uses=8,40 / 2,40
frame=15548 map=35.0 pos=35,30 flags=0
party=2 HP=30/30,26/26 battle=0 battlers=0 outcome=0 PP=0,0 trial=0 donut-ability=0
persistent PP=8,2 status=0,0
growth level/xp/item=8/399/0,8/709/0 stats maxHP/attack,maxHP/magic=30/20,26/13 foesHP=0,0
pattern trainer=0 turn=0 foePP=0,0 foeAtkDef=0,0 CarlAtk=0 foeLevel=0
support PP=0,0 Carl-defense=0 enemy-attack=0,0
party action uses=8,40 / 2,40
frame=15548 map=35.0 pos=35,30 flags=0
party=2 HP=30/30,26/26 battle=0 battlers=0 outcome=0 PP=0,0 trial=0 donut-ability=0
persistent PP=8,2 status=0,0
growth level/xp/item=8/399/0,8/709/0 stats maxHP/attack,maxHP/magic=30/20,26/13 foesHP=0,0
pattern trainer=0 turn=0 foePP=0,0 foeAtkDef=0,0 CarlAtk=0 foeLevel=0
support PP=0,0 Carl-defense=0 enemy-attack=0,0
party action uses=8,40 / 2,40
PASS expect 35 0 35 30 0
frame=15648 map=35.0 pos=41,30 flags=0
party=2 HP=30/30,26/26 battle=0 battlers=0 outcome=0 PP=0,0 trial=0 donut-ability=0
persistent PP=8,2 status=0,0
growth level/xp/item=8/399/0,8/709/0 stats maxHP/attack,maxHP/magic=30/20,26/13 foesHP=0,0
pattern trainer=0 turn=0 foePP=0,0 foeAtkDef=0,0 CarlAtk=0 foeLevel=0
support PP=0,0 Carl-defense=0 enemy-attack=0,0
party action uses=8,40 / 2,40
frame=15688 map=35.0 pos=41,30 flags=0
party=2 HP=30/30,26/26 battle=0 battlers=0 outcome=0 PP=0,0 trial=0 donut-ability=0
persistent PP=8,2 status=0,0
growth level/xp/item=8/399/0,8/709/0 stats maxHP/attack,maxHP/magic=30/20,26/13 foesHP=0,0
pattern trainer=0 turn=0 foePP=0,0 foeAtkDef=0,0 CarlAtk=0 foeLevel=0
support PP=0,0 Carl-defense=0 enemy-attack=0,0
party action uses=8,40 / 2,40
frame=15688 map=35.0 pos=41,30 flags=0
party=2 HP=30/30,26/26 battle=0 battlers=0 outcome=0 PP=0,0 trial=0 donut-ability=0
persistent PP=8,2 status=0,0
growth level/xp/item=8/399/0,8/709/0 stats maxHP/attack,maxHP/magic=30/20,26/13 foesHP=0,0
pattern trainer=0 turn=0 foePP=0,0 foeAtkDef=0,0 CarlAtk=0 foeLevel=0
support PP=0,0 Carl-defense=0 enemy-attack=0,0
party action uses=8,40 / 2,40
PASS expect 35 0 41 30 0
frame=15728 map=35.0 pos=41,30 flags=0
party=2 HP=30/30,26/26 battle=0 battlers=0 outcome=0 PP=0,0 trial=0 donut-ability=0
persistent PP=8,2 status=0,0
growth level/xp/item=8/399/0,8/709/0 stats maxHP/attack,maxHP/magic=30/20,26/13 foesHP=0,0
pattern trainer=0 turn=0 foePP=0,0 foeAtkDef=0,0 CarlAtk=0 foeLevel=0
support PP=0,0 Carl-defense=0 enemy-attack=0,0
party action uses=8,40 / 2,40
frame=15828 map=35.0 pos=35,30 flags=0
party=2 HP=30/30,26/26 battle=0 battlers=0 outcome=0 PP=0,0 trial=0 donut-ability=0
persistent PP=8,2 status=0,0
growth level/xp/item=8/399/0,8/709/0 stats maxHP/attack,maxHP/magic=30/20,26/13 foesHP=0,0
pattern trainer=0 turn=0 foePP=0,0 foeAtkDef=0,0 CarlAtk=0 foeLevel=0
support PP=0,0 Carl-defense=0 enemy-attack=0,0
party action uses=8,40 / 2,40
frame=15868 map=35.0 pos=35,30 flags=0
party=2 HP=30/30,26/26 battle=0 battlers=0 outcome=0 PP=0,0 trial=0 donut-ability=0
persistent PP=8,2 status=0,0
growth level/xp/item=8/399/0,8/709/0 stats maxHP/attack,maxHP/magic=30/20,26/13 foesHP=0,0
pattern trainer=0 turn=0 foePP=0,0 foeAtkDef=0,0 CarlAtk=0 foeLevel=0
support PP=0,0 Carl-defense=0 enemy-attack=0,0
party action uses=8,40 / 2,40
frame=15868 map=35.0 pos=35,30 flags=0
party=2 HP=30/30,26/26 battle=0 battlers=0 outcome=0 PP=0,0 trial=0 donut-ability=0
persistent PP=8,2 status=0,0
growth level/xp/item=8/399/0,8/709/0 stats maxHP/attack,maxHP/magic=30/20,26/13 foesHP=0,0
pattern trainer=0 turn=0 foePP=0,0 foeAtkDef=0,0 CarlAtk=0 foeLevel=0
support PP=0,0 Carl-defense=0 enemy-attack=0,0
party action uses=8,40 / 2,40
PASS expect 35 0 35 30 0
frame=15920 map=35.0 pos=35,27 flags=0
party=2 HP=30/30,26/26 battle=0 battlers=0 outcome=0 PP=0,0 trial=0 donut-ability=0
persistent PP=8,2 status=0,0
growth level/xp/item=8/399/0,8/709/0 stats maxHP/attack,maxHP/magic=30/20,26/13 foesHP=0,0
pattern trainer=0 turn=0 foePP=0,0 foeAtkDef=0,0 CarlAtk=0 foeLevel=0
support PP=0,0 Carl-defense=0 enemy-attack=0,0
party action uses=8,40 / 2,40
frame=15960 map=35.0 pos=35,27 flags=0
party=2 HP=30/30,26/26 battle=0 battlers=0 outcome=0 PP=0,0 trial=0 donut-ability=0
persistent PP=8,2 status=0,0
growth level/xp/item=8/399/0,8/709/0 stats maxHP/attack,maxHP/magic=30/20,26/13 foesHP=0,0
pattern trainer=0 turn=0 foePP=0,0 foeAtkDef=0,0 CarlAtk=0 foeLevel=0
support PP=0,0 Carl-defense=0 enemy-attack=0,0
party action uses=8,40 / 2,40
frame=15960 map=35.0 pos=35,27 flags=0
party=2 HP=30/30,26/26 battle=0 battlers=0 outcome=0 PP=0,0 trial=0 donut-ability=0
persistent PP=8,2 status=0,0
growth level/xp/item=8/399/0,8/709/0 stats maxHP/attack,maxHP/magic=30/20,26/13 foesHP=0,0
pattern trainer=0 turn=0 foePP=0,0 foeAtkDef=0,0 CarlAtk=0 foeLevel=0
support PP=0,0 Carl-defense=0 enemy-attack=0,0
party action uses=8,40 / 2,40
PASS expect 35 0 35 27 0
frame=16012 map=35.0 pos=38,27 flags=0
party=2 HP=30/30,26/26 battle=0 battlers=0 outcome=0 PP=0,0 trial=0 donut-ability=0
persistent PP=8,2 status=0,0
growth level/xp/item=8/399/0,8/709/0 stats maxHP/attack,maxHP/magic=30/20,26/13 foesHP=0,0
pattern trainer=0 turn=0 foePP=0,0 foeAtkDef=0,0 CarlAtk=0 foeLevel=0
support PP=0,0 Carl-defense=0 enemy-attack=0,0
party action uses=8,40 / 2,40
frame=16052 map=35.0 pos=38,27 flags=0
party=2 HP=30/30,26/26 battle=0 battlers=0 outcome=0 PP=0,0 trial=0 donut-ability=0
persistent PP=8,2 status=0,0
growth level/xp/item=8/399/0,8/709/0 stats maxHP/attack,maxHP/magic=30/20,26/13 foesHP=0,0
pattern trainer=0 turn=0 foePP=0,0 foeAtkDef=0,0 CarlAtk=0 foeLevel=0
support PP=0,0 Carl-defense=0 enemy-attack=0,0
party action uses=8,40 / 2,40
frame=16052 map=35.0 pos=38,27 flags=0
party=2 HP=30/30,26/26 battle=0 battlers=0 outcome=0 PP=0,0 trial=0 donut-ability=0
persistent PP=8,2 status=0,0
growth level/xp/item=8/399/0,8/709/0 stats maxHP/attack,maxHP/magic=30/20,26/13 foesHP=0,0
pattern trainer=0 turn=0 foePP=0,0 foeAtkDef=0,0 CarlAtk=0 foeLevel=0
support PP=0,0 Carl-defense=0 enemy-attack=0,0
party action uses=8,40 / 2,40
PASS expect 35 0 38 27 0
frame=16072 map=35.0 pos=38,26 flags=0
party=2 HP=30/30,26/26 battle=0 battlers=0 outcome=0 PP=0,0 trial=0 donut-ability=0
persistent PP=8,2 status=0,0
growth level/xp/item=8/399/0,8/709/0 stats maxHP/attack,maxHP/magic=30/20,26/13 foesHP=0,0
pattern trainer=0 turn=0 foePP=0,0 foeAtkDef=0,0 CarlAtk=0 foeLevel=0
support PP=0,0 Carl-defense=0 enemy-attack=0,0
party action uses=8,40 / 2,40
frame=16112 map=35.0 pos=38,26 flags=0
party=2 HP=30/30,26/26 battle=0 battlers=0 outcome=0 PP=0,0 trial=0 donut-ability=0
persistent PP=8,2 status=0,0
growth level/xp/item=8/399/0,8/709/0 stats maxHP/attack,maxHP/magic=30/20,26/13 foesHP=0,0
pattern trainer=0 turn=0 foePP=0,0 foeAtkDef=0,0 CarlAtk=0 foeLevel=0
support PP=0,0 Carl-defense=0 enemy-attack=0,0
party action uses=8,40 / 2,40
frame=16112 map=35.0 pos=38,26 flags=0
party=2 HP=30/30,26/26 battle=0 battlers=0 outcome=0 PP=0,0 trial=0 donut-ability=0
persistent PP=8,2 status=0,0
growth level/xp/item=8/399/0,8/709/0 stats maxHP/attack,maxHP/magic=30/20,26/13 foesHP=0,0
pattern trainer=0 turn=0 foePP=0,0 foeAtkDef=0,0 CarlAtk=0 foeLevel=0
support PP=0,0 Carl-defense=0 enemy-attack=0,0
party action uses=8,40 / 2,40
PASS expect 35 0 38 26 0
frame=16212 map=35.0 pos=44,26 flags=0
party=2 HP=30/30,26/26 battle=0 battlers=0 outcome=0 PP=0,0 trial=0 donut-ability=0
persistent PP=8,2 status=0,0
growth level/xp/item=8/399/0,8/709/0 stats maxHP/attack,maxHP/magic=30/20,26/13 foesHP=0,0
pattern trainer=0 turn=0 foePP=0,0 foeAtkDef=0,0 CarlAtk=0 foeLevel=0
support PP=0,0 Carl-defense=0 enemy-attack=0,0
party action uses=8,40 / 2,40
frame=16252 map=35.0 pos=44,26 flags=0
party=2 HP=30/30,26/26 battle=0 battlers=0 outcome=0 PP=0,0 trial=0 donut-ability=0
persistent PP=8,2 status=0,0
growth level/xp/item=8/399/0,8/709/0 stats maxHP/attack,maxHP/magic=30/20,26/13 foesHP=0,0
pattern trainer=0 turn=0 foePP=0,0 foeAtkDef=0,0 CarlAtk=0 foeLevel=0
support PP=0,0 Carl-defense=0 enemy-attack=0,0
party action uses=8,40 / 2,40
frame=16252 map=35.0 pos=44,26 flags=0
party=2 HP=30/30,26/26 battle=0 battlers=0 outcome=0 PP=0,0 trial=0 donut-ability=0
persistent PP=8,2 status=0,0
growth level/xp/item=8/399/0,8/709/0 stats maxHP/attack,maxHP/magic=30/20,26/13 foesHP=0,0
pattern trainer=0 turn=0 foePP=0,0 foeAtkDef=0,0 CarlAtk=0 foeLevel=0
support PP=0,0 Carl-defense=0 enemy-attack=0,0
party action uses=8,40 / 2,40
PASS expect 35 0 44 26 0
frame=16304 map=35.0 pos=44,23 flags=0
party=2 HP=30/30,26/26 battle=0 battlers=0 outcome=0 PP=0,0 trial=0 donut-ability=0
persistent PP=8,2 status=0,0
growth level/xp/item=8/399/0,8/709/0 stats maxHP/attack,maxHP/magic=30/20,26/13 foesHP=0,0
pattern trainer=0 turn=0 foePP=0,0 foeAtkDef=0,0 CarlAtk=0 foeLevel=0
support PP=0,0 Carl-defense=0 enemy-attack=0,0
party action uses=8,40 / 2,40
frame=16344 map=35.0 pos=44,23 flags=0
party=2 HP=30/30,26/26 battle=0 battlers=0 outcome=0 PP=0,0 trial=0 donut-ability=0
persistent PP=8,2 status=0,0
growth level/xp/item=8/399/0,8/709/0 stats maxHP/attack,maxHP/magic=30/20,26/13 foesHP=0,0
pattern trainer=0 turn=0 foePP=0,0 foeAtkDef=0,0 CarlAtk=0 foeLevel=0
support PP=0,0 Carl-defense=0 enemy-attack=0,0
party action uses=8,40 / 2,40
frame=16344 map=35.0 pos=44,23 flags=0
party=2 HP=30/30,26/26 battle=0 battlers=0 outcome=0 PP=0,0 trial=0 donut-ability=0
persistent PP=8,2 status=0,0
growth level/xp/item=8/399/0,8/709/0 stats maxHP/attack,maxHP/magic=30/20,26/13 foesHP=0,0
pattern trainer=0 turn=0 foePP=0,0 foeAtkDef=0,0 CarlAtk=0 foeLevel=0
support PP=0,0 Carl-defense=0 enemy-attack=0,0
party action uses=8,40 / 2,40
PASS expect 35 0 44 23 0
frame=16444 map=35.0 pos=50,23 flags=0
party=2 HP=30/30,26/26 battle=0 battlers=0 outcome=0 PP=0,0 trial=0 donut-ability=0
persistent PP=8,2 status=0,0
growth level/xp/item=8/399/0,8/709/0 stats maxHP/attack,maxHP/magic=30/20,26/13 foesHP=0,0
pattern trainer=0 turn=0 foePP=0,0 foeAtkDef=0,0 CarlAtk=0 foeLevel=0
support PP=0,0 Carl-defense=0 enemy-attack=0,0
party action uses=8,40 / 2,40
frame=16484 map=35.0 pos=50,23 flags=0
party=2 HP=30/30,26/26 battle=0 battlers=0 outcome=0 PP=0,0 trial=0 donut-ability=0
persistent PP=8,2 status=0,0
growth level/xp/item=8/399/0,8/709/0 stats maxHP/attack,maxHP/magic=30/20,26/13 foesHP=0,0
pattern trainer=0 turn=0 foePP=0,0 foeAtkDef=0,0 CarlAtk=0 foeLevel=0
support PP=0,0 Carl-defense=0 enemy-attack=0,0
party action uses=8,40 / 2,40
frame=16484 map=35.0 pos=50,23 flags=0
party=2 HP=30/30,26/26 battle=0 battlers=0 outcome=0 PP=0,0 trial=0 donut-ability=0
persistent PP=8,2 status=0,0
growth level/xp/item=8/399/0,8/709/0 stats maxHP/attack,maxHP/magic=30/20,26/13 foesHP=0,0
pattern trainer=0 turn=0 foePP=0,0 foeAtkDef=0,0 CarlAtk=0 foeLevel=0
support PP=0,0 Carl-defense=0 enemy-attack=0,0
party action uses=8,40 / 2,40
PASS expect 35 0 50 23 0
frame=16524 map=35.0 pos=50,23 flags=0
party=2 HP=30/30,26/26 battle=0 battlers=0 outcome=0 PP=0,0 trial=0 donut-ability=0
persistent PP=8,2 status=0,0
growth level/xp/item=8/399/0,8/709/0 stats maxHP/attack,maxHP/magic=30/20,26/13 foesHP=0,0
pattern trainer=0 turn=0 foePP=0,0 foeAtkDef=0,0 CarlAtk=0 foeLevel=0
support PP=0,0 Carl-defense=0 enemy-attack=0,0
party action uses=8,40 / 2,40
frame=16624 map=35.0 pos=44,23 flags=0
party=2 HP=30/30,26/26 battle=0 battlers=0 outcome=0 PP=0,0 trial=0 donut-ability=0
persistent PP=8,2 status=0,0
growth level/xp/item=8/399/0,8/709/0 stats maxHP/attack,maxHP/magic=30/20,26/13 foesHP=0,0
pattern trainer=0 turn=0 foePP=0,0 foeAtkDef=0,0 CarlAtk=0 foeLevel=0
support PP=0,0 Carl-defense=0 enemy-attack=0,0
party action uses=8,40 / 2,40
frame=16664 map=35.0 pos=44,23 flags=0
party=2 HP=30/30,26/26 battle=0 battlers=0 outcome=0 PP=0,0 trial=0 donut-ability=0
persistent PP=8,2 status=0,0
growth level/xp/item=8/399/0,8/709/0 stats maxHP/attack,maxHP/magic=30/20,26/13 foesHP=0,0
pattern trainer=0 turn=0 foePP=0,0 foeAtkDef=0,0 CarlAtk=0 foeLevel=0
support PP=0,0 Carl-defense=0 enemy-attack=0,0
party action uses=8,40 / 2,40
frame=16664 map=35.0 pos=44,23 flags=0
party=2 HP=30/30,26/26 battle=0 battlers=0 outcome=0 PP=0,0 trial=0 donut-ability=0
persistent PP=8,2 status=0,0
growth level/xp/item=8/399/0,8/709/0 stats maxHP/attack,maxHP/magic=30/20,26/13 foesHP=0,0
pattern trainer=0 turn=0 foePP=0,0 foeAtkDef=0,0 CarlAtk=0 foeLevel=0
support PP=0,0 Carl-defense=0 enemy-attack=0,0
party action uses=8,40 / 2,40
PASS expect 35 0 44 23 0
frame=16732 map=35.0 pos=48,23 flags=0
party=2 HP=30/30,26/26 battle=0 battlers=0 outcome=0 PP=0,0 trial=0 donut-ability=0
persistent PP=8,2 status=0,0
growth level/xp/item=8/399/0,8/709/0 stats maxHP/attack,maxHP/magic=30/20,26/13 foesHP=0,0
pattern trainer=0 turn=0 foePP=0,0 foeAtkDef=0,0 CarlAtk=0 foeLevel=0
support PP=0,0 Carl-defense=0 enemy-attack=0,0
party action uses=8,40 / 2,40
frame=16772 map=35.0 pos=48,23 flags=0
party=2 HP=30/30,26/26 battle=0 battlers=0 outcome=0 PP=0,0 trial=0 donut-ability=0
persistent PP=8,2 status=0,0
growth level/xp/item=8/399/0,8/709/0 stats maxHP/attack,maxHP/magic=30/20,26/13 foesHP=0,0
pattern trainer=0 turn=0 foePP=0,0 foeAtkDef=0,0 CarlAtk=0 foeLevel=0
support PP=0,0 Carl-defense=0 enemy-attack=0,0
party action uses=8,40 / 2,40
frame=16772 map=35.0 pos=48,23 flags=0
party=2 HP=30/30,26/26 battle=0 battlers=0 outcome=0 PP=0,0 trial=0 donut-ability=0
persistent PP=8,2 status=0,0
growth level/xp/item=8/399/0,8/709/0 stats maxHP/attack,maxHP/magic=30/20,26/13 foesHP=0,0
pattern trainer=0 turn=0 foePP=0,0 foeAtkDef=0,0 CarlAtk=0 foeLevel=0
support PP=0,0 Carl-defense=0 enemy-attack=0,0
party action uses=8,40 / 2,40
PASS expect 35 0 48 23 0
frame=16872 map=35.0 pos=48,29 flags=0
party=2 HP=30/30,26/26 battle=0 battlers=0 outcome=0 PP=0,0 trial=0 donut-ability=0
persistent PP=8,2 status=0,0
growth level/xp/item=8/399/0,8/709/0 stats maxHP/attack,maxHP/magic=30/20,26/13 foesHP=0,0
pattern trainer=0 turn=0 foePP=0,0 foeAtkDef=0,0 CarlAtk=0 foeLevel=0
support PP=0,0 Carl-defense=0 enemy-attack=0,0
party action uses=8,40 / 2,40
frame=16912 map=35.0 pos=48,29 flags=0
party=2 HP=30/30,26/26 battle=0 battlers=0 outcome=0 PP=0,0 trial=0 donut-ability=0
persistent PP=8,2 status=0,0
growth level/xp/item=8/399/0,8/709/0 stats maxHP/attack,maxHP/magic=30/20,26/13 foesHP=0,0
pattern trainer=0 turn=0 foePP=0,0 foeAtkDef=0,0 CarlAtk=0 foeLevel=0
support PP=0,0 Carl-defense=0 enemy-attack=0,0
party action uses=8,40 / 2,40
frame=16912 map=35.0 pos=48,29 flags=0
party=2 HP=30/30,26/26 battle=0 battlers=0 outcome=0 PP=0,0 trial=0 donut-ability=0
persistent PP=8,2 status=0,0
growth level/xp/item=8/399/0,8/709/0 stats maxHP/attack,maxHP/magic=30/20,26/13 foesHP=0,0
pattern trainer=0 turn=0 foePP=0,0 foeAtkDef=0,0 CarlAtk=0 foeLevel=0
support PP=0,0 Carl-defense=0 enemy-attack=0,0
party action uses=8,40 / 2,40
PASS expect 35 0 48 29 0
frame=16976 map=35.0 pos=48,33 flags=0
party=2 HP=30/30,26/26 battle=0 battlers=0 outcome=0 PP=0,0 trial=0 donut-ability=0
persistent PP=8,2 status=0,0
growth level/xp/item=8/399/0,8/709/0 stats maxHP/attack,maxHP/magic=30/20,26/13 foesHP=0,0
pattern trainer=0 turn=0 foePP=0,0 foeAtkDef=0,0 CarlAtk=0 foeLevel=0
support PP=0,0 Carl-defense=0 enemy-attack=0,0
party action uses=8,40 / 2,40
frame=17016 map=35.0 pos=48,33 flags=0
party=2 HP=30/30,26/26 battle=0 battlers=0 outcome=0 PP=0,0 trial=0 donut-ability=0
persistent PP=8,2 status=0,0
growth level/xp/item=8/399/0,8/709/0 stats maxHP/attack,maxHP/magic=30/20,26/13 foesHP=0,0
pattern trainer=0 turn=0 foePP=0,0 foeAtkDef=0,0 CarlAtk=0 foeLevel=0
support PP=0,0 Carl-defense=0 enemy-attack=0,0
party action uses=8,40 / 2,40
frame=17016 map=35.0 pos=48,33 flags=0
party=2 HP=30/30,26/26 battle=0 battlers=0 outcome=0 PP=0,0 trial=0 donut-ability=0
persistent PP=8,2 status=0,0
growth level/xp/item=8/399/0,8/709/0 stats maxHP/attack,maxHP/magic=30/20,26/13 foesHP=0,0
pattern trainer=0 turn=0 foePP=0,0 foeAtkDef=0,0 CarlAtk=0 foeLevel=0
support PP=0,0 Carl-defense=0 enemy-attack=0,0
party action uses=8,40 / 2,40
PASS expect 35 0 48 33 0
frame=17056 map=35.0 pos=48,33 flags=0
party=2 HP=30/30,26/26 battle=0 battlers=0 outcome=0 PP=0,0 trial=0 donut-ability=0
persistent PP=8,2 status=0,0
growth level/xp/item=8/399/0,8/709/0 stats maxHP/attack,maxHP/magic=30/20,26/13 foesHP=0,0
pattern trainer=0 turn=0 foePP=0,0 foeAtkDef=0,0 CarlAtk=0 foeLevel=0
support PP=0,0 Carl-defense=0 enemy-attack=0,0
party action uses=8,40 / 2,40
frame=17124 map=35.0 pos=48,29 flags=0
party=2 HP=30/30,26/26 battle=0 battlers=0 outcome=0 PP=0,0 trial=0 donut-ability=0
persistent PP=8,2 status=0,0
growth level/xp/item=8/399/0,8/709/0 stats maxHP/attack,maxHP/magic=30/20,26/13 foesHP=0,0
pattern trainer=0 turn=0 foePP=0,0 foeAtkDef=0,0 CarlAtk=0 foeLevel=0
support PP=0,0 Carl-defense=0 enemy-attack=0,0
party action uses=8,40 / 2,40
frame=17164 map=35.0 pos=48,29 flags=0
party=2 HP=30/30,26/26 battle=0 battlers=0 outcome=0 PP=0,0 trial=0 donut-ability=0
persistent PP=8,2 status=0,0
growth level/xp/item=8/399/0,8/709/0 stats maxHP/attack,maxHP/magic=30/20,26/13 foesHP=0,0
pattern trainer=0 turn=0 foePP=0,0 foeAtkDef=0,0 CarlAtk=0 foeLevel=0
support PP=0,0 Carl-defense=0 enemy-attack=0,0
party action uses=8,40 / 2,40
frame=17164 map=35.0 pos=48,29 flags=0
party=2 HP=30/30,26/26 battle=0 battlers=0 outcome=0 PP=0,0 trial=0 donut-ability=0
persistent PP=8,2 status=0,0
growth level/xp/item=8/399/0,8/709/0 stats maxHP/attack,maxHP/magic=30/20,26/13 foesHP=0,0
pattern trainer=0 turn=0 foePP=0,0 foeAtkDef=0,0 CarlAtk=0 foeLevel=0
support PP=0,0 Carl-defense=0 enemy-attack=0,0
party action uses=8,40 / 2,40
PASS expect 35 0 48 29 0
frame=17324 map=35.0 pos=48,19 flags=0
party=2 HP=30/30,26/26 battle=0 battlers=0 outcome=0 PP=0,0 trial=0 donut-ability=0
persistent PP=8,2 status=0,0
growth level/xp/item=8/399/0,8/709/0 stats maxHP/attack,maxHP/magic=30/20,26/13 foesHP=0,0
pattern trainer=0 turn=0 foePP=0,0 foeAtkDef=0,0 CarlAtk=0 foeLevel=0
support PP=0,0 Carl-defense=0 enemy-attack=0,0
party action uses=8,40 / 2,40
frame=17364 map=35.0 pos=48,19 flags=0
party=2 HP=30/30,26/26 battle=0 battlers=0 outcome=0 PP=0,0 trial=0 donut-ability=0
persistent PP=8,2 status=0,0
growth level/xp/item=8/399/0,8/709/0 stats maxHP/attack,maxHP/magic=30/20,26/13 foesHP=0,0
pattern trainer=0 turn=0 foePP=0,0 foeAtkDef=0,0 CarlAtk=0 foeLevel=0
support PP=0,0 Carl-defense=0 enemy-attack=0,0
party action uses=8,40 / 2,40
frame=17364 map=35.0 pos=48,19 flags=0
party=2 HP=30/30,26/26 battle=0 battlers=0 outcome=0 PP=0,0 trial=0 donut-ability=0
persistent PP=8,2 status=0,0
growth level/xp/item=8/399/0,8/709/0 stats maxHP/attack,maxHP/magic=30/20,26/13 foesHP=0,0
pattern trainer=0 turn=0 foePP=0,0 foeAtkDef=0,0 CarlAtk=0 foeLevel=0
support PP=0,0 Carl-defense=0 enemy-attack=0,0
party action uses=8,40 / 2,40
PASS expect 35 0 48 19 0
frame=17464 map=35.0 pos=42,19 flags=0
party=2 HP=30/30,26/26 battle=0 battlers=0 outcome=0 PP=0,0 trial=0 donut-ability=0
persistent PP=8,2 status=0,0
growth level/xp/item=8/399/0,8/709/0 stats maxHP/attack,maxHP/magic=30/20,26/13 foesHP=0,0
pattern trainer=0 turn=0 foePP=0,0 foeAtkDef=0,0 CarlAtk=0 foeLevel=0
support PP=0,0 Carl-defense=0 enemy-attack=0,0
party action uses=8,40 / 2,40
frame=17504 map=35.0 pos=42,19 flags=0
party=2 HP=30/30,26/26 battle=0 battlers=0 outcome=0 PP=0,0 trial=0 donut-ability=0
persistent PP=8,2 status=0,0
growth level/xp/item=8/399/0,8/709/0 stats maxHP/attack,maxHP/magic=30/20,26/13 foesHP=0,0
pattern trainer=0 turn=0 foePP=0,0 foeAtkDef=0,0 CarlAtk=0 foeLevel=0
support PP=0,0 Carl-defense=0 enemy-attack=0,0
party action uses=8,40 / 2,40
frame=17504 map=35.0 pos=42,19 flags=0
party=2 HP=30/30,26/26 battle=0 battlers=0 outcome=0 PP=0,0 trial=0 donut-ability=0
persistent PP=8,2 status=0,0
growth level/xp/item=8/399/0,8/709/0 stats maxHP/attack,maxHP/magic=30/20,26/13 foesHP=0,0
pattern trainer=0 turn=0 foePP=0,0 foeAtkDef=0,0 CarlAtk=0 foeLevel=0
support PP=0,0 Carl-defense=0 enemy-attack=0,0
party action uses=8,40 / 2,40
PASS expect 35 0 42 19 0
frame=17604 map=35.0 pos=48,19 flags=0
party=2 HP=30/30,26/26 battle=0 battlers=0 outcome=0 PP=0,0 trial=0 donut-ability=0
persistent PP=8,2 status=0,0
growth level/xp/item=8/399/0,8/709/0 stats maxHP/attack,maxHP/magic=30/20,26/13 foesHP=0,0
pattern trainer=0 turn=0 foePP=0,0 foeAtkDef=0,0 CarlAtk=0 foeLevel=0
support PP=0,0 Carl-defense=0 enemy-attack=0,0
party action uses=8,40 / 2,40
frame=17644 map=35.0 pos=48,19 flags=0
party=2 HP=30/30,26/26 battle=0 battlers=0 outcome=0 PP=0,0 trial=0 donut-ability=0
persistent PP=8,2 status=0,0
growth level/xp/item=8/399/0,8/709/0 stats maxHP/attack,maxHP/magic=30/20,26/13 foesHP=0,0
pattern trainer=0 turn=0 foePP=0,0 foeAtkDef=0,0 CarlAtk=0 foeLevel=0
support PP=0,0 Carl-defense=0 enemy-attack=0,0
party action uses=8,40 / 2,40
frame=17644 map=35.0 pos=48,19 flags=0
party=2 HP=30/30,26/26 battle=0 battlers=0 outcome=0 PP=0,0 trial=0 donut-ability=0
persistent PP=8,2 status=0,0
growth level/xp/item=8/399/0,8/709/0 stats maxHP/attack,maxHP/magic=30/20,26/13 foesHP=0,0
pattern trainer=0 turn=0 foePP=0,0 foeAtkDef=0,0 CarlAtk=0 foeLevel=0
support PP=0,0 Carl-defense=0 enemy-attack=0,0
party action uses=8,40 / 2,40
PASS expect 35 0 48 19 0
frame=17684 map=35.0 pos=48,19 flags=0
party=2 HP=30/30,26/26 battle=0 battlers=0 outcome=0 PP=0,0 trial=0 donut-ability=0
persistent PP=8,2 status=0,0
growth level/xp/item=8/399/0,8/709/0 stats maxHP/attack,maxHP/magic=30/20,26/13 foesHP=0,0
pattern trainer=0 turn=0 foePP=0,0 foeAtkDef=0,0 CarlAtk=0 foeLevel=0
support PP=0,0 Carl-defense=0 enemy-attack=0,0
party action uses=8,40 / 2,40
frame=17784 map=35.0 pos=42,19 flags=0
party=2 HP=30/30,26/26 battle=0 battlers=0 outcome=0 PP=0,0 trial=0 donut-ability=0
persistent PP=8,2 status=0,0
growth level/xp/item=8/399/0,8/709/0 stats maxHP/attack,maxHP/magic=30/20,26/13 foesHP=0,0
pattern trainer=0 turn=0 foePP=0,0 foeAtkDef=0,0 CarlAtk=0 foeLevel=0
support PP=0,0 Carl-defense=0 enemy-attack=0,0
party action uses=8,40 / 2,40
frame=17824 map=35.0 pos=42,19 flags=0
party=2 HP=30/30,26/26 battle=0 battlers=0 outcome=0 PP=0,0 trial=0 donut-ability=0
persistent PP=8,2 status=0,0
growth level/xp/item=8/399/0,8/709/0 stats maxHP/attack,maxHP/magic=30/20,26/13 foesHP=0,0
pattern trainer=0 turn=0 foePP=0,0 foeAtkDef=0,0 CarlAtk=0 foeLevel=0
support PP=0,0 Carl-defense=0 enemy-attack=0,0
party action uses=8,40 / 2,40
frame=17824 map=35.0 pos=42,19 flags=0
party=2 HP=30/30,26/26 battle=0 battlers=0 outcome=0 PP=0,0 trial=0 donut-ability=0
persistent PP=8,2 status=0,0
growth level/xp/item=8/399/0,8/709/0 stats maxHP/attack,maxHP/magic=30/20,26/13 foesHP=0,0
pattern trainer=0 turn=0 foePP=0,0 foeAtkDef=0,0 CarlAtk=0 foeLevel=0
support PP=0,0 Carl-defense=0 enemy-attack=0,0
party action uses=8,40 / 2,40
PASS expect 35 0 42 19 0
frame=17860 map=35.0 pos=42,17 flags=0
party=2 HP=30/30,26/26 battle=0 battlers=0 outcome=0 PP=0,0 trial=0 donut-ability=0
persistent PP=8,2 status=0,0
growth level/xp/item=8/399/0,8/709/0 stats maxHP/attack,maxHP/magic=30/20,26/13 foesHP=0,0
pattern trainer=0 turn=0 foePP=0,0 foeAtkDef=0,0 CarlAtk=0 foeLevel=0
support PP=0,0 Carl-defense=0 enemy-attack=0,0
party action uses=8,40 / 2,40
frame=17900 map=35.0 pos=42,17 flags=0
party=2 HP=30/30,26/26 battle=0 battlers=0 outcome=0 PP=0,0 trial=0 donut-ability=0
persistent PP=8,2 status=0,0
growth level/xp/item=8/399/0,8/709/0 stats maxHP/attack,maxHP/magic=30/20,26/13 foesHP=0,0
pattern trainer=0 turn=0 foePP=0,0 foeAtkDef=0,0 CarlAtk=0 foeLevel=0
support PP=0,0 Carl-defense=0 enemy-attack=0,0
party action uses=8,40 / 2,40
frame=17900 map=35.0 pos=42,17 flags=0
party=2 HP=30/30,26/26 battle=0 battlers=0 outcome=0 PP=0,0 trial=0 donut-ability=0
persistent PP=8,2 status=0,0
growth level/xp/item=8/399/0,8/709/0 stats maxHP/attack,maxHP/magic=30/20,26/13 foesHP=0,0
pattern trainer=0 turn=0 foePP=0,0 foeAtkDef=0,0 CarlAtk=0 foeLevel=0
support PP=0,0 Carl-defense=0 enemy-attack=0,0
party action uses=8,40 / 2,40
PASS expect 35 0 42 17 0
frame=17920 map=35.0 pos=41,17 flags=0
party=2 HP=30/30,26/26 battle=0 battlers=0 outcome=0 PP=0,0 trial=0 donut-ability=0
persistent PP=8,2 status=0,0
growth level/xp/item=8/399/0,8/709/0 stats maxHP/attack,maxHP/magic=30/20,26/13 foesHP=0,0
pattern trainer=0 turn=0 foePP=0,0 foeAtkDef=0,0 CarlAtk=0 foeLevel=0
support PP=0,0 Carl-defense=0 enemy-attack=0,0
party action uses=8,40 / 2,40
frame=17960 map=35.0 pos=41,17 flags=0
party=2 HP=30/30,26/26 battle=0 battlers=0 outcome=0 PP=0,0 trial=0 donut-ability=0
persistent PP=8,2 status=0,0
growth level/xp/item=8/399/0,8/709/0 stats maxHP/attack,maxHP/magic=30/20,26/13 foesHP=0,0
pattern trainer=0 turn=0 foePP=0,0 foeAtkDef=0,0 CarlAtk=0 foeLevel=0
support PP=0,0 Carl-defense=0 enemy-attack=0,0
party action uses=8,40 / 2,40
frame=17960 map=35.0 pos=41,17 flags=0
party=2 HP=30/30,26/26 battle=0 battlers=0 outcome=0 PP=0,0 trial=0 donut-ability=0
persistent PP=8,2 status=0,0
growth level/xp/item=8/399/0,8/709/0 stats maxHP/attack,maxHP/magic=30/20,26/13 foesHP=0,0
pattern trainer=0 turn=0 foePP=0,0 foeAtkDef=0,0 CarlAtk=0 foeLevel=0
support PP=0,0 Carl-defense=0 enemy-attack=0,0
party action uses=8,40 / 2,40
PASS expect 35 0 41 17 0
frame=18028 map=35.0 pos=41,13 flags=0
party=2 HP=30/30,26/26 battle=0 battlers=0 outcome=0 PP=0,0 trial=0 donut-ability=0
persistent PP=8,2 status=0,0
growth level/xp/item=8/399/0,8/709/0 stats maxHP/attack,maxHP/magic=30/20,26/13 foesHP=0,0
pattern trainer=0 turn=0 foePP=0,0 foeAtkDef=0,0 CarlAtk=0 foeLevel=0
support PP=0,0 Carl-defense=0 enemy-attack=0,0
party action uses=8,40 / 2,40
frame=18068 map=35.0 pos=41,13 flags=0
party=2 HP=30/30,26/26 battle=0 battlers=0 outcome=0 PP=0,0 trial=0 donut-ability=0
persistent PP=8,2 status=0,0
growth level/xp/item=8/399/0,8/709/0 stats maxHP/attack,maxHP/magic=30/20,26/13 foesHP=0,0
pattern trainer=0 turn=0 foePP=0,0 foeAtkDef=0,0 CarlAtk=0 foeLevel=0
support PP=0,0 Carl-defense=0 enemy-attack=0,0
party action uses=8,40 / 2,40
frame=18068 map=35.0 pos=41,13 flags=0
party=2 HP=30/30,26/26 battle=0 battlers=0 outcome=0 PP=0,0 trial=0 donut-ability=0
persistent PP=8,2 status=0,0
growth level/xp/item=8/399/0,8/709/0 stats maxHP/attack,maxHP/magic=30/20,26/13 foesHP=0,0
pattern trainer=0 turn=0 foePP=0,0 foeAtkDef=0,0 CarlAtk=0 foeLevel=0
support PP=0,0 Carl-defense=0 enemy-attack=0,0
party action uses=8,40 / 2,40
PASS expect 35 0 41 13 0
frame=18088 map=35.0 pos=40,13 flags=0
party=2 HP=30/30,26/26 battle=0 battlers=0 outcome=0 PP=0,0 trial=0 donut-ability=0
persistent PP=8,2 status=0,0
growth level/xp/item=8/399/0,8/709/0 stats maxHP/attack,maxHP/magic=30/20,26/13 foesHP=0,0
pattern trainer=0 turn=0 foePP=0,0 foeAtkDef=0,0 CarlAtk=0 foeLevel=0
support PP=0,0 Carl-defense=0 enemy-attack=0,0
party action uses=8,40 / 2,40
frame=18128 map=35.0 pos=40,13 flags=0
party=2 HP=30/30,26/26 battle=0 battlers=0 outcome=0 PP=0,0 trial=0 donut-ability=0
persistent PP=8,2 status=0,0
growth level/xp/item=8/399/0,8/709/0 stats maxHP/attack,maxHP/magic=30/20,26/13 foesHP=0,0
pattern trainer=0 turn=0 foePP=0,0 foeAtkDef=0,0 CarlAtk=0 foeLevel=0
support PP=0,0 Carl-defense=0 enemy-attack=0,0
party action uses=8,40 / 2,40
frame=18128 map=35.0 pos=40,13 flags=0
party=2 HP=30/30,26/26 battle=0 battlers=0 outcome=0 PP=0,0 trial=0 donut-ability=0
persistent PP=8,2 status=0,0
growth level/xp/item=8/399/0,8/709/0 stats maxHP/attack,maxHP/magic=30/20,26/13 foesHP=0,0
pattern trainer=0 turn=0 foePP=0,0 foeAtkDef=0,0 CarlAtk=0 foeLevel=0
support PP=0,0 Carl-defense=0 enemy-attack=0,0
party action uses=8,40 / 2,40
PASS expect 35 0 40 13 0
frame=18228 map=35.0 pos=40,19 flags=0
party=2 HP=30/30,26/26 battle=0 battlers=0 outcome=0 PP=0,0 trial=0 donut-ability=0
persistent PP=8,2 status=0,0
growth level/xp/item=8/399/0,8/709/0 stats maxHP/attack,maxHP/magic=30/20,26/13 foesHP=0,0
pattern trainer=0 turn=0 foePP=0,0 foeAtkDef=0,0 CarlAtk=0 foeLevel=0
support PP=0,0 Carl-defense=0 enemy-attack=0,0
party action uses=8,40 / 2,40
frame=18268 map=35.0 pos=40,19 flags=0
party=2 HP=30/30,26/26 battle=0 battlers=0 outcome=0 PP=0,0 trial=0 donut-ability=0
persistent PP=8,2 status=0,0
growth level/xp/item=8/399/0,8/709/0 stats maxHP/attack,maxHP/magic=30/20,26/13 foesHP=0,0
pattern trainer=0 turn=0 foePP=0,0 foeAtkDef=0,0 CarlAtk=0 foeLevel=0
support PP=0,0 Carl-defense=0 enemy-attack=0,0
party action uses=8,40 / 2,40
frame=18268 map=35.0 pos=40,19 flags=0
party=2 HP=30/30,26/26 battle=0 battlers=0 outcome=0 PP=0,0 trial=0 donut-ability=0
persistent PP=8,2 status=0,0
growth level/xp/item=8/399/0,8/709/0 stats maxHP/attack,maxHP/magic=30/20,26/13 foesHP=0,0
pattern trainer=0 turn=0 foePP=0,0 foeAtkDef=0,0 CarlAtk=0 foeLevel=0
support PP=0,0 Carl-defense=0 enemy-attack=0,0
party action uses=8,40 / 2,40
PASS expect 35 0 40 19 0
frame=18308 map=35.0 pos=40,19 flags=0
party=2 HP=30/30,26/26 battle=0 battlers=0 outcome=0 PP=0,0 trial=0 donut-ability=0
persistent PP=8,2 status=0,0
growth level/xp/item=8/399/0,8/709/0 stats maxHP/attack,maxHP/magic=30/20,26/13 foesHP=0,0
pattern trainer=0 turn=0 foePP=0,0 foeAtkDef=0,0 CarlAtk=0 foeLevel=0
support PP=0,0 Carl-defense=0 enemy-attack=0,0
party action uses=8,40 / 2,40
frame=18408 map=35.0 pos=40,13 flags=0
party=2 HP=30/30,26/26 battle=0 battlers=0 outcome=0 PP=0,0 trial=0 donut-ability=0
persistent PP=8,2 status=0,0
growth level/xp/item=8/399/0,8/709/0 stats maxHP/attack,maxHP/magic=30/20,26/13 foesHP=0,0
pattern trainer=0 turn=0 foePP=0,0 foeAtkDef=0,0 CarlAtk=0 foeLevel=0
support PP=0,0 Carl-defense=0 enemy-attack=0,0
party action uses=8,40 / 2,40
frame=18448 map=35.0 pos=40,13 flags=0
party=2 HP=30/30,26/26 battle=0 battlers=0 outcome=0 PP=0,0 trial=0 donut-ability=0
persistent PP=8,2 status=0,0
growth level/xp/item=8/399/0,8/709/0 stats maxHP/attack,maxHP/magic=30/20,26/13 foesHP=0,0
pattern trainer=0 turn=0 foePP=0,0 foeAtkDef=0,0 CarlAtk=0 foeLevel=0
support PP=0,0 Carl-defense=0 enemy-attack=0,0
party action uses=8,40 / 2,40
frame=18448 map=35.0 pos=40,13 flags=0
party=2 HP=30/30,26/26 battle=0 battlers=0 outcome=0 PP=0,0 trial=0 donut-ability=0
persistent PP=8,2 status=0,0
growth level/xp/item=8/399/0,8/709/0 stats maxHP/attack,maxHP/magic=30/20,26/13 foesHP=0,0
pattern trainer=0 turn=0 foePP=0,0 foeAtkDef=0,0 CarlAtk=0 foeLevel=0
support PP=0,0 Carl-defense=0 enemy-attack=0,0
party action uses=8,40 / 2,40
PASS expect 35 0 40 13 0
frame=18580 map=35.0 pos=40,21 flags=0
party=2 HP=30/30,26/26 battle=0 battlers=0 outcome=0 PP=0,0 trial=0 donut-ability=0
persistent PP=8,2 status=0,0
growth level/xp/item=8/399/0,8/709/0 stats maxHP/attack,maxHP/magic=30/20,26/13 foesHP=0,0
pattern trainer=0 turn=0 foePP=0,0 foeAtkDef=0,0 CarlAtk=0 foeLevel=0
support PP=0,0 Carl-defense=0 enemy-attack=0,0
party action uses=8,40 / 2,40
frame=18620 map=35.0 pos=40,21 flags=0
party=2 HP=30/30,26/26 battle=0 battlers=0 outcome=0 PP=0,0 trial=0 donut-ability=0
persistent PP=8,2 status=0,0
growth level/xp/item=8/399/0,8/709/0 stats maxHP/attack,maxHP/magic=30/20,26/13 foesHP=0,0
pattern trainer=0 turn=0 foePP=0,0 foeAtkDef=0,0 CarlAtk=0 foeLevel=0
support PP=0,0 Carl-defense=0 enemy-attack=0,0
party action uses=8,40 / 2,40
frame=18620 map=35.0 pos=40,21 flags=0
party=2 HP=30/30,26/26 battle=0 battlers=0 outcome=0 PP=0,0 trial=0 donut-ability=0
persistent PP=8,2 status=0,0
growth level/xp/item=8/399/0,8/709/0 stats maxHP/attack,maxHP/magic=30/20,26/13 foesHP=0,0
pattern trainer=0 turn=0 foePP=0,0 foeAtkDef=0,0 CarlAtk=0 foeLevel=0
support PP=0,0 Carl-defense=0 enemy-attack=0,0
party action uses=8,40 / 2,40
PASS expect 35 0 40 21 0
frame=18720 map=35.0 pos=34,21 flags=0
party=2 HP=30/30,26/26 battle=0 battlers=0 outcome=0 PP=0,0 trial=0 donut-ability=0
persistent PP=8,2 status=0,0
growth level/xp/item=8/399/0,8/709/0 stats maxHP/attack,maxHP/magic=30/20,26/13 foesHP=0,0
pattern trainer=0 turn=0 foePP=0,0 foeAtkDef=0,0 CarlAtk=0 foeLevel=0
support PP=0,0 Carl-defense=0 enemy-attack=0,0
party action uses=8,40 / 2,40
frame=18760 map=35.0 pos=34,21 flags=0
party=2 HP=30/30,26/26 battle=0 battlers=0 outcome=0 PP=0,0 trial=0 donut-ability=0
persistent PP=8,2 status=0,0
growth level/xp/item=8/399/0,8/709/0 stats maxHP/attack,maxHP/magic=30/20,26/13 foesHP=0,0
pattern trainer=0 turn=0 foePP=0,0 foeAtkDef=0,0 CarlAtk=0 foeLevel=0
support PP=0,0 Carl-defense=0 enemy-attack=0,0
party action uses=8,40 / 2,40
frame=18760 map=35.0 pos=34,21 flags=0
party=2 HP=30/30,26/26 battle=0 battlers=0 outcome=0 PP=0,0 trial=0 donut-ability=0
persistent PP=8,2 status=0,0
growth level/xp/item=8/399/0,8/709/0 stats maxHP/attack,maxHP/magic=30/20,26/13 foesHP=0,0
pattern trainer=0 turn=0 foePP=0,0 foeAtkDef=0,0 CarlAtk=0 foeLevel=0
support PP=0,0 Carl-defense=0 enemy-attack=0,0
party action uses=8,40 / 2,40
PASS expect 35 0 34 21 0
frame=19068 map=35.0 pos=34,40 flags=0
party=2 HP=30/30,26/26 battle=0 battlers=0 outcome=0 PP=0,0 trial=0 donut-ability=0
persistent PP=8,2 status=0,0
growth level/xp/item=8/399/0,8/709/0 stats maxHP/attack,maxHP/magic=30/20,26/13 foesHP=0,0
pattern trainer=0 turn=0 foePP=0,0 foeAtkDef=0,0 CarlAtk=0 foeLevel=0
support PP=0,0 Carl-defense=0 enemy-attack=0,0
party action uses=8,40 / 2,40
frame=19108 map=35.0 pos=34,40 flags=0
party=2 HP=30/30,26/26 battle=0 battlers=0 outcome=0 PP=0,0 trial=0 donut-ability=0
persistent PP=8,2 status=0,0
growth level/xp/item=8/399/0,8/709/0 stats maxHP/attack,maxHP/magic=30/20,26/13 foesHP=0,0
pattern trainer=0 turn=0 foePP=0,0 foeAtkDef=0,0 CarlAtk=0 foeLevel=0
support PP=0,0 Carl-defense=0 enemy-attack=0,0
party action uses=8,40 / 2,40
frame=19108 map=35.0 pos=34,40 flags=0
party=2 HP=30/30,26/26 battle=0 battlers=0 outcome=0 PP=0,0 trial=0 donut-ability=0
persistent PP=8,2 status=0,0
growth level/xp/item=8/399/0,8/709/0 stats maxHP/attack,maxHP/magic=30/20,26/13 foesHP=0,0
pattern trainer=0 turn=0 foePP=0,0 foeAtkDef=0,0 CarlAtk=0 foeLevel=0
support PP=0,0 Carl-defense=0 enemy-attack=0,0
party action uses=8,40 / 2,40
PASS expect 35 0 34 40 0
frame=19160 map=35.0 pos=31,40 flags=0
party=2 HP=30/30,26/26 battle=0 battlers=0 outcome=0 PP=0,0 trial=0 donut-ability=0
persistent PP=8,2 status=0,0
growth level/xp/item=8/399/0,8/709/0 stats maxHP/attack,maxHP/magic=30/20,26/13 foesHP=0,0
pattern trainer=0 turn=0 foePP=0,0 foeAtkDef=0,0 CarlAtk=0 foeLevel=0
support PP=0,0 Carl-defense=0 enemy-attack=0,0
party action uses=8,40 / 2,40
frame=19200 map=35.0 pos=31,40 flags=0
party=2 HP=30/30,26/26 battle=0 battlers=0 outcome=0 PP=0,0 trial=0 donut-ability=0
persistent PP=8,2 status=0,0
growth level/xp/item=8/399/0,8/709/0 stats maxHP/attack,maxHP/magic=30/20,26/13 foesHP=0,0
pattern trainer=0 turn=0 foePP=0,0 foeAtkDef=0,0 CarlAtk=0 foeLevel=0
support PP=0,0 Carl-defense=0 enemy-attack=0,0
party action uses=8,40 / 2,40
frame=19200 map=35.0 pos=31,40 flags=0
party=2 HP=30/30,26/26 battle=0 battlers=0 outcome=0 PP=0,0 trial=0 donut-ability=0
persistent PP=8,2 status=0,0
growth level/xp/item=8/399/0,8/709/0 stats maxHP/attack,maxHP/magic=30/20,26/13 foesHP=0,0
pattern trainer=0 turn=0 foePP=0,0 foeAtkDef=0,0 CarlAtk=0 foeLevel=0
support PP=0,0 Carl-defense=0 enemy-attack=0,0
party action uses=8,40 / 2,40
PASS expect 35 0 31 40 0
frame=19252 map=35.0 pos=34,40 flags=0
party=2 HP=30/30,26/26 battle=0 battlers=0 outcome=0 PP=0,0 trial=0 donut-ability=0
persistent PP=8,2 status=0,0
growth level/xp/item=8/399/0,8/709/0 stats maxHP/attack,maxHP/magic=30/20,26/13 foesHP=0,0
pattern trainer=0 turn=0 foePP=0,0 foeAtkDef=0,0 CarlAtk=0 foeLevel=0
support PP=0,0 Carl-defense=0 enemy-attack=0,0
party action uses=8,40 / 2,40
frame=19292 map=35.0 pos=34,40 flags=0
party=2 HP=30/30,26/26 battle=0 battlers=0 outcome=0 PP=0,0 trial=0 donut-ability=0
persistent PP=8,2 status=0,0
growth level/xp/item=8/399/0,8/709/0 stats maxHP/attack,maxHP/magic=30/20,26/13 foesHP=0,0
pattern trainer=0 turn=0 foePP=0,0 foeAtkDef=0,0 CarlAtk=0 foeLevel=0
support PP=0,0 Carl-defense=0 enemy-attack=0,0
party action uses=8,40 / 2,40
frame=19292 map=35.0 pos=34,40 flags=0
party=2 HP=30/30,26/26 battle=0 battlers=0 outcome=0 PP=0,0 trial=0 donut-ability=0
persistent PP=8,2 status=0,0
growth level/xp/item=8/399/0,8/709/0 stats maxHP/attack,maxHP/magic=30/20,26/13 foesHP=0,0
pattern trainer=0 turn=0 foePP=0,0 foeAtkDef=0,0 CarlAtk=0 foeLevel=0
support PP=0,0 Carl-defense=0 enemy-attack=0,0
party action uses=8,40 / 2,40
PASS expect 35 0 34 40 0
frame=19332 map=35.0 pos=34,40 flags=0
party=2 HP=30/30,26/26 battle=0 battlers=0 outcome=0 PP=0,0 trial=0 donut-ability=0
persistent PP=8,2 status=0,0
growth level/xp/item=8/399/0,8/709/0 stats maxHP/attack,maxHP/magic=30/20,26/13 foesHP=0,0
pattern trainer=0 turn=0 foePP=0,0 foeAtkDef=0,0 CarlAtk=0 foeLevel=0
support PP=0,0 Carl-defense=0 enemy-attack=0,0
party action uses=8,40 / 2,40
frame=19384 map=35.0 pos=31,40 flags=0
party=2 HP=30/30,26/26 battle=0 battlers=0 outcome=0 PP=0,0 trial=0 donut-ability=0
persistent PP=8,2 status=0,0
growth level/xp/item=8/399/0,8/709/0 stats maxHP/attack,maxHP/magic=30/20,26/13 foesHP=0,0
pattern trainer=0 turn=0 foePP=0,0 foeAtkDef=0,0 CarlAtk=0 foeLevel=0
support PP=0,0 Carl-defense=0 enemy-attack=0,0
party action uses=8,40 / 2,40
frame=19424 map=35.0 pos=31,40 flags=0
party=2 HP=30/30,26/26 battle=0 battlers=0 outcome=0 PP=0,0 trial=0 donut-ability=0
persistent PP=8,2 status=0,0
growth level/xp/item=8/399/0,8/709/0 stats maxHP/attack,maxHP/magic=30/20,26/13 foesHP=0,0
pattern trainer=0 turn=0 foePP=0,0 foeAtkDef=0,0 CarlAtk=0 foeLevel=0
support PP=0,0 Carl-defense=0 enemy-attack=0,0
party action uses=8,40 / 2,40
frame=19424 map=35.0 pos=31,40 flags=0
party=2 HP=30/30,26/26 battle=0 battlers=0 outcome=0 PP=0,0 trial=0 donut-ability=0
persistent PP=8,2 status=0,0
growth level/xp/item=8/399/0,8/709/0 stats maxHP/attack,maxHP/magic=30/20,26/13 foesHP=0,0
pattern trainer=0 turn=0 foePP=0,0 foeAtkDef=0,0 CarlAtk=0 foeLevel=0
support PP=0,0 Carl-defense=0 enemy-attack=0,0
party action uses=8,40 / 2,40
PASS expect 35 0 31 40 0
frame=19476 map=35.0 pos=34,40 flags=0
party=2 HP=30/30,26/26 battle=0 battlers=0 outcome=0 PP=0,0 trial=0 donut-ability=0
persistent PP=8,2 status=0,0
growth level/xp/item=8/399/0,8/709/0 stats maxHP/attack,maxHP/magic=30/20,26/13 foesHP=0,0
pattern trainer=0 turn=0 foePP=0,0 foeAtkDef=0,0 CarlAtk=0 foeLevel=0
support PP=0,0 Carl-defense=0 enemy-attack=0,0
party action uses=8,40 / 2,40
frame=19516 map=35.0 pos=34,40 flags=0
party=2 HP=30/30,26/26 battle=0 battlers=0 outcome=0 PP=0,0 trial=0 donut-ability=0
persistent PP=8,2 status=0,0
growth level/xp/item=8/399/0,8/709/0 stats maxHP/attack,maxHP/magic=30/20,26/13 foesHP=0,0
pattern trainer=0 turn=0 foePP=0,0 foeAtkDef=0,0 CarlAtk=0 foeLevel=0
support PP=0,0 Carl-defense=0 enemy-attack=0,0
party action uses=8,40 / 2,40
frame=19516 map=35.0 pos=34,40 flags=0
party=2 HP=30/30,26/26 battle=0 battlers=0 outcome=0 PP=0,0 trial=0 donut-ability=0
persistent PP=8,2 status=0,0
growth level/xp/item=8/399/0,8/709/0 stats maxHP/attack,maxHP/magic=30/20,26/13 foesHP=0,0
pattern trainer=0 turn=0 foePP=0,0 foeAtkDef=0,0 CarlAtk=0 foeLevel=0
support PP=0,0 Carl-defense=0 enemy-attack=0,0
party action uses=8,40 / 2,40
PASS expect 35 0 34 40 0
frame=19536 map=35.0 pos=34,41 flags=0
party=2 HP=30/30,26/26 battle=0 battlers=0 outcome=0 PP=0,0 trial=0 donut-ability=0
persistent PP=8,2 status=0,0
growth level/xp/item=8/399/0,8/709/0 stats maxHP/attack,maxHP/magic=30/20,26/13 foesHP=0,0
pattern trainer=0 turn=0 foePP=0,0 foeAtkDef=0,0 CarlAtk=0 foeLevel=0
support PP=0,0 Carl-defense=0 enemy-attack=0,0
party action uses=8,40 / 2,40
frame=19576 map=35.0 pos=34,41 flags=0
party=2 HP=30/30,26/26 battle=0 battlers=0 outcome=0 PP=0,0 trial=0 donut-ability=0
persistent PP=8,2 status=0,0
growth level/xp/item=8/399/0,8/709/0 stats maxHP/attack,maxHP/magic=30/20,26/13 foesHP=0,0
pattern trainer=0 turn=0 foePP=0,0 foeAtkDef=0,0 CarlAtk=0 foeLevel=0
support PP=0,0 Carl-defense=0 enemy-attack=0,0
party action uses=8,40 / 2,40
frame=19576 map=35.0 pos=34,41 flags=0
party=2 HP=30/30,26/26 battle=0 battlers=0 outcome=0 PP=0,0 trial=0 donut-ability=0
persistent PP=8,2 status=0,0
growth level/xp/item=8/399/0,8/709/0 stats maxHP/attack,maxHP/magic=30/20,26/13 foesHP=0,0
pattern trainer=0 turn=0 foePP=0,0 foeAtkDef=0,0 CarlAtk=0 foeLevel=0
support PP=0,0 Carl-defense=0 enemy-attack=0,0
party action uses=8,40 / 2,40
PASS expect 35 0 34 41 0
frame=19772 map=35.0 pos=46,41 flags=0
party=2 HP=30/30,26/26 battle=0 battlers=0 outcome=0 PP=0,0 trial=0 donut-ability=0
persistent PP=8,2 status=0,0
growth level/xp/item=8/399/0,8/709/0 stats maxHP/attack,maxHP/magic=30/20,26/13 foesHP=0,0
pattern trainer=0 turn=0 foePP=0,0 foeAtkDef=0,0 CarlAtk=0 foeLevel=0
support PP=0,0 Carl-defense=0 enemy-attack=0,0
party action uses=8,40 / 2,40
frame=19812 map=35.0 pos=46,41 flags=0
party=2 HP=30/30,26/26 battle=0 battlers=0 outcome=0 PP=0,0 trial=0 donut-ability=0
persistent PP=8,2 status=0,0
growth level/xp/item=8/399/0,8/709/0 stats maxHP/attack,maxHP/magic=30/20,26/13 foesHP=0,0
pattern trainer=0 turn=0 foePP=0,0 foeAtkDef=0,0 CarlAtk=0 foeLevel=0
support PP=0,0 Carl-defense=0 enemy-attack=0,0
party action uses=8,40 / 2,40
frame=19812 map=35.0 pos=46,41 flags=0
party=2 HP=30/30,26/26 battle=0 battlers=0 outcome=0 PP=0,0 trial=0 donut-ability=0
persistent PP=8,2 status=0,0
growth level/xp/item=8/399/0,8/709/0 stats maxHP/attack,maxHP/magic=30/20,26/13 foesHP=0,0
pattern trainer=0 turn=0 foePP=0,0 foeAtkDef=0,0 CarlAtk=0 foeLevel=0
support PP=0,0 Carl-defense=0 enemy-attack=0,0
party action uses=8,40 / 2,40
PASS expect 35 0 46 41 0
frame=19864 map=35.0 pos=46,44 flags=0
party=2 HP=30/30,26/26 battle=0 battlers=0 outcome=0 PP=0,0 trial=0 donut-ability=0
persistent PP=8,2 status=0,0
growth level/xp/item=8/399/0,8/709/0 stats maxHP/attack,maxHP/magic=30/20,26/13 foesHP=0,0
pattern trainer=0 turn=0 foePP=0,0 foeAtkDef=0,0 CarlAtk=0 foeLevel=0
support PP=0,0 Carl-defense=0 enemy-attack=0,0
party action uses=8,40 / 2,40
frame=19904 map=35.0 pos=46,44 flags=0
party=2 HP=30/30,26/26 battle=0 battlers=0 outcome=0 PP=0,0 trial=0 donut-ability=0
persistent PP=8,2 status=0,0
growth level/xp/item=8/399/0,8/709/0 stats maxHP/attack,maxHP/magic=30/20,26/13 foesHP=0,0
pattern trainer=0 turn=0 foePP=0,0 foeAtkDef=0,0 CarlAtk=0 foeLevel=0
support PP=0,0 Carl-defense=0 enemy-attack=0,0
party action uses=8,40 / 2,40
frame=19904 map=35.0 pos=46,44 flags=0
party=2 HP=30/30,26/26 battle=0 battlers=0 outcome=0 PP=0,0 trial=0 donut-ability=0
persistent PP=8,2 status=0,0
growth level/xp/item=8/399/0,8/709/0 stats maxHP/attack,maxHP/magic=30/20,26/13 foesHP=0,0
pattern trainer=0 turn=0 foePP=0,0 foeAtkDef=0,0 CarlAtk=0 foeLevel=0
support PP=0,0 Carl-defense=0 enemy-attack=0,0
party action uses=8,40 / 2,40
PASS expect 35 0 46 44 0
frame=19944 map=35.0 pos=46,44 flags=0
party=2 HP=30/30,26/26 battle=0 battlers=0 outcome=0 PP=0,0 trial=0 donut-ability=0
persistent PP=8,2 status=0,0
growth level/xp/item=8/399/0,8/709/0 stats maxHP/attack,maxHP/magic=30/20,26/13 foesHP=0,0
pattern trainer=0 turn=0 foePP=0,0 foeAtkDef=0,0 CarlAtk=0 foeLevel=0
support PP=0,0 Carl-defense=0 enemy-attack=0,0
party action uses=8,40 / 2,40
frame=19996 map=35.0 pos=46,41 flags=0
party=2 HP=30/30,26/26 battle=0 battlers=0 outcome=0 PP=0,0 trial=0 donut-ability=0
persistent PP=8,2 status=0,0
growth level/xp/item=8/399/0,8/709/0 stats maxHP/attack,maxHP/magic=30/20,26/13 foesHP=0,0
pattern trainer=0 turn=0 foePP=0,0 foeAtkDef=0,0 CarlAtk=0 foeLevel=0
support PP=0,0 Carl-defense=0 enemy-attack=0,0
party action uses=8,40 / 2,40
frame=20036 map=35.0 pos=46,41 flags=0
party=2 HP=30/30,26/26 battle=0 battlers=0 outcome=0 PP=0,0 trial=0 donut-ability=0
persistent PP=8,2 status=0,0
growth level/xp/item=8/399/0,8/709/0 stats maxHP/attack,maxHP/magic=30/20,26/13 foesHP=0,0
pattern trainer=0 turn=0 foePP=0,0 foeAtkDef=0,0 CarlAtk=0 foeLevel=0
support PP=0,0 Carl-defense=0 enemy-attack=0,0
party action uses=8,40 / 2,40
frame=20036 map=35.0 pos=46,41 flags=0
party=2 HP=30/30,26/26 battle=0 battlers=0 outcome=0 PP=0,0 trial=0 donut-ability=0
persistent PP=8,2 status=0,0
growth level/xp/item=8/399/0,8/709/0 stats maxHP/attack,maxHP/magic=30/20,26/13 foesHP=0,0
pattern trainer=0 turn=0 foePP=0,0 foeAtkDef=0,0 CarlAtk=0 foeLevel=0
support PP=0,0 Carl-defense=0 enemy-attack=0,0
party action uses=8,40 / 2,40
PASS expect 35 0 46 41 0
frame=20136 map=35.0 pos=52,41 flags=0
party=2 HP=30/30,26/26 battle=0 battlers=0 outcome=0 PP=0,0 trial=0 donut-ability=0
persistent PP=8,2 status=0,0
growth level/xp/item=8/399/0,8/709/0 stats maxHP/attack,maxHP/magic=30/20,26/13 foesHP=0,0
pattern trainer=0 turn=0 foePP=0,0 foeAtkDef=0,0 CarlAtk=0 foeLevel=0
support PP=0,0 Carl-defense=0 enemy-attack=0,0
party action uses=8,40 / 2,40
frame=20176 map=35.0 pos=52,41 flags=0
party=2 HP=30/30,26/26 battle=0 battlers=0 outcome=0 PP=0,0 trial=0 donut-ability=0
persistent PP=8,2 status=0,0
growth level/xp/item=8/399/0,8/709/0 stats maxHP/attack,maxHP/magic=30/20,26/13 foesHP=0,0
pattern trainer=0 turn=0 foePP=0,0 foeAtkDef=0,0 CarlAtk=0 foeLevel=0
support PP=0,0 Carl-defense=0 enemy-attack=0,0
party action uses=8,40 / 2,40
frame=20176 map=35.0 pos=52,41 flags=0
party=2 HP=30/30,26/26 battle=0 battlers=0 outcome=0 PP=0,0 trial=0 donut-ability=0
persistent PP=8,2 status=0,0
growth level/xp/item=8/399/0,8/709/0 stats maxHP/attack,maxHP/magic=30/20,26/13 foesHP=0,0
pattern trainer=0 turn=0 foePP=0,0 foeAtkDef=0,0 CarlAtk=0 foeLevel=0
support PP=0,0 Carl-defense=0 enemy-attack=0,0
party action uses=8,40 / 2,40
PASS expect 35 0 52 41 0
frame=20228 map=35.0 pos=52,44 flags=0
party=2 HP=30/30,26/26 battle=0 battlers=0 outcome=0 PP=0,0 trial=0 donut-ability=0
persistent PP=8,2 status=0,0
growth level/xp/item=8/399/0,8/709/0 stats maxHP/attack,maxHP/magic=30/20,26/13 foesHP=0,0
pattern trainer=0 turn=0 foePP=0,0 foeAtkDef=0,0 CarlAtk=0 foeLevel=0
support PP=0,0 Carl-defense=0 enemy-attack=0,0
party action uses=8,40 / 2,40
frame=20268 map=35.0 pos=52,44 flags=0
party=2 HP=30/30,26/26 battle=0 battlers=0 outcome=0 PP=0,0 trial=0 donut-ability=0
persistent PP=8,2 status=0,0
growth level/xp/item=8/399/0,8/709/0 stats maxHP/attack,maxHP/magic=30/20,26/13 foesHP=0,0
pattern trainer=0 turn=0 foePP=0,0 foeAtkDef=0,0 CarlAtk=0 foeLevel=0
support PP=0,0 Carl-defense=0 enemy-attack=0,0
party action uses=8,40 / 2,40
frame=20268 map=35.0 pos=52,44 flags=0
party=2 HP=30/30,26/26 battle=0 battlers=0 outcome=0 PP=0,0 trial=0 donut-ability=0
persistent PP=8,2 status=0,0
growth level/xp/item=8/399/0,8/709/0 stats maxHP/attack,maxHP/magic=30/20,26/13 foesHP=0,0
pattern trainer=0 turn=0 foePP=0,0 foeAtkDef=0,0 CarlAtk=0 foeLevel=0
support PP=0,0 Carl-defense=0 enemy-attack=0,0
party action uses=8,40 / 2,40
PASS expect 35 0 52 44 0
frame=20308 map=35.0 pos=52,44 flags=0
party=2 HP=30/30,26/26 battle=0 battlers=0 outcome=0 PP=0,0 trial=0 donut-ability=0
persistent PP=8,2 status=0,0
growth level/xp/item=8/399/0,8/709/0 stats maxHP/attack,maxHP/magic=30/20,26/13 foesHP=0,0
pattern trainer=0 turn=0 foePP=0,0 foeAtkDef=0,0 CarlAtk=0 foeLevel=0
support PP=0,0 Carl-defense=0 enemy-attack=0,0
party action uses=8,40 / 2,40
frame=20360 map=35.0 pos=52,41 flags=0
party=2 HP=30/30,26/26 battle=0 battlers=0 outcome=0 PP=0,0 trial=0 donut-ability=0
persistent PP=8,2 status=0,0
growth level/xp/item=8/399/0,8/709/0 stats maxHP/attack,maxHP/magic=30/20,26/13 foesHP=0,0
pattern trainer=0 turn=0 foePP=0,0 foeAtkDef=0,0 CarlAtk=0 foeLevel=0
support PP=0,0 Carl-defense=0 enemy-attack=0,0
party action uses=8,40 / 2,40
frame=20400 map=35.0 pos=52,41 flags=0
party=2 HP=30/30,26/26 battle=0 battlers=0 outcome=0 PP=0,0 trial=0 donut-ability=0
persistent PP=8,2 status=0,0
growth level/xp/item=8/399/0,8/709/0 stats maxHP/attack,maxHP/magic=30/20,26/13 foesHP=0,0
pattern trainer=0 turn=0 foePP=0,0 foeAtkDef=0,0 CarlAtk=0 foeLevel=0
support PP=0,0 Carl-defense=0 enemy-attack=0,0
party action uses=8,40 / 2,40
frame=20400 map=35.0 pos=52,41 flags=0
party=2 HP=30/30,26/26 battle=0 battlers=0 outcome=0 PP=0,0 trial=0 donut-ability=0
persistent PP=8,2 status=0,0
growth level/xp/item=8/399/0,8/709/0 stats maxHP/attack,maxHP/magic=30/20,26/13 foesHP=0,0
pattern trainer=0 turn=0 foePP=0,0 foeAtkDef=0,0 CarlAtk=0 foeLevel=0
support PP=0,0 Carl-defense=0 enemy-attack=0,0
party action uses=8,40 / 2,40
PASS expect 35 0 52 41 0
frame=20692 map=35.0 pos=34,41 flags=0
party=2 HP=30/30,26/26 battle=0 battlers=0 outcome=0 PP=0,0 trial=0 donut-ability=0
persistent PP=8,2 status=0,0
growth level/xp/item=8/399/0,8/709/0 stats maxHP/attack,maxHP/magic=30/20,26/13 foesHP=0,0
pattern trainer=0 turn=0 foePP=0,0 foeAtkDef=0,0 CarlAtk=0 foeLevel=0
support PP=0,0 Carl-defense=0 enemy-attack=0,0
party action uses=8,40 / 2,40
frame=20732 map=35.0 pos=34,41 flags=0
party=2 HP=30/30,26/26 battle=0 battlers=0 outcome=0 PP=0,0 trial=0 donut-ability=0
persistent PP=8,2 status=0,0
growth level/xp/item=8/399/0,8/709/0 stats maxHP/attack,maxHP/magic=30/20,26/13 foesHP=0,0
pattern trainer=0 turn=0 foePP=0,0 foeAtkDef=0,0 CarlAtk=0 foeLevel=0
support PP=0,0 Carl-defense=0 enemy-attack=0,0
party action uses=8,40 / 2,40
frame=20732 map=35.0 pos=34,41 flags=0
party=2 HP=30/30,26/26 battle=0 battlers=0 outcome=0 PP=0,0 trial=0 donut-ability=0
persistent PP=8,2 status=0,0
growth level/xp/item=8/399/0,8/709/0 stats maxHP/attack,maxHP/magic=30/20,26/13 foesHP=0,0
pattern trainer=0 turn=0 foePP=0,0 foeAtkDef=0,0 CarlAtk=0 foeLevel=0
support PP=0,0 Carl-defense=0 enemy-attack=0,0
party action uses=8,40 / 2,40
PASS expect 35 0 34 41 0
frame=20928 map=35.0 pos=34,29 flags=0
party=2 HP=30/30,26/26 battle=0 battlers=0 outcome=0 PP=0,0 trial=0 donut-ability=0
persistent PP=8,2 status=0,0
growth level/xp/item=8/399/0,8/709/0 stats maxHP/attack,maxHP/magic=30/20,26/13 foesHP=0,0
pattern trainer=0 turn=0 foePP=0,0 foeAtkDef=0,0 CarlAtk=0 foeLevel=0
support PP=0,0 Carl-defense=0 enemy-attack=0,0
party action uses=8,40 / 2,40
frame=20968 map=35.0 pos=34,29 flags=0
party=2 HP=30/30,26/26 battle=0 battlers=0 outcome=0 PP=0,0 trial=0 donut-ability=0
persistent PP=8,2 status=0,0
growth level/xp/item=8/399/0,8/709/0 stats maxHP/attack,maxHP/magic=30/20,26/13 foesHP=0,0
pattern trainer=0 turn=0 foePP=0,0 foeAtkDef=0,0 CarlAtk=0 foeLevel=0
support PP=0,0 Carl-defense=0 enemy-attack=0,0
party action uses=8,40 / 2,40
frame=20968 map=35.0 pos=34,29 flags=0
party=2 HP=30/30,26/26 battle=0 battlers=0 outcome=0 PP=0,0 trial=0 donut-ability=0
persistent PP=8,2 status=0,0
growth level/xp/item=8/399/0,8/709/0 stats maxHP/attack,maxHP/magic=30/20,26/13 foesHP=0,0
pattern trainer=0 turn=0 foePP=0,0 foeAtkDef=0,0 CarlAtk=0 foeLevel=0
support PP=0,0 Carl-defense=0 enemy-attack=0,0
party action uses=8,40 / 2,40
PASS expect 35 0 34 29 0
frame=21052 map=35.0 pos=29,29 flags=0
party=2 HP=30/30,26/26 battle=0 battlers=0 outcome=0 PP=0,0 trial=0 donut-ability=0
persistent PP=8,2 status=0,0
growth level/xp/item=8/399/0,8/709/0 stats maxHP/attack,maxHP/magic=30/20,26/13 foesHP=0,0
pattern trainer=0 turn=0 foePP=0,0 foeAtkDef=0,0 CarlAtk=0 foeLevel=0
support PP=0,0 Carl-defense=0 enemy-attack=0,0
party action uses=8,40 / 2,40
frame=21092 map=35.0 pos=29,29 flags=0
party=2 HP=30/30,26/26 battle=0 battlers=0 outcome=0 PP=0,0 trial=0 donut-ability=0
persistent PP=8,2 status=0,0
growth level/xp/item=8/399/0,8/709/0 stats maxHP/attack,maxHP/magic=30/20,26/13 foesHP=0,0
pattern trainer=0 turn=0 foePP=0,0 foeAtkDef=0,0 CarlAtk=0 foeLevel=0
support PP=0,0 Carl-defense=0 enemy-attack=0,0
party action uses=8,40 / 2,40
frame=21092 map=35.0 pos=29,29 flags=0
party=2 HP=30/30,26/26 battle=0 battlers=0 outcome=0 PP=0,0 trial=0 donut-ability=0
persistent PP=8,2 status=0,0
growth level/xp/item=8/399/0,8/709/0 stats maxHP/attack,maxHP/magic=30/20,26/13 foesHP=0,0
pattern trainer=0 turn=0 foePP=0,0 foeAtkDef=0,0 CarlAtk=0 foeLevel=0
support PP=0,0 Carl-defense=0 enemy-attack=0,0
party action uses=8,40 / 2,40
PASS expect 35 0 29 29 0
frame=21128 map=35.0 pos=29,27 flags=0
party=2 HP=30/30,26/26 battle=0 battlers=0 outcome=0 PP=0,0 trial=0 donut-ability=0
persistent PP=8,2 status=0,0
growth level/xp/item=8/399/0,8/709/0 stats maxHP/attack,maxHP/magic=30/20,26/13 foesHP=0,0
pattern trainer=0 turn=0 foePP=0,0 foeAtkDef=0,0 CarlAtk=0 foeLevel=0
support PP=0,0 Carl-defense=0 enemy-attack=0,0
party action uses=8,40 / 2,40
frame=21168 map=35.0 pos=29,27 flags=0
party=2 HP=30/30,26/26 battle=0 battlers=0 outcome=0 PP=0,0 trial=0 donut-ability=0
persistent PP=8,2 status=0,0
growth level/xp/item=8/399/0,8/709/0 stats maxHP/attack,maxHP/magic=30/20,26/13 foesHP=0,0
pattern trainer=0 turn=0 foePP=0,0 foeAtkDef=0,0 CarlAtk=0 foeLevel=0
support PP=0,0 Carl-defense=0 enemy-attack=0,0
party action uses=8,40 / 2,40
frame=21168 map=35.0 pos=29,27 flags=0
party=2 HP=30/30,26/26 battle=0 battlers=0 outcome=0 PP=0,0 trial=0 donut-ability=0
persistent PP=8,2 status=0,0
growth level/xp/item=8/399/0,8/709/0 stats maxHP/attack,maxHP/magic=30/20,26/13 foesHP=0,0
pattern trainer=0 turn=0 foePP=0,0 foeAtkDef=0,0 CarlAtk=0 foeLevel=0
support PP=0,0 Carl-defense=0 enemy-attack=0,0
party action uses=8,40 / 2,40
PASS expect 35 0 29 27 0
frame=21316 map=35.0 pos=29,27 flags=0
party=2 HP=30/30,26/26 battle=0 battlers=0 outcome=0 PP=0,0 trial=0 donut-ability=0
persistent PP=8,2 status=0,0
growth level/xp/item=8/399/0,8/709/0 stats maxHP/attack,maxHP/magic=30/20,26/13 foesHP=0,0
pattern trainer=0 turn=0 foePP=0,0 foeAtkDef=0,0 CarlAtk=0 foeLevel=0
support PP=0,0 Carl-defense=0 enemy-attack=0,0
party action uses=8,40 / 2,40
frame=21356 map=35.0 pos=29,27 flags=0
party=2 HP=30/30,26/26 battle=0 battlers=0 outcome=0 PP=0,0 trial=0 donut-ability=0
persistent PP=8,2 status=0,0
growth level/xp/item=8/399/0,8/709/0 stats maxHP/attack,maxHP/magic=30/20,26/13 foesHP=0,0
pattern trainer=0 turn=0 foePP=0,0 foeAtkDef=0,0 CarlAtk=0 foeLevel=0
support PP=0,0 Carl-defense=0 enemy-attack=0,0
party action uses=8,40 / 2,40
frame=21356 map=35.0 pos=29,27 flags=0
party=2 HP=30/30,26/26 battle=0 battlers=0 outcome=0 PP=0,0 trial=0 donut-ability=0
persistent PP=8,2 status=0,0
growth level/xp/item=8/399/0,8/709/0 stats maxHP/attack,maxHP/magic=30/20,26/13 foesHP=0,0
pattern trainer=0 turn=0 foePP=0,0 foeAtkDef=0,0 CarlAtk=0 foeLevel=0
support PP=0,0 Carl-defense=0 enemy-attack=0,0
party action uses=8,40 / 2,40
PASS expect 35 0 29 27 0
frame=21392 map=35.0 pos=29,25 flags=0
party=2 HP=30/30,26/26 battle=0 battlers=0 outcome=0 PP=0,0 trial=0 donut-ability=0
persistent PP=8,2 status=0,0
growth level/xp/item=8/399/0,8/709/0 stats maxHP/attack,maxHP/magic=30/20,26/13 foesHP=0,0
pattern trainer=0 turn=0 foePP=0,0 foeAtkDef=0,0 CarlAtk=0 foeLevel=0
support PP=0,0 Carl-defense=0 enemy-attack=0,0
party action uses=8,40 / 2,40
frame=21432 map=35.0 pos=29,25 flags=0
party=2 HP=30/30,26/26 battle=0 battlers=0 outcome=0 PP=0,0 trial=0 donut-ability=0
persistent PP=8,2 status=0,0
growth level/xp/item=8/399/0,8/709/0 stats maxHP/attack,maxHP/magic=30/20,26/13 foesHP=0,0
pattern trainer=0 turn=0 foePP=0,0 foeAtkDef=0,0 CarlAtk=0 foeLevel=0
support PP=0,0 Carl-defense=0 enemy-attack=0,0
party action uses=8,40 / 2,40
frame=21432 map=35.0 pos=29,25 flags=0
party=2 HP=30/30,26/26 battle=0 battlers=0 outcome=0 PP=0,0 trial=0 donut-ability=0
persistent PP=8,2 status=0,0
growth level/xp/item=8/399/0,8/709/0 stats maxHP/attack,maxHP/magic=30/20,26/13 foesHP=0,0
pattern trainer=0 turn=0 foePP=0,0 foeAtkDef=0,0 CarlAtk=0 foeLevel=0
support PP=0,0 Carl-defense=0 enemy-attack=0,0
party action uses=8,40 / 2,40
PASS expect 35 0 29 25 0
frame=21516 map=35.0 pos=34,25 flags=0
party=2 HP=30/30,26/26 battle=0 battlers=0 outcome=0 PP=0,0 trial=0 donut-ability=0
persistent PP=8,2 status=0,0
growth level/xp/item=8/399/0,8/709/0 stats maxHP/attack,maxHP/magic=30/20,26/13 foesHP=0,0
pattern trainer=0 turn=0 foePP=0,0 foeAtkDef=0,0 CarlAtk=0 foeLevel=0
support PP=0,0 Carl-defense=0 enemy-attack=0,0
party action uses=8,40 / 2,40
frame=21556 map=35.0 pos=34,25 flags=0
party=2 HP=30/30,26/26 battle=0 battlers=0 outcome=0 PP=0,0 trial=0 donut-ability=0
persistent PP=8,2 status=0,0
growth level/xp/item=8/399/0,8/709/0 stats maxHP/attack,maxHP/magic=30/20,26/13 foesHP=0,0
pattern trainer=0 turn=0 foePP=0,0 foeAtkDef=0,0 CarlAtk=0 foeLevel=0
support PP=0,0 Carl-defense=0 enemy-attack=0,0
party action uses=8,40 / 2,40
frame=21556 map=35.0 pos=34,25 flags=0
party=2 HP=30/30,26/26 battle=0 battlers=0 outcome=0 PP=0,0 trial=0 donut-ability=0
persistent PP=8,2 status=0,0
growth level/xp/item=8/399/0,8/709/0 stats maxHP/attack,maxHP/magic=30/20,26/13 foesHP=0,0
pattern trainer=0 turn=0 foePP=0,0 foeAtkDef=0,0 CarlAtk=0 foeLevel=0
support PP=0,0 Carl-defense=0 enemy-attack=0,0
party action uses=8,40 / 2,40
PASS expect 35 0 34 25 0
frame=21576 map=35.0 pos=34,26 flags=0
party=2 HP=30/30,26/26 battle=0 battlers=0 outcome=0 PP=0,0 trial=0 donut-ability=0
persistent PP=8,2 status=0,0
growth level/xp/item=8/399/0,8/709/0 stats maxHP/attack,maxHP/magic=30/20,26/13 foesHP=0,0
pattern trainer=0 turn=0 foePP=0,0 foeAtkDef=0,0 CarlAtk=0 foeLevel=0
support PP=0,0 Carl-defense=0 enemy-attack=0,0
party action uses=8,40 / 2,40
frame=21616 map=35.0 pos=34,26 flags=0
party=2 HP=30/30,26/26 battle=0 battlers=0 outcome=0 PP=0,0 trial=0 donut-ability=0
persistent PP=8,2 status=0,0
growth level/xp/item=8/399/0,8/709/0 stats maxHP/attack,maxHP/magic=30/20,26/13 foesHP=0,0
pattern trainer=0 turn=0 foePP=0,0 foeAtkDef=0,0 CarlAtk=0 foeLevel=0
support PP=0,0 Carl-defense=0 enemy-attack=0,0
party action uses=8,40 / 2,40
frame=21616 map=35.0 pos=34,26 flags=0
party=2 HP=30/30,26/26 battle=0 battlers=0 outcome=0 PP=0,0 trial=0 donut-ability=0
persistent PP=8,2 status=0,0
growth level/xp/item=8/399/0,8/709/0 stats maxHP/attack,maxHP/magic=30/20,26/13 foesHP=0,0
pattern trainer=0 turn=0 foePP=0,0 foeAtkDef=0,0 CarlAtk=0 foeLevel=0
support PP=0,0 Carl-defense=0 enemy-attack=0,0
party action uses=8,40 / 2,40
PASS expect 35 0 34 26 0
frame=21668 map=35.0 pos=37,26 flags=0
party=2 HP=30/30,26/26 battle=0 battlers=0 outcome=0 PP=0,0 trial=0 donut-ability=0
persistent PP=8,2 status=0,0
growth level/xp/item=8/399/0,8/709/0 stats maxHP/attack,maxHP/magic=30/20,26/13 foesHP=0,0
pattern trainer=0 turn=0 foePP=0,0 foeAtkDef=0,0 CarlAtk=0 foeLevel=0
support PP=0,0 Carl-defense=0 enemy-attack=0,0
party action uses=8,40 / 2,40
frame=21708 map=35.1 pos=4,3 flags=0
party=2 HP=30/30,26/26 battle=0 battlers=0 outcome=0 PP=0,0 trial=0 donut-ability=0
persistent PP=8,2 status=0,0
growth level/xp/item=8/399/0,8/709/0 stats maxHP/attack,maxHP/magic=30/20,26/13 foesHP=0,0
pattern trainer=0 turn=0 foePP=0,0 foeAtkDef=0,0 CarlAtk=0 foeLevel=0
support PP=0,0 Carl-defense=0 enemy-attack=0,0
party action uses=8,40 / 2,40
frame=22008 map=35.1 pos=4,3 flags=0
party=2 HP=30/30,26/26 battle=0 battlers=0 outcome=0 PP=0,0 trial=0 donut-ability=0
persistent PP=8,2 status=0,0
growth level/xp/item=8/399/0,8/709/0 stats maxHP/attack,maxHP/magic=30/20,26/13 foesHP=0,0
pattern trainer=0 turn=0 foePP=0,0 foeAtkDef=0,0 CarlAtk=0 foeLevel=0
support PP=0,0 Carl-defense=0 enemy-attack=0,0
party action uses=8,40 / 2,40
frame=22008 map=35.1 pos=4,3 flags=0
party=2 HP=30/30,26/26 battle=0 battlers=0 outcome=0 PP=0,0 trial=0 donut-ability=0
persistent PP=8,2 status=0,0
growth level/xp/item=8/399/0,8/709/0 stats maxHP/attack,maxHP/magic=30/20,26/13 foesHP=0,0
pattern trainer=0 turn=0 foePP=0,0 foeAtkDef=0,0 CarlAtk=0 foeLevel=0
support PP=0,0 Carl-defense=0 enemy-attack=0,0
party action uses=8,40 / 2,40
PASS expect 35 1 4 3 0
frame=22028 map=35.1 pos=4,4 flags=0
party=2 HP=30/30,26/26 battle=0 battlers=0 outcome=0 PP=0,0 trial=0 donut-ability=0
persistent PP=8,2 status=0,0
growth level/xp/item=8/399/0,8/709/0 stats maxHP/attack,maxHP/magic=30/20,26/13 foesHP=0,0
pattern trainer=0 turn=0 foePP=0,0 foeAtkDef=0,0 CarlAtk=0 foeLevel=0
support PP=0,0 Carl-defense=0 enemy-attack=0,0
party action uses=8,40 / 2,40
frame=22068 map=35.1 pos=4,4 flags=0
party=2 HP=30/30,26/26 battle=0 battlers=0 outcome=0 PP=0,0 trial=0 donut-ability=0
persistent PP=8,2 status=0,0
growth level/xp/item=8/399/0,8/709/0 stats maxHP/attack,maxHP/magic=30/20,26/13 foesHP=0,0
pattern trainer=0 turn=0 foePP=0,0 foeAtkDef=0,0 CarlAtk=0 foeLevel=0
support PP=0,0 Carl-defense=0 enemy-attack=0,0
party action uses=8,40 / 2,40
frame=22068 map=35.1 pos=4,4 flags=0
party=2 HP=30/30,26/26 battle=0 battlers=0 outcome=0 PP=0,0 trial=0 donut-ability=0
persistent PP=8,2 status=0,0
growth level/xp/item=8/399/0,8/709/0 stats maxHP/attack,maxHP/magic=30/20,26/13 foesHP=0,0
pattern trainer=0 turn=0 foePP=0,0 foeAtkDef=0,0 CarlAtk=0 foeLevel=0
support PP=0,0 Carl-defense=0 enemy-attack=0,0
party action uses=8,40 / 2,40
PASS expect 35 1 4 4 0
frame=22104 map=35.1 pos=2,4 flags=0
party=2 HP=30/30,26/26 battle=0 battlers=0 outcome=0 PP=0,0 trial=0 donut-ability=0
persistent PP=8,2 status=0,0
growth level/xp/item=8/399/0,8/709/0 stats maxHP/attack,maxHP/magic=30/20,26/13 foesHP=0,0
pattern trainer=0 turn=0 foePP=0,0 foeAtkDef=0,0 CarlAtk=0 foeLevel=0
support PP=0,0 Carl-defense=0 enemy-attack=0,0
party action uses=8,40 / 2,40
frame=22144 map=35.1 pos=2,4 flags=0
party=2 HP=30/30,26/26 battle=0 battlers=0 outcome=0 PP=0,0 trial=0 donut-ability=0
persistent PP=8,2 status=0,0
growth level/xp/item=8/399/0,8/709/0 stats maxHP/attack,maxHP/magic=30/20,26/13 foesHP=0,0
pattern trainer=0 turn=0 foePP=0,0 foeAtkDef=0,0 CarlAtk=0 foeLevel=0
support PP=0,0 Carl-defense=0 enemy-attack=0,0
party action uses=8,40 / 2,40
frame=22144 map=35.1 pos=2,4 flags=0
party=2 HP=30/30,26/26 battle=0 battlers=0 outcome=0 PP=0,0 trial=0 donut-ability=0
persistent PP=8,2 status=0,0
growth level/xp/item=8/399/0,8/709/0 stats maxHP/attack,maxHP/magic=30/20,26/13 foesHP=0,0
pattern trainer=0 turn=0 foePP=0,0 foeAtkDef=0,0 CarlAtk=0 foeLevel=0
support PP=0,0 Carl-defense=0 enemy-attack=0,0
party action uses=8,40 / 2,40
PASS expect 35 1 2 4 0
frame=22212 map=35.1 pos=6,4 flags=0
party=2 HP=30/30,26/26 battle=0 battlers=0 outcome=0 PP=0,0 trial=0 donut-ability=0
persistent PP=8,2 status=0,0
growth level/xp/item=8/399/0,8/709/0 stats maxHP/attack,maxHP/magic=30/20,26/13 foesHP=0,0
pattern trainer=0 turn=0 foePP=0,0 foeAtkDef=0,0 CarlAtk=0 foeLevel=0
support PP=0,0 Carl-defense=0 enemy-attack=0,0
party action uses=8,40 / 2,40
frame=22252 map=35.1 pos=6,4 flags=0
party=2 HP=30/30,26/26 battle=0 battlers=0 outcome=0 PP=0,0 trial=0 donut-ability=0
persistent PP=8,2 status=0,0
growth level/xp/item=8/399/0,8/709/0 stats maxHP/attack,maxHP/magic=30/20,26/13 foesHP=0,0
pattern trainer=0 turn=0 foePP=0,0 foeAtkDef=0,0 CarlAtk=0 foeLevel=0
support PP=0,0 Carl-defense=0 enemy-attack=0,0
party action uses=8,40 / 2,40
frame=22252 map=35.1 pos=6,4 flags=0
party=2 HP=30/30,26/26 battle=0 battlers=0 outcome=0 PP=0,0 trial=0 donut-ability=0
persistent PP=8,2 status=0,0
growth level/xp/item=8/399/0,8/709/0 stats maxHP/attack,maxHP/magic=30/20,26/13 foesHP=0,0
pattern trainer=0 turn=0 foePP=0,0 foeAtkDef=0,0 CarlAtk=0 foeLevel=0
support PP=0,0 Carl-defense=0 enemy-attack=0,0
party action uses=8,40 / 2,40
PASS expect 35 1 6 4 0
frame=22292 map=35.1 pos=6,4 flags=0
party=2 HP=30/30,26/26 battle=0 battlers=0 outcome=0 PP=0,0 trial=0 donut-ability=0
persistent PP=8,2 status=0,0
growth level/xp/item=8/399/0,8/709/0 stats maxHP/attack,maxHP/magic=30/20,26/13 foesHP=0,0
pattern trainer=0 turn=0 foePP=0,0 foeAtkDef=0,0 CarlAtk=0 foeLevel=0
support PP=0,0 Carl-defense=0 enemy-attack=0,0
party action uses=8,40 / 2,40
frame=22360 map=35.1 pos=2,4 flags=0
party=2 HP=30/30,26/26 battle=0 battlers=0 outcome=0 PP=0,0 trial=0 donut-ability=0
persistent PP=8,2 status=0,0
growth level/xp/item=8/399/0,8/709/0 stats maxHP/attack,maxHP/magic=30/20,26/13 foesHP=0,0
pattern trainer=0 turn=0 foePP=0,0 foeAtkDef=0,0 CarlAtk=0 foeLevel=0
support PP=0,0 Carl-defense=0 enemy-attack=0,0
party action uses=8,40 / 2,40
frame=22400 map=35.1 pos=2,4 flags=0
party=2 HP=30/30,26/26 battle=0 battlers=0 outcome=0 PP=0,0 trial=0 donut-ability=0
persistent PP=8,2 status=0,0
growth level/xp/item=8/399/0,8/709/0 stats maxHP/attack,maxHP/magic=30/20,26/13 foesHP=0,0
pattern trainer=0 turn=0 foePP=0,0 foeAtkDef=0,0 CarlAtk=0 foeLevel=0
support PP=0,0 Carl-defense=0 enemy-attack=0,0
party action uses=8,40 / 2,40
frame=22400 map=35.1 pos=2,4 flags=0
party=2 HP=30/30,26/26 battle=0 battlers=0 outcome=0 PP=0,0 trial=0 donut-ability=0
persistent PP=8,2 status=0,0
growth level/xp/item=8/399/0,8/709/0 stats maxHP/attack,maxHP/magic=30/20,26/13 foesHP=0,0
pattern trainer=0 turn=0 foePP=0,0 foeAtkDef=0,0 CarlAtk=0 foeLevel=0
support PP=0,0 Carl-defense=0 enemy-attack=0,0
party action uses=8,40 / 2,40
PASS expect 35 1 2 4 0
frame=22436 map=35.1 pos=2,2 flags=0
party=2 HP=30/30,26/26 battle=0 battlers=0 outcome=0 PP=0,0 trial=0 donut-ability=0
persistent PP=8,2 status=0,0
growth level/xp/item=8/399/0,8/709/0 stats maxHP/attack,maxHP/magic=30/20,26/13 foesHP=0,0
pattern trainer=0 turn=0 foePP=0,0 foeAtkDef=0,0 CarlAtk=0 foeLevel=0
support PP=0,0 Carl-defense=0 enemy-attack=0,0
party action uses=8,40 / 2,40
frame=22476 map=35.1 pos=2,2 flags=0
party=2 HP=30/30,26/26 battle=0 battlers=0 outcome=0 PP=0,0 trial=0 donut-ability=0
persistent PP=8,2 status=0,0
growth level/xp/item=8/399/0,8/709/0 stats maxHP/attack,maxHP/magic=30/20,26/13 foesHP=0,0
pattern trainer=0 turn=0 foePP=0,0 foeAtkDef=0,0 CarlAtk=0 foeLevel=0
support PP=0,0 Carl-defense=0 enemy-attack=0,0
party action uses=8,40 / 2,40
frame=22476 map=35.1 pos=2,2 flags=0
party=2 HP=30/30,26/26 battle=0 battlers=0 outcome=0 PP=0,0 trial=0 donut-ability=0
persistent PP=8,2 status=0,0
growth level/xp/item=8/399/0,8/709/0 stats maxHP/attack,maxHP/magic=30/20,26/13 foesHP=0,0
pattern trainer=0 turn=0 foePP=0,0 foeAtkDef=0,0 CarlAtk=0 foeLevel=0
support PP=0,0 Carl-defense=0 enemy-attack=0,0
party action uses=8,40 / 2,40
PASS expect 35 1 2 2 0
frame=22560 map=35.1 pos=7,2 flags=0
party=2 HP=30/30,26/26 battle=0 battlers=0 outcome=0 PP=0,0 trial=0 donut-ability=0
persistent PP=8,2 status=0,0
growth level/xp/item=8/399/0,8/709/0 stats maxHP/attack,maxHP/magic=30/20,26/13 foesHP=0,0
pattern trainer=0 turn=0 foePP=0,0 foeAtkDef=0,0 CarlAtk=0 foeLevel=0
support PP=0,0 Carl-defense=0 enemy-attack=0,0
party action uses=8,40 / 2,40
frame=22600 map=35.1 pos=7,2 flags=0
party=2 HP=30/30,26/26 battle=0 battlers=0 outcome=0 PP=0,0 trial=0 donut-ability=0
persistent PP=8,2 status=0,0
growth level/xp/item=8/399/0,8/709/0 stats maxHP/attack,maxHP/magic=30/20,26/13 foesHP=0,0
pattern trainer=0 turn=0 foePP=0,0 foeAtkDef=0,0 CarlAtk=0 foeLevel=0
support PP=0,0 Carl-defense=0 enemy-attack=0,0
party action uses=8,40 / 2,40
frame=22600 map=35.1 pos=7,2 flags=0
party=2 HP=30/30,26/26 battle=0 battlers=0 outcome=0 PP=0,0 trial=0 donut-ability=0
persistent PP=8,2 status=0,0
growth level/xp/item=8/399/0,8/709/0 stats maxHP/attack,maxHP/magic=30/20,26/13 foesHP=0,0
pattern trainer=0 turn=0 foePP=0,0 foeAtkDef=0,0 CarlAtk=0 foeLevel=0
support PP=0,0 Carl-defense=0 enemy-attack=0,0
party action uses=8,40 / 2,40
PASS expect 35 1 7 2 0
frame=22668 map=35.1 pos=7,6 flags=0
party=2 HP=30/30,26/26 battle=0 battlers=0 outcome=0 PP=0,0 trial=0 donut-ability=0
persistent PP=8,2 status=0,0
growth level/xp/item=8/399/0,8/709/0 stats maxHP/attack,maxHP/magic=30/20,26/13 foesHP=0,0
pattern trainer=0 turn=0 foePP=0,0 foeAtkDef=0,0 CarlAtk=0 foeLevel=0
support PP=0,0 Carl-defense=0 enemy-attack=0,0
party action uses=8,40 / 2,40
frame=22708 map=35.1 pos=7,6 flags=0
party=2 HP=30/30,26/26 battle=0 battlers=0 outcome=0 PP=0,0 trial=0 donut-ability=0
persistent PP=8,2 status=0,0
growth level/xp/item=8/399/0,8/709/0 stats maxHP/attack,maxHP/magic=30/20,26/13 foesHP=0,0
pattern trainer=0 turn=0 foePP=0,0 foeAtkDef=0,0 CarlAtk=0 foeLevel=0
support PP=0,0 Carl-defense=0 enemy-attack=0,0
party action uses=8,40 / 2,40
frame=22708 map=35.1 pos=7,6 flags=0
party=2 HP=30/30,26/26 battle=0 battlers=0 outcome=0 PP=0,0 trial=0 donut-ability=0
persistent PP=8,2 status=0,0
growth level/xp/item=8/399/0,8/709/0 stats maxHP/attack,maxHP/magic=30/20,26/13 foesHP=0,0
pattern trainer=0 turn=0 foePP=0,0 foeAtkDef=0,0 CarlAtk=0 foeLevel=0
support PP=0,0 Carl-defense=0 enemy-attack=0,0
party action uses=8,40 / 2,40
PASS expect 35 1 7 6 0
frame=22748 map=35.1 pos=7,6 flags=0
party=2 HP=30/30,26/26 battle=0 battlers=0 outcome=0 PP=0,0 trial=0 donut-ability=0
persistent PP=8,2 status=0,0
growth level/xp/item=8/399/0,8/709/0 stats maxHP/attack,maxHP/magic=30/20,26/13 foesHP=0,0
pattern trainer=0 turn=0 foePP=0,0 foeAtkDef=0,0 CarlAtk=0 foeLevel=0
support PP=0,0 Carl-defense=0 enemy-attack=0,0
party action uses=8,40 / 2,40
frame=22816 map=35.1 pos=7,2 flags=0
party=2 HP=30/30,26/26 battle=0 battlers=0 outcome=0 PP=0,0 trial=0 donut-ability=0
persistent PP=8,2 status=0,0
growth level/xp/item=8/399/0,8/709/0 stats maxHP/attack,maxHP/magic=30/20,26/13 foesHP=0,0
pattern trainer=0 turn=0 foePP=0,0 foeAtkDef=0,0 CarlAtk=0 foeLevel=0
support PP=0,0 Carl-defense=0 enemy-attack=0,0
party action uses=8,40 / 2,40
frame=22856 map=35.1 pos=7,2 flags=0
party=2 HP=30/30,26/26 battle=0 battlers=0 outcome=0 PP=0,0 trial=0 donut-ability=0
persistent PP=8,2 status=0,0
growth level/xp/item=8/399/0,8/709/0 stats maxHP/attack,maxHP/magic=30/20,26/13 foesHP=0,0
pattern trainer=0 turn=0 foePP=0,0 foeAtkDef=0,0 CarlAtk=0 foeLevel=0
support PP=0,0 Carl-defense=0 enemy-attack=0,0
party action uses=8,40 / 2,40
frame=22856 map=35.1 pos=7,2 flags=0
party=2 HP=30/30,26/26 battle=0 battlers=0 outcome=0 PP=0,0 trial=0 donut-ability=0
persistent PP=8,2 status=0,0
growth level/xp/item=8/399/0,8/709/0 stats maxHP/attack,maxHP/magic=30/20,26/13 foesHP=0,0
pattern trainer=0 turn=0 foePP=0,0 foeAtkDef=0,0 CarlAtk=0 foeLevel=0
support PP=0,0 Carl-defense=0 enemy-attack=0,0
party action uses=8,40 / 2,40
PASS expect 35 1 7 2 0
frame=22892 map=35.1 pos=9,2 flags=0
party=2 HP=30/30,26/26 battle=0 battlers=0 outcome=0 PP=0,0 trial=0 donut-ability=0
persistent PP=8,2 status=0,0
growth level/xp/item=8/399/0,8/709/0 stats maxHP/attack,maxHP/magic=30/20,26/13 foesHP=0,0
pattern trainer=0 turn=0 foePP=0,0 foeAtkDef=0,0 CarlAtk=0 foeLevel=0
support PP=0,0 Carl-defense=0 enemy-attack=0,0
party action uses=8,40 / 2,40
frame=22932 map=35.1 pos=9,2 flags=0
party=2 HP=30/30,26/26 battle=0 battlers=0 outcome=0 PP=0,0 trial=0 donut-ability=0
persistent PP=8,2 status=0,0
growth level/xp/item=8/399/0,8/709/0 stats maxHP/attack,maxHP/magic=30/20,26/13 foesHP=0,0
pattern trainer=0 turn=0 foePP=0,0 foeAtkDef=0,0 CarlAtk=0 foeLevel=0
support PP=0,0 Carl-defense=0 enemy-attack=0,0
party action uses=8,40 / 2,40
frame=22932 map=35.1 pos=9,2 flags=0
party=2 HP=30/30,26/26 battle=0 battlers=0 outcome=0 PP=0,0 trial=0 donut-ability=0
persistent PP=8,2 status=0,0
growth level/xp/item=8/399/0,8/709/0 stats maxHP/attack,maxHP/magic=30/20,26/13 foesHP=0,0
pattern trainer=0 turn=0 foePP=0,0 foeAtkDef=0,0 CarlAtk=0 foeLevel=0
support PP=0,0 Carl-defense=0 enemy-attack=0,0
party action uses=8,40 / 2,40
PASS expect 35 1 9 2 0
frame=23016 map=35.1 pos=9,7 flags=0
party=2 HP=30/30,26/26 battle=0 battlers=0 outcome=0 PP=0,0 trial=0 donut-ability=0
persistent PP=8,2 status=0,0
growth level/xp/item=8/399/0,8/709/0 stats maxHP/attack,maxHP/magic=30/20,26/13 foesHP=0,0
pattern trainer=0 turn=0 foePP=0,0 foeAtkDef=0,0 CarlAtk=0 foeLevel=0
support PP=0,0 Carl-defense=0 enemy-attack=0,0
party action uses=8,40 / 2,40
frame=23056 map=35.1 pos=9,7 flags=0
party=2 HP=30/30,26/26 battle=0 battlers=0 outcome=0 PP=0,0 trial=0 donut-ability=0
persistent PP=8,2 status=0,0
growth level/xp/item=8/399/0,8/709/0 stats maxHP/attack,maxHP/magic=30/20,26/13 foesHP=0,0
pattern trainer=0 turn=0 foePP=0,0 foeAtkDef=0,0 CarlAtk=0 foeLevel=0
support PP=0,0 Carl-defense=0 enemy-attack=0,0
party action uses=8,40 / 2,40
frame=23056 map=35.1 pos=9,7 flags=0
party=2 HP=30/30,26/26 battle=0 battlers=0 outcome=0 PP=0,0 trial=0 donut-ability=0
persistent PP=8,2 status=0,0
growth level/xp/item=8/399/0,8/709/0 stats maxHP/attack,maxHP/magic=30/20,26/13 foesHP=0,0
pattern trainer=0 turn=0 foePP=0,0 foeAtkDef=0,0 CarlAtk=0 foeLevel=0
support PP=0,0 Carl-defense=0 enemy-attack=0,0
party action uses=8,40 / 2,40
PASS expect 35 1 9 7 0
frame=23124 map=35.1 pos=13,7 flags=0
party=2 HP=30/30,26/26 battle=0 battlers=0 outcome=0 PP=0,0 trial=0 donut-ability=0
persistent PP=8,2 status=0,0
growth level/xp/item=8/399/0,8/709/0 stats maxHP/attack,maxHP/magic=30/20,26/13 foesHP=0,0
pattern trainer=0 turn=0 foePP=0,0 foeAtkDef=0,0 CarlAtk=0 foeLevel=0
support PP=0,0 Carl-defense=0 enemy-attack=0,0
party action uses=8,40 / 2,40
frame=23164 map=35.1 pos=13,7 flags=0
party=2 HP=30/30,26/26 battle=0 battlers=0 outcome=0 PP=0,0 trial=0 donut-ability=0
persistent PP=8,2 status=0,0
growth level/xp/item=8/399/0,8/709/0 stats maxHP/attack,maxHP/magic=30/20,26/13 foesHP=0,0
pattern trainer=0 turn=0 foePP=0,0 foeAtkDef=0,0 CarlAtk=0 foeLevel=0
support PP=0,0 Carl-defense=0 enemy-attack=0,0
party action uses=8,40 / 2,40
frame=23164 map=35.1 pos=13,7 flags=0
party=2 HP=30/30,26/26 battle=0 battlers=0 outcome=0 PP=0,0 trial=0 donut-ability=0
persistent PP=8,2 status=0,0
growth level/xp/item=8/399/0,8/709/0 stats maxHP/attack,maxHP/magic=30/20,26/13 foesHP=0,0
pattern trainer=0 turn=0 foePP=0,0 foeAtkDef=0,0 CarlAtk=0 foeLevel=0
support PP=0,0 Carl-defense=0 enemy-attack=0,0
party action uses=8,40 / 2,40
PASS expect 35 1 13 7 0
frame=23204 map=35.1 pos=13,7 flags=0
party=2 HP=30/30,26/26 battle=0 battlers=0 outcome=0 PP=0,0 trial=0 donut-ability=0
persistent PP=8,2 status=0,0
growth level/xp/item=8/399/0,8/709/0 stats maxHP/attack,maxHP/magic=30/20,26/13 foesHP=0,0
pattern trainer=0 turn=0 foePP=0,0 foeAtkDef=0,0 CarlAtk=0 foeLevel=0
support PP=0,0 Carl-defense=0 enemy-attack=0,0
party action uses=8,40 / 2,40
frame=23272 map=35.1 pos=9,7 flags=0
party=2 HP=30/30,26/26 battle=0 battlers=0 outcome=0 PP=0,0 trial=0 donut-ability=0
persistent PP=8,2 status=0,0
growth level/xp/item=8/399/0,8/709/0 stats maxHP/attack,maxHP/magic=30/20,26/13 foesHP=0,0
pattern trainer=0 turn=0 foePP=0,0 foeAtkDef=0,0 CarlAtk=0 foeLevel=0
support PP=0,0 Carl-defense=0 enemy-attack=0,0
party action uses=8,40 / 2,40
frame=23312 map=35.1 pos=9,7 flags=0
party=2 HP=30/30,26/26 battle=0 battlers=0 outcome=0 PP=0,0 trial=0 donut-ability=0
persistent PP=8,2 status=0,0
growth level/xp/item=8/399/0,8/709/0 stats maxHP/attack,maxHP/magic=30/20,26/13 foesHP=0,0
pattern trainer=0 turn=0 foePP=0,0 foeAtkDef=0,0 CarlAtk=0 foeLevel=0
support PP=0,0 Carl-defense=0 enemy-attack=0,0
party action uses=8,40 / 2,40
frame=23312 map=35.1 pos=9,7 flags=0
party=2 HP=30/30,26/26 battle=0 battlers=0 outcome=0 PP=0,0 trial=0 donut-ability=0
persistent PP=8,2 status=0,0
growth level/xp/item=8/399/0,8/709/0 stats maxHP/attack,maxHP/magic=30/20,26/13 foesHP=0,0
pattern trainer=0 turn=0 foePP=0,0 foeAtkDef=0,0 CarlAtk=0 foeLevel=0
support PP=0,0 Carl-defense=0 enemy-attack=0,0
party action uses=8,40 / 2,40
PASS expect 35 1 9 7 0
frame=23332 map=35.1 pos=10,7 flags=0
party=2 HP=30/30,26/26 battle=0 battlers=0 outcome=0 PP=0,0 trial=0 donut-ability=0
persistent PP=8,2 status=0,0
growth level/xp/item=8/399/0,8/709/0 stats maxHP/attack,maxHP/magic=30/20,26/13 foesHP=0,0
pattern trainer=0 turn=0 foePP=0,0 foeAtkDef=0,0 CarlAtk=0 foeLevel=0
support PP=0,0 Carl-defense=0 enemy-attack=0,0
party action uses=8,40 / 2,40
frame=23372 map=35.1 pos=10,7 flags=0
party=2 HP=30/30,26/26 battle=0 battlers=0 outcome=0 PP=0,0 trial=0 donut-ability=0
persistent PP=8,2 status=0,0
growth level/xp/item=8/399/0,8/709/0 stats maxHP/attack,maxHP/magic=30/20,26/13 foesHP=0,0
pattern trainer=0 turn=0 foePP=0,0 foeAtkDef=0,0 CarlAtk=0 foeLevel=0
support PP=0,0 Carl-defense=0 enemy-attack=0,0
party action uses=8,40 / 2,40
frame=23372 map=35.1 pos=10,7 flags=0
party=2 HP=30/30,26/26 battle=0 battlers=0 outcome=0 PP=0,0 trial=0 donut-ability=0
persistent PP=8,2 status=0,0
growth level/xp/item=8/399/0,8/709/0 stats maxHP/attack,maxHP/magic=30/20,26/13 foesHP=0,0
pattern trainer=0 turn=0 foePP=0,0 foeAtkDef=0,0 CarlAtk=0 foeLevel=0
support PP=0,0 Carl-defense=0 enemy-attack=0,0
party action uses=8,40 / 2,40
PASS expect 35 1 10 7 0
frame=23520 map=35.1 pos=10,7 flags=0
party=2 HP=30/30,26/26 battle=0 battlers=0 outcome=0 PP=0,0 trial=0 donut-ability=0
persistent PP=8,2 status=0,0
growth level/xp/item=8/399/0,8/709/0 stats maxHP/attack,maxHP/magic=30/20,26/13 foesHP=0,0
pattern trainer=0 turn=0 foePP=0,0 foeAtkDef=0,0 CarlAtk=0 foeLevel=0
support PP=0,0 Carl-defense=0 enemy-attack=0,0
party action uses=8,40 / 2,40
frame=23560 map=35.1 pos=10,7 flags=0
party=2 HP=30/30,26/26 battle=0 battlers=0 outcome=0 PP=0,0 trial=0 donut-ability=0
persistent PP=8,2 status=0,0
growth level/xp/item=8/399/0,8/709/0 stats maxHP/attack,maxHP/magic=30/20,26/13 foesHP=0,0
pattern trainer=0 turn=0 foePP=0,0 foeAtkDef=0,0 CarlAtk=0 foeLevel=0
support PP=0,0 Carl-defense=0 enemy-attack=0,0
party action uses=8,40 / 2,40
frame=23560 map=35.1 pos=10,7 flags=0
party=2 HP=30/30,26/26 battle=0 battlers=0 outcome=0 PP=0,0 trial=0 donut-ability=0
persistent PP=8,2 status=0,0
growth level/xp/item=8/399/0,8/709/0 stats maxHP/attack,maxHP/magic=30/20,26/13 foesHP=0,0
pattern trainer=0 turn=0 foePP=0,0 foeAtkDef=0,0 CarlAtk=0 foeLevel=0
support PP=0,0 Carl-defense=0 enemy-attack=0,0
party action uses=8,40 / 2,40
PASS expect 35 1 10 7 0
frame=23628 map=35.1 pos=10,3 flags=0
party=2 HP=30/30,26/26 battle=0 battlers=0 outcome=0 PP=0,0 trial=0 donut-ability=0
persistent PP=8,2 status=0,0
growth level/xp/item=8/399/0,8/709/0 stats maxHP/attack,maxHP/magic=30/20,26/13 foesHP=0,0
pattern trainer=0 turn=0 foePP=0,0 foeAtkDef=0,0 CarlAtk=0 foeLevel=0
support PP=0,0 Carl-defense=0 enemy-attack=0,0
party action uses=8,40 / 2,40
frame=23668 map=35.1 pos=10,3 flags=0
party=2 HP=30/30,26/26 battle=0 battlers=0 outcome=0 PP=0,0 trial=0 donut-ability=0
persistent PP=8,2 status=0,0
growth level/xp/item=8/399/0,8/709/0 stats maxHP/attack,maxHP/magic=30/20,26/13 foesHP=0,0
pattern trainer=0 turn=0 foePP=0,0 foeAtkDef=0,0 CarlAtk=0 foeLevel=0
support PP=0,0 Carl-defense=0 enemy-attack=0,0
party action uses=8,40 / 2,40
frame=23668 map=35.1 pos=10,3 flags=0
party=2 HP=30/30,26/26 battle=0 battlers=0 outcome=0 PP=0,0 trial=0 donut-ability=0
persistent PP=8,2 status=0,0
growth level/xp/item=8/399/0,8/709/0 stats maxHP/attack,maxHP/magic=30/20,26/13 foesHP=0,0
pattern trainer=0 turn=0 foePP=0,0 foeAtkDef=0,0 CarlAtk=0 foeLevel=0
support PP=0,0 Carl-defense=0 enemy-attack=0,0
party action uses=8,40 / 2,40
PASS expect 35 1 10 3 0
frame=23768 map=35.1 pos=4,3 flags=0
party=2 HP=30/30,26/26 battle=0 battlers=0 outcome=0 PP=0,0 trial=0 donut-ability=0
persistent PP=8,2 status=0,0
growth level/xp/item=8/399/0,8/709/0 stats maxHP/attack,maxHP/magic=30/20,26/13 foesHP=0,0
pattern trainer=0 turn=0 foePP=0,0 foeAtkDef=0,0 CarlAtk=0 foeLevel=0
support PP=0,0 Carl-defense=0 enemy-attack=0,0
party action uses=8,40 / 2,40
frame=23808 map=35.0 pos=37,26 flags=0
party=2 HP=30/30,26/26 battle=0 battlers=0 outcome=0 PP=0,0 trial=0 donut-ability=0
persistent PP=8,2 status=0,0
growth level/xp/item=8/399/0,8/709/0 stats maxHP/attack,maxHP/magic=30/20,26/13 foesHP=0,0
pattern trainer=0 turn=0 foePP=0,0 foeAtkDef=0,0 CarlAtk=0 foeLevel=0
support PP=0,0 Carl-defense=0 enemy-attack=0,0
party action uses=8,40 / 2,40
frame=24108 map=35.0 pos=37,26 flags=0
party=2 HP=30/30,26/26 battle=0 battlers=0 outcome=0 PP=0,0 trial=0 donut-ability=0
persistent PP=8,2 status=0,0
growth level/xp/item=8/399/0,8/709/0 stats maxHP/attack,maxHP/magic=30/20,26/13 foesHP=0,0
pattern trainer=0 turn=0 foePP=0,0 foeAtkDef=0,0 CarlAtk=0 foeLevel=0
support PP=0,0 Carl-defense=0 enemy-attack=0,0
party action uses=8,40 / 2,40
frame=24108 map=35.0 pos=37,26 flags=0
party=2 HP=30/30,26/26 battle=0 battlers=0 outcome=0 PP=0,0 trial=0 donut-ability=0
persistent PP=8,2 status=0,0
growth level/xp/item=8/399/0,8/709/0 stats maxHP/attack,maxHP/magic=30/20,26/13 foesHP=0,0
pattern trainer=0 turn=0 foePP=0,0 foeAtkDef=0,0 CarlAtk=0 foeLevel=0
support PP=0,0 Carl-defense=0 enemy-attack=0,0
party action uses=8,40 / 2,40
PASS expect 35 0 37 26 0
frame=24224 map=35.0 pos=44,26 flags=0
party=2 HP=30/30,26/26 battle=0 battlers=0 outcome=0 PP=0,0 trial=0 donut-ability=0
persistent PP=8,2 status=0,0
growth level/xp/item=8/399/0,8/709/0 stats maxHP/attack,maxHP/magic=30/20,26/13 foesHP=0,0
pattern trainer=0 turn=0 foePP=0,0 foeAtkDef=0,0 CarlAtk=0 foeLevel=0
support PP=0,0 Carl-defense=0 enemy-attack=0,0
party action uses=8,40 / 2,40
frame=24264 map=35.0 pos=44,26 flags=0
party=2 HP=30/30,26/26 battle=0 battlers=0 outcome=0 PP=0,0 trial=0 donut-ability=0
persistent PP=8,2 status=0,0
growth level/xp/item=8/399/0,8/709/0 stats maxHP/attack,maxHP/magic=30/20,26/13 foesHP=0,0
pattern trainer=0 turn=0 foePP=0,0 foeAtkDef=0,0 CarlAtk=0 foeLevel=0
support PP=0,0 Carl-defense=0 enemy-attack=0,0
party action uses=8,40 / 2,40
frame=24264 map=35.0 pos=44,26 flags=0
party=2 HP=30/30,26/26 battle=0 battlers=0 outcome=0 PP=0,0 trial=0 donut-ability=0
persistent PP=8,2 status=0,0
growth level/xp/item=8/399/0,8/709/0 stats maxHP/attack,maxHP/magic=30/20,26/13 foesHP=0,0
pattern trainer=0 turn=0 foePP=0,0 foeAtkDef=0,0 CarlAtk=0 foeLevel=0
support PP=0,0 Carl-defense=0 enemy-attack=0,0
party action uses=8,40 / 2,40
PASS expect 35 0 44 26 0
frame=24412 map=35.0 pos=44,17 flags=0
party=2 HP=30/30,26/26 battle=0 battlers=0 outcome=0 PP=0,0 trial=0 donut-ability=0
persistent PP=8,2 status=0,0
growth level/xp/item=8/399/0,8/709/0 stats maxHP/attack,maxHP/magic=30/20,26/13 foesHP=0,0
pattern trainer=0 turn=0 foePP=0,0 foeAtkDef=0,0 CarlAtk=0 foeLevel=0
support PP=0,0 Carl-defense=0 enemy-attack=0,0
party action uses=8,40 / 2,40
frame=24452 map=35.0 pos=44,17 flags=0
party=2 HP=30/30,26/26 battle=0 battlers=0 outcome=0 PP=0,0 trial=0 donut-ability=0
persistent PP=8,2 status=0,0
growth level/xp/item=8/399/0,8/709/0 stats maxHP/attack,maxHP/magic=30/20,26/13 foesHP=0,0
pattern trainer=0 turn=0 foePP=0,0 foeAtkDef=0,0 CarlAtk=0 foeLevel=0
support PP=0,0 Carl-defense=0 enemy-attack=0,0
party action uses=8,40 / 2,40
frame=24452 map=35.0 pos=44,17 flags=0
party=2 HP=30/30,26/26 battle=0 battlers=0 outcome=0 PP=0,0 trial=0 donut-ability=0
persistent PP=8,2 status=0,0
growth level/xp/item=8/399/0,8/709/0 stats maxHP/attack,maxHP/magic=30/20,26/13 foesHP=0,0
pattern trainer=0 turn=0 foePP=0,0 foeAtkDef=0,0 CarlAtk=0 foeLevel=0
support PP=0,0 Carl-defense=0 enemy-attack=0,0
party action uses=8,40 / 2,40
PASS expect 35 0 44 17 0
frame=24472 map=35.0 pos=45,17 flags=0
party=2 HP=30/30,26/26 battle=0 battlers=0 outcome=0 PP=0,0 trial=0 donut-ability=0
persistent PP=8,2 status=0,0
growth level/xp/item=8/399/0,8/709/0 stats maxHP/attack,maxHP/magic=30/20,26/13 foesHP=0,0
pattern trainer=0 turn=0 foePP=0,0 foeAtkDef=0,0 CarlAtk=0 foeLevel=0
support PP=0,0 Carl-defense=0 enemy-attack=0,0
party action uses=8,40 / 2,40
frame=24512 map=35.2 pos=4,3 flags=0
party=2 HP=30/30,26/26 battle=0 battlers=0 outcome=0 PP=0,0 trial=0 donut-ability=0
persistent PP=8,2 status=0,0
growth level/xp/item=8/399/0,8/709/0 stats maxHP/attack,maxHP/magic=30/20,26/13 foesHP=0,0
pattern trainer=0 turn=0 foePP=0,0 foeAtkDef=0,0 CarlAtk=0 foeLevel=0
support PP=0,0 Carl-defense=0 enemy-attack=0,0
party action uses=8,40 / 2,40
frame=24812 map=35.2 pos=4,3 flags=0
party=2 HP=30/30,26/26 battle=0 battlers=0 outcome=0 PP=0,0 trial=0 donut-ability=0
persistent PP=8,2 status=0,0
growth level/xp/item=8/399/0,8/709/0 stats maxHP/attack,maxHP/magic=30/20,26/13 foesHP=0,0
pattern trainer=0 turn=0 foePP=0,0 foeAtkDef=0,0 CarlAtk=0 foeLevel=0
support PP=0,0 Carl-defense=0 enemy-attack=0,0
party action uses=8,40 / 2,40
frame=24812 map=35.2 pos=4,3 flags=0
party=2 HP=30/30,26/26 battle=0 battlers=0 outcome=0 PP=0,0 trial=0 donut-ability=0
persistent PP=8,2 status=0,0
growth level/xp/item=8/399/0,8/709/0 stats maxHP/attack,maxHP/magic=30/20,26/13 foesHP=0,0
pattern trainer=0 turn=0 foePP=0,0 foeAtkDef=0,0 CarlAtk=0 foeLevel=0
support PP=0,0 Carl-defense=0 enemy-attack=0,0
party action uses=8,40 / 2,40
PASS expect 35 2 4 3 0
frame=24832 map=35.2 pos=4,4 flags=0
party=2 HP=30/30,26/26 battle=0 battlers=0 outcome=0 PP=0,0 trial=0 donut-ability=0
persistent PP=8,2 status=0,0
growth level/xp/item=8/399/0,8/709/0 stats maxHP/attack,maxHP/magic=30/20,26/13 foesHP=0,0
pattern trainer=0 turn=0 foePP=0,0 foeAtkDef=0,0 CarlAtk=0 foeLevel=0
support PP=0,0 Carl-defense=0 enemy-attack=0,0
party action uses=8,40 / 2,40
frame=24872 map=35.2 pos=4,4 flags=0
party=2 HP=30/30,26/26 battle=0 battlers=0 outcome=0 PP=0,0 trial=0 donut-ability=0
persistent PP=8,2 status=0,0
growth level/xp/item=8/399/0,8/709/0 stats maxHP/attack,maxHP/magic=30/20,26/13 foesHP=0,0
pattern trainer=0 turn=0 foePP=0,0 foeAtkDef=0,0 CarlAtk=0 foeLevel=0
support PP=0,0 Carl-defense=0 enemy-attack=0,0
party action uses=8,40 / 2,40
frame=24872 map=35.2 pos=4,4 flags=0
party=2 HP=30/30,26/26 battle=0 battlers=0 outcome=0 PP=0,0 trial=0 donut-ability=0
persistent PP=8,2 status=0,0
growth level/xp/item=8/399/0,8/709/0 stats maxHP/attack,maxHP/magic=30/20,26/13 foesHP=0,0
pattern trainer=0 turn=0 foePP=0,0 foeAtkDef=0,0 CarlAtk=0 foeLevel=0
support PP=0,0 Carl-defense=0 enemy-attack=0,0
party action uses=8,40 / 2,40
PASS expect 35 2 4 4 0
frame=24908 map=35.2 pos=2,4 flags=0
party=2 HP=30/30,26/26 battle=0 battlers=0 outcome=0 PP=0,0 trial=0 donut-ability=0
persistent PP=8,2 status=0,0
growth level/xp/item=8/399/0,8/709/0 stats maxHP/attack,maxHP/magic=30/20,26/13 foesHP=0,0
pattern trainer=0 turn=0 foePP=0,0 foeAtkDef=0,0 CarlAtk=0 foeLevel=0
support PP=0,0 Carl-defense=0 enemy-attack=0,0
party action uses=8,40 / 2,40
frame=24948 map=35.2 pos=2,4 flags=0
party=2 HP=30/30,26/26 battle=0 battlers=0 outcome=0 PP=0,0 trial=0 donut-ability=0
persistent PP=8,2 status=0,0
growth level/xp/item=8/399/0,8/709/0 stats maxHP/attack,maxHP/magic=30/20,26/13 foesHP=0,0
pattern trainer=0 turn=0 foePP=0,0 foeAtkDef=0,0 CarlAtk=0 foeLevel=0
support PP=0,0 Carl-defense=0 enemy-attack=0,0
party action uses=8,40 / 2,40
frame=24948 map=35.2 pos=2,4 flags=0
party=2 HP=30/30,26/26 battle=0 battlers=0 outcome=0 PP=0,0 trial=0 donut-ability=0
persistent PP=8,2 status=0,0
growth level/xp/item=8/399/0,8/709/0 stats maxHP/attack,maxHP/magic=30/20,26/13 foesHP=0,0
pattern trainer=0 turn=0 foePP=0,0 foeAtkDef=0,0 CarlAtk=0 foeLevel=0
support PP=0,0 Carl-defense=0 enemy-attack=0,0
party action uses=8,40 / 2,40
PASS expect 35 2 2 4 0
frame=25016 map=35.2 pos=6,4 flags=0
party=2 HP=30/30,26/26 battle=0 battlers=0 outcome=0 PP=0,0 trial=0 donut-ability=0
persistent PP=8,2 status=0,0
growth level/xp/item=8/399/0,8/709/0 stats maxHP/attack,maxHP/magic=30/20,26/13 foesHP=0,0
pattern trainer=0 turn=0 foePP=0,0 foeAtkDef=0,0 CarlAtk=0 foeLevel=0
support PP=0,0 Carl-defense=0 enemy-attack=0,0
party action uses=8,40 / 2,40
frame=25056 map=35.2 pos=6,4 flags=0
party=2 HP=30/30,26/26 battle=0 battlers=0 outcome=0 PP=0,0 trial=0 donut-ability=0
persistent PP=8,2 status=0,0
growth level/xp/item=8/399/0,8/709/0 stats maxHP/attack,maxHP/magic=30/20,26/13 foesHP=0,0
pattern trainer=0 turn=0 foePP=0,0 foeAtkDef=0,0 CarlAtk=0 foeLevel=0
support PP=0,0 Carl-defense=0 enemy-attack=0,0
party action uses=8,40 / 2,40
frame=25056 map=35.2 pos=6,4 flags=0
party=2 HP=30/30,26/26 battle=0 battlers=0 outcome=0 PP=0,0 trial=0 donut-ability=0
persistent PP=8,2 status=0,0
growth level/xp/item=8/399/0,8/709/0 stats maxHP/attack,maxHP/magic=30/20,26/13 foesHP=0,0
pattern trainer=0 turn=0 foePP=0,0 foeAtkDef=0,0 CarlAtk=0 foeLevel=0
support PP=0,0 Carl-defense=0 enemy-attack=0,0
party action uses=8,40 / 2,40
PASS expect 35 2 6 4 0
frame=25096 map=35.2 pos=6,4 flags=0
party=2 HP=30/30,26/26 battle=0 battlers=0 outcome=0 PP=0,0 trial=0 donut-ability=0
persistent PP=8,2 status=0,0
growth level/xp/item=8/399/0,8/709/0 stats maxHP/attack,maxHP/magic=30/20,26/13 foesHP=0,0
pattern trainer=0 turn=0 foePP=0,0 foeAtkDef=0,0 CarlAtk=0 foeLevel=0
support PP=0,0 Carl-defense=0 enemy-attack=0,0
party action uses=8,40 / 2,40
frame=25164 map=35.2 pos=2,4 flags=0
party=2 HP=30/30,26/26 battle=0 battlers=0 outcome=0 PP=0,0 trial=0 donut-ability=0
persistent PP=8,2 status=0,0
growth level/xp/item=8/399/0,8/709/0 stats maxHP/attack,maxHP/magic=30/20,26/13 foesHP=0,0
pattern trainer=0 turn=0 foePP=0,0 foeAtkDef=0,0 CarlAtk=0 foeLevel=0
support PP=0,0 Carl-defense=0 enemy-attack=0,0
party action uses=8,40 / 2,40
frame=25204 map=35.2 pos=2,4 flags=0
party=2 HP=30/30,26/26 battle=0 battlers=0 outcome=0 PP=0,0 trial=0 donut-ability=0
persistent PP=8,2 status=0,0
growth level/xp/item=8/399/0,8/709/0 stats maxHP/attack,maxHP/magic=30/20,26/13 foesHP=0,0
pattern trainer=0 turn=0 foePP=0,0 foeAtkDef=0,0 CarlAtk=0 foeLevel=0
support PP=0,0 Carl-defense=0 enemy-attack=0,0
party action uses=8,40 / 2,40
frame=25204 map=35.2 pos=2,4 flags=0
party=2 HP=30/30,26/26 battle=0 battlers=0 outcome=0 PP=0,0 trial=0 donut-ability=0
persistent PP=8,2 status=0,0
growth level/xp/item=8/399/0,8/709/0 stats maxHP/attack,maxHP/magic=30/20,26/13 foesHP=0,0
pattern trainer=0 turn=0 foePP=0,0 foeAtkDef=0,0 CarlAtk=0 foeLevel=0
support PP=0,0 Carl-defense=0 enemy-attack=0,0
party action uses=8,40 / 2,40
PASS expect 35 2 2 4 0
frame=25240 map=35.2 pos=2,2 flags=0
party=2 HP=30/30,26/26 battle=0 battlers=0 outcome=0 PP=0,0 trial=0 donut-ability=0
persistent PP=8,2 status=0,0
growth level/xp/item=8/399/0,8/709/0 stats maxHP/attack,maxHP/magic=30/20,26/13 foesHP=0,0
pattern trainer=0 turn=0 foePP=0,0 foeAtkDef=0,0 CarlAtk=0 foeLevel=0
support PP=0,0 Carl-defense=0 enemy-attack=0,0
party action uses=8,40 / 2,40
frame=25280 map=35.2 pos=2,2 flags=0
party=2 HP=30/30,26/26 battle=0 battlers=0 outcome=0 PP=0,0 trial=0 donut-ability=0
persistent PP=8,2 status=0,0
growth level/xp/item=8/399/0,8/709/0 stats maxHP/attack,maxHP/magic=30/20,26/13 foesHP=0,0
pattern trainer=0 turn=0 foePP=0,0 foeAtkDef=0,0 CarlAtk=0 foeLevel=0
support PP=0,0 Carl-defense=0 enemy-attack=0,0
party action uses=8,40 / 2,40
frame=25280 map=35.2 pos=2,2 flags=0
party=2 HP=30/30,26/26 battle=0 battlers=0 outcome=0 PP=0,0 trial=0 donut-ability=0
persistent PP=8,2 status=0,0
growth level/xp/item=8/399/0,8/709/0 stats maxHP/attack,maxHP/magic=30/20,26/13 foesHP=0,0
pattern trainer=0 turn=0 foePP=0,0 foeAtkDef=0,0 CarlAtk=0 foeLevel=0
support PP=0,0 Carl-defense=0 enemy-attack=0,0
party action uses=8,40 / 2,40
PASS expect 35 2 2 2 0
frame=25364 map=35.2 pos=7,2 flags=0
party=2 HP=30/30,26/26 battle=0 battlers=0 outcome=0 PP=0,0 trial=0 donut-ability=0
persistent PP=8,2 status=0,0
growth level/xp/item=8/399/0,8/709/0 stats maxHP/attack,maxHP/magic=30/20,26/13 foesHP=0,0
pattern trainer=0 turn=0 foePP=0,0 foeAtkDef=0,0 CarlAtk=0 foeLevel=0
support PP=0,0 Carl-defense=0 enemy-attack=0,0
party action uses=8,40 / 2,40
frame=25404 map=35.2 pos=7,2 flags=0
party=2 HP=30/30,26/26 battle=0 battlers=0 outcome=0 PP=0,0 trial=0 donut-ability=0
persistent PP=8,2 status=0,0
growth level/xp/item=8/399/0,8/709/0 stats maxHP/attack,maxHP/magic=30/20,26/13 foesHP=0,0
pattern trainer=0 turn=0 foePP=0,0 foeAtkDef=0,0 CarlAtk=0 foeLevel=0
support PP=0,0 Carl-defense=0 enemy-attack=0,0
party action uses=8,40 / 2,40
frame=25404 map=35.2 pos=7,2 flags=0
party=2 HP=30/30,26/26 battle=0 battlers=0 outcome=0 PP=0,0 trial=0 donut-ability=0
persistent PP=8,2 status=0,0
growth level/xp/item=8/399/0,8/709/0 stats maxHP/attack,maxHP/magic=30/20,26/13 foesHP=0,0
pattern trainer=0 turn=0 foePP=0,0 foeAtkDef=0,0 CarlAtk=0 foeLevel=0
support PP=0,0 Carl-defense=0 enemy-attack=0,0
party action uses=8,40 / 2,40
PASS expect 35 2 7 2 0
frame=25488 map=35.2 pos=7,7 flags=0
party=2 HP=30/30,26/26 battle=0 battlers=0 outcome=0 PP=0,0 trial=0 donut-ability=0
persistent PP=8,2 status=0,0
growth level/xp/item=8/399/0,8/709/0 stats maxHP/attack,maxHP/magic=30/20,26/13 foesHP=0,0
pattern trainer=0 turn=0 foePP=0,0 foeAtkDef=0,0 CarlAtk=0 foeLevel=0
support PP=0,0 Carl-defense=0 enemy-attack=0,0
party action uses=8,40 / 2,40
frame=25528 map=35.2 pos=7,7 flags=0
party=2 HP=30/30,26/26 battle=0 battlers=0 outcome=0 PP=0,0 trial=0 donut-ability=0
persistent PP=8,2 status=0,0
growth level/xp/item=8/399/0,8/709/0 stats maxHP/attack,maxHP/magic=30/20,26/13 foesHP=0,0
pattern trainer=0 turn=0 foePP=0,0 foeAtkDef=0,0 CarlAtk=0 foeLevel=0
support PP=0,0 Carl-defense=0 enemy-attack=0,0
party action uses=8,40 / 2,40
frame=25528 map=35.2 pos=7,7 flags=0
party=2 HP=30/30,26/26 battle=0 battlers=0 outcome=0 PP=0,0 trial=0 donut-ability=0
persistent PP=8,2 status=0,0
growth level/xp/item=8/399/0,8/709/0 stats maxHP/attack,maxHP/magic=30/20,26/13 foesHP=0,0
pattern trainer=0 turn=0 foePP=0,0 foeAtkDef=0,0 CarlAtk=0 foeLevel=0
support PP=0,0 Carl-defense=0 enemy-attack=0,0
party action uses=8,40 / 2,40
PASS expect 35 2 7 7 0
frame=25568 map=35.2 pos=7,7 flags=0
party=2 HP=30/30,26/26 battle=0 battlers=0 outcome=0 PP=0,0 trial=0 donut-ability=0
persistent PP=8,2 status=0,0
growth level/xp/item=8/399/0,8/709/0 stats maxHP/attack,maxHP/magic=30/20,26/13 foesHP=0,0
pattern trainer=0 turn=0 foePP=0,0 foeAtkDef=0,0 CarlAtk=0 foeLevel=0
support PP=0,0 Carl-defense=0 enemy-attack=0,0
party action uses=8,40 / 2,40
frame=25652 map=35.2 pos=7,2 flags=0
party=2 HP=30/30,26/26 battle=0 battlers=0 outcome=0 PP=0,0 trial=0 donut-ability=0
persistent PP=8,2 status=0,0
growth level/xp/item=8/399/0,8/709/0 stats maxHP/attack,maxHP/magic=30/20,26/13 foesHP=0,0
pattern trainer=0 turn=0 foePP=0,0 foeAtkDef=0,0 CarlAtk=0 foeLevel=0
support PP=0,0 Carl-defense=0 enemy-attack=0,0
party action uses=8,40 / 2,40
frame=25692 map=35.2 pos=7,2 flags=0
party=2 HP=30/30,26/26 battle=0 battlers=0 outcome=0 PP=0,0 trial=0 donut-ability=0
persistent PP=8,2 status=0,0
growth level/xp/item=8/399/0,8/709/0 stats maxHP/attack,maxHP/magic=30/20,26/13 foesHP=0,0
pattern trainer=0 turn=0 foePP=0,0 foeAtkDef=0,0 CarlAtk=0 foeLevel=0
support PP=0,0 Carl-defense=0 enemy-attack=0,0
party action uses=8,40 / 2,40
frame=25692 map=35.2 pos=7,2 flags=0
party=2 HP=30/30,26/26 battle=0 battlers=0 outcome=0 PP=0,0 trial=0 donut-ability=0
persistent PP=8,2 status=0,0
growth level/xp/item=8/399/0,8/709/0 stats maxHP/attack,maxHP/magic=30/20,26/13 foesHP=0,0
pattern trainer=0 turn=0 foePP=0,0 foeAtkDef=0,0 CarlAtk=0 foeLevel=0
support PP=0,0 Carl-defense=0 enemy-attack=0,0
party action uses=8,40 / 2,40
PASS expect 35 2 7 2 0
frame=25712 map=35.2 pos=8,2 flags=0
party=2 HP=30/30,26/26 battle=0 battlers=0 outcome=0 PP=0,0 trial=0 donut-ability=0
persistent PP=8,2 status=0,0
growth level/xp/item=8/399/0,8/709/0 stats maxHP/attack,maxHP/magic=30/20,26/13 foesHP=0,0
pattern trainer=0 turn=0 foePP=0,0 foeAtkDef=0,0 CarlAtk=0 foeLevel=0
support PP=0,0 Carl-defense=0 enemy-attack=0,0
party action uses=8,40 / 2,40
frame=25752 map=35.2 pos=8,2 flags=0
party=2 HP=30/30,26/26 battle=0 battlers=0 outcome=0 PP=0,0 trial=0 donut-ability=0
persistent PP=8,2 status=0,0
growth level/xp/item=8/399/0,8/709/0 stats maxHP/attack,maxHP/magic=30/20,26/13 foesHP=0,0
pattern trainer=0 turn=0 foePP=0,0 foeAtkDef=0,0 CarlAtk=0 foeLevel=0
support PP=0,0 Carl-defense=0 enemy-attack=0,0
party action uses=8,40 / 2,40
frame=25752 map=35.2 pos=8,2 flags=0
party=2 HP=30/30,26/26 battle=0 battlers=0 outcome=0 PP=0,0 trial=0 donut-ability=0
persistent PP=8,2 status=0,0
growth level/xp/item=8/399/0,8/709/0 stats maxHP/attack,maxHP/magic=30/20,26/13 foesHP=0,0
pattern trainer=0 turn=0 foePP=0,0 foeAtkDef=0,0 CarlAtk=0 foeLevel=0
support PP=0,0 Carl-defense=0 enemy-attack=0,0
party action uses=8,40 / 2,40
PASS expect 35 2 8 2 0
frame=25836 map=35.2 pos=8,7 flags=0
party=2 HP=30/30,26/26 battle=0 battlers=0 outcome=0 PP=0,0 trial=0 donut-ability=0
persistent PP=8,2 status=0,0
growth level/xp/item=8/399/0,8/709/0 stats maxHP/attack,maxHP/magic=30/20,26/13 foesHP=0,0
pattern trainer=0 turn=0 foePP=0,0 foeAtkDef=0,0 CarlAtk=0 foeLevel=0
support PP=0,0 Carl-defense=0 enemy-attack=0,0
party action uses=8,40 / 2,40
frame=25876 map=35.2 pos=8,7 flags=0
party=2 HP=30/30,26/26 battle=0 battlers=0 outcome=0 PP=0,0 trial=0 donut-ability=0
persistent PP=8,2 status=0,0
growth level/xp/item=8/399/0,8/709/0 stats maxHP/attack,maxHP/magic=30/20,26/13 foesHP=0,0
pattern trainer=0 turn=0 foePP=0,0 foeAtkDef=0,0 CarlAtk=0 foeLevel=0
support PP=0,0 Carl-defense=0 enemy-attack=0,0
party action uses=8,40 / 2,40
frame=25876 map=35.2 pos=8,7 flags=0
party=2 HP=30/30,26/26 battle=0 battlers=0 outcome=0 PP=0,0 trial=0 donut-ability=0
persistent PP=8,2 status=0,0
growth level/xp/item=8/399/0,8/709/0 stats maxHP/attack,maxHP/magic=30/20,26/13 foesHP=0,0
pattern trainer=0 turn=0 foePP=0,0 foeAtkDef=0,0 CarlAtk=0 foeLevel=0
support PP=0,0 Carl-defense=0 enemy-attack=0,0
party action uses=8,40 / 2,40
PASS expect 35 2 8 7 0
frame=26024 map=35.2 pos=8,7 flags=0
party=2 HP=30/30,26/26 battle=0 battlers=0 outcome=0 PP=0,0 trial=0 donut-ability=0
persistent PP=8,2 status=0,0
growth level/xp/item=8/399/0,8/709/0 stats maxHP/attack,maxHP/magic=30/20,26/13 foesHP=0,0
pattern trainer=0 turn=0 foePP=0,0 foeAtkDef=0,0 CarlAtk=0 foeLevel=0
support PP=0,0 Carl-defense=0 enemy-attack=0,0
party action uses=8,40 / 2,40
frame=26064 map=35.2 pos=8,7 flags=0
party=2 HP=30/30,26/26 battle=0 battlers=0 outcome=0 PP=0,0 trial=0 donut-ability=0
persistent PP=8,2 status=0,0
growth level/xp/item=8/399/0,8/709/0 stats maxHP/attack,maxHP/magic=30/20,26/13 foesHP=0,0
pattern trainer=0 turn=0 foePP=0,0 foeAtkDef=0,0 CarlAtk=0 foeLevel=0
support PP=0,0 Carl-defense=0 enemy-attack=0,0
party action uses=8,40 / 2,40
frame=26064 map=35.2 pos=8,7 flags=0
party=2 HP=30/30,26/26 battle=0 battlers=0 outcome=0 PP=0,0 trial=0 donut-ability=0
persistent PP=8,2 status=0,0
growth level/xp/item=8/399/0,8/709/0 stats maxHP/attack,maxHP/magic=30/20,26/13 foesHP=0,0
pattern trainer=0 turn=0 foePP=0,0 foeAtkDef=0,0 CarlAtk=0 foeLevel=0
support PP=0,0 Carl-defense=0 enemy-attack=0,0
party action uses=8,40 / 2,40
PASS expect 35 2 8 7 0
frame=26132 map=35.2 pos=8,3 flags=0
party=2 HP=30/30,26/26 battle=0 battlers=0 outcome=0 PP=0,0 trial=0 donut-ability=0
persistent PP=8,2 status=0,0
growth level/xp/item=8/399/0,8/709/0 stats maxHP/attack,maxHP/magic=30/20,26/13 foesHP=0,0
pattern trainer=0 turn=0 foePP=0,0 foeAtkDef=0,0 CarlAtk=0 foeLevel=0
support PP=0,0 Carl-defense=0 enemy-attack=0,0
party action uses=8,40 / 2,40
frame=26172 map=35.2 pos=8,3 flags=0
party=2 HP=30/30,26/26 battle=0 battlers=0 outcome=0 PP=0,0 trial=0 donut-ability=0
persistent PP=8,2 status=0,0
growth level/xp/item=8/399/0,8/709/0 stats maxHP/attack,maxHP/magic=30/20,26/13 foesHP=0,0
pattern trainer=0 turn=0 foePP=0,0 foeAtkDef=0,0 CarlAtk=0 foeLevel=0
support PP=0,0 Carl-defense=0 enemy-attack=0,0
party action uses=8,40 / 2,40
frame=26172 map=35.2 pos=8,3 flags=0
party=2 HP=30/30,26/26 battle=0 battlers=0 outcome=0 PP=0,0 trial=0 donut-ability=0
persistent PP=8,2 status=0,0
growth level/xp/item=8/399/0,8/709/0 stats maxHP/attack,maxHP/magic=30/20,26/13 foesHP=0,0
pattern trainer=0 turn=0 foePP=0,0 foeAtkDef=0,0 CarlAtk=0 foeLevel=0
support PP=0,0 Carl-defense=0 enemy-attack=0,0
party action uses=8,40 / 2,40
PASS expect 35 2 8 3 0
frame=26240 map=35.2 pos=4,3 flags=0
party=2 HP=30/30,26/26 battle=0 battlers=0 outcome=0 PP=0,0 trial=0 donut-ability=0
persistent PP=8,2 status=0,0
growth level/xp/item=8/399/0,8/709/0 stats maxHP/attack,maxHP/magic=30/20,26/13 foesHP=0,0
pattern trainer=0 turn=0 foePP=0,0 foeAtkDef=0,0 CarlAtk=0 foeLevel=0
support PP=0,0 Carl-defense=0 enemy-attack=0,0
party action uses=8,40 / 2,40
frame=26280 map=35.0 pos=45,17 flags=0
party=2 HP=30/30,26/26 battle=0 battlers=0 outcome=0 PP=0,0 trial=0 donut-ability=0
persistent PP=8,2 status=0,0
growth level/xp/item=8/399/0,8/709/0 stats maxHP/attack,maxHP/magic=30/20,26/13 foesHP=0,0
pattern trainer=0 turn=0 foePP=0,0 foeAtkDef=0,0 CarlAtk=0 foeLevel=0
support PP=0,0 Carl-defense=0 enemy-attack=0,0
party action uses=8,40 / 2,40
frame=26580 map=35.0 pos=45,17 flags=0
party=2 HP=30/30,26/26 battle=0 battlers=0 outcome=0 PP=0,0 trial=0 donut-ability=0
persistent PP=8,2 status=0,0
growth level/xp/item=8/399/0,8/709/0 stats maxHP/attack,maxHP/magic=30/20,26/13 foesHP=0,0
pattern trainer=0 turn=0 foePP=0,0 foeAtkDef=0,0 CarlAtk=0 foeLevel=0
support PP=0,0 Carl-defense=0 enemy-attack=0,0
party action uses=8,40 / 2,40
frame=26580 map=35.0 pos=45,17 flags=0
party=2 HP=30/30,26/26 battle=0 battlers=0 outcome=0 PP=0,0 trial=0 donut-ability=0
persistent PP=8,2 status=0,0
growth level/xp/item=8/399/0,8/709/0 stats maxHP/attack,maxHP/magic=30/20,26/13 foesHP=0,0
pattern trainer=0 turn=0 foePP=0,0 foeAtkDef=0,0 CarlAtk=0 foeLevel=0
support PP=0,0 Carl-defense=0 enemy-attack=0,0
party action uses=8,40 / 2,40
PASS expect 35 0 45 17 0
frame=26728 map=35.0 pos=45,26 flags=0
party=2 HP=30/30,26/26 battle=0 battlers=0 outcome=0 PP=0,0 trial=0 donut-ability=0
persistent PP=8,2 status=0,0
growth level/xp/item=8/399/0,8/709/0 stats maxHP/attack,maxHP/magic=30/20,26/13 foesHP=0,0
pattern trainer=0 turn=0 foePP=0,0 foeAtkDef=0,0 CarlAtk=0 foeLevel=0
support PP=0,0 Carl-defense=0 enemy-attack=0,0
party action uses=8,40 / 2,40
frame=26768 map=35.0 pos=45,26 flags=0
party=2 HP=30/30,26/26 battle=0 battlers=0 outcome=0 PP=0,0 trial=0 donut-ability=0
persistent PP=8,2 status=0,0
growth level/xp/item=8/399/0,8/709/0 stats maxHP/attack,maxHP/magic=30/20,26/13 foesHP=0,0
pattern trainer=0 turn=0 foePP=0,0 foeAtkDef=0,0 CarlAtk=0 foeLevel=0
support PP=0,0 Carl-defense=0 enemy-attack=0,0
party action uses=8,40 / 2,40
frame=26768 map=35.0 pos=45,26 flags=0
party=2 HP=30/30,26/26 battle=0 battlers=0 outcome=0 PP=0,0 trial=0 donut-ability=0
persistent PP=8,2 status=0,0
growth level/xp/item=8/399/0,8/709/0 stats maxHP/attack,maxHP/magic=30/20,26/13 foesHP=0,0
pattern trainer=0 turn=0 foePP=0,0 foeAtkDef=0,0 CarlAtk=0 foeLevel=0
support PP=0,0 Carl-defense=0 enemy-attack=0,0
party action uses=8,40 / 2,40
PASS expect 35 0 45 26 0
frame=26900 map=35.0 pos=37,26 flags=0
party=2 HP=30/30,26/26 battle=0 battlers=0 outcome=0 PP=0,0 trial=0 donut-ability=0
persistent PP=8,2 status=0,0
growth level/xp/item=8/399/0,8/709/0 stats maxHP/attack,maxHP/magic=30/20,26/13 foesHP=0,0
pattern trainer=0 turn=0 foePP=0,0 foeAtkDef=0,0 CarlAtk=0 foeLevel=0
support PP=0,0 Carl-defense=0 enemy-attack=0,0
party action uses=8,40 / 2,40
frame=26940 map=35.1 pos=4,3 flags=0
party=2 HP=30/30,26/26 battle=0 battlers=0 outcome=0 PP=0,0 trial=0 donut-ability=0
persistent PP=8,2 status=0,0
growth level/xp/item=8/399/0,8/709/0 stats maxHP/attack,maxHP/magic=30/20,26/13 foesHP=0,0
pattern trainer=0 turn=0 foePP=0,0 foeAtkDef=0,0 CarlAtk=0 foeLevel=0
support PP=0,0 Carl-defense=0 enemy-attack=0,0
party action uses=8,40 / 2,40
frame=27240 map=35.1 pos=4,3 flags=0
party=2 HP=30/30,26/26 battle=0 battlers=0 outcome=0 PP=0,0 trial=0 donut-ability=0
persistent PP=8,2 status=0,0
growth level/xp/item=8/399/0,8/709/0 stats maxHP/attack,maxHP/magic=30/20,26/13 foesHP=0,0
pattern trainer=0 turn=0 foePP=0,0 foeAtkDef=0,0 CarlAtk=0 foeLevel=0
support PP=0,0 Carl-defense=0 enemy-attack=0,0
party action uses=8,40 / 2,40
frame=27240 map=35.1 pos=4,3 flags=0
party=2 HP=30/30,26/26 battle=0 battlers=0 outcome=0 PP=0,0 trial=0 donut-ability=0
persistent PP=8,2 status=0,0
growth level/xp/item=8/399/0,8/709/0 stats maxHP/attack,maxHP/magic=30/20,26/13 foesHP=0,0
pattern trainer=0 turn=0 foePP=0,0 foeAtkDef=0,0 CarlAtk=0 foeLevel=0
support PP=0,0 Carl-defense=0 enemy-attack=0,0
party action uses=8,40 / 2,40
PASS expect 35 1 4 3 0
frame=27280 map=35.1 pos=4,3 flags=0
party=2 HP=30/30,26/26 battle=0 battlers=0 outcome=0 PP=0,0 trial=0 donut-ability=0
persistent PP=8,2 status=0,0
growth level/xp/item=8/399/0,8/709/0 stats maxHP/attack,maxHP/magic=30/20,26/13 foesHP=0,0
pattern trainer=0 turn=0 foePP=0,0 foeAtkDef=0,0 CarlAtk=0 foeLevel=0
support PP=0,0 Carl-defense=0 enemy-attack=0,0
party action uses=8,40 / 2,40
frame=27316 map=35.1 pos=4,5 flags=0
party=2 HP=30/30,26/26 battle=0 battlers=0 outcome=0 PP=0,0 trial=0 donut-ability=0
persistent PP=8,2 status=0,0
growth level/xp/item=8/399/0,8/709/0 stats maxHP/attack,maxHP/magic=30/20,26/13 foesHP=0,0
pattern trainer=0 turn=0 foePP=0,0 foeAtkDef=0,0 CarlAtk=0 foeLevel=0
support PP=0,0 Carl-defense=0 enemy-attack=0,0
party action uses=8,40 / 2,40
frame=27356 map=35.1 pos=4,5 flags=0
party=2 HP=30/30,26/26 battle=0 battlers=0 outcome=0 PP=0,0 trial=0 donut-ability=0
persistent PP=8,2 status=0,0
growth level/xp/item=8/399/0,8/709/0 stats maxHP/attack,maxHP/magic=30/20,26/13 foesHP=0,0
pattern trainer=0 turn=0 foePP=0,0 foeAtkDef=0,0 CarlAtk=0 foeLevel=0
support PP=0,0 Carl-defense=0 enemy-attack=0,0
party action uses=8,40 / 2,40
frame=27356 map=35.1 pos=4,5 flags=0
party=2 HP=30/30,26/26 battle=0 battlers=0 outcome=0 PP=0,0 trial=0 donut-ability=0
persistent PP=8,2 status=0,0
growth level/xp/item=8/399/0,8/709/0 stats maxHP/attack,maxHP/magic=30/20,26/13 foesHP=0,0
pattern trainer=0 turn=0 foePP=0,0 foeAtkDef=0,0 CarlAtk=0 foeLevel=0
support PP=0,0 Carl-defense=0 enemy-attack=0,0
party action uses=8,40 / 2,40
PASS expect 35 1 4 5 0
frame=27396 map=35.1 pos=4,5 flags=0
party=2 HP=30/30,26/26 battle=0 battlers=0 outcome=0 PP=0,0 trial=0 donut-ability=0
persistent PP=8,2 status=0,0
growth level/xp/item=8/399/0,8/709/0 stats maxHP/attack,maxHP/magic=30/20,26/13 foesHP=0,0
pattern trainer=0 turn=0 foePP=0,0 foeAtkDef=0,0 CarlAtk=0 foeLevel=0
support PP=0,0 Carl-defense=0 enemy-attack=0,0
party action uses=8,40 / 2,40
frame=27396 map=35.1 pos=4,5 flags=0
party=2 HP=30/30,26/26 battle=0 battlers=0 outcome=0 PP=0,0 trial=0 donut-ability=0
persistent PP=8,2 status=0,0
growth level/xp/item=8/399/0,8/709/0 stats maxHP/attack,maxHP/magic=30/20,26/13 foesHP=0,0
pattern trainer=0 turn=0 foePP=0,0 foeAtkDef=0,0 CarlAtk=0 foeLevel=0
support PP=0,0 Carl-defense=0 enemy-attack=0,0
party action uses=8,40 / 2,40
PASS duo healthy
frame=27396 map=35.1 pos=4,5 flags=0
party=2 HP=30/30,26/26 battle=0 battlers=0 outcome=0 PP=0,0 trial=0 donut-ability=0
persistent PP=8,2 status=0,0
growth level/xp/item=8/399/0,8/709/0 stats maxHP/attack,maxHP/magic=30/20,26/13 foesHP=0,0
pattern trainer=0 turn=0 foePP=0,0 foeAtkDef=0,0 CarlAtk=0 foeLevel=0
support PP=0,0 Carl-defense=0 enemy-attack=0,0
party action uses=8,40 / 2,40
PASS uses 8 40 2 40
frame=27396 map=35.1 pos=4,5 flags=0
party=2 HP=30/30,26/26 battle=0 battlers=0 outcome=0 PP=0,0 trial=0 donut-ability=0
persistent PP=8,2 status=0,0
growth level/xp/item=8/399/0,8/709/0 stats maxHP/attack,maxHP/magic=30/20,26/13 foesHP=0,0
PASS flag 32 0
pattern trainer=0 turn=0 foePP=0,0 foeAtkDef=0,0 CarlAtk=0 foeLevel=0
support PP=0,0 Carl-defense=0 enemy-attack=0,0
party action uses=8,40 / 2,40
frame=27396 map=35.1 pos=4,5 flags=0
party=2 HP=30/30,26/26 battle=0 battlers=0 outcome=0 PP=0,0 trial=0 donut-ability=0
persistent PP=8,2 status=0,0
growth level/xp/item=8/399/0,8/709/0 stats maxHP/attack,maxHP/magic=30/20,26/13 foesHP=0,0
PASS flag 33 0
pattern trainer=0 turn=0 foePP=0,0 foeAtkDef=0,0 CarlAtk=0 foeLevel=0
support PP=0,0 Carl-defense=0 enemy-attack=0,0
party action uses=8,40 / 2,40
frame=27396 map=35.1 pos=4,5 flags=0
party=2 HP=30/30,26/26 battle=0 battlers=0 outcome=0 PP=0,0 trial=0 donut-ability=0
persistent PP=8,2 status=0,0
growth level/xp/item=8/399/0,8/709/0 stats maxHP/attack,maxHP/magic=30/20,26/13 foesHP=0,0
PASS flag 34 0
pattern trainer=0 turn=0 foePP=0,0 foeAtkDef=0,0 CarlAtk=0 foeLevel=0
support PP=0,0 Carl-defense=0 enemy-attack=0,0
party action uses=8,40 / 2,40
frame=27396 map=35.1 pos=4,5 flags=0
party=2 HP=30/30,26/26 battle=0 battlers=0 outcome=0 PP=0,0 trial=0 donut-ability=0
persistent PP=8,2 status=0,0
growth level/xp/item=8/399/0,8/709/0 stats maxHP/attack,maxHP/magic=30/20,26/13 foesHP=0,0
PASS flag 35 0
pattern trainer=0 turn=0 foePP=0,0 foeAtkDef=0,0 CarlAtk=0 foeLevel=0
support PP=0,0 Carl-defense=0 enemy-attack=0,0
party action uses=8,40 / 2,40
frame=27396 map=35.1 pos=4,5 flags=0
party=2 HP=30/30,26/26 battle=0 battlers=0 outcome=0 PP=0,0 trial=0 donut-ability=0
persistent PP=8,2 status=0,0
growth level/xp/item=8/399/0,8/709/0 stats maxHP/attack,maxHP/magic=30/20,26/13 foesHP=0,0
PASS flag 36 0
pattern trainer=0 turn=0 foePP=0,0 foeAtkDef=0,0 CarlAtk=0 foeLevel=0
support PP=0,0 Carl-defense=0 enemy-attack=0,0
party action uses=8,40 / 2,40
frame=27396 map=35.1 pos=4,5 flags=0
party=2 HP=30/30,26/26 battle=0 battlers=0 outcome=0 PP=0,0 trial=0 donut-ability=0
persistent PP=8,2 status=0,0
growth level/xp/item=8/399/0,8/709/0 stats maxHP/attack,maxHP/magic=30/20,26/13 foesHP=0,0
PASS flag 37 0
pattern trainer=0 turn=0 foePP=0,0 foeAtkDef=0,0 CarlAtk=0 foeLevel=0
support PP=0,0 Carl-defense=0 enemy-attack=0,0
party action uses=8,40 / 2,40
frame=27396 map=35.1 pos=4,5 flags=0
party=2 HP=30/30,26/26 battle=0 battlers=0 outcome=0 PP=0,0 trial=0 donut-ability=0
persistent PP=8,2 status=0,0
growth level/xp/item=8/399/0,8/709/0 stats maxHP/attack,maxHP/magic=30/20,26/13 foesHP=0,0
PASS flag 38 0
pattern trainer=0 turn=0 foePP=0,0 foeAtkDef=0,0 CarlAtk=0 foeLevel=0
support PP=0,0 Carl-defense=0 enemy-attack=0,0
party action uses=8,40 / 2,40
frame=27396 map=35.1 pos=4,5 flags=0
party=2 HP=30/30,26/26 battle=0 battlers=0 outcome=0 PP=0,0 trial=0 donut-ability=0
persistent PP=8,2 status=0,0
growth level/xp/item=8/399/0,8/709/0 stats maxHP/attack,maxHP/magic=30/20,26/13 foesHP=0,0
PASS flag 39 0
pattern trainer=0 turn=0 foePP=0,0 foeAtkDef=0,0 CarlAtk=0 foeLevel=0
support PP=0,0 Carl-defense=0 enemy-attack=0,0
party action uses=8,40 / 2,40
frame=27396 map=35.1 pos=4,5 flags=0
party=2 HP=30/30,26/26 battle=0 battlers=0 outcome=0 PP=0,0 trial=0 donut-ability=0
persistent PP=8,2 status=0,0
growth level/xp/item=8/399/0,8/709/0 stats maxHP/attack,maxHP/magic=30/20,26/13 foesHP=0,0
PASS flag 40 0
pattern trainer=0 turn=0 foePP=0,0 foeAtkDef=0,0 CarlAtk=0 foeLevel=0
support PP=0,0 Carl-defense=0 enemy-attack=0,0
party action uses=8,40 / 2,40
frame=27396 map=35.1 pos=4,5 flags=0
party=2 HP=30/30,26/26 battle=0 battlers=0 outcome=0 PP=0,0 trial=0 donut-ability=0
persistent PP=8,2 status=0,0
growth level/xp/item=8/399/0,8/709/0 stats maxHP/attack,maxHP/magic=30/20,26/13 foesHP=0,0
PASS flag 41 0
pattern trainer=0 turn=0 foePP=0,0 foeAtkDef=0,0 CarlAtk=0 foeLevel=0
support PP=0,0 Carl-defense=0 enemy-attack=0,0
party action uses=8,40 / 2,40
frame=27396 map=35.1 pos=4,5 flags=0
party=2 HP=30/30,26/26 battle=0 battlers=0 outcome=0 PP=0,0 trial=0 donut-ability=0
persistent PP=8,2 status=0,0
growth level/xp/item=8/399/0,8/709/0 stats maxHP/attack,maxHP/magic=30/20,26/13 foesHP=0,0
PASS flag 42 0
pattern trainer=0 turn=0 foePP=0,0 foeAtkDef=0,0 CarlAtk=0 foeLevel=0
support PP=0,0 Carl-defense=0 enemy-attack=0,0
party action uses=8,40 / 2,40
frame=27396 map=35.1 pos=4,5 flags=0
party=2 HP=30/30,26/26 battle=0 battlers=0 outcome=0 PP=0,0 trial=0 donut-ability=0
persistent PP=8,2 status=0,0
growth level/xp/item=8/399/0,8/709/0 stats maxHP/attack,maxHP/magic=30/20,26/13 foesHP=0,0
PASS flag 43 0
pattern trainer=0 turn=0 foePP=0,0 foeAtkDef=0,0 CarlAtk=0 foeLevel=0
support PP=0,0 Carl-defense=0 enemy-attack=0,0
party action uses=8,40 / 2,40
frame=27396 map=35.1 pos=4,5 flags=0
party=2 HP=30/30,26/26 battle=0 battlers=0 outcome=0 PP=0,0 trial=0 donut-ability=0
persistent PP=8,2 status=0,0
growth level/xp/item=8/399/0,8/709/0 stats maxHP/attack,maxHP/magic=30/20,26/13 foesHP=0,0
PASS flag 44 0
pattern trainer=0 turn=0 foePP=0,0 foeAtkDef=0,0 CarlAtk=0 foeLevel=0
support PP=0,0 Carl-defense=0 enemy-attack=0,0
party action uses=8,40 / 2,40
frame=27396 map=35.1 pos=4,5 flags=0
party=2 HP=30/30,26/26 battle=0 battlers=0 outcome=0 PP=0,0 trial=0 donut-ability=0
persistent PP=8,2 status=0,0
growth level/xp/item=8/399/0,8/709/0 stats maxHP/attack,maxHP/magic=30/20,26/13 foesHP=0,0
PASS flag 45 0
pattern trainer=0 turn=0 foePP=0,0 foeAtkDef=0,0 CarlAtk=0 foeLevel=0
support PP=0,0 Carl-defense=0 enemy-attack=0,0
party action uses=8,40 / 2,40
frame=27396 map=35.1 pos=4,5 flags=0
party=2 HP=30/30,26/26 battle=0 battlers=0 outcome=0 PP=0,0 trial=0 donut-ability=0
persistent PP=8,2 status=0,0
growth level/xp/item=8/399/0,8/709/0 stats maxHP/attack,maxHP/magic=30/20,26/13 foesHP=0,0
PASS flag 46 0
pattern trainer=0 turn=0 foePP=0,0 foeAtkDef=0,0 CarlAtk=0 foeLevel=0
support PP=0,0 Carl-defense=0 enemy-attack=0,0
party action uses=8,40 / 2,40
frame=27396 map=35.1 pos=4,5 flags=0
party=2 HP=30/30,26/26 battle=0 battlers=0 outcome=0 PP=0,0 trial=0 donut-ability=0
persistent PP=8,2 status=0,0
growth level/xp/item=8/399/0,8/709/0 stats maxHP/attack,maxHP/magic=30/20,26/13 foesHP=0,0
PASS flag 47 0
pattern trainer=0 turn=0 foePP=0,0 foeAtkDef=0,0 CarlAtk=0 foeLevel=0
support PP=0,0 Carl-defense=0 enemy-attack=0,0
party action uses=8,40 / 2,40
frame=27396 map=35.1 pos=4,5 flags=0
party=2 HP=30/30,26/26 battle=0 battlers=0 outcome=0 PP=0,0 trial=0 donut-ability=0
persistent PP=8,2 status=0,0
growth level/xp/item=8/399/0,8/709/0 stats maxHP/attack,maxHP/magic=30/20,26/13 foesHP=0,0
PASS flag 48 0
pattern trainer=0 turn=0 foePP=0,0 foeAtkDef=0,0 CarlAtk=0 foeLevel=0
support PP=0,0 Carl-defense=0 enemy-attack=0,0
party action uses=8,40 / 2,40
frame=27396 map=35.1 pos=4,5 flags=0
party=2 HP=30/30,26/26 battle=0 battlers=0 outcome=0 PP=0,0 trial=0 donut-ability=0
persistent PP=8,2 status=0,0
growth level/xp/item=8/399/0,8/709/0 stats maxHP/attack,maxHP/magic=30/20,26/13 foesHP=0,0
PASS flag 2135 0
pattern trainer=0 turn=0 foePP=0,0 foeAtkDef=0,0 CarlAtk=0 foeLevel=0
support PP=0,0 Carl-defense=0 enemy-attack=0,0
party action uses=8,40 / 2,40
frame=27396 map=35.1 pos=4,5 flags=0
party=2 HP=30/30,26/26 battle=0 battlers=0 outcome=0 PP=0,0 trial=0 donut-ability=0
persistent PP=8,2 status=0,0
growth level/xp/item=8/399/0,8/709/0 stats maxHP/attack,maxHP/magic=30/20,26/13 foesHP=0,0
PASS flag 2136 0
pattern trainer=0 turn=0 foePP=0,0 foeAtkDef=0,0 CarlAtk=0 foeLevel=0
support PP=0,0 Carl-defense=0 enemy-attack=0,0
party action uses=8,40 / 2,40
frame=27396 map=35.1 pos=4,5 flags=0
party=2 HP=30/30,26/26 battle=0 battlers=0 outcome=0 PP=0,0 trial=0 donut-ability=0
persistent PP=8,2 status=0,0
growth level/xp/item=8/399/0,8/709/0 stats maxHP/attack,maxHP/magic=30/20,26/13 foesHP=0,0
PASS flag 2137 0
pattern trainer=0 turn=0 foePP=0,0 foeAtkDef=0,0 CarlAtk=0 foeLevel=0
support PP=0,0 Carl-defense=0 enemy-attack=0,0
party action uses=8,40 / 2,40
frame=27396 map=35.1 pos=4,5 flags=0
party=2 HP=30/30,26/26 battle=0 battlers=0 outcome=0 PP=0,0 trial=0 donut-ability=0
persistent PP=8,2 status=0,0
growth level/xp/item=8/399/0,8/709/0 stats maxHP/attack,maxHP/magic=30/20,26/13 foesHP=0,0
PASS flag 2138 0
pattern trainer=0 turn=0 foePP=0,0 foeAtkDef=0,0 CarlAtk=0 foeLevel=0
support PP=0,0 Carl-defense=0 enemy-attack=0,0
party action uses=8,40 / 2,40
frame=27396 map=35.1 pos=4,5 flags=0
party=2 HP=30/30,26/26 battle=0 battlers=0 outcome=0 PP=0,0 trial=0 donut-ability=0
persistent PP=8,2 status=0,0
growth level/xp/item=8/399/0,8/709/0 stats maxHP/attack,maxHP/magic=30/20,26/13 foesHP=0,0
PASS flag 2139 0
pattern trainer=0 turn=0 foePP=0,0 foeAtkDef=0,0 CarlAtk=0 foeLevel=0
support PP=0,0 Carl-defense=0 enemy-attack=0,0
party action uses=8,40 / 2,40
frame=27397 map=35.1 pos=4,5 flags=0
party=2 HP=30/30,26/26 battle=0 battlers=0 outcome=0 PP=0,0 trial=0 donut-ability=0
persistent PP=8,2 status=0,0
growth level/xp/item=8/399/0,8/709/0 stats maxHP/attack,maxHP/magic=30/20,26/13 foesHP=0,0
pattern trainer=0 turn=0 foePP=0,0 foeAtkDef=0,0 CarlAtk=0 foeLevel=0
support PP=0,0 Carl-defense=0 enemy-attack=0,0
party action uses=8,40 / 2,40
frame=27517 map=35.1 pos=4,5 flags=0
party=2 HP=30/30,26/26 battle=0 battlers=0 outcome=0 PP=0,0 trial=0 donut-ability=0
persistent PP=8,2 status=0,0
growth level/xp/item=8/399/0,8/709/0 stats maxHP/attack,maxHP/magic=30/20,26/13 foesHP=0,0
pattern trainer=0 turn=0 foePP=0,0 foeAtkDef=0,0 CarlAtk=0 foeLevel=0
support PP=0,0 Carl-defense=0 enemy-attack=0,0
party action uses=8,40 / 2,40
frame=27518 map=35.1 pos=4,5 flags=0
party=2 HP=30/30,26/26 battle=0 battlers=0 outcome=0 PP=0,0 trial=0 donut-ability=0
persistent PP=8,2 status=0,0
growth level/xp/item=8/399/0,8/709/0 stats maxHP/attack,maxHP/magic=30/20,26/13 foesHP=0,0
pattern trainer=0 turn=0 foePP=0,0 foeAtkDef=0,0 CarlAtk=0 foeLevel=0
support PP=0,0 Carl-defense=0 enemy-attack=0,0
party action uses=8,40 / 2,40
frame=27538 map=35.1 pos=4,5 flags=0
party=2 HP=30/30,26/26 battle=0 battlers=0 outcome=0 PP=0,0 trial=0 donut-ability=0
persistent PP=8,2 status=0,0
growth level/xp/item=8/399/0,8/709/0 stats maxHP/attack,maxHP/magic=30/20,26/13 foesHP=0,0
pattern trainer=0 turn=0 foePP=0,0 foeAtkDef=0,0 CarlAtk=0 foeLevel=0
support PP=0,0 Carl-defense=0 enemy-attack=0,0
party action uses=8,40 / 2,40
frame=27539 map=35.1 pos=4,5 flags=0
party=2 HP=30/30,26/26 battle=0 battlers=0 outcome=0 PP=0,0 trial=0 donut-ability=0
persistent PP=8,2 status=0,0
growth level/xp/item=8/399/0,8/709/0 stats maxHP/attack,maxHP/magic=30/20,26/13 foesHP=0,0
pattern trainer=0 turn=0 foePP=0,0 foeAtkDef=0,0 CarlAtk=0 foeLevel=0
support PP=0,0 Carl-defense=0 enemy-attack=0,0
party action uses=8,40 / 2,40
frame=27559 map=35.1 pos=4,5 flags=0
party=2 HP=30/30,26/26 battle=0 battlers=0 outcome=0 PP=0,0 trial=0 donut-ability=0
persistent PP=8,2 status=0,0
growth level/xp/item=8/399/0,8/709/0 stats maxHP/attack,maxHP/magic=30/20,26/13 foesHP=0,0
pattern trainer=0 turn=0 foePP=0,0 foeAtkDef=0,0 CarlAtk=0 foeLevel=0
support PP=0,0 Carl-defense=0 enemy-attack=0,0
party action uses=8,40 / 2,40
frame=27560 map=35.1 pos=4,5 flags=0
party=2 HP=30/30,26/26 battle=0 battlers=0 outcome=0 PP=0,0 trial=0 donut-ability=0
persistent PP=8,2 status=0,0
growth level/xp/item=8/399/0,8/709/0 stats maxHP/attack,maxHP/magic=30/20,26/13 foesHP=0,0
pattern trainer=0 turn=0 foePP=0,0 foeAtkDef=0,0 CarlAtk=0 foeLevel=0
support PP=0,0 Carl-defense=0 enemy-attack=0,0
party action uses=8,40 / 2,40
frame=27720 map=35.1 pos=4,5 flags=0
party=2 HP=30/30,26/26 battle=0 battlers=0 outcome=0 PP=0,0 trial=0 donut-ability=0
persistent PP=8,2 status=0,0
growth level/xp/item=8/399/0,8/709/0 stats maxHP/attack,maxHP/magic=30/20,26/13 foesHP=0,0
pattern trainer=0 turn=0 foePP=0,0 foeAtkDef=0,0 CarlAtk=0 foeLevel=0
support PP=0,0 Carl-defense=0 enemy-attack=0,0
party action uses=8,40 / 2,40
frame=27721 map=35.1 pos=4,5 flags=0
party=2 HP=30/30,26/26 battle=0 battlers=0 outcome=0 PP=0,0 trial=0 donut-ability=0
persistent PP=8,2 status=0,0
growth level/xp/item=8/399/0,8/709/0 stats maxHP/attack,maxHP/magic=30/20,26/13 foesHP=0,0
pattern trainer=0 turn=0 foePP=0,0 foeAtkDef=0,0 CarlAtk=0 foeLevel=0
support PP=0,0 Carl-defense=0 enemy-attack=0,0
party action uses=8,40 / 2,40
frame=28321 map=35.1 pos=4,5 flags=0
party=2 HP=30/30,26/26 battle=0 battlers=0 outcome=0 PP=0,0 trial=0 donut-ability=0
persistent PP=8,2 status=0,0
growth level/xp/item=8/399/0,8/709/0 stats maxHP/attack,maxHP/magic=30/20,26/13 foesHP=0,0
pattern trainer=0 turn=0 foePP=0,0 foeAtkDef=0,0 CarlAtk=0 foeLevel=0
support PP=0,0 Carl-defense=0 enemy-attack=0,0
party action uses=8,40 / 2,40
frame=28321 map=35.1 pos=4,5 flags=0
party=2 HP=30/30,26/26 battle=0 battlers=0 outcome=0 PP=0,0 trial=0 donut-ability=0
persistent PP=8,2 status=0,0
growth level/xp/item=8/399/0,8/709/0 stats maxHP/attack,maxHP/magic=30/20,26/13 foesHP=0,0
pattern trainer=0 turn=0 foePP=0,0 foeAtkDef=0,0 CarlAtk=0 foeLevel=0
support PP=0,0 Carl-defense=0 enemy-attack=0,0
party action uses=8,40 / 2,40
PASS expect 35 1 4 5 0
result=0 assertions=252
