mGBA 0.10.5; 240x160; save=/workspace/DungeonCrawlerCarlemon/artifacts/floor1/g01d/complete-ghsxbx3q/open/guard-first.sav; read-only RAM diagnostics
frame=720 map=0.0 pos=-7,-7 flags=0
party=0 HP=0/0,0/0 battle=0 battlers=0 outcome=0 PP=0,0 trial=0 donut-ability=0
persistent PP=0,0 status=0,0
growth level/xp/item=0/0/0,0/0/0 stats maxHP/attack,maxHP/magic=0/0,0/0 foesHP=0,0
pattern trainer=0 turn=0 foePP=0,0 foeAtkDef=0,0 CarlAtk=0 foeLevel=0
support PP=0,0 Carl-defense=0 enemy-attack=0,0
party action uses=0,0 / 0,0
frame=721 map=0.0 pos=-7,-7 flags=0
party=0 HP=0/0,0/0 battle=0 battlers=0 outcome=0 PP=0,0 trial=0 donut-ability=0
persistent PP=0,0 status=0,0
growth level/xp/item=0/0/0,0/0/0 stats maxHP/attack,maxHP/magic=0/0,0/0 foesHP=0,0
pattern trainer=0 turn=0 foePP=0,0 foeAtkDef=0,0 CarlAtk=0 foeLevel=0
support PP=0,0 Carl-defense=0 enemy-attack=0,0
party action uses=0,0 / 0,0
frame=1081 map=0.0 pos=-7,-7 flags=0
party=0 HP=0/0,0/0 battle=0 battlers=0 outcome=0 PP=0,0 trial=0 donut-ability=0
persistent PP=0,0 status=0,0
growth level/xp/item=0/0/0,0/0/0 stats maxHP/attack,maxHP/magic=0/0,0/0 foesHP=0,0
pattern trainer=0 turn=0 foePP=0,0 foeAtkDef=0,0 CarlAtk=0 foeLevel=0
support PP=0,0 Carl-defense=0 enemy-attack=0,0
party action uses=0,0 / 0,0
frame=1082 map=0.0 pos=-7,-7 flags=0
party=0 HP=0/0,0/0 battle=0 battlers=0 outcome=0 PP=0,0 trial=0 donut-ability=0
persistent PP=0,0 status=0,0
growth level/xp/item=0/0/0,0/0/0 stats maxHP/attack,maxHP/magic=0/0,0/0 foesHP=0,0
pattern trainer=0 turn=0 foePP=0,0 foeAtkDef=0,0 CarlAtk=0 foeLevel=0
support PP=0,0 Carl-defense=0 enemy-attack=0,0
party action uses=0,0 / 0,0
frame=1262 map=0.0 pos=-7,-7 flags=0
party=0 HP=0/0,0/0 battle=0 battlers=0 outcome=0 PP=0,0 trial=0 donut-ability=0
persistent PP=0,0 status=0,0
growth level/xp/item=0/0/0,0/0/0 stats maxHP/attack,maxHP/magic=0/0,0/0 foesHP=0,0
pattern trainer=0 turn=0 foePP=0,0 foeAtkDef=0,0 CarlAtk=0 foeLevel=0
support PP=0,0 Carl-defense=0 enemy-attack=0,0
party action uses=0,0 / 0,0
frame=1263 map=0.0 pos=-7,-7 flags=0
party=0 HP=0/0,0/0 battle=0 battlers=0 outcome=0 PP=0,0 trial=0 donut-ability=0
persistent PP=0,0 status=0,0
growth level/xp/item=0/0/0,0/0/0 stats maxHP/attack,maxHP/magic=0/0,0/0 foesHP=0,0
pattern trainer=0 turn=0 foePP=0,0 foeAtkDef=0,0 CarlAtk=0 foeLevel=0
support PP=0,0 Carl-defense=0 enemy-attack=0,0
party action uses=0,0 / 0,0
frame=1443 map=0.0 pos=-7,-7 flags=0
party=0 HP=0/0,0/0 battle=0 battlers=0 outcome=0 PP=0,0 trial=0 donut-ability=0
persistent PP=0,0 status=0,0
growth level/xp/item=0/0/0,0/0/0 stats maxHP/attack,maxHP/magic=0/0,0/0 foesHP=0,0
pattern trainer=0 turn=0 foePP=0,0 foeAtkDef=0,0 CarlAtk=0 foeLevel=0
support PP=0,0 Carl-defense=0 enemy-attack=0,0
party action uses=0,0 / 0,0
frame=1444 map=0.0 pos=-7,-7 flags=0
party=0 HP=0/0,0/0 battle=0 battlers=0 outcome=0 PP=0,0 trial=0 donut-ability=0
persistent PP=0,0 status=0,0
growth level/xp/item=0/0/0,0/0/0 stats maxHP/attack,maxHP/magic=0/0,0/0 foesHP=0,0
pattern trainer=0 turn=0 foePP=0,0 foeAtkDef=0,0 CarlAtk=0 foeLevel=0
support PP=0,0 Carl-defense=0 enemy-attack=0,0
party action uses=0,0 / 0,0
frame=2044 map=35.0 pos=8,38 flags=0
party=2 HP=30/30,26/26 battle=0 battlers=0 outcome=0 PP=0,0 trial=0 donut-ability=0
persistent PP=8,2 status=0,0
growth level/xp/item=8/399/0,8/709/0 stats maxHP/attack,maxHP/magic=30/20,26/13 foesHP=0,0
pattern trainer=0 turn=0 foePP=0,0 foeAtkDef=0,0 CarlAtk=0 foeLevel=0
support PP=0,0 Carl-defense=0 enemy-attack=0,0
party action uses=8,40 / 2,40
frame=2044 map=35.0 pos=8,38 flags=0
party=2 HP=30/30,26/26 battle=0 battlers=0 outcome=0 PP=0,0 trial=0 donut-ability=0
persistent PP=8,2 status=0,0
growth level/xp/item=8/399/0,8/709/0 stats maxHP/attack,maxHP/magic=30/20,26/13 foesHP=0,0
pattern trainer=0 turn=0 foePP=0,0 foeAtkDef=0,0 CarlAtk=0 foeLevel=0
support PP=0,0 Carl-defense=0 enemy-attack=0,0
party action uses=8,40 / 2,40
PASS expect 35 0 8 38 0
frame=2044 map=35.0 pos=8,38 flags=0
party=2 HP=30/30,26/26 battle=0 battlers=0 outcome=0 PP=0,0 trial=0 donut-ability=0
persistent PP=8,2 status=0,0
growth level/xp/item=8/399/0,8/709/0 stats maxHP/attack,maxHP/magic=30/20,26/13 foesHP=0,0
pattern trainer=0 turn=0 foePP=0,0 foeAtkDef=0,0 CarlAtk=0 foeLevel=0
support PP=0,0 Carl-defense=0 enemy-attack=0,0
party action uses=8,40 / 2,40
PASS duo healthy
frame=2044 map=35.0 pos=8,38 flags=0
party=2 HP=30/30,26/26 battle=0 battlers=0 outcome=0 PP=0,0 trial=0 donut-ability=0
persistent PP=8,2 status=0,0
growth level/xp/item=8/399/0,8/709/0 stats maxHP/attack,maxHP/magic=30/20,26/13 foesHP=0,0
pattern trainer=0 turn=0 foePP=0,0 foeAtkDef=0,0 CarlAtk=0 foeLevel=0
support PP=0,0 Carl-defense=0 enemy-attack=0,0
party action uses=8,40 / 2,40
PASS uses 8 40 2 40
frame=2044 map=35.0 pos=8,38 flags=0
party=2 HP=30/30,26/26 battle=0 battlers=0 outcome=0 PP=0,0 trial=0 donut-ability=0
persistent PP=8,2 status=0,0
growth level/xp/item=8/399/0,8/709/0 stats maxHP/attack,maxHP/magic=30/20,26/13 foesHP=0,0
PASS flag 32 0
pattern trainer=0 turn=0 foePP=0,0 foeAtkDef=0,0 CarlAtk=0 foeLevel=0
support PP=0,0 Carl-defense=0 enemy-attack=0,0
party action uses=8,40 / 2,40
frame=2044 map=35.0 pos=8,38 flags=0
party=2 HP=30/30,26/26 battle=0 battlers=0 outcome=0 PP=0,0 trial=0 donut-ability=0
persistent PP=8,2 status=0,0
growth level/xp/item=8/399/0,8/709/0 stats maxHP/attack,maxHP/magic=30/20,26/13 foesHP=0,0
PASS flag 33 0
pattern trainer=0 turn=0 foePP=0,0 foeAtkDef=0,0 CarlAtk=0 foeLevel=0
support PP=0,0 Carl-defense=0 enemy-attack=0,0
party action uses=8,40 / 2,40
frame=2044 map=35.0 pos=8,38 flags=0
party=2 HP=30/30,26/26 battle=0 battlers=0 outcome=0 PP=0,0 trial=0 donut-ability=0
persistent PP=8,2 status=0,0
growth level/xp/item=8/399/0,8/709/0 stats maxHP/attack,maxHP/magic=30/20,26/13 foesHP=0,0
PASS flag 34 0
pattern trainer=0 turn=0 foePP=0,0 foeAtkDef=0,0 CarlAtk=0 foeLevel=0
support PP=0,0 Carl-defense=0 enemy-attack=0,0
party action uses=8,40 / 2,40
frame=2044 map=35.0 pos=8,38 flags=0
party=2 HP=30/30,26/26 battle=0 battlers=0 outcome=0 PP=0,0 trial=0 donut-ability=0
persistent PP=8,2 status=0,0
growth level/xp/item=8/399/0,8/709/0 stats maxHP/attack,maxHP/magic=30/20,26/13 foesHP=0,0
PASS flag 35 0
pattern trainer=0 turn=0 foePP=0,0 foeAtkDef=0,0 CarlAtk=0 foeLevel=0
support PP=0,0 Carl-defense=0 enemy-attack=0,0
party action uses=8,40 / 2,40
frame=2044 map=35.0 pos=8,38 flags=0
party=2 HP=30/30,26/26 battle=0 battlers=0 outcome=0 PP=0,0 trial=0 donut-ability=0
persistent PP=8,2 status=0,0
growth level/xp/item=8/399/0,8/709/0 stats maxHP/attack,maxHP/magic=30/20,26/13 foesHP=0,0
PASS flag 36 0
pattern trainer=0 turn=0 foePP=0,0 foeAtkDef=0,0 CarlAtk=0 foeLevel=0
support PP=0,0 Carl-defense=0 enemy-attack=0,0
party action uses=8,40 / 2,40
frame=2044 map=35.0 pos=8,38 flags=0
party=2 HP=30/30,26/26 battle=0 battlers=0 outcome=0 PP=0,0 trial=0 donut-ability=0
persistent PP=8,2 status=0,0
growth level/xp/item=8/399/0,8/709/0 stats maxHP/attack,maxHP/magic=30/20,26/13 foesHP=0,0
PASS flag 37 0
pattern trainer=0 turn=0 foePP=0,0 foeAtkDef=0,0 CarlAtk=0 foeLevel=0
support PP=0,0 Carl-defense=0 enemy-attack=0,0
party action uses=8,40 / 2,40
frame=2044 map=35.0 pos=8,38 flags=0
party=2 HP=30/30,26/26 battle=0 battlers=0 outcome=0 PP=0,0 trial=0 donut-ability=0
persistent PP=8,2 status=0,0
growth level/xp/item=8/399/0,8/709/0 stats maxHP/attack,maxHP/magic=30/20,26/13 foesHP=0,0
PASS flag 38 0
pattern trainer=0 turn=0 foePP=0,0 foeAtkDef=0,0 CarlAtk=0 foeLevel=0
support PP=0,0 Carl-defense=0 enemy-attack=0,0
party action uses=8,40 / 2,40
frame=2044 map=35.0 pos=8,38 flags=0
party=2 HP=30/30,26/26 battle=0 battlers=0 outcome=0 PP=0,0 trial=0 donut-ability=0
persistent PP=8,2 status=0,0
growth level/xp/item=8/399/0,8/709/0 stats maxHP/attack,maxHP/magic=30/20,26/13 foesHP=0,0
PASS flag 39 0
pattern trainer=0 turn=0 foePP=0,0 foeAtkDef=0,0 CarlAtk=0 foeLevel=0
support PP=0,0 Carl-defense=0 enemy-attack=0,0
party action uses=8,40 / 2,40
frame=2044 map=35.0 pos=8,38 flags=0
party=2 HP=30/30,26/26 battle=0 battlers=0 outcome=0 PP=0,0 trial=0 donut-ability=0
persistent PP=8,2 status=0,0
growth level/xp/item=8/399/0,8/709/0 stats maxHP/attack,maxHP/magic=30/20,26/13 foesHP=0,0
PASS flag 40 0
pattern trainer=0 turn=0 foePP=0,0 foeAtkDef=0,0 CarlAtk=0 foeLevel=0
support PP=0,0 Carl-defense=0 enemy-attack=0,0
party action uses=8,40 / 2,40
frame=2044 map=35.0 pos=8,38 flags=0
party=2 HP=30/30,26/26 battle=0 battlers=0 outcome=0 PP=0,0 trial=0 donut-ability=0
persistent PP=8,2 status=0,0
growth level/xp/item=8/399/0,8/709/0 stats maxHP/attack,maxHP/magic=30/20,26/13 foesHP=0,0
PASS flag 41 0
pattern trainer=0 turn=0 foePP=0,0 foeAtkDef=0,0 CarlAtk=0 foeLevel=0
support PP=0,0 Carl-defense=0 enemy-attack=0,0
party action uses=8,40 / 2,40
frame=2044 map=35.0 pos=8,38 flags=0
party=2 HP=30/30,26/26 battle=0 battlers=0 outcome=0 PP=0,0 trial=0 donut-ability=0
persistent PP=8,2 status=0,0
growth level/xp/item=8/399/0,8/709/0 stats maxHP/attack,maxHP/magic=30/20,26/13 foesHP=0,0
PASS flag 42 0
pattern trainer=0 turn=0 foePP=0,0 foeAtkDef=0,0 CarlAtk=0 foeLevel=0
support PP=0,0 Carl-defense=0 enemy-attack=0,0
party action uses=8,40 / 2,40
frame=2044 map=35.0 pos=8,38 flags=0
party=2 HP=30/30,26/26 battle=0 battlers=0 outcome=0 PP=0,0 trial=0 donut-ability=0
persistent PP=8,2 status=0,0
growth level/xp/item=8/399/0,8/709/0 stats maxHP/attack,maxHP/magic=30/20,26/13 foesHP=0,0
PASS flag 43 0
pattern trainer=0 turn=0 foePP=0,0 foeAtkDef=0,0 CarlAtk=0 foeLevel=0
support PP=0,0 Carl-defense=0 enemy-attack=0,0
party action uses=8,40 / 2,40
frame=2044 map=35.0 pos=8,38 flags=0
party=2 HP=30/30,26/26 battle=0 battlers=0 outcome=0 PP=0,0 trial=0 donut-ability=0
persistent PP=8,2 status=0,0
growth level/xp/item=8/399/0,8/709/0 stats maxHP/attack,maxHP/magic=30/20,26/13 foesHP=0,0
PASS flag 44 0
pattern trainer=0 turn=0 foePP=0,0 foeAtkDef=0,0 CarlAtk=0 foeLevel=0
support PP=0,0 Carl-defense=0 enemy-attack=0,0
party action uses=8,40 / 2,40
frame=2044 map=35.0 pos=8,38 flags=0
party=2 HP=30/30,26/26 battle=0 battlers=0 outcome=0 PP=0,0 trial=0 donut-ability=0
persistent PP=8,2 status=0,0
growth level/xp/item=8/399/0,8/709/0 stats maxHP/attack,maxHP/magic=30/20,26/13 foesHP=0,0
PASS flag 45 0
pattern trainer=0 turn=0 foePP=0,0 foeAtkDef=0,0 CarlAtk=0 foeLevel=0
support PP=0,0 Carl-defense=0 enemy-attack=0,0
party action uses=8,40 / 2,40
frame=2044 map=35.0 pos=8,38 flags=0
party=2 HP=30/30,26/26 battle=0 battlers=0 outcome=0 PP=0,0 trial=0 donut-ability=0
persistent PP=8,2 status=0,0
growth level/xp/item=8/399/0,8/709/0 stats maxHP/attack,maxHP/magic=30/20,26/13 foesHP=0,0
PASS flag 46 0
pattern trainer=0 turn=0 foePP=0,0 foeAtkDef=0,0 CarlAtk=0 foeLevel=0
support PP=0,0 Carl-defense=0 enemy-attack=0,0
party action uses=8,40 / 2,40
frame=2044 map=35.0 pos=8,38 flags=0
party=2 HP=30/30,26/26 battle=0 battlers=0 outcome=0 PP=0,0 trial=0 donut-ability=0
persistent PP=8,2 status=0,0
growth level/xp/item=8/399/0,8/709/0 stats maxHP/attack,maxHP/magic=30/20,26/13 foesHP=0,0
PASS flag 47 0
pattern trainer=0 turn=0 foePP=0,0 foeAtkDef=0,0 CarlAtk=0 foeLevel=0
support PP=0,0 Carl-defense=0 enemy-attack=0,0
party action uses=8,40 / 2,40
frame=2044 map=35.0 pos=8,38 flags=0
party=2 HP=30/30,26/26 battle=0 battlers=0 outcome=0 PP=0,0 trial=0 donut-ability=0
persistent PP=8,2 status=0,0
growth level/xp/item=8/399/0,8/709/0 stats maxHP/attack,maxHP/magic=30/20,26/13 foesHP=0,0
PASS flag 48 0
pattern trainer=0 turn=0 foePP=0,0 foeAtkDef=0,0 CarlAtk=0 foeLevel=0
support PP=0,0 Carl-defense=0 enemy-attack=0,0
party action uses=8,40 / 2,40
frame=2044 map=35.0 pos=8,38 flags=0
party=2 HP=30/30,26/26 battle=0 battlers=0 outcome=0 PP=0,0 trial=0 donut-ability=0
persistent PP=8,2 status=0,0
growth level/xp/item=8/399/0,8/709/0 stats maxHP/attack,maxHP/magic=30/20,26/13 foesHP=0,0
PASS flag 49 0
pattern trainer=0 turn=0 foePP=0,0 foeAtkDef=0,0 CarlAtk=0 foeLevel=0
support PP=0,0 Carl-defense=0 enemy-attack=0,0
party action uses=8,40 / 2,40
frame=2044 map=35.0 pos=8,38 flags=0
party=2 HP=30/30,26/26 battle=0 battlers=0 outcome=0 PP=0,0 trial=0 donut-ability=0
persistent PP=8,2 status=0,0
growth level/xp/item=8/399/0,8/709/0 stats maxHP/attack,maxHP/magic=30/20,26/13 foesHP=0,0
PASS flag 2135 0
pattern trainer=0 turn=0 foePP=0,0 foeAtkDef=0,0 CarlAtk=0 foeLevel=0
support PP=0,0 Carl-defense=0 enemy-attack=0,0
party action uses=8,40 / 2,40
frame=2044 map=35.0 pos=8,38 flags=0
party=2 HP=30/30,26/26 battle=0 battlers=0 outcome=0 PP=0,0 trial=0 donut-ability=0
persistent PP=8,2 status=0,0
growth level/xp/item=8/399/0,8/709/0 stats maxHP/attack,maxHP/magic=30/20,26/13 foesHP=0,0
PASS flag 2136 0
pattern trainer=0 turn=0 foePP=0,0 foeAtkDef=0,0 CarlAtk=0 foeLevel=0
support PP=0,0 Carl-defense=0 enemy-attack=0,0
party action uses=8,40 / 2,40
frame=2044 map=35.0 pos=8,38 flags=0
party=2 HP=30/30,26/26 battle=0 battlers=0 outcome=0 PP=0,0 trial=0 donut-ability=0
persistent PP=8,2 status=0,0
growth level/xp/item=8/399/0,8/709/0 stats maxHP/attack,maxHP/magic=30/20,26/13 foesHP=0,0
PASS flag 2137 0
pattern trainer=0 turn=0 foePP=0,0 foeAtkDef=0,0 CarlAtk=0 foeLevel=0
support PP=0,0 Carl-defense=0 enemy-attack=0,0
party action uses=8,40 / 2,40
frame=2044 map=35.0 pos=8,38 flags=0
party=2 HP=30/30,26/26 battle=0 battlers=0 outcome=0 PP=0,0 trial=0 donut-ability=0
persistent PP=8,2 status=0,0
growth level/xp/item=8/399/0,8/709/0 stats maxHP/attack,maxHP/magic=30/20,26/13 foesHP=0,0
PASS flag 2138 0
pattern trainer=0 turn=0 foePP=0,0 foeAtkDef=0,0 CarlAtk=0 foeLevel=0
support PP=0,0 Carl-defense=0 enemy-attack=0,0
party action uses=8,40 / 2,40
frame=2044 map=35.0 pos=8,38 flags=0
party=2 HP=30/30,26/26 battle=0 battlers=0 outcome=0 PP=0,0 trial=0 donut-ability=0
persistent PP=8,2 status=0,0
growth level/xp/item=8/399/0,8/709/0 stats maxHP/attack,maxHP/magic=30/20,26/13 foesHP=0,0
PASS flag 2139 0
pattern trainer=0 turn=0 foePP=0,0 foeAtkDef=0,0 CarlAtk=0 foeLevel=0
support PP=0,0 Carl-defense=0 enemy-attack=0,0
party action uses=8,40 / 2,40
frame=2112 map=35.0 pos=8,34 flags=0
party=2 HP=30/30,26/26 battle=0 battlers=0 outcome=0 PP=0,0 trial=0 donut-ability=0
persistent PP=8,2 status=0,0
growth level/xp/item=8/399/0,8/709/0 stats maxHP/attack,maxHP/magic=30/20,26/13 foesHP=0,0
pattern trainer=0 turn=0 foePP=0,0 foeAtkDef=0,0 CarlAtk=0 foeLevel=0
support PP=0,0 Carl-defense=0 enemy-attack=0,0
party action uses=8,40 / 2,40
frame=2152 map=35.0 pos=8,34 flags=0
party=2 HP=30/30,26/26 battle=0 battlers=0 outcome=0 PP=0,0 trial=0 donut-ability=0
persistent PP=8,2 status=0,0
growth level/xp/item=8/399/0,8/709/0 stats maxHP/attack,maxHP/magic=30/20,26/13 foesHP=0,0
pattern trainer=0 turn=0 foePP=0,0 foeAtkDef=0,0 CarlAtk=0 foeLevel=0
support PP=0,0 Carl-defense=0 enemy-attack=0,0
party action uses=8,40 / 2,40
frame=2152 map=35.0 pos=8,34 flags=0
party=2 HP=30/30,26/26 battle=0 battlers=0 outcome=0 PP=0,0 trial=0 donut-ability=0
persistent PP=8,2 status=0,0
growth level/xp/item=8/399/0,8/709/0 stats maxHP/attack,maxHP/magic=30/20,26/13 foesHP=0,0
pattern trainer=0 turn=0 foePP=0,0 foeAtkDef=0,0 CarlAtk=0 foeLevel=0
support PP=0,0 Carl-defense=0 enemy-attack=0,0
party action uses=8,40 / 2,40
PASS expect 35 0 8 34 0
frame=2396 map=35.0 pos=23,34 flags=0
party=2 HP=30/30,26/26 battle=0 battlers=0 outcome=0 PP=0,0 trial=0 donut-ability=0
persistent PP=8,2 status=0,0
growth level/xp/item=8/399/0,8/709/0 stats maxHP/attack,maxHP/magic=30/20,26/13 foesHP=0,0
pattern trainer=0 turn=0 foePP=0,0 foeAtkDef=0,0 CarlAtk=0 foeLevel=0
support PP=0,0 Carl-defense=0 enemy-attack=0,0
party action uses=8,40 / 2,40
frame=2436 map=35.0 pos=23,34 flags=0
party=2 HP=30/30,26/26 battle=0 battlers=0 outcome=0 PP=0,0 trial=0 donut-ability=0
persistent PP=8,2 status=0,0
growth level/xp/item=8/399/0,8/709/0 stats maxHP/attack,maxHP/magic=30/20,26/13 foesHP=0,0
pattern trainer=0 turn=0 foePP=0,0 foeAtkDef=0,0 CarlAtk=0 foeLevel=0
support PP=0,0 Carl-defense=0 enemy-attack=0,0
party action uses=8,40 / 2,40
frame=2436 map=35.0 pos=23,34 flags=0
party=2 HP=30/30,26/26 battle=0 battlers=0 outcome=0 PP=0,0 trial=0 donut-ability=0
persistent PP=8,2 status=0,0
growth level/xp/item=8/399/0,8/709/0 stats maxHP/attack,maxHP/magic=30/20,26/13 foesHP=0,0
pattern trainer=0 turn=0 foePP=0,0 foeAtkDef=0,0 CarlAtk=0 foeLevel=0
support PP=0,0 Carl-defense=0 enemy-attack=0,0
party action uses=8,40 / 2,40
PASS expect 35 0 23 34 0
frame=2600 map=35.0 pos=23,24 flags=0
party=2 HP=30/30,26/26 battle=0 battlers=0 outcome=0 PP=0,0 trial=0 donut-ability=0
persistent PP=8,2 status=0,0
growth level/xp/item=8/399/0,8/709/0 stats maxHP/attack,maxHP/magic=30/20,26/13 foesHP=0,0
pattern trainer=0 turn=0 foePP=0,0 foeAtkDef=0,0 CarlAtk=0 foeLevel=0
support PP=0,0 Carl-defense=0 enemy-attack=0,0
party action uses=8,40 / 2,40
frame=2640 map=35.0 pos=23,24 flags=0
party=2 HP=30/30,26/26 battle=0 battlers=0 outcome=0 PP=0,0 trial=0 donut-ability=0
persistent PP=8,2 status=0,0
growth level/xp/item=8/399/0,8/709/0 stats maxHP/attack,maxHP/magic=30/20,26/13 foesHP=0,0
pattern trainer=0 turn=0 foePP=0,0 foeAtkDef=0,0 CarlAtk=0 foeLevel=0
support PP=0,0 Carl-defense=0 enemy-attack=0,0
party action uses=8,40 / 2,40
frame=2640 map=35.0 pos=23,24 flags=0
party=2 HP=30/30,26/26 battle=0 battlers=0 outcome=0 PP=0,0 trial=0 donut-ability=0
persistent PP=8,2 status=0,0
growth level/xp/item=8/399/0,8/709/0 stats maxHP/attack,maxHP/magic=30/20,26/13 foesHP=0,0
pattern trainer=0 turn=0 foePP=0,0 foeAtkDef=0,0 CarlAtk=0 foeLevel=0
support PP=0,0 Carl-defense=0 enemy-attack=0,0
party action uses=8,40 / 2,40
PASS expect 35 0 23 24 0
frame=2756 map=35.0 pos=30,24 flags=0
party=2 HP=30/30,26/26 battle=0 battlers=0 outcome=0 PP=0,0 trial=0 donut-ability=0
persistent PP=8,2 status=0,0
growth level/xp/item=8/399/0,8/709/0 stats maxHP/attack,maxHP/magic=30/20,26/13 foesHP=0,0
pattern trainer=0 turn=0 foePP=0,0 foeAtkDef=0,0 CarlAtk=0 foeLevel=0
support PP=0,0 Carl-defense=0 enemy-attack=0,0
party action uses=8,40 / 2,40
frame=2796 map=35.0 pos=30,24 flags=0
party=2 HP=30/30,26/26 battle=0 battlers=0 outcome=0 PP=0,0 trial=0 donut-ability=0
persistent PP=8,2 status=0,0
growth level/xp/item=8/399/0,8/709/0 stats maxHP/attack,maxHP/magic=30/20,26/13 foesHP=0,0
pattern trainer=0 turn=0 foePP=0,0 foeAtkDef=0,0 CarlAtk=0 foeLevel=0
support PP=0,0 Carl-defense=0 enemy-attack=0,0
party action uses=8,40 / 2,40
frame=2796 map=35.0 pos=30,24 flags=0
party=2 HP=30/30,26/26 battle=0 battlers=0 outcome=0 PP=0,0 trial=0 donut-ability=0
persistent PP=8,2 status=0,0
growth level/xp/item=8/399/0,8/709/0 stats maxHP/attack,maxHP/magic=30/20,26/13 foesHP=0,0
pattern trainer=0 turn=0 foePP=0,0 foeAtkDef=0,0 CarlAtk=0 foeLevel=0
support PP=0,0 Carl-defense=0 enemy-attack=0,0
party action uses=8,40 / 2,40
PASS expect 35 0 30 24 0
frame=2836 map=35.0 pos=30,24 flags=0
party=2 HP=30/30,26/26 battle=0 battlers=0 outcome=0 PP=0,0 trial=0 donut-ability=0
persistent PP=8,2 status=0,0
growth level/xp/item=8/399/0,8/709/0 stats maxHP/attack,maxHP/magic=30/20,26/13 foesHP=0,0
pattern trainer=0 turn=0 foePP=0,0 foeAtkDef=0,0 CarlAtk=0 foeLevel=0
support PP=0,0 Carl-defense=0 enemy-attack=0,0
party action uses=8,40 / 2,40
frame=2900 map=35.0 pos=34,24 flags=0
party=2 HP=30/30,26/26 battle=0 battlers=0 outcome=0 PP=0,0 trial=0 donut-ability=0
persistent PP=8,2 status=0,0
growth level/xp/item=8/399/0,8/709/0 stats maxHP/attack,maxHP/magic=30/20,26/13 foesHP=0,0
pattern trainer=0 turn=0 foePP=0,0 foeAtkDef=0,0 CarlAtk=0 foeLevel=0
support PP=0,0 Carl-defense=0 enemy-attack=0,0
party action uses=8,40 / 2,40
frame=2940 map=35.0 pos=34,24 flags=0
party=2 HP=30/30,26/26 battle=0 battlers=0 outcome=0 PP=0,0 trial=0 donut-ability=0
persistent PP=8,2 status=0,0
growth level/xp/item=8/399/0,8/709/0 stats maxHP/attack,maxHP/magic=30/20,26/13 foesHP=0,0
pattern trainer=0 turn=0 foePP=0,0 foeAtkDef=0,0 CarlAtk=0 foeLevel=0
support PP=0,0 Carl-defense=0 enemy-attack=0,0
party action uses=8,40 / 2,40
frame=2940 map=35.0 pos=34,24 flags=0
party=2 HP=30/30,26/26 battle=0 battlers=0 outcome=0 PP=0,0 trial=0 donut-ability=0
persistent PP=8,2 status=0,0
growth level/xp/item=8/399/0,8/709/0 stats maxHP/attack,maxHP/magic=30/20,26/13 foesHP=0,0
pattern trainer=0 turn=0 foePP=0,0 foeAtkDef=0,0 CarlAtk=0 foeLevel=0
support PP=0,0 Carl-defense=0 enemy-attack=0,0
party action uses=8,40 / 2,40
PASS expect 35 0 34 24 0
frame=2976 map=35.0 pos=34,26 flags=0
party=2 HP=30/30,26/26 battle=0 battlers=0 outcome=0 PP=0,0 trial=0 donut-ability=0
persistent PP=8,2 status=0,0
growth level/xp/item=8/399/0,8/709/0 stats maxHP/attack,maxHP/magic=30/20,26/13 foesHP=0,0
pattern trainer=0 turn=0 foePP=0,0 foeAtkDef=0,0 CarlAtk=0 foeLevel=0
support PP=0,0 Carl-defense=0 enemy-attack=0,0
party action uses=8,40 / 2,40
frame=3016 map=35.0 pos=34,26 flags=0
party=2 HP=30/30,26/26 battle=0 battlers=0 outcome=0 PP=0,0 trial=0 donut-ability=0
persistent PP=8,2 status=0,0
growth level/xp/item=8/399/0,8/709/0 stats maxHP/attack,maxHP/magic=30/20,26/13 foesHP=0,0
pattern trainer=0 turn=0 foePP=0,0 foeAtkDef=0,0 CarlAtk=0 foeLevel=0
support PP=0,0 Carl-defense=0 enemy-attack=0,0
party action uses=8,40 / 2,40
frame=3016 map=35.0 pos=34,26 flags=0
party=2 HP=30/30,26/26 battle=0 battlers=0 outcome=0 PP=0,0 trial=0 donut-ability=0
persistent PP=8,2 status=0,0
growth level/xp/item=8/399/0,8/709/0 stats maxHP/attack,maxHP/magic=30/20,26/13 foesHP=0,0
pattern trainer=0 turn=0 foePP=0,0 foeAtkDef=0,0 CarlAtk=0 foeLevel=0
support PP=0,0 Carl-defense=0 enemy-attack=0,0
party action uses=8,40 / 2,40
PASS expect 35 0 34 26 0
frame=3052 map=35.0 pos=36,26 flags=0
party=2 HP=30/30,26/26 battle=0 battlers=0 outcome=0 PP=0,0 trial=0 donut-ability=0
persistent PP=8,2 status=0,0
growth level/xp/item=8/399/0,8/709/0 stats maxHP/attack,maxHP/magic=30/20,26/13 foesHP=0,0
pattern trainer=0 turn=0 foePP=0,0 foeAtkDef=0,0 CarlAtk=0 foeLevel=0
support PP=0,0 Carl-defense=0 enemy-attack=0,0
party action uses=8,40 / 2,40
frame=3092 map=35.0 pos=36,26 flags=0
party=2 HP=30/30,26/26 battle=0 battlers=0 outcome=0 PP=0,0 trial=0 donut-ability=0
persistent PP=8,2 status=0,0
growth level/xp/item=8/399/0,8/709/0 stats maxHP/attack,maxHP/magic=30/20,26/13 foesHP=0,0
pattern trainer=0 turn=0 foePP=0,0 foeAtkDef=0,0 CarlAtk=0 foeLevel=0
support PP=0,0 Carl-defense=0 enemy-attack=0,0
party action uses=8,40 / 2,40
frame=3092 map=35.0 pos=36,26 flags=0
party=2 HP=30/30,26/26 battle=0 battlers=0 outcome=0 PP=0,0 trial=0 donut-ability=0
persistent PP=8,2 status=0,0
growth level/xp/item=8/399/0,8/709/0 stats maxHP/attack,maxHP/magic=30/20,26/13 foesHP=0,0
pattern trainer=0 turn=0 foePP=0,0 foeAtkDef=0,0 CarlAtk=0 foeLevel=0
support PP=0,0 Carl-defense=0 enemy-attack=0,0
party action uses=8,40 / 2,40
PASS expect 35 0 36 26 0
frame=3112 map=35.0 pos=36,27 flags=0
party=2 HP=30/30,26/26 battle=0 battlers=0 outcome=0 PP=0,0 trial=0 donut-ability=0
persistent PP=8,2 status=0,0
growth level/xp/item=8/399/0,8/709/0 stats maxHP/attack,maxHP/magic=30/20,26/13 foesHP=0,0
pattern trainer=0 turn=0 foePP=0,0 foeAtkDef=0,0 CarlAtk=0 foeLevel=0
support PP=0,0 Carl-defense=0 enemy-attack=0,0
party action uses=8,40 / 2,40
frame=3152 map=35.0 pos=36,27 flags=0
party=2 HP=30/30,26/26 battle=0 battlers=0 outcome=0 PP=0,0 trial=0 donut-ability=0
persistent PP=8,2 status=0,0
growth level/xp/item=8/399/0,8/709/0 stats maxHP/attack,maxHP/magic=30/20,26/13 foesHP=0,0
pattern trainer=0 turn=0 foePP=0,0 foeAtkDef=0,0 CarlAtk=0 foeLevel=0
support PP=0,0 Carl-defense=0 enemy-attack=0,0
party action uses=8,40 / 2,40
frame=3152 map=35.0 pos=36,27 flags=0
party=2 HP=30/30,26/26 battle=0 battlers=0 outcome=0 PP=0,0 trial=0 donut-ability=0
persistent PP=8,2 status=0,0
growth level/xp/item=8/399/0,8/709/0 stats maxHP/attack,maxHP/magic=30/20,26/13 foesHP=0,0
pattern trainer=0 turn=0 foePP=0,0 foeAtkDef=0,0 CarlAtk=0 foeLevel=0
support PP=0,0 Carl-defense=0 enemy-attack=0,0
party action uses=8,40 / 2,40
PASS expect 35 0 36 27 0
frame=3172 map=35.0 pos=37,27 flags=0
party=2 HP=30/30,26/26 battle=0 battlers=0 outcome=0 PP=0,0 trial=0 donut-ability=0
persistent PP=8,2 status=0,0
growth level/xp/item=8/399/0,8/709/0 stats maxHP/attack,maxHP/magic=30/20,26/13 foesHP=0,0
pattern trainer=0 turn=0 foePP=0,0 foeAtkDef=0,0 CarlAtk=0 foeLevel=0
support PP=0,0 Carl-defense=0 enemy-attack=0,0
party action uses=8,40 / 2,40
frame=3212 map=35.0 pos=37,27 flags=0
party=2 HP=30/30,26/26 battle=0 battlers=0 outcome=0 PP=0,0 trial=0 donut-ability=0
persistent PP=8,2 status=0,0
growth level/xp/item=8/399/0,8/709/0 stats maxHP/attack,maxHP/magic=30/20,26/13 foesHP=0,0
pattern trainer=0 turn=0 foePP=0,0 foeAtkDef=0,0 CarlAtk=0 foeLevel=0
support PP=0,0 Carl-defense=0 enemy-attack=0,0
party action uses=8,40 / 2,40
frame=3212 map=35.0 pos=37,27 flags=0
party=2 HP=30/30,26/26 battle=0 battlers=0 outcome=0 PP=0,0 trial=0 donut-ability=0
persistent PP=8,2 status=0,0
growth level/xp/item=8/399/0,8/709/0 stats maxHP/attack,maxHP/magic=30/20,26/13 foesHP=0,0
pattern trainer=0 turn=0 foePP=0,0 foeAtkDef=0,0 CarlAtk=0 foeLevel=0
support PP=0,0 Carl-defense=0 enemy-attack=0,0
party action uses=8,40 / 2,40
PASS expect 35 0 37 27 0
frame=3280 map=35.0 pos=37,31 flags=0
party=2 HP=30/30,26/26 battle=0 battlers=0 outcome=0 PP=0,0 trial=0 donut-ability=0
persistent PP=8,2 status=0,0
growth level/xp/item=8/399/0,8/709/0 stats maxHP/attack,maxHP/magic=30/20,26/13 foesHP=0,0
pattern trainer=0 turn=0 foePP=0,0 foeAtkDef=0,0 CarlAtk=0 foeLevel=0
support PP=0,0 Carl-defense=0 enemy-attack=0,0
party action uses=8,40 / 2,40
frame=3320 map=35.0 pos=37,31 flags=0
party=2 HP=30/30,26/26 battle=0 battlers=0 outcome=0 PP=0,0 trial=0 donut-ability=0
persistent PP=8,2 status=0,0
growth level/xp/item=8/399/0,8/709/0 stats maxHP/attack,maxHP/magic=30/20,26/13 foesHP=0,0
pattern trainer=0 turn=0 foePP=0,0 foeAtkDef=0,0 CarlAtk=0 foeLevel=0
support PP=0,0 Carl-defense=0 enemy-attack=0,0
party action uses=8,40 / 2,40
frame=3320 map=35.0 pos=37,31 flags=0
party=2 HP=30/30,26/26 battle=0 battlers=0 outcome=0 PP=0,0 trial=0 donut-ability=0
persistent PP=8,2 status=0,0
growth level/xp/item=8/399/0,8/709/0 stats maxHP/attack,maxHP/magic=30/20,26/13 foesHP=0,0
pattern trainer=0 turn=0 foePP=0,0 foeAtkDef=0,0 CarlAtk=0 foeLevel=0
support PP=0,0 Carl-defense=0 enemy-attack=0,0
party action uses=8,40 / 2,40
PASS expect 35 0 37 31 0
frame=3360 map=35.0 pos=37,31 flags=0
party=2 HP=30/30,26/26 battle=0 battlers=0 outcome=0 PP=0,0 trial=0 donut-ability=0
persistent PP=8,2 status=0,0
growth level/xp/item=8/399/0,8/709/0 stats maxHP/attack,maxHP/magic=30/20,26/13 foesHP=0,0
pattern trainer=0 turn=0 foePP=0,0 foeAtkDef=0,0 CarlAtk=0 foeLevel=0
support PP=0,0 Carl-defense=0 enemy-attack=0,0
party action uses=8,40 / 2,40
frame=3444 map=35.0 pos=37,26 flags=0
party=2 HP=30/30,26/26 battle=0 battlers=0 outcome=0 PP=0,0 trial=0 donut-ability=0
persistent PP=8,2 status=0,0
growth level/xp/item=8/399/0,8/709/0 stats maxHP/attack,maxHP/magic=30/20,26/13 foesHP=0,0
pattern trainer=0 turn=0 foePP=0,0 foeAtkDef=0,0 CarlAtk=0 foeLevel=0
support PP=0,0 Carl-defense=0 enemy-attack=0,0
party action uses=8,40 / 2,40
frame=3484 map=35.1 pos=4,3 flags=0
party=2 HP=30/30,26/26 battle=0 battlers=0 outcome=0 PP=0,0 trial=0 donut-ability=0
persistent PP=8,2 status=0,0
growth level/xp/item=8/399/0,8/709/0 stats maxHP/attack,maxHP/magic=30/20,26/13 foesHP=0,0
pattern trainer=0 turn=0 foePP=0,0 foeAtkDef=0,0 CarlAtk=0 foeLevel=0
support PP=0,0 Carl-defense=0 enemy-attack=0,0
party action uses=8,40 / 2,40
frame=3784 map=35.1 pos=4,3 flags=0
party=2 HP=30/30,26/26 battle=0 battlers=0 outcome=0 PP=0,0 trial=0 donut-ability=0
persistent PP=8,2 status=0,0
growth level/xp/item=8/399/0,8/709/0 stats maxHP/attack,maxHP/magic=30/20,26/13 foesHP=0,0
pattern trainer=0 turn=0 foePP=0,0 foeAtkDef=0,0 CarlAtk=0 foeLevel=0
support PP=0,0 Carl-defense=0 enemy-attack=0,0
party action uses=8,40 / 2,40
frame=3784 map=35.1 pos=4,3 flags=0
party=2 HP=30/30,26/26 battle=0 battlers=0 outcome=0 PP=0,0 trial=0 donut-ability=0
persistent PP=8,2 status=0,0
growth level/xp/item=8/399/0,8/709/0 stats maxHP/attack,maxHP/magic=30/20,26/13 foesHP=0,0
pattern trainer=0 turn=0 foePP=0,0 foeAtkDef=0,0 CarlAtk=0 foeLevel=0
support PP=0,0 Carl-defense=0 enemy-attack=0,0
party action uses=8,40 / 2,40
PASS expect 35 1 4 3 0
frame=3824 map=35.1 pos=4,3 flags=0
party=2 HP=30/30,26/26 battle=0 battlers=0 outcome=0 PP=0,0 trial=0 donut-ability=0
persistent PP=8,2 status=0,0
growth level/xp/item=8/399/0,8/709/0 stats maxHP/attack,maxHP/magic=30/20,26/13 foesHP=0,0
pattern trainer=0 turn=0 foePP=0,0 foeAtkDef=0,0 CarlAtk=0 foeLevel=0
support PP=0,0 Carl-defense=0 enemy-attack=0,0
party action uses=8,40 / 2,40
frame=3860 map=35.1 pos=4,5 flags=0
party=2 HP=30/30,26/26 battle=0 battlers=0 outcome=0 PP=0,0 trial=0 donut-ability=0
persistent PP=8,2 status=0,0
growth level/xp/item=8/399/0,8/709/0 stats maxHP/attack,maxHP/magic=30/20,26/13 foesHP=0,0
pattern trainer=0 turn=0 foePP=0,0 foeAtkDef=0,0 CarlAtk=0 foeLevel=0
support PP=0,0 Carl-defense=0 enemy-attack=0,0
party action uses=8,40 / 2,40
frame=3900 map=35.1 pos=4,5 flags=0
party=2 HP=30/30,26/26 battle=0 battlers=0 outcome=0 PP=0,0 trial=0 donut-ability=0
persistent PP=8,2 status=0,0
growth level/xp/item=8/399/0,8/709/0 stats maxHP/attack,maxHP/magic=30/20,26/13 foesHP=0,0
pattern trainer=0 turn=0 foePP=0,0 foeAtkDef=0,0 CarlAtk=0 foeLevel=0
support PP=0,0 Carl-defense=0 enemy-attack=0,0
party action uses=8,40 / 2,40
frame=3900 map=35.1 pos=4,5 flags=0
party=2 HP=30/30,26/26 battle=0 battlers=0 outcome=0 PP=0,0 trial=0 donut-ability=0
persistent PP=8,2 status=0,0
growth level/xp/item=8/399/0,8/709/0 stats maxHP/attack,maxHP/magic=30/20,26/13 foesHP=0,0
pattern trainer=0 turn=0 foePP=0,0 foeAtkDef=0,0 CarlAtk=0 foeLevel=0
support PP=0,0 Carl-defense=0 enemy-attack=0,0
party action uses=8,40 / 2,40
PASS expect 35 1 4 5 0
frame=3940 map=35.1 pos=4,5 flags=0
party=2 HP=30/30,26/26 battle=0 battlers=0 outcome=0 PP=0,0 trial=0 donut-ability=0
persistent PP=8,2 status=0,0
growth level/xp/item=8/399/0,8/709/0 stats maxHP/attack,maxHP/magic=30/20,26/13 foesHP=0,0
pattern trainer=0 turn=0 foePP=0,0 foeAtkDef=0,0 CarlAtk=0 foeLevel=0
support PP=0,0 Carl-defense=0 enemy-attack=0,0
party action uses=8,40 / 2,40
MEASURE name=guard-out frames=580 walking=112 tiles=7 warps=1
frame=3941 map=35.1 pos=4,5 flags=0
party=2 HP=30/30,26/26 battle=0 battlers=0 outcome=0 PP=0,0 trial=0 donut-ability=0
persistent PP=8,2 status=0,0
growth level/xp/item=8/399/0,8/709/0 stats maxHP/attack,maxHP/magic=30/20,26/13 foesHP=0,0
pattern trainer=0 turn=0 foePP=0,0 foeAtkDef=0,0 CarlAtk=0 foeLevel=0
support PP=0,0 Carl-defense=0 enemy-attack=0,0
party action uses=8,40 / 2,40
frame=3981 map=35.1 pos=4,5 flags=0
party=2 HP=30/30,26/26 battle=0 battlers=0 outcome=0 PP=0,0 trial=0 donut-ability=0
persistent PP=8,2 status=0,0
growth level/xp/item=8/399/0,8/709/0 stats maxHP/attack,maxHP/magic=30/20,26/13 foesHP=0,0
pattern trainer=0 turn=0 foePP=0,0 foeAtkDef=0,0 CarlAtk=0 foeLevel=0
support PP=0,0 Carl-defense=0 enemy-attack=0,0
party action uses=8,40 / 2,40
frame=3982 map=35.1 pos=4,5 flags=0
party=2 HP=30/30,26/26 battle=0 battlers=0 outcome=0 PP=0,0 trial=0 donut-ability=0
persistent PP=8,2 status=0,0
growth level/xp/item=8/399/0,8/709/0 stats maxHP/attack,maxHP/magic=30/20,26/13 foesHP=0,0
pattern trainer=0 turn=0 foePP=0,0 foeAtkDef=0,0 CarlAtk=0 foeLevel=0
support PP=0,0 Carl-defense=0 enemy-attack=0,0
party action uses=8,40 / 2,40
frame=4382 map=35.1 pos=4,5 flags=0
party=2 HP=30/30,26/26 battle=0 battlers=0 outcome=0 PP=0,0 trial=0 donut-ability=0
persistent PP=8,2 status=0,0
growth level/xp/item=8/399/0,8/709/0 stats maxHP/attack,maxHP/magic=30/20,26/13 foesHP=0,0
pattern trainer=0 turn=0 foePP=0,0 foeAtkDef=0,0 CarlAtk=0 foeLevel=0
support PP=0,0 Carl-defense=0 enemy-attack=0,0
party action uses=8,40 / 2,40
frame=4382 map=35.1 pos=4,5 flags=0
party=2 HP=30/30,26/26 battle=0 battlers=0 outcome=0 PP=0,0 trial=0 donut-ability=0
persistent PP=8,2 status=0,0
growth level/xp/item=8/399/0,8/709/0 stats maxHP/attack,maxHP/magic=30/20,26/13 foesHP=0,0
pattern trainer=0 turn=0 foePP=0,0 foeAtkDef=0,0 CarlAtk=0 foeLevel=0
support PP=0,0 Carl-defense=0 enemy-attack=0,0
party action uses=8,40 / 2,40
PASS duo healthy
frame=4382 map=35.1 pos=4,5 flags=0
party=2 HP=30/30,26/26 battle=0 battlers=0 outcome=0 PP=0,0 trial=0 donut-ability=0
persistent PP=8,2 status=0,0
growth level/xp/item=8/399/0,8/709/0 stats maxHP/attack,maxHP/magic=30/20,26/13 foesHP=0,0
pattern trainer=0 turn=0 foePP=0,0 foeAtkDef=0,0 CarlAtk=0 foeLevel=0
support PP=0,0 Carl-defense=0 enemy-attack=0,0
party action uses=8,40 / 2,40
PASS uses 8 40 2 40
frame=4383 map=35.1 pos=4,5 flags=0
party=2 HP=30/30,26/26 battle=0 battlers=0 outcome=0 PP=0,0 trial=0 donut-ability=0
persistent PP=8,2 status=0,0
growth level/xp/item=8/399/0,8/709/0 stats maxHP/attack,maxHP/magic=30/20,26/13 foesHP=0,0
pattern trainer=0 turn=0 foePP=0,0 foeAtkDef=0,0 CarlAtk=0 foeLevel=0
support PP=0,0 Carl-defense=0 enemy-attack=0,0
party action uses=8,40 / 2,40
frame=4783 map=35.1 pos=4,5 flags=0
party=2 HP=30/30,26/26 battle=0 battlers=0 outcome=0 PP=0,0 trial=0 donut-ability=0
persistent PP=8,2 status=0,0
growth level/xp/item=8/399/0,8/709/0 stats maxHP/attack,maxHP/magic=30/20,26/13 foesHP=0,0
pattern trainer=0 turn=0 foePP=0,0 foeAtkDef=0,0 CarlAtk=0 foeLevel=0
support PP=0,0 Carl-defense=0 enemy-attack=0,0
party action uses=8,40 / 2,40
frame=4784 map=35.1 pos=4,5 flags=0
party=2 HP=30/30,26/26 battle=0 battlers=0 outcome=0 PP=0,0 trial=0 donut-ability=0
persistent PP=8,2 status=0,0
growth level/xp/item=8/399/0,8/709/0 stats maxHP/attack,maxHP/magic=30/20,26/13 foesHP=0,0
pattern trainer=0 turn=0 foePP=0,0 foeAtkDef=0,0 CarlAtk=0 foeLevel=0
support PP=0,0 Carl-defense=0 enemy-attack=0,0
party action uses=8,40 / 2,40
frame=4824 map=35.1 pos=4,5 flags=0
party=2 HP=30/30,26/26 battle=0 battlers=0 outcome=0 PP=0,0 trial=0 donut-ability=0
persistent PP=8,2 status=0,0
growth level/xp/item=8/399/0,8/709/0 stats maxHP/attack,maxHP/magic=30/20,26/13 foesHP=0,0
pattern trainer=0 turn=0 foePP=0,0 foeAtkDef=0,0 CarlAtk=0 foeLevel=0
support PP=0,0 Carl-defense=0 enemy-attack=0,0
party action uses=8,40 / 2,40
frame=4824 map=35.1 pos=4,5 flags=0
party=2 HP=30/30,26/26 battle=0 battlers=0 outcome=0 PP=0,0 trial=0 donut-ability=0
persistent PP=8,2 status=0,0
growth level/xp/item=8/399/0,8/709/0 stats maxHP/attack,maxHP/magic=30/20,26/13 foesHP=0,0
pattern trainer=0 turn=0 foePP=0,0 foeAtkDef=0,0 CarlAtk=0 foeLevel=0
support PP=0,0 Carl-defense=0 enemy-attack=0,0
party action uses=8,40 / 2,40
PASS expect 35 1 4 5 0
frame=4860 map=35.1 pos=4,3 flags=0
party=2 HP=30/30,26/26 battle=0 battlers=0 outcome=0 PP=0,0 trial=0 donut-ability=0
persistent PP=8,2 status=0,0
growth level/xp/item=8/399/0,8/709/0 stats maxHP/attack,maxHP/magic=30/20,26/13 foesHP=0,0
pattern trainer=0 turn=0 foePP=0,0 foeAtkDef=0,0 CarlAtk=0 foeLevel=0
support PP=0,0 Carl-defense=0 enemy-attack=0,0
party action uses=8,40 / 2,40
frame=4900 map=35.0 pos=37,26 flags=0
party=2 HP=30/30,26/26 battle=0 battlers=0 outcome=0 PP=0,0 trial=0 donut-ability=0
persistent PP=8,2 status=0,0
growth level/xp/item=8/399/0,8/709/0 stats maxHP/attack,maxHP/magic=30/20,26/13 foesHP=0,0
pattern trainer=0 turn=0 foePP=0,0 foeAtkDef=0,0 CarlAtk=0 foeLevel=0
support PP=0,0 Carl-defense=0 enemy-attack=0,0
party action uses=8,40 / 2,40
frame=5200 map=35.0 pos=37,26 flags=0
party=2 HP=30/30,26/26 battle=0 battlers=0 outcome=0 PP=0,0 trial=0 donut-ability=0
persistent PP=8,2 status=0,0
growth level/xp/item=8/399/0,8/709/0 stats maxHP/attack,maxHP/magic=30/20,26/13 foesHP=0,0
pattern trainer=0 turn=0 foePP=0,0 foeAtkDef=0,0 CarlAtk=0 foeLevel=0
support PP=0,0 Carl-defense=0 enemy-attack=0,0
party action uses=8,40 / 2,40
frame=5200 map=35.0 pos=37,26 flags=0
party=2 HP=30/30,26/26 battle=0 battlers=0 outcome=0 PP=0,0 trial=0 donut-ability=0
persistent PP=8,2 status=0,0
growth level/xp/item=8/399/0,8/709/0 stats maxHP/attack,maxHP/magic=30/20,26/13 foesHP=0,0
pattern trainer=0 turn=0 foePP=0,0 foeAtkDef=0,0 CarlAtk=0 foeLevel=0
support PP=0,0 Carl-defense=0 enemy-attack=0,0
party action uses=8,40 / 2,40
PASS expect 35 0 37 26 0
frame=5284 map=35.0 pos=37,31 flags=0
party=2 HP=30/30,26/26 battle=0 battlers=0 outcome=0 PP=0,0 trial=0 donut-ability=0
persistent PP=8,2 status=0,0
growth level/xp/item=8/399/0,8/709/0 stats maxHP/attack,maxHP/magic=30/20,26/13 foesHP=0,0
pattern trainer=0 turn=0 foePP=0,0 foeAtkDef=0,0 CarlAtk=0 foeLevel=0
support PP=0,0 Carl-defense=0 enemy-attack=0,0
party action uses=8,40 / 2,40
frame=5324 map=35.0 pos=37,31 flags=0
party=2 HP=30/30,26/26 battle=0 battlers=0 outcome=0 PP=0,0 trial=0 donut-ability=0
persistent PP=8,2 status=0,0
growth level/xp/item=8/399/0,8/709/0 stats maxHP/attack,maxHP/magic=30/20,26/13 foesHP=0,0
pattern trainer=0 turn=0 foePP=0,0 foeAtkDef=0,0 CarlAtk=0 foeLevel=0
support PP=0,0 Carl-defense=0 enemy-attack=0,0
party action uses=8,40 / 2,40
frame=5324 map=35.0 pos=37,31 flags=0
party=2 HP=30/30,26/26 battle=0 battlers=0 outcome=0 PP=0,0 trial=0 donut-ability=0
persistent PP=8,2 status=0,0
growth level/xp/item=8/399/0,8/709/0 stats maxHP/attack,maxHP/magic=30/20,26/13 foesHP=0,0
pattern trainer=0 turn=0 foePP=0,0 foeAtkDef=0,0 CarlAtk=0 foeLevel=0
support PP=0,0 Carl-defense=0 enemy-attack=0,0
party action uses=8,40 / 2,40
PASS expect 35 0 37 31 0
frame=5364 map=35.0 pos=37,31 flags=0
party=2 HP=30/30,26/26 battle=0 battlers=0 outcome=0 PP=0,0 trial=0 donut-ability=0
persistent PP=8,2 status=0,0
growth level/xp/item=8/399/0,8/709/0 stats maxHP/attack,maxHP/magic=30/20,26/13 foesHP=0,0
pattern trainer=0 turn=0 foePP=0,0 foeAtkDef=0,0 CarlAtk=0 foeLevel=0
support PP=0,0 Carl-defense=0 enemy-attack=0,0
party action uses=8,40 / 2,40
MEASURE name=guard-back frames=540 walking=112 tiles=7 warps=1
frame=5364 map=35.0 pos=37,31 flags=0
party=2 HP=30/30,26/26 battle=0 battlers=0 outcome=0 PP=0,0 trial=0 donut-ability=0
persistent PP=8,2 status=0,0
growth level/xp/item=8/399/0,8/709/0 stats maxHP/attack,maxHP/magic=30/20,26/13 foesHP=0,0
pattern trainer=0 turn=0 foePP=0,0 foeAtkDef=0,0 CarlAtk=0 foeLevel=0
support PP=0,0 Carl-defense=0 enemy-attack=0,0
party action uses=8,40 / 2,40
PASS duo healthy
frame=5364 map=35.0 pos=37,31 flags=0
party=2 HP=30/30,26/26 battle=0 battlers=0 outcome=0 PP=0,0 trial=0 donut-ability=0
persistent PP=8,2 status=0,0
growth level/xp/item=8/399/0,8/709/0 stats maxHP/attack,maxHP/magic=30/20,26/13 foesHP=0,0
pattern trainer=0 turn=0 foePP=0,0 foeAtkDef=0,0 CarlAtk=0 foeLevel=0
support PP=0,0 Carl-defense=0 enemy-attack=0,0
party action uses=8,40 / 2,40
PASS uses 8 40 2 40
frame=5364 map=35.0 pos=37,31 flags=0
party=2 HP=30/30,26/26 battle=0 battlers=0 outcome=0 PP=0,0 trial=0 donut-ability=0
persistent PP=8,2 status=0,0
growth level/xp/item=8/399/0,8/709/0 stats maxHP/attack,maxHP/magic=30/20,26/13 foesHP=0,0
PASS flag 32 0
pattern trainer=0 turn=0 foePP=0,0 foeAtkDef=0,0 CarlAtk=0 foeLevel=0
support PP=0,0 Carl-defense=0 enemy-attack=0,0
party action uses=8,40 / 2,40
frame=5364 map=35.0 pos=37,31 flags=0
party=2 HP=30/30,26/26 battle=0 battlers=0 outcome=0 PP=0,0 trial=0 donut-ability=0
persistent PP=8,2 status=0,0
growth level/xp/item=8/399/0,8/709/0 stats maxHP/attack,maxHP/magic=30/20,26/13 foesHP=0,0
PASS flag 33 0
pattern trainer=0 turn=0 foePP=0,0 foeAtkDef=0,0 CarlAtk=0 foeLevel=0
support PP=0,0 Carl-defense=0 enemy-attack=0,0
party action uses=8,40 / 2,40
frame=5364 map=35.0 pos=37,31 flags=0
party=2 HP=30/30,26/26 battle=0 battlers=0 outcome=0 PP=0,0 trial=0 donut-ability=0
persistent PP=8,2 status=0,0
growth level/xp/item=8/399/0,8/709/0 stats maxHP/attack,maxHP/magic=30/20,26/13 foesHP=0,0
PASS flag 34 0
pattern trainer=0 turn=0 foePP=0,0 foeAtkDef=0,0 CarlAtk=0 foeLevel=0
support PP=0,0 Carl-defense=0 enemy-attack=0,0
party action uses=8,40 / 2,40
frame=5364 map=35.0 pos=37,31 flags=0
party=2 HP=30/30,26/26 battle=0 battlers=0 outcome=0 PP=0,0 trial=0 donut-ability=0
persistent PP=8,2 status=0,0
growth level/xp/item=8/399/0,8/709/0 stats maxHP/attack,maxHP/magic=30/20,26/13 foesHP=0,0
PASS flag 35 0
pattern trainer=0 turn=0 foePP=0,0 foeAtkDef=0,0 CarlAtk=0 foeLevel=0
support PP=0,0 Carl-defense=0 enemy-attack=0,0
party action uses=8,40 / 2,40
frame=5364 map=35.0 pos=37,31 flags=0
party=2 HP=30/30,26/26 battle=0 battlers=0 outcome=0 PP=0,0 trial=0 donut-ability=0
persistent PP=8,2 status=0,0
growth level/xp/item=8/399/0,8/709/0 stats maxHP/attack,maxHP/magic=30/20,26/13 foesHP=0,0
PASS flag 36 0
pattern trainer=0 turn=0 foePP=0,0 foeAtkDef=0,0 CarlAtk=0 foeLevel=0
support PP=0,0 Carl-defense=0 enemy-attack=0,0
party action uses=8,40 / 2,40
frame=5364 map=35.0 pos=37,31 flags=0
party=2 HP=30/30,26/26 battle=0 battlers=0 outcome=0 PP=0,0 trial=0 donut-ability=0
persistent PP=8,2 status=0,0
growth level/xp/item=8/399/0,8/709/0 stats maxHP/attack,maxHP/magic=30/20,26/13 foesHP=0,0
PASS flag 37 0
pattern trainer=0 turn=0 foePP=0,0 foeAtkDef=0,0 CarlAtk=0 foeLevel=0
support PP=0,0 Carl-defense=0 enemy-attack=0,0
party action uses=8,40 / 2,40
frame=5364 map=35.0 pos=37,31 flags=0
party=2 HP=30/30,26/26 battle=0 battlers=0 outcome=0 PP=0,0 trial=0 donut-ability=0
persistent PP=8,2 status=0,0
growth level/xp/item=8/399/0,8/709/0 stats maxHP/attack,maxHP/magic=30/20,26/13 foesHP=0,0
PASS flag 38 0
pattern trainer=0 turn=0 foePP=0,0 foeAtkDef=0,0 CarlAtk=0 foeLevel=0
support PP=0,0 Carl-defense=0 enemy-attack=0,0
party action uses=8,40 / 2,40
frame=5364 map=35.0 pos=37,31 flags=0
party=2 HP=30/30,26/26 battle=0 battlers=0 outcome=0 PP=0,0 trial=0 donut-ability=0
persistent PP=8,2 status=0,0
growth level/xp/item=8/399/0,8/709/0 stats maxHP/attack,maxHP/magic=30/20,26/13 foesHP=0,0
PASS flag 39 0
pattern trainer=0 turn=0 foePP=0,0 foeAtkDef=0,0 CarlAtk=0 foeLevel=0
support PP=0,0 Carl-defense=0 enemy-attack=0,0
party action uses=8,40 / 2,40
frame=5364 map=35.0 pos=37,31 flags=0
party=2 HP=30/30,26/26 battle=0 battlers=0 outcome=0 PP=0,0 trial=0 donut-ability=0
persistent PP=8,2 status=0,0
growth level/xp/item=8/399/0,8/709/0 stats maxHP/attack,maxHP/magic=30/20,26/13 foesHP=0,0
PASS flag 40 0
pattern trainer=0 turn=0 foePP=0,0 foeAtkDef=0,0 CarlAtk=0 foeLevel=0
support PP=0,0 Carl-defense=0 enemy-attack=0,0
party action uses=8,40 / 2,40
frame=5364 map=35.0 pos=37,31 flags=0
party=2 HP=30/30,26/26 battle=0 battlers=0 outcome=0 PP=0,0 trial=0 donut-ability=0
persistent PP=8,2 status=0,0
growth level/xp/item=8/399/0,8/709/0 stats maxHP/attack,maxHP/magic=30/20,26/13 foesHP=0,0
PASS flag 41 0
pattern trainer=0 turn=0 foePP=0,0 foeAtkDef=0,0 CarlAtk=0 foeLevel=0
support PP=0,0 Carl-defense=0 enemy-attack=0,0
party action uses=8,40 / 2,40
frame=5364 map=35.0 pos=37,31 flags=0
party=2 HP=30/30,26/26 battle=0 battlers=0 outcome=0 PP=0,0 trial=0 donut-ability=0
persistent PP=8,2 status=0,0
growth level/xp/item=8/399/0,8/709/0 stats maxHP/attack,maxHP/magic=30/20,26/13 foesHP=0,0
PASS flag 42 0
pattern trainer=0 turn=0 foePP=0,0 foeAtkDef=0,0 CarlAtk=0 foeLevel=0
support PP=0,0 Carl-defense=0 enemy-attack=0,0
party action uses=8,40 / 2,40
frame=5364 map=35.0 pos=37,31 flags=0
party=2 HP=30/30,26/26 battle=0 battlers=0 outcome=0 PP=0,0 trial=0 donut-ability=0
persistent PP=8,2 status=0,0
growth level/xp/item=8/399/0,8/709/0 stats maxHP/attack,maxHP/magic=30/20,26/13 foesHP=0,0
PASS flag 43 0
pattern trainer=0 turn=0 foePP=0,0 foeAtkDef=0,0 CarlAtk=0 foeLevel=0
support PP=0,0 Carl-defense=0 enemy-attack=0,0
party action uses=8,40 / 2,40
frame=5364 map=35.0 pos=37,31 flags=0
party=2 HP=30/30,26/26 battle=0 battlers=0 outcome=0 PP=0,0 trial=0 donut-ability=0
persistent PP=8,2 status=0,0
growth level/xp/item=8/399/0,8/709/0 stats maxHP/attack,maxHP/magic=30/20,26/13 foesHP=0,0
PASS flag 44 0
pattern trainer=0 turn=0 foePP=0,0 foeAtkDef=0,0 CarlAtk=0 foeLevel=0
support PP=0,0 Carl-defense=0 enemy-attack=0,0
party action uses=8,40 / 2,40
frame=5364 map=35.0 pos=37,31 flags=0
party=2 HP=30/30,26/26 battle=0 battlers=0 outcome=0 PP=0,0 trial=0 donut-ability=0
persistent PP=8,2 status=0,0
growth level/xp/item=8/399/0,8/709/0 stats maxHP/attack,maxHP/magic=30/20,26/13 foesHP=0,0
PASS flag 45 0
pattern trainer=0 turn=0 foePP=0,0 foeAtkDef=0,0 CarlAtk=0 foeLevel=0
support PP=0,0 Carl-defense=0 enemy-attack=0,0
party action uses=8,40 / 2,40
frame=5364 map=35.0 pos=37,31 flags=0
party=2 HP=30/30,26/26 battle=0 battlers=0 outcome=0 PP=0,0 trial=0 donut-ability=0
persistent PP=8,2 status=0,0
growth level/xp/item=8/399/0,8/709/0 stats maxHP/attack,maxHP/magic=30/20,26/13 foesHP=0,0
PASS flag 46 0
pattern trainer=0 turn=0 foePP=0,0 foeAtkDef=0,0 CarlAtk=0 foeLevel=0
support PP=0,0 Carl-defense=0 enemy-attack=0,0
party action uses=8,40 / 2,40
frame=5364 map=35.0 pos=37,31 flags=0
party=2 HP=30/30,26/26 battle=0 battlers=0 outcome=0 PP=0,0 trial=0 donut-ability=0
persistent PP=8,2 status=0,0
growth level/xp/item=8/399/0,8/709/0 stats maxHP/attack,maxHP/magic=30/20,26/13 foesHP=0,0
PASS flag 47 0
pattern trainer=0 turn=0 foePP=0,0 foeAtkDef=0,0 CarlAtk=0 foeLevel=0
support PP=0,0 Carl-defense=0 enemy-attack=0,0
party action uses=8,40 / 2,40
frame=5364 map=35.0 pos=37,31 flags=0
party=2 HP=30/30,26/26 battle=0 battlers=0 outcome=0 PP=0,0 trial=0 donut-ability=0
persistent PP=8,2 status=0,0
growth level/xp/item=8/399/0,8/709/0 stats maxHP/attack,maxHP/magic=30/20,26/13 foesHP=0,0
PASS flag 48 0
pattern trainer=0 turn=0 foePP=0,0 foeAtkDef=0,0 CarlAtk=0 foeLevel=0
support PP=0,0 Carl-defense=0 enemy-attack=0,0
party action uses=8,40 / 2,40
frame=5364 map=35.0 pos=37,31 flags=0
party=2 HP=30/30,26/26 battle=0 battlers=0 outcome=0 PP=0,0 trial=0 donut-ability=0
persistent PP=8,2 status=0,0
growth level/xp/item=8/399/0,8/709/0 stats maxHP/attack,maxHP/magic=30/20,26/13 foesHP=0,0
PASS flag 49 0
pattern trainer=0 turn=0 foePP=0,0 foeAtkDef=0,0 CarlAtk=0 foeLevel=0
support PP=0,0 Carl-defense=0 enemy-attack=0,0
party action uses=8,40 / 2,40
frame=5364 map=35.0 pos=37,31 flags=0
party=2 HP=30/30,26/26 battle=0 battlers=0 outcome=0 PP=0,0 trial=0 donut-ability=0
persistent PP=8,2 status=0,0
growth level/xp/item=8/399/0,8/709/0 stats maxHP/attack,maxHP/magic=30/20,26/13 foesHP=0,0
PASS flag 2135 0
pattern trainer=0 turn=0 foePP=0,0 foeAtkDef=0,0 CarlAtk=0 foeLevel=0
support PP=0,0 Carl-defense=0 enemy-attack=0,0
party action uses=8,40 / 2,40
frame=5364 map=35.0 pos=37,31 flags=0
party=2 HP=30/30,26/26 battle=0 battlers=0 outcome=0 PP=0,0 trial=0 donut-ability=0
persistent PP=8,2 status=0,0
growth level/xp/item=8/399/0,8/709/0 stats maxHP/attack,maxHP/magic=30/20,26/13 foesHP=0,0
PASS flag 2136 0
pattern trainer=0 turn=0 foePP=0,0 foeAtkDef=0,0 CarlAtk=0 foeLevel=0
support PP=0,0 Carl-defense=0 enemy-attack=0,0
party action uses=8,40 / 2,40
frame=5364 map=35.0 pos=37,31 flags=0
party=2 HP=30/30,26/26 battle=0 battlers=0 outcome=0 PP=0,0 trial=0 donut-ability=0
persistent PP=8,2 status=0,0
growth level/xp/item=8/399/0,8/709/0 stats maxHP/attack,maxHP/magic=30/20,26/13 foesHP=0,0
PASS flag 2137 0
pattern trainer=0 turn=0 foePP=0,0 foeAtkDef=0,0 CarlAtk=0 foeLevel=0
support PP=0,0 Carl-defense=0 enemy-attack=0,0
party action uses=8,40 / 2,40
frame=5364 map=35.0 pos=37,31 flags=0
party=2 HP=30/30,26/26 battle=0 battlers=0 outcome=0 PP=0,0 trial=0 donut-ability=0
persistent PP=8,2 status=0,0
growth level/xp/item=8/399/0,8/709/0 stats maxHP/attack,maxHP/magic=30/20,26/13 foesHP=0,0
PASS flag 2138 0
pattern trainer=0 turn=0 foePP=0,0 foeAtkDef=0,0 CarlAtk=0 foeLevel=0
support PP=0,0 Carl-defense=0 enemy-attack=0,0
party action uses=8,40 / 2,40
frame=5364 map=35.0 pos=37,31 flags=0
party=2 HP=30/30,26/26 battle=0 battlers=0 outcome=0 PP=0,0 trial=0 donut-ability=0
persistent PP=8,2 status=0,0
growth level/xp/item=8/399/0,8/709/0 stats maxHP/attack,maxHP/magic=30/20,26/13 foesHP=0,0
PASS flag 2139 0
pattern trainer=0 turn=0 foePP=0,0 foeAtkDef=0,0 CarlAtk=0 foeLevel=0
support PP=0,0 Carl-defense=0 enemy-attack=0,0
party action uses=8,40 / 2,40
frame=5432 map=35.0 pos=37,27 flags=0
party=2 HP=30/30,26/26 battle=0 battlers=0 outcome=0 PP=0,0 trial=0 donut-ability=0
persistent PP=8,2 status=0,0
growth level/xp/item=8/399/0,8/709/0 stats maxHP/attack,maxHP/magic=30/20,26/13 foesHP=0,0
pattern trainer=0 turn=0 foePP=0,0 foeAtkDef=0,0 CarlAtk=0 foeLevel=0
support PP=0,0 Carl-defense=0 enemy-attack=0,0
party action uses=8,40 / 2,40
frame=5472 map=35.0 pos=37,27 flags=0
party=2 HP=30/30,26/26 battle=0 battlers=0 outcome=0 PP=0,0 trial=0 donut-ability=0
persistent PP=8,2 status=0,0
growth level/xp/item=8/399/0,8/709/0 stats maxHP/attack,maxHP/magic=30/20,26/13 foesHP=0,0
pattern trainer=0 turn=0 foePP=0,0 foeAtkDef=0,0 CarlAtk=0 foeLevel=0
support PP=0,0 Carl-defense=0 enemy-attack=0,0
party action uses=8,40 / 2,40
frame=5472 map=35.0 pos=37,27 flags=0
party=2 HP=30/30,26/26 battle=0 battlers=0 outcome=0 PP=0,0 trial=0 donut-ability=0
persistent PP=8,2 status=0,0
growth level/xp/item=8/399/0,8/709/0 stats maxHP/attack,maxHP/magic=30/20,26/13 foesHP=0,0
pattern trainer=0 turn=0 foePP=0,0 foeAtkDef=0,0 CarlAtk=0 foeLevel=0
support PP=0,0 Carl-defense=0 enemy-attack=0,0
party action uses=8,40 / 2,40
PASS expect 35 0 37 27 0
frame=5700 map=35.0 pos=51,27 flags=0
party=2 HP=30/30,26/26 battle=0 battlers=0 outcome=0 PP=0,0 trial=0 donut-ability=0
persistent PP=8,2 status=0,0
growth level/xp/item=8/399/0,8/709/0 stats maxHP/attack,maxHP/magic=30/20,26/13 foesHP=0,0
pattern trainer=0 turn=0 foePP=0,0 foeAtkDef=0,0 CarlAtk=0 foeLevel=0
support PP=0,0 Carl-defense=0 enemy-attack=0,0
party action uses=8,40 / 2,40
frame=5740 map=35.0 pos=51,27 flags=0
party=2 HP=30/30,26/26 battle=0 battlers=0 outcome=0 PP=0,0 trial=0 donut-ability=0
persistent PP=8,2 status=0,0
growth level/xp/item=8/399/0,8/709/0 stats maxHP/attack,maxHP/magic=30/20,26/13 foesHP=0,0
pattern trainer=0 turn=0 foePP=0,0 foeAtkDef=0,0 CarlAtk=0 foeLevel=0
support PP=0,0 Carl-defense=0 enemy-attack=0,0
party action uses=8,40 / 2,40
frame=5740 map=35.0 pos=51,27 flags=0
party=2 HP=30/30,26/26 battle=0 battlers=0 outcome=0 PP=0,0 trial=0 donut-ability=0
persistent PP=8,2 status=0,0
growth level/xp/item=8/399/0,8/709/0 stats maxHP/attack,maxHP/magic=30/20,26/13 foesHP=0,0
pattern trainer=0 turn=0 foePP=0,0 foeAtkDef=0,0 CarlAtk=0 foeLevel=0
support PP=0,0 Carl-defense=0 enemy-attack=0,0
party action uses=8,40 / 2,40
PASS expect 35 0 51 27 0
frame=5780 map=35.0 pos=51,27 flags=0
party=2 HP=30/30,26/26 battle=0 battlers=0 outcome=0 PP=0,0 trial=0 donut-ability=0
persistent PP=8,2 status=0,0
growth level/xp/item=8/399/0,8/709/0 stats maxHP/attack,maxHP/magic=30/20,26/13 foesHP=0,0
pattern trainer=0 turn=0 foePP=0,0 foeAtkDef=0,0 CarlAtk=0 foeLevel=0
support PP=0,0 Carl-defense=0 enemy-attack=0,0
party action uses=8,40 / 2,40
frame=5800 map=35.0 pos=51,26 flags=0
party=2 HP=30/30,26/26 battle=0 battlers=0 outcome=0 PP=0,0 trial=0 donut-ability=0
persistent PP=8,2 status=0,0
growth level/xp/item=8/399/0,8/709/0 stats maxHP/attack,maxHP/magic=30/20,26/13 foesHP=0,0
pattern trainer=0 turn=0 foePP=0,0 foeAtkDef=0,0 CarlAtk=0 foeLevel=0
support PP=0,0 Carl-defense=0 enemy-attack=0,0
party action uses=8,40 / 2,40
frame=5840 map=35.0 pos=51,26 flags=0
party=2 HP=30/30,26/26 battle=0 battlers=0 outcome=0 PP=0,0 trial=0 donut-ability=0
persistent PP=8,2 status=0,0
growth level/xp/item=8/399/0,8/709/0 stats maxHP/attack,maxHP/magic=30/20,26/13 foesHP=0,0
pattern trainer=0 turn=0 foePP=0,0 foeAtkDef=0,0 CarlAtk=0 foeLevel=0
support PP=0,0 Carl-defense=0 enemy-attack=0,0
party action uses=8,40 / 2,40
frame=5840 map=35.0 pos=51,26 flags=0
party=2 HP=30/30,26/26 battle=0 battlers=0 outcome=0 PP=0,0 trial=0 donut-ability=0
persistent PP=8,2 status=0,0
growth level/xp/item=8/399/0,8/709/0 stats maxHP/attack,maxHP/magic=30/20,26/13 foesHP=0,0
pattern trainer=0 turn=0 foePP=0,0 foeAtkDef=0,0 CarlAtk=0 foeLevel=0
support PP=0,0 Carl-defense=0 enemy-attack=0,0
party action uses=8,40 / 2,40
PASS expect 35 0 51 26 0
frame=6068 map=35.0 pos=37,26 flags=0
party=2 HP=30/30,26/26 battle=0 battlers=0 outcome=0 PP=0,0 trial=0 donut-ability=0
persistent PP=8,2 status=0,0
growth level/xp/item=8/399/0,8/709/0 stats maxHP/attack,maxHP/magic=30/20,26/13 foesHP=0,0
pattern trainer=0 turn=0 foePP=0,0 foeAtkDef=0,0 CarlAtk=0 foeLevel=0
support PP=0,0 Carl-defense=0 enemy-attack=0,0
party action uses=8,40 / 2,40
frame=6108 map=35.1 pos=4,3 flags=0
party=2 HP=30/30,26/26 battle=0 battlers=0 outcome=0 PP=0,0 trial=0 donut-ability=0
persistent PP=8,2 status=0,0
growth level/xp/item=8/399/0,8/709/0 stats maxHP/attack,maxHP/magic=30/20,26/13 foesHP=0,0
pattern trainer=0 turn=0 foePP=0,0 foeAtkDef=0,0 CarlAtk=0 foeLevel=0
support PP=0,0 Carl-defense=0 enemy-attack=0,0
party action uses=8,40 / 2,40
frame=6408 map=35.1 pos=4,3 flags=0
party=2 HP=30/30,26/26 battle=0 battlers=0 outcome=0 PP=0,0 trial=0 donut-ability=0
persistent PP=8,2 status=0,0
growth level/xp/item=8/399/0,8/709/0 stats maxHP/attack,maxHP/magic=30/20,26/13 foesHP=0,0
pattern trainer=0 turn=0 foePP=0,0 foeAtkDef=0,0 CarlAtk=0 foeLevel=0
support PP=0,0 Carl-defense=0 enemy-attack=0,0
party action uses=8,40 / 2,40
frame=6408 map=35.1 pos=4,3 flags=0
party=2 HP=30/30,26/26 battle=0 battlers=0 outcome=0 PP=0,0 trial=0 donut-ability=0
persistent PP=8,2 status=0,0
growth level/xp/item=8/399/0,8/709/0 stats maxHP/attack,maxHP/magic=30/20,26/13 foesHP=0,0
pattern trainer=0 turn=0 foePP=0,0 foeAtkDef=0,0 CarlAtk=0 foeLevel=0
support PP=0,0 Carl-defense=0 enemy-attack=0,0
party action uses=8,40 / 2,40
PASS expect 35 1 4 3 0
frame=6448 map=35.1 pos=4,3 flags=0
party=2 HP=30/30,26/26 battle=0 battlers=0 outcome=0 PP=0,0 trial=0 donut-ability=0
persistent PP=8,2 status=0,0
growth level/xp/item=8/399/0,8/709/0 stats maxHP/attack,maxHP/magic=30/20,26/13 foesHP=0,0
pattern trainer=0 turn=0 foePP=0,0 foeAtkDef=0,0 CarlAtk=0 foeLevel=0
support PP=0,0 Carl-defense=0 enemy-attack=0,0
party action uses=8,40 / 2,40
frame=6484 map=35.1 pos=4,5 flags=0
party=2 HP=30/30,26/26 battle=0 battlers=0 outcome=0 PP=0,0 trial=0 donut-ability=0
persistent PP=8,2 status=0,0
growth level/xp/item=8/399/0,8/709/0 stats maxHP/attack,maxHP/magic=30/20,26/13 foesHP=0,0
pattern trainer=0 turn=0 foePP=0,0 foeAtkDef=0,0 CarlAtk=0 foeLevel=0
support PP=0,0 Carl-defense=0 enemy-attack=0,0
party action uses=8,40 / 2,40
frame=6524 map=35.1 pos=4,5 flags=0
party=2 HP=30/30,26/26 battle=0 battlers=0 outcome=0 PP=0,0 trial=0 donut-ability=0
persistent PP=8,2 status=0,0
growth level/xp/item=8/399/0,8/709/0 stats maxHP/attack,maxHP/magic=30/20,26/13 foesHP=0,0
pattern trainer=0 turn=0 foePP=0,0 foeAtkDef=0,0 CarlAtk=0 foeLevel=0
support PP=0,0 Carl-defense=0 enemy-attack=0,0
party action uses=8,40 / 2,40
frame=6524 map=35.1 pos=4,5 flags=0
party=2 HP=30/30,26/26 battle=0 battlers=0 outcome=0 PP=0,0 trial=0 donut-ability=0
persistent PP=8,2 status=0,0
growth level/xp/item=8/399/0,8/709/0 stats maxHP/attack,maxHP/magic=30/20,26/13 foesHP=0,0
pattern trainer=0 turn=0 foePP=0,0 foeAtkDef=0,0 CarlAtk=0 foeLevel=0
support PP=0,0 Carl-defense=0 enemy-attack=0,0
party action uses=8,40 / 2,40
PASS expect 35 1 4 5 0
frame=6564 map=35.1 pos=4,5 flags=0
party=2 HP=30/30,26/26 battle=0 battlers=0 outcome=0 PP=0,0 trial=0 donut-ability=0
persistent PP=8,2 status=0,0
growth level/xp/item=8/399/0,8/709/0 stats maxHP/attack,maxHP/magic=30/20,26/13 foesHP=0,0
pattern trainer=0 turn=0 foePP=0,0 foeAtkDef=0,0 CarlAtk=0 foeLevel=0
support PP=0,0 Carl-defense=0 enemy-attack=0,0
party action uses=8,40 / 2,40
MEASURE name=howler-out frames=784 walking=272 tiles=17 warps=1
frame=6565 map=35.1 pos=4,5 flags=0
party=2 HP=30/30,26/26 battle=0 battlers=0 outcome=0 PP=0,0 trial=0 donut-ability=0
persistent PP=8,2 status=0,0
growth level/xp/item=8/399/0,8/709/0 stats maxHP/attack,maxHP/magic=30/20,26/13 foesHP=0,0
pattern trainer=0 turn=0 foePP=0,0 foeAtkDef=0,0 CarlAtk=0 foeLevel=0
support PP=0,0 Carl-defense=0 enemy-attack=0,0
party action uses=8,40 / 2,40
frame=6605 map=35.1 pos=4,5 flags=0
party=2 HP=30/30,26/26 battle=0 battlers=0 outcome=0 PP=0,0 trial=0 donut-ability=0
persistent PP=8,2 status=0,0
growth level/xp/item=8/399/0,8/709/0 stats maxHP/attack,maxHP/magic=30/20,26/13 foesHP=0,0
pattern trainer=0 turn=0 foePP=0,0 foeAtkDef=0,0 CarlAtk=0 foeLevel=0
support PP=0,0 Carl-defense=0 enemy-attack=0,0
party action uses=8,40 / 2,40
frame=6606 map=35.1 pos=4,5 flags=0
party=2 HP=30/30,26/26 battle=0 battlers=0 outcome=0 PP=0,0 trial=0 donut-ability=0
persistent PP=8,2 status=0,0
growth level/xp/item=8/399/0,8/709/0 stats maxHP/attack,maxHP/magic=30/20,26/13 foesHP=0,0
pattern trainer=0 turn=0 foePP=0,0 foeAtkDef=0,0 CarlAtk=0 foeLevel=0
support PP=0,0 Carl-defense=0 enemy-attack=0,0
party action uses=8,40 / 2,40
frame=7006 map=35.1 pos=4,5 flags=0
party=2 HP=30/30,26/26 battle=0 battlers=0 outcome=0 PP=0,0 trial=0 donut-ability=0
persistent PP=8,2 status=0,0
growth level/xp/item=8/399/0,8/709/0 stats maxHP/attack,maxHP/magic=30/20,26/13 foesHP=0,0
pattern trainer=0 turn=0 foePP=0,0 foeAtkDef=0,0 CarlAtk=0 foeLevel=0
support PP=0,0 Carl-defense=0 enemy-attack=0,0
party action uses=8,40 / 2,40
frame=7006 map=35.1 pos=4,5 flags=0
party=2 HP=30/30,26/26 battle=0 battlers=0 outcome=0 PP=0,0 trial=0 donut-ability=0
persistent PP=8,2 status=0,0
growth level/xp/item=8/399/0,8/709/0 stats maxHP/attack,maxHP/magic=30/20,26/13 foesHP=0,0
pattern trainer=0 turn=0 foePP=0,0 foeAtkDef=0,0 CarlAtk=0 foeLevel=0
support PP=0,0 Carl-defense=0 enemy-attack=0,0
party action uses=8,40 / 2,40
PASS duo healthy
frame=7006 map=35.1 pos=4,5 flags=0
party=2 HP=30/30,26/26 battle=0 battlers=0 outcome=0 PP=0,0 trial=0 donut-ability=0
persistent PP=8,2 status=0,0
growth level/xp/item=8/399/0,8/709/0 stats maxHP/attack,maxHP/magic=30/20,26/13 foesHP=0,0
pattern trainer=0 turn=0 foePP=0,0 foeAtkDef=0,0 CarlAtk=0 foeLevel=0
support PP=0,0 Carl-defense=0 enemy-attack=0,0
party action uses=8,40 / 2,40
PASS uses 8 40 2 40
frame=7007 map=35.1 pos=4,5 flags=0
party=2 HP=30/30,26/26 battle=0 battlers=0 outcome=0 PP=0,0 trial=0 donut-ability=0
persistent PP=8,2 status=0,0
growth level/xp/item=8/399/0,8/709/0 stats maxHP/attack,maxHP/magic=30/20,26/13 foesHP=0,0
pattern trainer=0 turn=0 foePP=0,0 foeAtkDef=0,0 CarlAtk=0 foeLevel=0
support PP=0,0 Carl-defense=0 enemy-attack=0,0
party action uses=8,40 / 2,40
frame=7407 map=35.1 pos=4,5 flags=0
party=2 HP=30/30,26/26 battle=0 battlers=0 outcome=0 PP=0,0 trial=0 donut-ability=0
persistent PP=8,2 status=0,0
growth level/xp/item=8/399/0,8/709/0 stats maxHP/attack,maxHP/magic=30/20,26/13 foesHP=0,0
pattern trainer=0 turn=0 foePP=0,0 foeAtkDef=0,0 CarlAtk=0 foeLevel=0
support PP=0,0 Carl-defense=0 enemy-attack=0,0
party action uses=8,40 / 2,40
frame=7408 map=35.1 pos=4,5 flags=0
party=2 HP=30/30,26/26 battle=0 battlers=0 outcome=0 PP=0,0 trial=0 donut-ability=0
persistent PP=8,2 status=0,0
growth level/xp/item=8/399/0,8/709/0 stats maxHP/attack,maxHP/magic=30/20,26/13 foesHP=0,0
pattern trainer=0 turn=0 foePP=0,0 foeAtkDef=0,0 CarlAtk=0 foeLevel=0
support PP=0,0 Carl-defense=0 enemy-attack=0,0
party action uses=8,40 / 2,40
frame=7448 map=35.1 pos=4,5 flags=0
party=2 HP=30/30,26/26 battle=0 battlers=0 outcome=0 PP=0,0 trial=0 donut-ability=0
persistent PP=8,2 status=0,0
growth level/xp/item=8/399/0,8/709/0 stats maxHP/attack,maxHP/magic=30/20,26/13 foesHP=0,0
pattern trainer=0 turn=0 foePP=0,0 foeAtkDef=0,0 CarlAtk=0 foeLevel=0
support PP=0,0 Carl-defense=0 enemy-attack=0,0
party action uses=8,40 / 2,40
frame=7448 map=35.1 pos=4,5 flags=0
party=2 HP=30/30,26/26 battle=0 battlers=0 outcome=0 PP=0,0 trial=0 donut-ability=0
persistent PP=8,2 status=0,0
growth level/xp/item=8/399/0,8/709/0 stats maxHP/attack,maxHP/magic=30/20,26/13 foesHP=0,0
pattern trainer=0 turn=0 foePP=0,0 foeAtkDef=0,0 CarlAtk=0 foeLevel=0
support PP=0,0 Carl-defense=0 enemy-attack=0,0
party action uses=8,40 / 2,40
PASS expect 35 1 4 5 0
frame=7484 map=35.1 pos=4,3 flags=0
party=2 HP=30/30,26/26 battle=0 battlers=0 outcome=0 PP=0,0 trial=0 donut-ability=0
persistent PP=8,2 status=0,0
growth level/xp/item=8/399/0,8/709/0 stats maxHP/attack,maxHP/magic=30/20,26/13 foesHP=0,0
pattern trainer=0 turn=0 foePP=0,0 foeAtkDef=0,0 CarlAtk=0 foeLevel=0
support PP=0,0 Carl-defense=0 enemy-attack=0,0
party action uses=8,40 / 2,40
frame=7524 map=35.0 pos=37,26 flags=0
party=2 HP=30/30,26/26 battle=0 battlers=0 outcome=0 PP=0,0 trial=0 donut-ability=0
persistent PP=8,2 status=0,0
growth level/xp/item=8/399/0,8/709/0 stats maxHP/attack,maxHP/magic=30/20,26/13 foesHP=0,0
pattern trainer=0 turn=0 foePP=0,0 foeAtkDef=0,0 CarlAtk=0 foeLevel=0
support PP=0,0 Carl-defense=0 enemy-attack=0,0
party action uses=8,40 / 2,40
frame=7824 map=35.0 pos=37,26 flags=0
party=2 HP=30/30,26/26 battle=0 battlers=0 outcome=0 PP=0,0 trial=0 donut-ability=0
persistent PP=8,2 status=0,0
growth level/xp/item=8/399/0,8/709/0 stats maxHP/attack,maxHP/magic=30/20,26/13 foesHP=0,0
pattern trainer=0 turn=0 foePP=0,0 foeAtkDef=0,0 CarlAtk=0 foeLevel=0
support PP=0,0 Carl-defense=0 enemy-attack=0,0
party action uses=8,40 / 2,40
frame=7824 map=35.0 pos=37,26 flags=0
party=2 HP=30/30,26/26 battle=0 battlers=0 outcome=0 PP=0,0 trial=0 donut-ability=0
persistent PP=8,2 status=0,0
growth level/xp/item=8/399/0,8/709/0 stats maxHP/attack,maxHP/magic=30/20,26/13 foesHP=0,0
pattern trainer=0 turn=0 foePP=0,0 foeAtkDef=0,0 CarlAtk=0 foeLevel=0
support PP=0,0 Carl-defense=0 enemy-attack=0,0
party action uses=8,40 / 2,40
PASS expect 35 0 37 26 0
frame=8052 map=35.0 pos=51,26 flags=0
party=2 HP=30/30,26/26 battle=0 battlers=0 outcome=0 PP=0,0 trial=0 donut-ability=0
persistent PP=8,2 status=0,0
growth level/xp/item=8/399/0,8/709/0 stats maxHP/attack,maxHP/magic=30/20,26/13 foesHP=0,0
pattern trainer=0 turn=0 foePP=0,0 foeAtkDef=0,0 CarlAtk=0 foeLevel=0
support PP=0,0 Carl-defense=0 enemy-attack=0,0
party action uses=8,40 / 2,40
frame=8092 map=35.0 pos=51,26 flags=0
party=2 HP=30/30,26/26 battle=0 battlers=0 outcome=0 PP=0,0 trial=0 donut-ability=0
persistent PP=8,2 status=0,0
growth level/xp/item=8/399/0,8/709/0 stats maxHP/attack,maxHP/magic=30/20,26/13 foesHP=0,0
pattern trainer=0 turn=0 foePP=0,0 foeAtkDef=0,0 CarlAtk=0 foeLevel=0
support PP=0,0 Carl-defense=0 enemy-attack=0,0
party action uses=8,40 / 2,40
frame=8092 map=35.0 pos=51,26 flags=0
party=2 HP=30/30,26/26 battle=0 battlers=0 outcome=0 PP=0,0 trial=0 donut-ability=0
persistent PP=8,2 status=0,0
growth level/xp/item=8/399/0,8/709/0 stats maxHP/attack,maxHP/magic=30/20,26/13 foesHP=0,0
pattern trainer=0 turn=0 foePP=0,0 foeAtkDef=0,0 CarlAtk=0 foeLevel=0
support PP=0,0 Carl-defense=0 enemy-attack=0,0
party action uses=8,40 / 2,40
PASS expect 35 0 51 26 0
frame=8112 map=35.0 pos=51,27 flags=0
party=2 HP=30/30,26/26 battle=0 battlers=0 outcome=0 PP=0,0 trial=0 donut-ability=0
persistent PP=8,2 status=0,0
growth level/xp/item=8/399/0,8/709/0 stats maxHP/attack,maxHP/magic=30/20,26/13 foesHP=0,0
pattern trainer=0 turn=0 foePP=0,0 foeAtkDef=0,0 CarlAtk=0 foeLevel=0
support PP=0,0 Carl-defense=0 enemy-attack=0,0
party action uses=8,40 / 2,40
frame=8152 map=35.0 pos=51,27 flags=0
party=2 HP=30/30,26/26 battle=0 battlers=0 outcome=0 PP=0,0 trial=0 donut-ability=0
persistent PP=8,2 status=0,0
growth level/xp/item=8/399/0,8/709/0 stats maxHP/attack,maxHP/magic=30/20,26/13 foesHP=0,0
pattern trainer=0 turn=0 foePP=0,0 foeAtkDef=0,0 CarlAtk=0 foeLevel=0
support PP=0,0 Carl-defense=0 enemy-attack=0,0
party action uses=8,40 / 2,40
frame=8152 map=35.0 pos=51,27 flags=0
party=2 HP=30/30,26/26 battle=0 battlers=0 outcome=0 PP=0,0 trial=0 donut-ability=0
persistent PP=8,2 status=0,0
growth level/xp/item=8/399/0,8/709/0 stats maxHP/attack,maxHP/magic=30/20,26/13 foesHP=0,0
pattern trainer=0 turn=0 foePP=0,0 foeAtkDef=0,0 CarlAtk=0 foeLevel=0
support PP=0,0 Carl-defense=0 enemy-attack=0,0
party action uses=8,40 / 2,40
PASS expect 35 0 51 27 0
frame=8192 map=35.0 pos=51,27 flags=0
party=2 HP=30/30,26/26 battle=0 battlers=0 outcome=0 PP=0,0 trial=0 donut-ability=0
persistent PP=8,2 status=0,0
growth level/xp/item=8/399/0,8/709/0 stats maxHP/attack,maxHP/magic=30/20,26/13 foesHP=0,0
pattern trainer=0 turn=0 foePP=0,0 foeAtkDef=0,0 CarlAtk=0 foeLevel=0
support PP=0,0 Carl-defense=0 enemy-attack=0,0
party action uses=8,40 / 2,40
MEASURE name=howler-back frames=744 walking=272 tiles=17 warps=1
frame=8192 map=35.0 pos=51,27 flags=0
party=2 HP=30/30,26/26 battle=0 battlers=0 outcome=0 PP=0,0 trial=0 donut-ability=0
persistent PP=8,2 status=0,0
growth level/xp/item=8/399/0,8/709/0 stats maxHP/attack,maxHP/magic=30/20,26/13 foesHP=0,0
pattern trainer=0 turn=0 foePP=0,0 foeAtkDef=0,0 CarlAtk=0 foeLevel=0
support PP=0,0 Carl-defense=0 enemy-attack=0,0
party action uses=8,40 / 2,40
PASS duo healthy
frame=8192 map=35.0 pos=51,27 flags=0
party=2 HP=30/30,26/26 battle=0 battlers=0 outcome=0 PP=0,0 trial=0 donut-ability=0
persistent PP=8,2 status=0,0
growth level/xp/item=8/399/0,8/709/0 stats maxHP/attack,maxHP/magic=30/20,26/13 foesHP=0,0
pattern trainer=0 turn=0 foePP=0,0 foeAtkDef=0,0 CarlAtk=0 foeLevel=0
support PP=0,0 Carl-defense=0 enemy-attack=0,0
party action uses=8,40 / 2,40
PASS uses 8 40 2 40
frame=8192 map=35.0 pos=51,27 flags=0
party=2 HP=30/30,26/26 battle=0 battlers=0 outcome=0 PP=0,0 trial=0 donut-ability=0
persistent PP=8,2 status=0,0
growth level/xp/item=8/399/0,8/709/0 stats maxHP/attack,maxHP/magic=30/20,26/13 foesHP=0,0
PASS flag 32 0
pattern trainer=0 turn=0 foePP=0,0 foeAtkDef=0,0 CarlAtk=0 foeLevel=0
support PP=0,0 Carl-defense=0 enemy-attack=0,0
party action uses=8,40 / 2,40
frame=8192 map=35.0 pos=51,27 flags=0
party=2 HP=30/30,26/26 battle=0 battlers=0 outcome=0 PP=0,0 trial=0 donut-ability=0
persistent PP=8,2 status=0,0
growth level/xp/item=8/399/0,8/709/0 stats maxHP/attack,maxHP/magic=30/20,26/13 foesHP=0,0
PASS flag 33 0
pattern trainer=0 turn=0 foePP=0,0 foeAtkDef=0,0 CarlAtk=0 foeLevel=0
support PP=0,0 Carl-defense=0 enemy-attack=0,0
party action uses=8,40 / 2,40
frame=8192 map=35.0 pos=51,27 flags=0
party=2 HP=30/30,26/26 battle=0 battlers=0 outcome=0 PP=0,0 trial=0 donut-ability=0
persistent PP=8,2 status=0,0
growth level/xp/item=8/399/0,8/709/0 stats maxHP/attack,maxHP/magic=30/20,26/13 foesHP=0,0
PASS flag 34 0
pattern trainer=0 turn=0 foePP=0,0 foeAtkDef=0,0 CarlAtk=0 foeLevel=0
support PP=0,0 Carl-defense=0 enemy-attack=0,0
party action uses=8,40 / 2,40
frame=8192 map=35.0 pos=51,27 flags=0
party=2 HP=30/30,26/26 battle=0 battlers=0 outcome=0 PP=0,0 trial=0 donut-ability=0
persistent PP=8,2 status=0,0
growth level/xp/item=8/399/0,8/709/0 stats maxHP/attack,maxHP/magic=30/20,26/13 foesHP=0,0
PASS flag 35 0
pattern trainer=0 turn=0 foePP=0,0 foeAtkDef=0,0 CarlAtk=0 foeLevel=0
support PP=0,0 Carl-defense=0 enemy-attack=0,0
party action uses=8,40 / 2,40
frame=8192 map=35.0 pos=51,27 flags=0
party=2 HP=30/30,26/26 battle=0 battlers=0 outcome=0 PP=0,0 trial=0 donut-ability=0
persistent PP=8,2 status=0,0
growth level/xp/item=8/399/0,8/709/0 stats maxHP/attack,maxHP/magic=30/20,26/13 foesHP=0,0
PASS flag 36 0
pattern trainer=0 turn=0 foePP=0,0 foeAtkDef=0,0 CarlAtk=0 foeLevel=0
support PP=0,0 Carl-defense=0 enemy-attack=0,0
party action uses=8,40 / 2,40
frame=8192 map=35.0 pos=51,27 flags=0
party=2 HP=30/30,26/26 battle=0 battlers=0 outcome=0 PP=0,0 trial=0 donut-ability=0
persistent PP=8,2 status=0,0
growth level/xp/item=8/399/0,8/709/0 stats maxHP/attack,maxHP/magic=30/20,26/13 foesHP=0,0
PASS flag 37 0
pattern trainer=0 turn=0 foePP=0,0 foeAtkDef=0,0 CarlAtk=0 foeLevel=0
support PP=0,0 Carl-defense=0 enemy-attack=0,0
party action uses=8,40 / 2,40
frame=8192 map=35.0 pos=51,27 flags=0
party=2 HP=30/30,26/26 battle=0 battlers=0 outcome=0 PP=0,0 trial=0 donut-ability=0
persistent PP=8,2 status=0,0
growth level/xp/item=8/399/0,8/709/0 stats maxHP/attack,maxHP/magic=30/20,26/13 foesHP=0,0
PASS flag 38 0
pattern trainer=0 turn=0 foePP=0,0 foeAtkDef=0,0 CarlAtk=0 foeLevel=0
support PP=0,0 Carl-defense=0 enemy-attack=0,0
party action uses=8,40 / 2,40
frame=8192 map=35.0 pos=51,27 flags=0
party=2 HP=30/30,26/26 battle=0 battlers=0 outcome=0 PP=0,0 trial=0 donut-ability=0
persistent PP=8,2 status=0,0
growth level/xp/item=8/399/0,8/709/0 stats maxHP/attack,maxHP/magic=30/20,26/13 foesHP=0,0
PASS flag 39 0
pattern trainer=0 turn=0 foePP=0,0 foeAtkDef=0,0 CarlAtk=0 foeLevel=0
support PP=0,0 Carl-defense=0 enemy-attack=0,0
party action uses=8,40 / 2,40
frame=8192 map=35.0 pos=51,27 flags=0
party=2 HP=30/30,26/26 battle=0 battlers=0 outcome=0 PP=0,0 trial=0 donut-ability=0
persistent PP=8,2 status=0,0
growth level/xp/item=8/399/0,8/709/0 stats maxHP/attack,maxHP/magic=30/20,26/13 foesHP=0,0
PASS flag 40 0
pattern trainer=0 turn=0 foePP=0,0 foeAtkDef=0,0 CarlAtk=0 foeLevel=0
support PP=0,0 Carl-defense=0 enemy-attack=0,0
party action uses=8,40 / 2,40
frame=8192 map=35.0 pos=51,27 flags=0
party=2 HP=30/30,26/26 battle=0 battlers=0 outcome=0 PP=0,0 trial=0 donut-ability=0
persistent PP=8,2 status=0,0
growth level/xp/item=8/399/0,8/709/0 stats maxHP/attack,maxHP/magic=30/20,26/13 foesHP=0,0
PASS flag 41 0
pattern trainer=0 turn=0 foePP=0,0 foeAtkDef=0,0 CarlAtk=0 foeLevel=0
support PP=0,0 Carl-defense=0 enemy-attack=0,0
party action uses=8,40 / 2,40
frame=8192 map=35.0 pos=51,27 flags=0
party=2 HP=30/30,26/26 battle=0 battlers=0 outcome=0 PP=0,0 trial=0 donut-ability=0
persistent PP=8,2 status=0,0
growth level/xp/item=8/399/0,8/709/0 stats maxHP/attack,maxHP/magic=30/20,26/13 foesHP=0,0
PASS flag 42 0
pattern trainer=0 turn=0 foePP=0,0 foeAtkDef=0,0 CarlAtk=0 foeLevel=0
support PP=0,0 Carl-defense=0 enemy-attack=0,0
party action uses=8,40 / 2,40
frame=8192 map=35.0 pos=51,27 flags=0
party=2 HP=30/30,26/26 battle=0 battlers=0 outcome=0 PP=0,0 trial=0 donut-ability=0
persistent PP=8,2 status=0,0
growth level/xp/item=8/399/0,8/709/0 stats maxHP/attack,maxHP/magic=30/20,26/13 foesHP=0,0
PASS flag 43 0
pattern trainer=0 turn=0 foePP=0,0 foeAtkDef=0,0 CarlAtk=0 foeLevel=0
support PP=0,0 Carl-defense=0 enemy-attack=0,0
party action uses=8,40 / 2,40
frame=8192 map=35.0 pos=51,27 flags=0
party=2 HP=30/30,26/26 battle=0 battlers=0 outcome=0 PP=0,0 trial=0 donut-ability=0
persistent PP=8,2 status=0,0
growth level/xp/item=8/399/0,8/709/0 stats maxHP/attack,maxHP/magic=30/20,26/13 foesHP=0,0
PASS flag 44 0
pattern trainer=0 turn=0 foePP=0,0 foeAtkDef=0,0 CarlAtk=0 foeLevel=0
support PP=0,0 Carl-defense=0 enemy-attack=0,0
party action uses=8,40 / 2,40
frame=8192 map=35.0 pos=51,27 flags=0
party=2 HP=30/30,26/26 battle=0 battlers=0 outcome=0 PP=0,0 trial=0 donut-ability=0
persistent PP=8,2 status=0,0
growth level/xp/item=8/399/0,8/709/0 stats maxHP/attack,maxHP/magic=30/20,26/13 foesHP=0,0
PASS flag 45 0
pattern trainer=0 turn=0 foePP=0,0 foeAtkDef=0,0 CarlAtk=0 foeLevel=0
support PP=0,0 Carl-defense=0 enemy-attack=0,0
party action uses=8,40 / 2,40
frame=8192 map=35.0 pos=51,27 flags=0
party=2 HP=30/30,26/26 battle=0 battlers=0 outcome=0 PP=0,0 trial=0 donut-ability=0
persistent PP=8,2 status=0,0
growth level/xp/item=8/399/0,8/709/0 stats maxHP/attack,maxHP/magic=30/20,26/13 foesHP=0,0
PASS flag 46 0
pattern trainer=0 turn=0 foePP=0,0 foeAtkDef=0,0 CarlAtk=0 foeLevel=0
support PP=0,0 Carl-defense=0 enemy-attack=0,0
party action uses=8,40 / 2,40
frame=8192 map=35.0 pos=51,27 flags=0
party=2 HP=30/30,26/26 battle=0 battlers=0 outcome=0 PP=0,0 trial=0 donut-ability=0
persistent PP=8,2 status=0,0
growth level/xp/item=8/399/0,8/709/0 stats maxHP/attack,maxHP/magic=30/20,26/13 foesHP=0,0
PASS flag 47 0
pattern trainer=0 turn=0 foePP=0,0 foeAtkDef=0,0 CarlAtk=0 foeLevel=0
support PP=0,0 Carl-defense=0 enemy-attack=0,0
party action uses=8,40 / 2,40
frame=8192 map=35.0 pos=51,27 flags=0
party=2 HP=30/30,26/26 battle=0 battlers=0 outcome=0 PP=0,0 trial=0 donut-ability=0
persistent PP=8,2 status=0,0
growth level/xp/item=8/399/0,8/709/0 stats maxHP/attack,maxHP/magic=30/20,26/13 foesHP=0,0
PASS flag 48 0
pattern trainer=0 turn=0 foePP=0,0 foeAtkDef=0,0 CarlAtk=0 foeLevel=0
support PP=0,0 Carl-defense=0 enemy-attack=0,0
party action uses=8,40 / 2,40
frame=8192 map=35.0 pos=51,27 flags=0
party=2 HP=30/30,26/26 battle=0 battlers=0 outcome=0 PP=0,0 trial=0 donut-ability=0
persistent PP=8,2 status=0,0
growth level/xp/item=8/399/0,8/709/0 stats maxHP/attack,maxHP/magic=30/20,26/13 foesHP=0,0
PASS flag 49 0
pattern trainer=0 turn=0 foePP=0,0 foeAtkDef=0,0 CarlAtk=0 foeLevel=0
support PP=0,0 Carl-defense=0 enemy-attack=0,0
party action uses=8,40 / 2,40
frame=8192 map=35.0 pos=51,27 flags=0
party=2 HP=30/30,26/26 battle=0 battlers=0 outcome=0 PP=0,0 trial=0 donut-ability=0
persistent PP=8,2 status=0,0
growth level/xp/item=8/399/0,8/709/0 stats maxHP/attack,maxHP/magic=30/20,26/13 foesHP=0,0
PASS flag 2135 0
pattern trainer=0 turn=0 foePP=0,0 foeAtkDef=0,0 CarlAtk=0 foeLevel=0
support PP=0,0 Carl-defense=0 enemy-attack=0,0
party action uses=8,40 / 2,40
frame=8192 map=35.0 pos=51,27 flags=0
party=2 HP=30/30,26/26 battle=0 battlers=0 outcome=0 PP=0,0 trial=0 donut-ability=0
persistent PP=8,2 status=0,0
growth level/xp/item=8/399/0,8/709/0 stats maxHP/attack,maxHP/magic=30/20,26/13 foesHP=0,0
PASS flag 2136 0
pattern trainer=0 turn=0 foePP=0,0 foeAtkDef=0,0 CarlAtk=0 foeLevel=0
support PP=0,0 Carl-defense=0 enemy-attack=0,0
party action uses=8,40 / 2,40
frame=8192 map=35.0 pos=51,27 flags=0
party=2 HP=30/30,26/26 battle=0 battlers=0 outcome=0 PP=0,0 trial=0 donut-ability=0
persistent PP=8,2 status=0,0
growth level/xp/item=8/399/0,8/709/0 stats maxHP/attack,maxHP/magic=30/20,26/13 foesHP=0,0
PASS flag 2137 0
pattern trainer=0 turn=0 foePP=0,0 foeAtkDef=0,0 CarlAtk=0 foeLevel=0
support PP=0,0 Carl-defense=0 enemy-attack=0,0
party action uses=8,40 / 2,40
frame=8192 map=35.0 pos=51,27 flags=0
party=2 HP=30/30,26/26 battle=0 battlers=0 outcome=0 PP=0,0 trial=0 donut-ability=0
persistent PP=8,2 status=0,0
growth level/xp/item=8/399/0,8/709/0 stats maxHP/attack,maxHP/magic=30/20,26/13 foesHP=0,0
PASS flag 2138 0
pattern trainer=0 turn=0 foePP=0,0 foeAtkDef=0,0 CarlAtk=0 foeLevel=0
support PP=0,0 Carl-defense=0 enemy-attack=0,0
party action uses=8,40 / 2,40
frame=8192 map=35.0 pos=51,27 flags=0
party=2 HP=30/30,26/26 battle=0 battlers=0 outcome=0 PP=0,0 trial=0 donut-ability=0
persistent PP=8,2 status=0,0
growth level/xp/item=8/399/0,8/709/0 stats maxHP/attack,maxHP/magic=30/20,26/13 foesHP=0,0
PASS flag 2139 0
pattern trainer=0 turn=0 foePP=0,0 foeAtkDef=0,0 CarlAtk=0 foeLevel=0
support PP=0,0 Carl-defense=0 enemy-attack=0,0
party action uses=8,40 / 2,40
frame=8212 map=35.0 pos=50,27 flags=0
party=2 HP=30/30,26/26 battle=0 battlers=0 outcome=0 PP=0,0 trial=0 donut-ability=0
persistent PP=8,2 status=0,0
growth level/xp/item=8/399/0,8/709/0 stats maxHP/attack,maxHP/magic=30/20,26/13 foesHP=0,0
pattern trainer=0 turn=0 foePP=0,0 foeAtkDef=0,0 CarlAtk=0 foeLevel=0
support PP=0,0 Carl-defense=0 enemy-attack=0,0
party action uses=8,40 / 2,40
frame=8252 map=35.0 pos=50,27 flags=0
party=2 HP=30/30,26/26 battle=0 battlers=0 outcome=0 PP=0,0 trial=0 donut-ability=0
persistent PP=8,2 status=0,0
growth level/xp/item=8/399/0,8/709/0 stats maxHP/attack,maxHP/magic=30/20,26/13 foesHP=0,0
pattern trainer=0 turn=0 foePP=0,0 foeAtkDef=0,0 CarlAtk=0 foeLevel=0
support PP=0,0 Carl-defense=0 enemy-attack=0,0
party action uses=8,40 / 2,40
frame=8252 map=35.0 pos=50,27 flags=0
party=2 HP=30/30,26/26 battle=0 battlers=0 outcome=0 PP=0,0 trial=0 donut-ability=0
persistent PP=8,2 status=0,0
growth level/xp/item=8/399/0,8/709/0 stats maxHP/attack,maxHP/magic=30/20,26/13 foesHP=0,0
pattern trainer=0 turn=0 foePP=0,0 foeAtkDef=0,0 CarlAtk=0 foeLevel=0
support PP=0,0 Carl-defense=0 enemy-attack=0,0
party action uses=8,40 / 2,40
PASS expect 35 0 50 27 0
frame=8368 map=35.0 pos=50,34 flags=0
party=2 HP=30/30,26/26 battle=0 battlers=0 outcome=0 PP=0,0 trial=0 donut-ability=0
persistent PP=8,2 status=0,0
growth level/xp/item=8/399/0,8/709/0 stats maxHP/attack,maxHP/magic=30/20,26/13 foesHP=0,0
pattern trainer=0 turn=0 foePP=0,0 foeAtkDef=0,0 CarlAtk=0 foeLevel=0
support PP=0,0 Carl-defense=0 enemy-attack=0,0
party action uses=8,40 / 2,40
frame=8408 map=35.0 pos=50,34 flags=0
party=2 HP=30/30,26/26 battle=0 battlers=0 outcome=0 PP=0,0 trial=0 donut-ability=0
persistent PP=8,2 status=0,0
growth level/xp/item=8/399/0,8/709/0 stats maxHP/attack,maxHP/magic=30/20,26/13 foesHP=0,0
pattern trainer=0 turn=0 foePP=0,0 foeAtkDef=0,0 CarlAtk=0 foeLevel=0
support PP=0,0 Carl-defense=0 enemy-attack=0,0
party action uses=8,40 / 2,40
frame=8408 map=35.0 pos=50,34 flags=0
party=2 HP=30/30,26/26 battle=0 battlers=0 outcome=0 PP=0,0 trial=0 donut-ability=0
persistent PP=8,2 status=0,0
growth level/xp/item=8/399/0,8/709/0 stats maxHP/attack,maxHP/magic=30/20,26/13 foesHP=0,0
pattern trainer=0 turn=0 foePP=0,0 foeAtkDef=0,0 CarlAtk=0 foeLevel=0
support PP=0,0 Carl-defense=0 enemy-attack=0,0
party action uses=8,40 / 2,40
PASS expect 35 0 50 34 0
frame=8492 map=35.0 pos=45,34 flags=0
party=2 HP=30/30,26/26 battle=0 battlers=0 outcome=0 PP=0,0 trial=0 donut-ability=0
persistent PP=8,2 status=0,0
growth level/xp/item=8/399/0,8/709/0 stats maxHP/attack,maxHP/magic=30/20,26/13 foesHP=0,0
pattern trainer=0 turn=0 foePP=0,0 foeAtkDef=0,0 CarlAtk=0 foeLevel=0
support PP=0,0 Carl-defense=0 enemy-attack=0,0
party action uses=8,40 / 2,40
frame=8532 map=35.0 pos=45,34 flags=0
party=2 HP=30/30,26/26 battle=0 battlers=0 outcome=0 PP=0,0 trial=0 donut-ability=0
persistent PP=8,2 status=0,0
growth level/xp/item=8/399/0,8/709/0 stats maxHP/attack,maxHP/magic=30/20,26/13 foesHP=0,0
pattern trainer=0 turn=0 foePP=0,0 foeAtkDef=0,0 CarlAtk=0 foeLevel=0
support PP=0,0 Carl-defense=0 enemy-attack=0,0
party action uses=8,40 / 2,40
frame=8532 map=35.0 pos=45,34 flags=0
party=2 HP=30/30,26/26 battle=0 battlers=0 outcome=0 PP=0,0 trial=0 donut-ability=0
persistent PP=8,2 status=0,0
growth level/xp/item=8/399/0,8/709/0 stats maxHP/attack,maxHP/magic=30/20,26/13 foesHP=0,0
pattern trainer=0 turn=0 foePP=0,0 foeAtkDef=0,0 CarlAtk=0 foeLevel=0
support PP=0,0 Carl-defense=0 enemy-attack=0,0
party action uses=8,40 / 2,40
PASS expect 35 0 45 34 0
frame=8568 map=35.0 pos=45,36 flags=0
party=2 HP=30/30,26/26 battle=0 battlers=0 outcome=0 PP=0,0 trial=0 donut-ability=0
persistent PP=8,2 status=0,0
growth level/xp/item=8/399/0,8/709/0 stats maxHP/attack,maxHP/magic=30/20,26/13 foesHP=0,0
pattern trainer=0 turn=0 foePP=0,0 foeAtkDef=0,0 CarlAtk=0 foeLevel=0
support PP=0,0 Carl-defense=0 enemy-attack=0,0
party action uses=8,40 / 2,40
frame=8608 map=35.0 pos=45,36 flags=0
party=2 HP=30/30,26/26 battle=0 battlers=0 outcome=0 PP=0,0 trial=0 donut-ability=0
persistent PP=8,2 status=0,0
growth level/xp/item=8/399/0,8/709/0 stats maxHP/attack,maxHP/magic=30/20,26/13 foesHP=0,0
pattern trainer=0 turn=0 foePP=0,0 foeAtkDef=0,0 CarlAtk=0 foeLevel=0
support PP=0,0 Carl-defense=0 enemy-attack=0,0
party action uses=8,40 / 2,40
frame=8608 map=35.0 pos=45,36 flags=0
party=2 HP=30/30,26/26 battle=0 battlers=0 outcome=0 PP=0,0 trial=0 donut-ability=0
persistent PP=8,2 status=0,0
growth level/xp/item=8/399/0,8/709/0 stats maxHP/attack,maxHP/magic=30/20,26/13 foesHP=0,0
pattern trainer=0 turn=0 foePP=0,0 foeAtkDef=0,0 CarlAtk=0 foeLevel=0
support PP=0,0 Carl-defense=0 enemy-attack=0,0
party action uses=8,40 / 2,40
PASS expect 35 0 45 36 0
frame=8788 map=35.0 pos=34,36 flags=0
party=2 HP=30/30,26/26 battle=0 battlers=0 outcome=0 PP=0,0 trial=0 donut-ability=0
persistent PP=8,2 status=0,0
growth level/xp/item=8/399/0,8/709/0 stats maxHP/attack,maxHP/magic=30/20,26/13 foesHP=0,0
pattern trainer=0 turn=0 foePP=0,0 foeAtkDef=0,0 CarlAtk=0 foeLevel=0
support PP=0,0 Carl-defense=0 enemy-attack=0,0
party action uses=8,40 / 2,40
frame=8828 map=35.0 pos=34,36 flags=0
party=2 HP=30/30,26/26 battle=0 battlers=0 outcome=0 PP=0,0 trial=0 donut-ability=0
persistent PP=8,2 status=0,0
growth level/xp/item=8/399/0,8/709/0 stats maxHP/attack,maxHP/magic=30/20,26/13 foesHP=0,0
pattern trainer=0 turn=0 foePP=0,0 foeAtkDef=0,0 CarlAtk=0 foeLevel=0
support PP=0,0 Carl-defense=0 enemy-attack=0,0
party action uses=8,40 / 2,40
frame=8828 map=35.0 pos=34,36 flags=0
party=2 HP=30/30,26/26 battle=0 battlers=0 outcome=0 PP=0,0 trial=0 donut-ability=0
persistent PP=8,2 status=0,0
growth level/xp/item=8/399/0,8/709/0 stats maxHP/attack,maxHP/magic=30/20,26/13 foesHP=0,0
pattern trainer=0 turn=0 foePP=0,0 foeAtkDef=0,0 CarlAtk=0 foeLevel=0
support PP=0,0 Carl-defense=0 enemy-attack=0,0
party action uses=8,40 / 2,40
PASS expect 35 0 34 36 0
frame=8912 map=35.0 pos=34,41 flags=0
party=2 HP=30/30,26/26 battle=0 battlers=0 outcome=0 PP=0,0 trial=0 donut-ability=0
persistent PP=8,2 status=0,0
growth level/xp/item=8/399/0,8/709/0 stats maxHP/attack,maxHP/magic=30/20,26/13 foesHP=0,0
pattern trainer=0 turn=0 foePP=0,0 foeAtkDef=0,0 CarlAtk=0 foeLevel=0
support PP=0,0 Carl-defense=0 enemy-attack=0,0
party action uses=8,40 / 2,40
frame=8952 map=35.0 pos=34,41 flags=0
party=2 HP=30/30,26/26 battle=0 battlers=0 outcome=0 PP=0,0 trial=0 donut-ability=0
persistent PP=8,2 status=0,0
growth level/xp/item=8/399/0,8/709/0 stats maxHP/attack,maxHP/magic=30/20,26/13 foesHP=0,0
pattern trainer=0 turn=0 foePP=0,0 foeAtkDef=0,0 CarlAtk=0 foeLevel=0
support PP=0,0 Carl-defense=0 enemy-attack=0,0
party action uses=8,40 / 2,40
frame=8952 map=35.0 pos=34,41 flags=0
party=2 HP=30/30,26/26 battle=0 battlers=0 outcome=0 PP=0,0 trial=0 donut-ability=0
persistent PP=8,2 status=0,0
growth level/xp/item=8/399/0,8/709/0 stats maxHP/attack,maxHP/magic=30/20,26/13 foesHP=0,0
pattern trainer=0 turn=0 foePP=0,0 foeAtkDef=0,0 CarlAtk=0 foeLevel=0
support PP=0,0 Carl-defense=0 enemy-attack=0,0
party action uses=8,40 / 2,40
PASS expect 35 0 34 41 0
frame=9148 map=35.0 pos=46,41 flags=0
party=2 HP=30/30,26/26 battle=0 battlers=0 outcome=0 PP=0,0 trial=0 donut-ability=0
persistent PP=8,2 status=0,0
growth level/xp/item=8/399/0,8/709/0 stats maxHP/attack,maxHP/magic=30/20,26/13 foesHP=0,0
pattern trainer=0 turn=0 foePP=0,0 foeAtkDef=0,0 CarlAtk=0 foeLevel=0
support PP=0,0 Carl-defense=0 enemy-attack=0,0
party action uses=8,40 / 2,40
frame=9188 map=35.0 pos=46,41 flags=0
party=2 HP=30/30,26/26 battle=0 battlers=0 outcome=0 PP=0,0 trial=0 donut-ability=0
persistent PP=8,2 status=0,0
growth level/xp/item=8/399/0,8/709/0 stats maxHP/attack,maxHP/magic=30/20,26/13 foesHP=0,0
pattern trainer=0 turn=0 foePP=0,0 foeAtkDef=0,0 CarlAtk=0 foeLevel=0
support PP=0,0 Carl-defense=0 enemy-attack=0,0
party action uses=8,40 / 2,40
frame=9188 map=35.0 pos=46,41 flags=0
party=2 HP=30/30,26/26 battle=0 battlers=0 outcome=0 PP=0,0 trial=0 donut-ability=0
persistent PP=8,2 status=0,0
growth level/xp/item=8/399/0,8/709/0 stats maxHP/attack,maxHP/magic=30/20,26/13 foesHP=0,0
pattern trainer=0 turn=0 foePP=0,0 foeAtkDef=0,0 CarlAtk=0 foeLevel=0
support PP=0,0 Carl-defense=0 enemy-attack=0,0
party action uses=8,40 / 2,40
PASS expect 35 0 46 41 0
frame=9208 map=35.0 pos=46,42 flags=0
party=2 HP=30/30,26/26 battle=0 battlers=0 outcome=0 PP=0,0 trial=0 donut-ability=0
persistent PP=8,2 status=0,0
growth level/xp/item=8/399/0,8/709/0 stats maxHP/attack,maxHP/magic=30/20,26/13 foesHP=0,0
pattern trainer=0 turn=0 foePP=0,0 foeAtkDef=0,0 CarlAtk=0 foeLevel=0
support PP=0,0 Carl-defense=0 enemy-attack=0,0
party action uses=8,40 / 2,40
frame=9248 map=35.0 pos=46,42 flags=0
party=2 HP=30/30,26/26 battle=0 battlers=0 outcome=0 PP=0,0 trial=0 donut-ability=0
persistent PP=8,2 status=0,0
growth level/xp/item=8/399/0,8/709/0 stats maxHP/attack,maxHP/magic=30/20,26/13 foesHP=0,0
pattern trainer=0 turn=0 foePP=0,0 foeAtkDef=0,0 CarlAtk=0 foeLevel=0
support PP=0,0 Carl-defense=0 enemy-attack=0,0
party action uses=8,40 / 2,40
frame=9248 map=35.0 pos=46,42 flags=0
party=2 HP=30/30,26/26 battle=0 battlers=0 outcome=0 PP=0,0 trial=0 donut-ability=0
persistent PP=8,2 status=0,0
growth level/xp/item=8/399/0,8/709/0 stats maxHP/attack,maxHP/magic=30/20,26/13 foesHP=0,0
pattern trainer=0 turn=0 foePP=0,0 foeAtkDef=0,0 CarlAtk=0 foeLevel=0
support PP=0,0 Carl-defense=0 enemy-attack=0,0
party action uses=8,40 / 2,40
PASS expect 35 0 46 42 0
frame=9288 map=35.0 pos=46,42 flags=0
party=2 HP=30/30,26/26 battle=0 battlers=0 outcome=0 PP=0,0 trial=0 donut-ability=0
persistent PP=8,2 status=0,0
growth level/xp/item=8/399/0,8/709/0 stats maxHP/attack,maxHP/magic=30/20,26/13 foesHP=0,0
pattern trainer=0 turn=0 foePP=0,0 foeAtkDef=0,0 CarlAtk=0 foeLevel=0
support PP=0,0 Carl-defense=0 enemy-attack=0,0
party action uses=8,40 / 2,40
frame=9356 map=35.0 pos=50,42 flags=0
party=2 HP=30/30,26/26 battle=0 battlers=0 outcome=0 PP=0,0 trial=0 donut-ability=0
persistent PP=8,2 status=0,0
growth level/xp/item=8/399/0,8/709/0 stats maxHP/attack,maxHP/magic=30/20,26/13 foesHP=0,0
pattern trainer=0 turn=0 foePP=0,0 foeAtkDef=0,0 CarlAtk=0 foeLevel=0
support PP=0,0 Carl-defense=0 enemy-attack=0,0
party action uses=8,40 / 2,40
frame=9396 map=35.0 pos=50,42 flags=0
party=2 HP=30/30,26/26 battle=0 battlers=0 outcome=0 PP=0,0 trial=0 donut-ability=0
persistent PP=8,2 status=0,0
growth level/xp/item=8/399/0,8/709/0 stats maxHP/attack,maxHP/magic=30/20,26/13 foesHP=0,0
pattern trainer=0 turn=0 foePP=0,0 foeAtkDef=0,0 CarlAtk=0 foeLevel=0
support PP=0,0 Carl-defense=0 enemy-attack=0,0
party action uses=8,40 / 2,40
frame=9396 map=35.0 pos=50,42 flags=0
party=2 HP=30/30,26/26 battle=0 battlers=0 outcome=0 PP=0,0 trial=0 donut-ability=0
persistent PP=8,2 status=0,0
growth level/xp/item=8/399/0,8/709/0 stats maxHP/attack,maxHP/magic=30/20,26/13 foesHP=0,0
pattern trainer=0 turn=0 foePP=0,0 foeAtkDef=0,0 CarlAtk=0 foeLevel=0
support PP=0,0 Carl-defense=0 enemy-attack=0,0
party action uses=8,40 / 2,40
PASS expect 35 0 50 42 0
frame=9436 map=35.0 pos=50,42 flags=0
party=2 HP=30/30,26/26 battle=0 battlers=0 outcome=0 PP=0,0 trial=0 donut-ability=0
persistent PP=8,2 status=0,0
growth level/xp/item=8/399/0,8/709/0 stats maxHP/attack,maxHP/magic=30/20,26/13 foesHP=0,0
pattern trainer=0 turn=0 foePP=0,0 foeAtkDef=0,0 CarlAtk=0 foeLevel=0
support PP=0,0 Carl-defense=0 enemy-attack=0,0
party action uses=8,40 / 2,40
frame=9516 map=35.0 pos=55,42 flags=0
party=2 HP=30/30,26/26 battle=0 battlers=0 outcome=0 PP=0,0 trial=0 donut-ability=0
persistent PP=8,2 status=0,0
growth level/xp/item=8/399/0,8/709/0 stats maxHP/attack,maxHP/magic=30/20,26/13 foesHP=0,0
pattern trainer=0 turn=0 foePP=0,0 foeAtkDef=0,0 CarlAtk=0 foeLevel=0
support PP=0,0 Carl-defense=0 enemy-attack=0,0
party action uses=8,40 / 2,40
frame=9556 map=35.0 pos=55,42 flags=0
party=2 HP=30/30,26/26 battle=0 battlers=0 outcome=0 PP=0,0 trial=0 donut-ability=0
persistent PP=8,2 status=0,0
growth level/xp/item=8/399/0,8/709/0 stats maxHP/attack,maxHP/magic=30/20,26/13 foesHP=0,0
pattern trainer=0 turn=0 foePP=0,0 foeAtkDef=0,0 CarlAtk=0 foeLevel=0
support PP=0,0 Carl-defense=0 enemy-attack=0,0
party action uses=8,40 / 2,40
frame=9556 map=35.0 pos=55,42 flags=0
party=2 HP=30/30,26/26 battle=0 battlers=0 outcome=0 PP=0,0 trial=0 donut-ability=0
persistent PP=8,2 status=0,0
growth level/xp/item=8/399/0,8/709/0 stats maxHP/attack,maxHP/magic=30/20,26/13 foesHP=0,0
pattern trainer=0 turn=0 foePP=0,0 foeAtkDef=0,0 CarlAtk=0 foeLevel=0
support PP=0,0 Carl-defense=0 enemy-attack=0,0
party action uses=8,40 / 2,40
PASS expect 35 0 55 42 0
frame=9596 map=35.0 pos=55,42 flags=0
party=2 HP=30/30,26/26 battle=0 battlers=0 outcome=0 PP=0,0 trial=0 donut-ability=0
persistent PP=8,2 status=0,0
growth level/xp/item=8/399/0,8/709/0 stats maxHP/attack,maxHP/magic=30/20,26/13 foesHP=0,0
pattern trainer=0 turn=0 foePP=0,0 foeAtkDef=0,0 CarlAtk=0 foeLevel=0
support PP=0,0 Carl-defense=0 enemy-attack=0,0
party action uses=8,40 / 2,40
frame=9616 map=35.0 pos=55,41 flags=0
party=2 HP=30/30,26/26 battle=0 battlers=0 outcome=0 PP=0,0 trial=0 donut-ability=0
persistent PP=8,2 status=0,0
growth level/xp/item=8/399/0,8/709/0 stats maxHP/attack,maxHP/magic=30/20,26/13 foesHP=0,0
pattern trainer=0 turn=0 foePP=0,0 foeAtkDef=0,0 CarlAtk=0 foeLevel=0
support PP=0,0 Carl-defense=0 enemy-attack=0,0
party action uses=8,40 / 2,40
frame=9656 map=35.0 pos=55,41 flags=0
party=2 HP=30/30,26/26 battle=0 battlers=0 outcome=0 PP=0,0 trial=0 donut-ability=0
persistent PP=8,2 status=0,0
growth level/xp/item=8/399/0,8/709/0 stats maxHP/attack,maxHP/magic=30/20,26/13 foesHP=0,0
pattern trainer=0 turn=0 foePP=0,0 foeAtkDef=0,0 CarlAtk=0 foeLevel=0
support PP=0,0 Carl-defense=0 enemy-attack=0,0
party action uses=8,40 / 2,40
frame=9656 map=35.0 pos=55,41 flags=0
party=2 HP=30/30,26/26 battle=0 battlers=0 outcome=0 PP=0,0 trial=0 donut-ability=0
persistent PP=8,2 status=0,0
growth level/xp/item=8/399/0,8/709/0 stats maxHP/attack,maxHP/magic=30/20,26/13 foesHP=0,0
pattern trainer=0 turn=0 foePP=0,0 foeAtkDef=0,0 CarlAtk=0 foeLevel=0
support PP=0,0 Carl-defense=0 enemy-attack=0,0
party action uses=8,40 / 2,40
PASS expect 35 0 55 41 0
frame=9996 map=35.0 pos=34,41 flags=0
party=2 HP=30/30,26/26 battle=0 battlers=0 outcome=0 PP=0,0 trial=0 donut-ability=0
persistent PP=8,2 status=0,0
growth level/xp/item=8/399/0,8/709/0 stats maxHP/attack,maxHP/magic=30/20,26/13 foesHP=0,0
pattern trainer=0 turn=0 foePP=0,0 foeAtkDef=0,0 CarlAtk=0 foeLevel=0
support PP=0,0 Carl-defense=0 enemy-attack=0,0
party action uses=8,40 / 2,40
frame=10036 map=35.0 pos=34,41 flags=0
party=2 HP=30/30,26/26 battle=0 battlers=0 outcome=0 PP=0,0 trial=0 donut-ability=0
persistent PP=8,2 status=0,0
growth level/xp/item=8/399/0,8/709/0 stats maxHP/attack,maxHP/magic=30/20,26/13 foesHP=0,0
pattern trainer=0 turn=0 foePP=0,0 foeAtkDef=0,0 CarlAtk=0 foeLevel=0
support PP=0,0 Carl-defense=0 enemy-attack=0,0
party action uses=8,40 / 2,40
frame=10036 map=35.0 pos=34,41 flags=0
party=2 HP=30/30,26/26 battle=0 battlers=0 outcome=0 PP=0,0 trial=0 donut-ability=0
persistent PP=8,2 status=0,0
growth level/xp/item=8/399/0,8/709/0 stats maxHP/attack,maxHP/magic=30/20,26/13 foesHP=0,0
pattern trainer=0 turn=0 foePP=0,0 foeAtkDef=0,0 CarlAtk=0 foeLevel=0
support PP=0,0 Carl-defense=0 enemy-attack=0,0
party action uses=8,40 / 2,40
PASS expect 35 0 34 41 0
frame=10392 map=35.0 pos=34,19 flags=0
party=2 HP=30/30,26/26 battle=0 battlers=0 outcome=0 PP=0,0 trial=0 donut-ability=0
persistent PP=8,2 status=0,0
growth level/xp/item=8/399/0,8/709/0 stats maxHP/attack,maxHP/magic=30/20,26/13 foesHP=0,0
pattern trainer=0 turn=0 foePP=0,0 foeAtkDef=0,0 CarlAtk=0 foeLevel=0
support PP=0,0 Carl-defense=0 enemy-attack=0,0
party action uses=8,40 / 2,40
frame=10432 map=35.0 pos=34,19 flags=0
party=2 HP=30/30,26/26 battle=0 battlers=0 outcome=0 PP=0,0 trial=0 donut-ability=0
persistent PP=8,2 status=0,0
growth level/xp/item=8/399/0,8/709/0 stats maxHP/attack,maxHP/magic=30/20,26/13 foesHP=0,0
pattern trainer=0 turn=0 foePP=0,0 foeAtkDef=0,0 CarlAtk=0 foeLevel=0
support PP=0,0 Carl-defense=0 enemy-attack=0,0
party action uses=8,40 / 2,40
frame=10432 map=35.0 pos=34,19 flags=0
party=2 HP=30/30,26/26 battle=0 battlers=0 outcome=0 PP=0,0 trial=0 donut-ability=0
persistent PP=8,2 status=0,0
growth level/xp/item=8/399/0,8/709/0 stats maxHP/attack,maxHP/magic=30/20,26/13 foesHP=0,0
pattern trainer=0 turn=0 foePP=0,0 foeAtkDef=0,0 CarlAtk=0 foeLevel=0
support PP=0,0 Carl-defense=0 enemy-attack=0,0
party action uses=8,40 / 2,40
PASS expect 35 0 34 19 0
frame=10692 map=35.0 pos=50,19 flags=0
party=2 HP=30/30,26/26 battle=0 battlers=0 outcome=0 PP=0,0 trial=0 donut-ability=0
persistent PP=8,2 status=0,0
growth level/xp/item=8/399/0,8/709/0 stats maxHP/attack,maxHP/magic=30/20,26/13 foesHP=0,0
pattern trainer=0 turn=0 foePP=0,0 foeAtkDef=0,0 CarlAtk=0 foeLevel=0
support PP=0,0 Carl-defense=0 enemy-attack=0,0
party action uses=8,40 / 2,40
frame=10732 map=35.0 pos=50,19 flags=0
party=2 HP=30/30,26/26 battle=0 battlers=0 outcome=0 PP=0,0 trial=0 donut-ability=0
persistent PP=8,2 status=0,0
growth level/xp/item=8/399/0,8/709/0 stats maxHP/attack,maxHP/magic=30/20,26/13 foesHP=0,0
pattern trainer=0 turn=0 foePP=0,0 foeAtkDef=0,0 CarlAtk=0 foeLevel=0
support PP=0,0 Carl-defense=0 enemy-attack=0,0
party action uses=8,40 / 2,40
frame=10732 map=35.0 pos=50,19 flags=0
party=2 HP=30/30,26/26 battle=0 battlers=0 outcome=0 PP=0,0 trial=0 donut-ability=0
persistent PP=8,2 status=0,0
growth level/xp/item=8/399/0,8/709/0 stats maxHP/attack,maxHP/magic=30/20,26/13 foesHP=0,0
pattern trainer=0 turn=0 foePP=0,0 foeAtkDef=0,0 CarlAtk=0 foeLevel=0
support PP=0,0 Carl-defense=0 enemy-attack=0,0
party action uses=8,40 / 2,40
PASS expect 35 0 50 19 0
frame=10772 map=35.0 pos=50,19 flags=0
party=2 HP=30/30,26/26 battle=0 battlers=0 outcome=0 PP=0,0 trial=0 donut-ability=0
persistent PP=8,2 status=0,0
growth level/xp/item=8/399/0,8/709/0 stats maxHP/attack,maxHP/magic=30/20,26/13 foesHP=0,0
pattern trainer=0 turn=0 foePP=0,0 foeAtkDef=0,0 CarlAtk=0 foeLevel=0
support PP=0,0 Carl-defense=0 enemy-attack=0,0
party action uses=8,40 / 2,40
frame=10808 map=35.0 pos=50,21 flags=0
party=2 HP=30/30,26/26 battle=0 battlers=0 outcome=0 PP=0,0 trial=0 donut-ability=0
persistent PP=8,2 status=0,0
growth level/xp/item=8/399/0,8/709/0 stats maxHP/attack,maxHP/magic=30/20,26/13 foesHP=0,0
pattern trainer=0 turn=0 foePP=0,0 foeAtkDef=0,0 CarlAtk=0 foeLevel=0
support PP=0,0 Carl-defense=0 enemy-attack=0,0
party action uses=8,40 / 2,40
frame=10848 map=35.0 pos=50,21 flags=0
party=2 HP=30/30,26/26 battle=0 battlers=0 outcome=0 PP=0,0 trial=0 donut-ability=0
persistent PP=8,2 status=0,0
growth level/xp/item=8/399/0,8/709/0 stats maxHP/attack,maxHP/magic=30/20,26/13 foesHP=0,0
pattern trainer=0 turn=0 foePP=0,0 foeAtkDef=0,0 CarlAtk=0 foeLevel=0
support PP=0,0 Carl-defense=0 enemy-attack=0,0
party action uses=8,40 / 2,40
frame=10848 map=35.0 pos=50,21 flags=0
party=2 HP=30/30,26/26 battle=0 battlers=0 outcome=0 PP=0,0 trial=0 donut-ability=0
persistent PP=8,2 status=0,0
growth level/xp/item=8/399/0,8/709/0 stats maxHP/attack,maxHP/magic=30/20,26/13 foesHP=0,0
pattern trainer=0 turn=0 foePP=0,0 foeAtkDef=0,0 CarlAtk=0 foeLevel=0
support PP=0,0 Carl-defense=0 enemy-attack=0,0
party action uses=8,40 / 2,40
PASS expect 35 0 50 21 0
frame=11108 map=35.0 pos=34,21 flags=0
party=2 HP=30/30,26/26 battle=0 battlers=0 outcome=0 PP=0,0 trial=0 donut-ability=0
persistent PP=8,2 status=0,0
growth level/xp/item=8/399/0,8/709/0 stats maxHP/attack,maxHP/magic=30/20,26/13 foesHP=0,0
pattern trainer=0 turn=0 foePP=0,0 foeAtkDef=0,0 CarlAtk=0 foeLevel=0
support PP=0,0 Carl-defense=0 enemy-attack=0,0
party action uses=8,40 / 2,40
frame=11148 map=35.0 pos=34,21 flags=0
party=2 HP=30/30,26/26 battle=0 battlers=0 outcome=0 PP=0,0 trial=0 donut-ability=0
persistent PP=8,2 status=0,0
growth level/xp/item=8/399/0,8/709/0 stats maxHP/attack,maxHP/magic=30/20,26/13 foesHP=0,0
pattern trainer=0 turn=0 foePP=0,0 foeAtkDef=0,0 CarlAtk=0 foeLevel=0
support PP=0,0 Carl-defense=0 enemy-attack=0,0
party action uses=8,40 / 2,40
frame=11148 map=35.0 pos=34,21 flags=0
party=2 HP=30/30,26/26 battle=0 battlers=0 outcome=0 PP=0,0 trial=0 donut-ability=0
persistent PP=8,2 status=0,0
growth level/xp/item=8/399/0,8/709/0 stats maxHP/attack,maxHP/magic=30/20,26/13 foesHP=0,0
pattern trainer=0 turn=0 foePP=0,0 foeAtkDef=0,0 CarlAtk=0 foeLevel=0
support PP=0,0 Carl-defense=0 enemy-attack=0,0
party action uses=8,40 / 2,40
PASS expect 35 0 34 21 0
frame=11200 map=35.0 pos=34,24 flags=0
party=2 HP=30/30,26/26 battle=0 battlers=0 outcome=0 PP=0,0 trial=0 donut-ability=0
persistent PP=8,2 status=0,0
growth level/xp/item=8/399/0,8/709/0 stats maxHP/attack,maxHP/magic=30/20,26/13 foesHP=0,0
pattern trainer=0 turn=0 foePP=0,0 foeAtkDef=0,0 CarlAtk=0 foeLevel=0
support PP=0,0 Carl-defense=0 enemy-attack=0,0
party action uses=8,40 / 2,40
frame=11240 map=35.0 pos=34,24 flags=0
party=2 HP=30/30,26/26 battle=0 battlers=0 outcome=0 PP=0,0 trial=0 donut-ability=0
persistent PP=8,2 status=0,0
growth level/xp/item=8/399/0,8/709/0 stats maxHP/attack,maxHP/magic=30/20,26/13 foesHP=0,0
pattern trainer=0 turn=0 foePP=0,0 foeAtkDef=0,0 CarlAtk=0 foeLevel=0
support PP=0,0 Carl-defense=0 enemy-attack=0,0
party action uses=8,40 / 2,40
frame=11240 map=35.0 pos=34,24 flags=0
party=2 HP=30/30,26/26 battle=0 battlers=0 outcome=0 PP=0,0 trial=0 donut-ability=0
persistent PP=8,2 status=0,0
growth level/xp/item=8/399/0,8/709/0 stats maxHP/attack,maxHP/magic=30/20,26/13 foesHP=0,0
pattern trainer=0 turn=0 foePP=0,0 foeAtkDef=0,0 CarlAtk=0 foeLevel=0
support PP=0,0 Carl-defense=0 enemy-attack=0,0
party action uses=8,40 / 2,40
PASS expect 35 0 34 24 0
frame=11308 map=35.0 pos=30,24 flags=0
party=2 HP=30/30,26/26 battle=0 battlers=0 outcome=0 PP=0,0 trial=0 donut-ability=0
persistent PP=8,2 status=0,0
growth level/xp/item=8/399/0,8/709/0 stats maxHP/attack,maxHP/magic=30/20,26/13 foesHP=0,0
pattern trainer=0 turn=0 foePP=0,0 foeAtkDef=0,0 CarlAtk=0 foeLevel=0
support PP=0,0 Carl-defense=0 enemy-attack=0,0
party action uses=8,40 / 2,40
frame=11348 map=35.0 pos=30,24 flags=0
party=2 HP=30/30,26/26 battle=0 battlers=0 outcome=0 PP=0,0 trial=0 donut-ability=0
persistent PP=8,2 status=0,0
growth level/xp/item=8/399/0,8/709/0 stats maxHP/attack,maxHP/magic=30/20,26/13 foesHP=0,0
pattern trainer=0 turn=0 foePP=0,0 foeAtkDef=0,0 CarlAtk=0 foeLevel=0
support PP=0,0 Carl-defense=0 enemy-attack=0,0
party action uses=8,40 / 2,40
frame=11348 map=35.0 pos=30,24 flags=0
party=2 HP=30/30,26/26 battle=0 battlers=0 outcome=0 PP=0,0 trial=0 donut-ability=0
persistent PP=8,2 status=0,0
growth level/xp/item=8/399/0,8/709/0 stats maxHP/attack,maxHP/magic=30/20,26/13 foesHP=0,0
pattern trainer=0 turn=0 foePP=0,0 foeAtkDef=0,0 CarlAtk=0 foeLevel=0
support PP=0,0 Carl-defense=0 enemy-attack=0,0
party action uses=8,40 / 2,40
PASS expect 35 0 30 24 0
frame=11388 map=35.0 pos=30,24 flags=0
party=2 HP=30/30,26/26 battle=0 battlers=0 outcome=0 PP=0,0 trial=0 donut-ability=0
persistent PP=8,2 status=0,0
growth level/xp/item=8/399/0,8/709/0 stats maxHP/attack,maxHP/magic=30/20,26/13 foesHP=0,0
pattern trainer=0 turn=0 foePP=0,0 foeAtkDef=0,0 CarlAtk=0 foeLevel=0
support PP=0,0 Carl-defense=0 enemy-attack=0,0
party action uses=8,40 / 2,40
frame=11520 map=35.0 pos=30,16 flags=0
party=2 HP=30/30,26/26 battle=0 battlers=0 outcome=0 PP=0,0 trial=0 donut-ability=0
persistent PP=8,2 status=0,0
growth level/xp/item=8/399/0,8/709/0 stats maxHP/attack,maxHP/magic=30/20,26/13 foesHP=0,0
pattern trainer=0 turn=0 foePP=0,0 foeAtkDef=0,0 CarlAtk=0 foeLevel=0
support PP=0,0 Carl-defense=0 enemy-attack=0,0
party action uses=8,40 / 2,40
frame=11560 map=35.0 pos=30,16 flags=0
party=2 HP=30/30,26/26 battle=0 battlers=0 outcome=0 PP=0,0 trial=0 donut-ability=0
persistent PP=8,2 status=0,0
growth level/xp/item=8/399/0,8/709/0 stats maxHP/attack,maxHP/magic=30/20,26/13 foesHP=0,0
pattern trainer=0 turn=0 foePP=0,0 foeAtkDef=0,0 CarlAtk=0 foeLevel=0
support PP=0,0 Carl-defense=0 enemy-attack=0,0
party action uses=8,40 / 2,40
frame=11560 map=35.0 pos=30,16 flags=0
party=2 HP=30/30,26/26 battle=0 battlers=0 outcome=0 PP=0,0 trial=0 donut-ability=0
persistent PP=8,2 status=0,0
growth level/xp/item=8/399/0,8/709/0 stats maxHP/attack,maxHP/magic=30/20,26/13 foesHP=0,0
pattern trainer=0 turn=0 foePP=0,0 foeAtkDef=0,0 CarlAtk=0 foeLevel=0
support PP=0,0 Carl-defense=0 enemy-attack=0,0
party action uses=8,40 / 2,40
PASS expect 35 0 30 16 0
frame=11628 map=35.0 pos=34,16 flags=0
party=2 HP=30/30,26/26 battle=0 battlers=0 outcome=0 PP=0,0 trial=0 donut-ability=0
persistent PP=8,2 status=0,0
growth level/xp/item=8/399/0,8/709/0 stats maxHP/attack,maxHP/magic=30/20,26/13 foesHP=0,0
pattern trainer=0 turn=0 foePP=0,0 foeAtkDef=0,0 CarlAtk=0 foeLevel=0
support PP=0,0 Carl-defense=0 enemy-attack=0,0
party action uses=8,40 / 2,40
frame=11668 map=35.0 pos=34,16 flags=0
party=2 HP=30/30,26/26 battle=0 battlers=0 outcome=0 PP=0,0 trial=0 donut-ability=0
persistent PP=8,2 status=0,0
growth level/xp/item=8/399/0,8/709/0 stats maxHP/attack,maxHP/magic=30/20,26/13 foesHP=0,0
pattern trainer=0 turn=0 foePP=0,0 foeAtkDef=0,0 CarlAtk=0 foeLevel=0
support PP=0,0 Carl-defense=0 enemy-attack=0,0
party action uses=8,40 / 2,40
frame=11668 map=35.0 pos=34,16 flags=0
party=2 HP=30/30,26/26 battle=0 battlers=0 outcome=0 PP=0,0 trial=0 donut-ability=0
persistent PP=8,2 status=0,0
growth level/xp/item=8/399/0,8/709/0 stats maxHP/attack,maxHP/magic=30/20,26/13 foesHP=0,0
pattern trainer=0 turn=0 foePP=0,0 foeAtkDef=0,0 CarlAtk=0 foeLevel=0
support PP=0,0 Carl-defense=0 enemy-attack=0,0
party action uses=8,40 / 2,40
PASS expect 35 0 34 16 0
frame=11700 map=35.0 pos=36,16 flags=0
party=2 HP=30/30,26/26 battle=0 battlers=0 outcome=0 PP=0,0 trial=0 donut-ability=0
persistent PP=8,2 status=0,0
growth level/xp/item=8/399/0,8/709/0 stats maxHP/attack,maxHP/magic=30/20,26/13 foesHP=0,0
pattern trainer=0 turn=0 foePP=0,0 foeAtkDef=0,0 CarlAtk=0 foeLevel=0
support PP=0,0 Carl-defense=0 enemy-attack=0,0
party action uses=8,40 / 2,40
frame=11740 map=35.0 pos=36,16 flags=0
party=2 HP=30/30,26/26 battle=0 battlers=0 outcome=0 PP=0,0 trial=0 donut-ability=0
persistent PP=8,2 status=0,0
growth level/xp/item=8/399/0,8/709/0 stats maxHP/attack,maxHP/magic=30/20,26/13 foesHP=0,0
pattern trainer=0 turn=0 foePP=0,0 foeAtkDef=0,0 CarlAtk=0 foeLevel=0
support PP=0,0 Carl-defense=0 enemy-attack=0,0
party action uses=8,40 / 2,40
frame=11740 map=35.0 pos=36,16 flags=0
party=2 HP=30/30,26/26 battle=0 battlers=0 outcome=0 PP=0,0 trial=0 donut-ability=0
persistent PP=8,2 status=0,0
growth level/xp/item=8/399/0,8/709/0 stats maxHP/attack,maxHP/magic=30/20,26/13 foesHP=0,0
pattern trainer=0 turn=0 foePP=0,0 foeAtkDef=0,0 CarlAtk=0 foeLevel=0
support PP=0,0 Carl-defense=0 enemy-attack=0,0
party action uses=8,40 / 2,40
PASS expect 35 0 36 16 0
frame=11824 map=35.0 pos=36,21 flags=0
party=2 HP=30/30,26/26 battle=0 battlers=0 outcome=0 PP=0,0 trial=0 donut-ability=0
persistent PP=8,2 status=0,0
growth level/xp/item=8/399/0,8/709/0 stats maxHP/attack,maxHP/magic=30/20,26/13 foesHP=0,0
pattern trainer=0 turn=0 foePP=0,0 foeAtkDef=0,0 CarlAtk=0 foeLevel=0
support PP=0,0 Carl-defense=0 enemy-attack=0,0
party action uses=8,40 / 2,40
frame=11864 map=35.0 pos=36,21 flags=0
party=2 HP=30/30,26/26 battle=0 battlers=0 outcome=0 PP=0,0 trial=0 donut-ability=0
persistent PP=8,2 status=0,0
growth level/xp/item=8/399/0,8/709/0 stats maxHP/attack,maxHP/magic=30/20,26/13 foesHP=0,0
pattern trainer=0 turn=0 foePP=0,0 foeAtkDef=0,0 CarlAtk=0 foeLevel=0
support PP=0,0 Carl-defense=0 enemy-attack=0,0
party action uses=8,40 / 2,40
frame=11864 map=35.0 pos=36,21 flags=0
party=2 HP=30/30,26/26 battle=0 battlers=0 outcome=0 PP=0,0 trial=0 donut-ability=0
persistent PP=8,2 status=0,0
growth level/xp/item=8/399/0,8/709/0 stats maxHP/attack,maxHP/magic=30/20,26/13 foesHP=0,0
pattern trainer=0 turn=0 foePP=0,0 foeAtkDef=0,0 CarlAtk=0 foeLevel=0
support PP=0,0 Carl-defense=0 enemy-attack=0,0
party action uses=8,40 / 2,40
PASS expect 35 0 36 21 0
frame=11900 map=35.0 pos=34,21 flags=0
party=2 HP=30/30,26/26 battle=0 battlers=0 outcome=0 PP=0,0 trial=0 donut-ability=0
persistent PP=8,2 status=0,0
growth level/xp/item=8/399/0,8/709/0 stats maxHP/attack,maxHP/magic=30/20,26/13 foesHP=0,0
pattern trainer=0 turn=0 foePP=0,0 foeAtkDef=0,0 CarlAtk=0 foeLevel=0
support PP=0,0 Carl-defense=0 enemy-attack=0,0
party action uses=8,40 / 2,40
frame=11940 map=35.0 pos=34,21 flags=0
party=2 HP=30/30,26/26 battle=0 battlers=0 outcome=0 PP=0,0 trial=0 donut-ability=0
persistent PP=8,2 status=0,0
growth level/xp/item=8/399/0,8/709/0 stats maxHP/attack,maxHP/magic=30/20,26/13 foesHP=0,0
pattern trainer=0 turn=0 foePP=0,0 foeAtkDef=0,0 CarlAtk=0 foeLevel=0
support PP=0,0 Carl-defense=0 enemy-attack=0,0
party action uses=8,40 / 2,40
frame=11940 map=35.0 pos=34,21 flags=0
party=2 HP=30/30,26/26 battle=0 battlers=0 outcome=0 PP=0,0 trial=0 donut-ability=0
persistent PP=8,2 status=0,0
growth level/xp/item=8/399/0,8/709/0 stats maxHP/attack,maxHP/magic=30/20,26/13 foesHP=0,0
pattern trainer=0 turn=0 foePP=0,0 foeAtkDef=0,0 CarlAtk=0 foeLevel=0
support PP=0,0 Carl-defense=0 enemy-attack=0,0
party action uses=8,40 / 2,40
PASS expect 35 0 34 21 0
frame=12152 map=35.0 pos=34,34 flags=0
party=2 HP=30/30,26/26 battle=0 battlers=0 outcome=0 PP=0,0 trial=0 donut-ability=0
persistent PP=8,2 status=0,0
growth level/xp/item=8/399/0,8/709/0 stats maxHP/attack,maxHP/magic=30/20,26/13 foesHP=0,0
pattern trainer=0 turn=0 foePP=0,0 foeAtkDef=0,0 CarlAtk=0 foeLevel=0
support PP=0,0 Carl-defense=0 enemy-attack=0,0
party action uses=8,40 / 2,40
frame=12192 map=35.0 pos=34,34 flags=0
party=2 HP=30/30,26/26 battle=0 battlers=0 outcome=0 PP=0,0 trial=0 donut-ability=0
persistent PP=8,2 status=0,0
growth level/xp/item=8/399/0,8/709/0 stats maxHP/attack,maxHP/magic=30/20,26/13 foesHP=0,0
pattern trainer=0 turn=0 foePP=0,0 foeAtkDef=0,0 CarlAtk=0 foeLevel=0
support PP=0,0 Carl-defense=0 enemy-attack=0,0
party action uses=8,40 / 2,40
frame=12192 map=35.0 pos=34,34 flags=0
party=2 HP=30/30,26/26 battle=0 battlers=0 outcome=0 PP=0,0 trial=0 donut-ability=0
persistent PP=8,2 status=0,0
growth level/xp/item=8/399/0,8/709/0 stats maxHP/attack,maxHP/magic=30/20,26/13 foesHP=0,0
pattern trainer=0 turn=0 foePP=0,0 foeAtkDef=0,0 CarlAtk=0 foeLevel=0
support PP=0,0 Carl-defense=0 enemy-attack=0,0
party action uses=8,40 / 2,40
PASS expect 35 0 34 34 0
frame=12612 map=35.0 pos=8,34 flags=0
party=2 HP=30/30,26/26 battle=0 battlers=0 outcome=0 PP=0,0 trial=0 donut-ability=0
persistent PP=8,2 status=0,0
growth level/xp/item=8/399/0,8/709/0 stats maxHP/attack,maxHP/magic=30/20,26/13 foesHP=0,0
pattern trainer=0 turn=0 foePP=0,0 foeAtkDef=0,0 CarlAtk=0 foeLevel=0
support PP=0,0 Carl-defense=0 enemy-attack=0,0
party action uses=8,40 / 2,40
frame=12652 map=35.0 pos=8,34 flags=0
party=2 HP=30/30,26/26 battle=0 battlers=0 outcome=0 PP=0,0 trial=0 donut-ability=0
persistent PP=8,2 status=0,0
growth level/xp/item=8/399/0,8/709/0 stats maxHP/attack,maxHP/magic=30/20,26/13 foesHP=0,0
pattern trainer=0 turn=0 foePP=0,0 foeAtkDef=0,0 CarlAtk=0 foeLevel=0
support PP=0,0 Carl-defense=0 enemy-attack=0,0
party action uses=8,40 / 2,40
frame=12652 map=35.0 pos=8,34 flags=0
party=2 HP=30/30,26/26 battle=0 battlers=0 outcome=0 PP=0,0 trial=0 donut-ability=0
persistent PP=8,2 status=0,0
growth level/xp/item=8/399/0,8/709/0 stats maxHP/attack,maxHP/magic=30/20,26/13 foesHP=0,0
pattern trainer=0 turn=0 foePP=0,0 foeAtkDef=0,0 CarlAtk=0 foeLevel=0
support PP=0,0 Carl-defense=0 enemy-attack=0,0
party action uses=8,40 / 2,40
PASS expect 35 0 8 34 0
frame=12752 map=35.0 pos=8,40 flags=0
party=2 HP=30/30,26/26 battle=0 battlers=0 outcome=0 PP=0,0 trial=0 donut-ability=0
persistent PP=8,2 status=0,0
growth level/xp/item=8/399/0,8/709/0 stats maxHP/attack,maxHP/magic=30/20,26/13 foesHP=0,0
pattern trainer=0 turn=0 foePP=0,0 foeAtkDef=0,0 CarlAtk=0 foeLevel=0
support PP=0,0 Carl-defense=0 enemy-attack=0,0
party action uses=8,40 / 2,40
frame=12792 map=35.0 pos=8,40 flags=0
party=2 HP=30/30,26/26 battle=0 battlers=0 outcome=0 PP=0,0 trial=0 donut-ability=0
persistent PP=8,2 status=0,0
growth level/xp/item=8/399/0,8/709/0 stats maxHP/attack,maxHP/magic=30/20,26/13 foesHP=0,0
pattern trainer=0 turn=0 foePP=0,0 foeAtkDef=0,0 CarlAtk=0 foeLevel=0
support PP=0,0 Carl-defense=0 enemy-attack=0,0
party action uses=8,40 / 2,40
frame=12792 map=35.0 pos=8,40 flags=0
party=2 HP=30/30,26/26 battle=0 battlers=0 outcome=0 PP=0,0 trial=0 donut-ability=0
persistent PP=8,2 status=0,0
growth level/xp/item=8/399/0,8/709/0 stats maxHP/attack,maxHP/magic=30/20,26/13 foesHP=0,0
pattern trainer=0 turn=0 foePP=0,0 foeAtkDef=0,0 CarlAtk=0 foeLevel=0
support PP=0,0 Carl-defense=0 enemy-attack=0,0
party action uses=8,40 / 2,40
PASS expect 35 0 8 40 0
frame=12832 map=35.0 pos=8,40 flags=0
party=2 HP=30/30,26/26 battle=0 battlers=0 outcome=0 PP=0,0 trial=0 donut-ability=0
persistent PP=8,2 status=0,0
growth level/xp/item=8/399/0,8/709/0 stats maxHP/attack,maxHP/magic=30/20,26/13 foesHP=0,0
pattern trainer=0 turn=0 foePP=0,0 foeAtkDef=0,0 CarlAtk=0 foeLevel=0
support PP=0,0 Carl-defense=0 enemy-attack=0,0
party action uses=8,40 / 2,40
frame=12932 map=35.0 pos=8,34 flags=0
party=2 HP=30/30,26/26 battle=0 battlers=0 outcome=0 PP=0,0 trial=0 donut-ability=0
persistent PP=8,2 status=0,0
growth level/xp/item=8/399/0,8/709/0 stats maxHP/attack,maxHP/magic=30/20,26/13 foesHP=0,0
pattern trainer=0 turn=0 foePP=0,0 foeAtkDef=0,0 CarlAtk=0 foeLevel=0
support PP=0,0 Carl-defense=0 enemy-attack=0,0
party action uses=8,40 / 2,40
frame=12972 map=35.0 pos=8,34 flags=0
party=2 HP=30/30,26/26 battle=0 battlers=0 outcome=0 PP=0,0 trial=0 donut-ability=0
persistent PP=8,2 status=0,0
growth level/xp/item=8/399/0,8/709/0 stats maxHP/attack,maxHP/magic=30/20,26/13 foesHP=0,0
pattern trainer=0 turn=0 foePP=0,0 foeAtkDef=0,0 CarlAtk=0 foeLevel=0
support PP=0,0 Carl-defense=0 enemy-attack=0,0
party action uses=8,40 / 2,40
frame=12972 map=35.0 pos=8,34 flags=0
party=2 HP=30/30,26/26 battle=0 battlers=0 outcome=0 PP=0,0 trial=0 donut-ability=0
persistent PP=8,2 status=0,0
growth level/xp/item=8/399/0,8/709/0 stats maxHP/attack,maxHP/magic=30/20,26/13 foesHP=0,0
pattern trainer=0 turn=0 foePP=0,0 foeAtkDef=0,0 CarlAtk=0 foeLevel=0
support PP=0,0 Carl-defense=0 enemy-attack=0,0
party action uses=8,40 / 2,40
PASS expect 35 0 8 34 0
frame=13216 map=35.0 pos=23,34 flags=0
party=2 HP=30/30,26/26 battle=0 battlers=0 outcome=0 PP=0,0 trial=0 donut-ability=0
persistent PP=8,2 status=0,0
growth level/xp/item=8/399/0,8/709/0 stats maxHP/attack,maxHP/magic=30/20,26/13 foesHP=0,0
pattern trainer=0 turn=0 foePP=0,0 foeAtkDef=0,0 CarlAtk=0 foeLevel=0
support PP=0,0 Carl-defense=0 enemy-attack=0,0
party action uses=8,40 / 2,40
frame=13256 map=35.0 pos=23,34 flags=0
party=2 HP=30/30,26/26 battle=0 battlers=0 outcome=0 PP=0,0 trial=0 donut-ability=0
persistent PP=8,2 status=0,0
growth level/xp/item=8/399/0,8/709/0 stats maxHP/attack,maxHP/magic=30/20,26/13 foesHP=0,0
pattern trainer=0 turn=0 foePP=0,0 foeAtkDef=0,0 CarlAtk=0 foeLevel=0
support PP=0,0 Carl-defense=0 enemy-attack=0,0
party action uses=8,40 / 2,40
frame=13256 map=35.0 pos=23,34 flags=0
party=2 HP=30/30,26/26 battle=0 battlers=0 outcome=0 PP=0,0 trial=0 donut-ability=0
persistent PP=8,2 status=0,0
growth level/xp/item=8/399/0,8/709/0 stats maxHP/attack,maxHP/magic=30/20,26/13 foesHP=0,0
pattern trainer=0 turn=0 foePP=0,0 foeAtkDef=0,0 CarlAtk=0 foeLevel=0
support PP=0,0 Carl-defense=0 enemy-attack=0,0
party action uses=8,40 / 2,40
PASS expect 35 0 23 34 0
frame=13276 map=35.0 pos=23,33 flags=0
party=2 HP=30/30,26/26 battle=0 battlers=0 outcome=0 PP=0,0 trial=0 donut-ability=0
persistent PP=8,2 status=0,0
growth level/xp/item=8/399/0,8/709/0 stats maxHP/attack,maxHP/magic=30/20,26/13 foesHP=0,0
pattern trainer=0 turn=0 foePP=0,0 foeAtkDef=0,0 CarlAtk=0 foeLevel=0
support PP=0,0 Carl-defense=0 enemy-attack=0,0
party action uses=8,40 / 2,40
frame=13316 map=35.0 pos=23,33 flags=0
party=2 HP=30/30,26/26 battle=0 battlers=0 outcome=0 PP=0,0 trial=0 donut-ability=0
persistent PP=8,2 status=0,0
growth level/xp/item=8/399/0,8/709/0 stats maxHP/attack,maxHP/magic=30/20,26/13 foesHP=0,0
pattern trainer=0 turn=0 foePP=0,0 foeAtkDef=0,0 CarlAtk=0 foeLevel=0
support PP=0,0 Carl-defense=0 enemy-attack=0,0
party action uses=8,40 / 2,40
frame=13316 map=35.0 pos=23,33 flags=0
party=2 HP=30/30,26/26 battle=0 battlers=0 outcome=0 PP=0,0 trial=0 donut-ability=0
persistent PP=8,2 status=0,0
growth level/xp/item=8/399/0,8/709/0 stats maxHP/attack,maxHP/magic=30/20,26/13 foesHP=0,0
pattern trainer=0 turn=0 foePP=0,0 foeAtkDef=0,0 CarlAtk=0 foeLevel=0
support PP=0,0 Carl-defense=0 enemy-attack=0,0
party action uses=8,40 / 2,40
PASS expect 35 0 23 33 0
frame=13416 map=35.0 pos=29,33 flags=0
party=2 HP=30/30,26/26 battle=0 battlers=0 outcome=0 PP=0,0 trial=0 donut-ability=0
persistent PP=8,2 status=0,0
growth level/xp/item=8/399/0,8/709/0 stats maxHP/attack,maxHP/magic=30/20,26/13 foesHP=0,0
pattern trainer=0 turn=0 foePP=0,0 foeAtkDef=0,0 CarlAtk=0 foeLevel=0
support PP=0,0 Carl-defense=0 enemy-attack=0,0
party action uses=8,40 / 2,40
frame=13456 map=35.0 pos=29,33 flags=0
party=2 HP=30/30,26/26 battle=0 battlers=0 outcome=0 PP=0,0 trial=0 donut-ability=0
persistent PP=8,2 status=0,0
growth level/xp/item=8/399/0,8/709/0 stats maxHP/attack,maxHP/magic=30/20,26/13 foesHP=0,0
pattern trainer=0 turn=0 foePP=0,0 foeAtkDef=0,0 CarlAtk=0 foeLevel=0
support PP=0,0 Carl-defense=0 enemy-attack=0,0
party action uses=8,40 / 2,40
frame=13456 map=35.0 pos=29,33 flags=0
party=2 HP=30/30,26/26 battle=0 battlers=0 outcome=0 PP=0,0 trial=0 donut-ability=0
persistent PP=8,2 status=0,0
growth level/xp/item=8/399/0,8/709/0 stats maxHP/attack,maxHP/magic=30/20,26/13 foesHP=0,0
pattern trainer=0 turn=0 foePP=0,0 foeAtkDef=0,0 CarlAtk=0 foeLevel=0
support PP=0,0 Carl-defense=0 enemy-attack=0,0
party action uses=8,40 / 2,40
PASS expect 35 0 29 33 0
frame=13496 map=35.0 pos=29,33 flags=0
party=2 HP=30/30,26/26 battle=0 battlers=0 outcome=0 PP=0,0 trial=0 donut-ability=0
persistent PP=8,2 status=0,0
growth level/xp/item=8/399/0,8/709/0 stats maxHP/attack,maxHP/magic=30/20,26/13 foesHP=0,0
pattern trainer=0 turn=0 foePP=0,0 foeAtkDef=0,0 CarlAtk=0 foeLevel=0
support PP=0,0 Carl-defense=0 enemy-attack=0,0
party action uses=8,40 / 2,40
frame=13596 map=35.0 pos=23,33 flags=0
party=2 HP=30/30,26/26 battle=0 battlers=0 outcome=0 PP=0,0 trial=0 donut-ability=0
persistent PP=8,2 status=0,0
growth level/xp/item=8/399/0,8/709/0 stats maxHP/attack,maxHP/magic=30/20,26/13 foesHP=0,0
pattern trainer=0 turn=0 foePP=0,0 foeAtkDef=0,0 CarlAtk=0 foeLevel=0
support PP=0,0 Carl-defense=0 enemy-attack=0,0
party action uses=8,40 / 2,40
frame=13636 map=35.0 pos=23,33 flags=0
party=2 HP=30/30,26/26 battle=0 battlers=0 outcome=0 PP=0,0 trial=0 donut-ability=0
persistent PP=8,2 status=0,0
growth level/xp/item=8/399/0,8/709/0 stats maxHP/attack,maxHP/magic=30/20,26/13 foesHP=0,0
pattern trainer=0 turn=0 foePP=0,0 foeAtkDef=0,0 CarlAtk=0 foeLevel=0
support PP=0,0 Carl-defense=0 enemy-attack=0,0
party action uses=8,40 / 2,40
frame=13636 map=35.0 pos=23,33 flags=0
party=2 HP=30/30,26/26 battle=0 battlers=0 outcome=0 PP=0,0 trial=0 donut-ability=0
persistent PP=8,2 status=0,0
growth level/xp/item=8/399/0,8/709/0 stats maxHP/attack,maxHP/magic=30/20,26/13 foesHP=0,0
pattern trainer=0 turn=0 foePP=0,0 foeAtkDef=0,0 CarlAtk=0 foeLevel=0
support PP=0,0 Carl-defense=0 enemy-attack=0,0
party action uses=8,40 / 2,40
PASS expect 35 0 23 33 0
frame=13736 map=35.0 pos=23,27 flags=0
party=2 HP=30/30,26/26 battle=0 battlers=0 outcome=0 PP=0,0 trial=0 donut-ability=0
persistent PP=8,2 status=0,0
growth level/xp/item=8/399/0,8/709/0 stats maxHP/attack,maxHP/magic=30/20,26/13 foesHP=0,0
pattern trainer=0 turn=0 foePP=0,0 foeAtkDef=0,0 CarlAtk=0 foeLevel=0
support PP=0,0 Carl-defense=0 enemy-attack=0,0
party action uses=8,40 / 2,40
frame=13776 map=35.0 pos=23,27 flags=0
party=2 HP=30/30,26/26 battle=0 battlers=0 outcome=0 PP=0,0 trial=0 donut-ability=0
persistent PP=8,2 status=0,0
growth level/xp/item=8/399/0,8/709/0 stats maxHP/attack,maxHP/magic=30/20,26/13 foesHP=0,0
pattern trainer=0 turn=0 foePP=0,0 foeAtkDef=0,0 CarlAtk=0 foeLevel=0
support PP=0,0 Carl-defense=0 enemy-attack=0,0
party action uses=8,40 / 2,40
frame=13776 map=35.0 pos=23,27 flags=0
party=2 HP=30/30,26/26 battle=0 battlers=0 outcome=0 PP=0,0 trial=0 donut-ability=0
persistent PP=8,2 status=0,0
growth level/xp/item=8/399/0,8/709/0 stats maxHP/attack,maxHP/magic=30/20,26/13 foesHP=0,0
pattern trainer=0 turn=0 foePP=0,0 foeAtkDef=0,0 CarlAtk=0 foeLevel=0
support PP=0,0 Carl-defense=0 enemy-attack=0,0
party action uses=8,40 / 2,40
PASS expect 35 0 23 27 0
frame=13876 map=35.0 pos=29,27 flags=0
party=2 HP=30/30,26/26 battle=0 battlers=0 outcome=0 PP=0,0 trial=0 donut-ability=0
persistent PP=8,2 status=0,0
growth level/xp/item=8/399/0,8/709/0 stats maxHP/attack,maxHP/magic=30/20,26/13 foesHP=0,0
pattern trainer=0 turn=0 foePP=0,0 foeAtkDef=0,0 CarlAtk=0 foeLevel=0
support PP=0,0 Carl-defense=0 enemy-attack=0,0
party action uses=8,40 / 2,40
frame=13916 map=35.0 pos=29,27 flags=0
party=2 HP=30/30,26/26 battle=0 battlers=0 outcome=0 PP=0,0 trial=0 donut-ability=0
persistent PP=8,2 status=0,0
growth level/xp/item=8/399/0,8/709/0 stats maxHP/attack,maxHP/magic=30/20,26/13 foesHP=0,0
pattern trainer=0 turn=0 foePP=0,0 foeAtkDef=0,0 CarlAtk=0 foeLevel=0
support PP=0,0 Carl-defense=0 enemy-attack=0,0
party action uses=8,40 / 2,40
frame=13916 map=35.0 pos=29,27 flags=0
party=2 HP=30/30,26/26 battle=0 battlers=0 outcome=0 PP=0,0 trial=0 donut-ability=0
persistent PP=8,2 status=0,0
growth level/xp/item=8/399/0,8/709/0 stats maxHP/attack,maxHP/magic=30/20,26/13 foesHP=0,0
pattern trainer=0 turn=0 foePP=0,0 foeAtkDef=0,0 CarlAtk=0 foeLevel=0
support PP=0,0 Carl-defense=0 enemy-attack=0,0
party action uses=8,40 / 2,40
PASS expect 35 0 29 27 0
frame=13956 map=35.0 pos=29,27 flags=0
party=2 HP=30/30,26/26 battle=0 battlers=0 outcome=0 PP=0,0 trial=0 donut-ability=0
persistent PP=8,2 status=0,0
growth level/xp/item=8/399/0,8/709/0 stats maxHP/attack,maxHP/magic=30/20,26/13 foesHP=0,0
pattern trainer=0 turn=0 foePP=0,0 foeAtkDef=0,0 CarlAtk=0 foeLevel=0
support PP=0,0 Carl-defense=0 enemy-attack=0,0
party action uses=8,40 / 2,40
frame=14056 map=35.0 pos=23,27 flags=0
party=2 HP=30/30,26/26 battle=0 battlers=0 outcome=0 PP=0,0 trial=0 donut-ability=0
persistent PP=8,2 status=0,0
growth level/xp/item=8/399/0,8/709/0 stats maxHP/attack,maxHP/magic=30/20,26/13 foesHP=0,0
pattern trainer=0 turn=0 foePP=0,0 foeAtkDef=0,0 CarlAtk=0 foeLevel=0
support PP=0,0 Carl-defense=0 enemy-attack=0,0
party action uses=8,40 / 2,40
frame=14096 map=35.0 pos=23,27 flags=0
party=2 HP=30/30,26/26 battle=0 battlers=0 outcome=0 PP=0,0 trial=0 donut-ability=0
persistent PP=8,2 status=0,0
growth level/xp/item=8/399/0,8/709/0 stats maxHP/attack,maxHP/magic=30/20,26/13 foesHP=0,0
pattern trainer=0 turn=0 foePP=0,0 foeAtkDef=0,0 CarlAtk=0 foeLevel=0
support PP=0,0 Carl-defense=0 enemy-attack=0,0
party action uses=8,40 / 2,40
frame=14096 map=35.0 pos=23,27 flags=0
party=2 HP=30/30,26/26 battle=0 battlers=0 outcome=0 PP=0,0 trial=0 donut-ability=0
persistent PP=8,2 status=0,0
growth level/xp/item=8/399/0,8/709/0 stats maxHP/attack,maxHP/magic=30/20,26/13 foesHP=0,0
pattern trainer=0 turn=0 foePP=0,0 foeAtkDef=0,0 CarlAtk=0 foeLevel=0
support PP=0,0 Carl-defense=0 enemy-attack=0,0
party action uses=8,40 / 2,40
PASS expect 35 0 23 27 0
frame=14132 map=35.0 pos=23,25 flags=0
party=2 HP=30/30,26/26 battle=0 battlers=0 outcome=0 PP=0,0 trial=0 donut-ability=0
persistent PP=8,2 status=0,0
growth level/xp/item=8/399/0,8/709/0 stats maxHP/attack,maxHP/magic=30/20,26/13 foesHP=0,0
pattern trainer=0 turn=0 foePP=0,0 foeAtkDef=0,0 CarlAtk=0 foeLevel=0
support PP=0,0 Carl-defense=0 enemy-attack=0,0
party action uses=8,40 / 2,40
frame=14172 map=35.0 pos=23,25 flags=0
party=2 HP=30/30,26/26 battle=0 battlers=0 outcome=0 PP=0,0 trial=0 donut-ability=0
persistent PP=8,2 status=0,0
growth level/xp/item=8/399/0,8/709/0 stats maxHP/attack,maxHP/magic=30/20,26/13 foesHP=0,0
pattern trainer=0 turn=0 foePP=0,0 foeAtkDef=0,0 CarlAtk=0 foeLevel=0
support PP=0,0 Carl-defense=0 enemy-attack=0,0
party action uses=8,40 / 2,40
frame=14172 map=35.0 pos=23,25 flags=0
party=2 HP=30/30,26/26 battle=0 battlers=0 outcome=0 PP=0,0 trial=0 donut-ability=0
persistent PP=8,2 status=0,0
growth level/xp/item=8/399/0,8/709/0 stats maxHP/attack,maxHP/magic=30/20,26/13 foesHP=0,0
pattern trainer=0 turn=0 foePP=0,0 foeAtkDef=0,0 CarlAtk=0 foeLevel=0
support PP=0,0 Carl-defense=0 enemy-attack=0,0
party action uses=8,40 / 2,40
PASS expect 35 0 23 25 0
frame=14336 map=35.0 pos=33,25 flags=0
party=2 HP=30/30,26/26 battle=0 battlers=0 outcome=0 PP=0,0 trial=0 donut-ability=0
persistent PP=8,2 status=0,0
growth level/xp/item=8/399/0,8/709/0 stats maxHP/attack,maxHP/magic=30/20,26/13 foesHP=0,0
pattern trainer=0 turn=0 foePP=0,0 foeAtkDef=0,0 CarlAtk=0 foeLevel=0
support PP=0,0 Carl-defense=0 enemy-attack=0,0
party action uses=8,40 / 2,40
frame=14376 map=35.0 pos=33,25 flags=0
party=2 HP=30/30,26/26 battle=0 battlers=0 outcome=0 PP=0,0 trial=0 donut-ability=0
persistent PP=8,2 status=0,0
growth level/xp/item=8/399/0,8/709/0 stats maxHP/attack,maxHP/magic=30/20,26/13 foesHP=0,0
pattern trainer=0 turn=0 foePP=0,0 foeAtkDef=0,0 CarlAtk=0 foeLevel=0
support PP=0,0 Carl-defense=0 enemy-attack=0,0
party action uses=8,40 / 2,40
frame=14376 map=35.0 pos=33,25 flags=0
party=2 HP=30/30,26/26 battle=0 battlers=0 outcome=0 PP=0,0 trial=0 donut-ability=0
persistent PP=8,2 status=0,0
growth level/xp/item=8/399/0,8/709/0 stats maxHP/attack,maxHP/magic=30/20,26/13 foesHP=0,0
pattern trainer=0 turn=0 foePP=0,0 foeAtkDef=0,0 CarlAtk=0 foeLevel=0
support PP=0,0 Carl-defense=0 enemy-attack=0,0
party action uses=8,40 / 2,40
PASS expect 35 0 33 25 0
frame=14412 map=35.0 pos=33,27 flags=0
party=2 HP=30/30,26/26 battle=0 battlers=0 outcome=0 PP=0,0 trial=0 donut-ability=0
persistent PP=8,2 status=0,0
growth level/xp/item=8/399/0,8/709/0 stats maxHP/attack,maxHP/magic=30/20,26/13 foesHP=0,0
pattern trainer=0 turn=0 foePP=0,0 foeAtkDef=0,0 CarlAtk=0 foeLevel=0
support PP=0,0 Carl-defense=0 enemy-attack=0,0
party action uses=8,40 / 2,40
frame=14452 map=35.0 pos=33,27 flags=0
party=2 HP=30/30,26/26 battle=0 battlers=0 outcome=0 PP=0,0 trial=0 donut-ability=0
persistent PP=8,2 status=0,0
growth level/xp/item=8/399/0,8/709/0 stats maxHP/attack,maxHP/magic=30/20,26/13 foesHP=0,0
pattern trainer=0 turn=0 foePP=0,0 foeAtkDef=0,0 CarlAtk=0 foeLevel=0
support PP=0,0 Carl-defense=0 enemy-attack=0,0
party action uses=8,40 / 2,40
frame=14452 map=35.0 pos=33,27 flags=0
party=2 HP=30/30,26/26 battle=0 battlers=0 outcome=0 PP=0,0 trial=0 donut-ability=0
persistent PP=8,2 status=0,0
growth level/xp/item=8/399/0,8/709/0 stats maxHP/attack,maxHP/magic=30/20,26/13 foesHP=0,0
pattern trainer=0 turn=0 foePP=0,0 foeAtkDef=0,0 CarlAtk=0 foeLevel=0
support PP=0,0 Carl-defense=0 enemy-attack=0,0
party action uses=8,40 / 2,40
PASS expect 35 0 33 27 0
frame=14584 map=35.0 pos=41,27 flags=0
party=2 HP=30/30,26/26 battle=0 battlers=0 outcome=0 PP=0,0 trial=0 donut-ability=0
persistent PP=8,2 status=0,0
growth level/xp/item=8/399/0,8/709/0 stats maxHP/attack,maxHP/magic=30/20,26/13 foesHP=0,0
pattern trainer=0 turn=0 foePP=0,0 foeAtkDef=0,0 CarlAtk=0 foeLevel=0
support PP=0,0 Carl-defense=0 enemy-attack=0,0
party action uses=8,40 / 2,40
frame=14624 map=35.0 pos=41,27 flags=0
party=2 HP=30/30,26/26 battle=0 battlers=0 outcome=0 PP=0,0 trial=0 donut-ability=0
persistent PP=8,2 status=0,0
growth level/xp/item=8/399/0,8/709/0 stats maxHP/attack,maxHP/magic=30/20,26/13 foesHP=0,0
pattern trainer=0 turn=0 foePP=0,0 foeAtkDef=0,0 CarlAtk=0 foeLevel=0
support PP=0,0 Carl-defense=0 enemy-attack=0,0
party action uses=8,40 / 2,40
frame=14624 map=35.0 pos=41,27 flags=0
party=2 HP=30/30,26/26 battle=0 battlers=0 outcome=0 PP=0,0 trial=0 donut-ability=0
persistent PP=8,2 status=0,0
growth level/xp/item=8/399/0,8/709/0 stats maxHP/attack,maxHP/magic=30/20,26/13 foesHP=0,0
pattern trainer=0 turn=0 foePP=0,0 foeAtkDef=0,0 CarlAtk=0 foeLevel=0
support PP=0,0 Carl-defense=0 enemy-attack=0,0
party action uses=8,40 / 2,40
PASS expect 35 0 41 27 0
frame=14664 map=35.0 pos=41,27 flags=0
party=2 HP=30/30,26/26 battle=0 battlers=0 outcome=0 PP=0,0 trial=0 donut-ability=0
persistent PP=8,2 status=0,0
growth level/xp/item=8/399/0,8/709/0 stats maxHP/attack,maxHP/magic=30/20,26/13 foesHP=0,0
pattern trainer=0 turn=0 foePP=0,0 foeAtkDef=0,0 CarlAtk=0 foeLevel=0
support PP=0,0 Carl-defense=0 enemy-attack=0,0
party action uses=8,40 / 2,40
frame=14796 map=35.0 pos=33,27 flags=0
party=2 HP=30/30,26/26 battle=0 battlers=0 outcome=0 PP=0,0 trial=0 donut-ability=0
persistent PP=8,2 status=0,0
growth level/xp/item=8/399/0,8/709/0 stats maxHP/attack,maxHP/magic=30/20,26/13 foesHP=0,0
pattern trainer=0 turn=0 foePP=0,0 foeAtkDef=0,0 CarlAtk=0 foeLevel=0
support PP=0,0 Carl-defense=0 enemy-attack=0,0
party action uses=8,40 / 2,40
frame=14836 map=35.0 pos=33,27 flags=0
party=2 HP=30/30,26/26 battle=0 battlers=0 outcome=0 PP=0,0 trial=0 donut-ability=0
persistent PP=8,2 status=0,0
growth level/xp/item=8/399/0,8/709/0 stats maxHP/attack,maxHP/magic=30/20,26/13 foesHP=0,0
pattern trainer=0 turn=0 foePP=0,0 foeAtkDef=0,0 CarlAtk=0 foeLevel=0
support PP=0,0 Carl-defense=0 enemy-attack=0,0
party action uses=8,40 / 2,40
frame=14836 map=35.0 pos=33,27 flags=0
party=2 HP=30/30,26/26 battle=0 battlers=0 outcome=0 PP=0,0 trial=0 donut-ability=0
persistent PP=8,2 status=0,0
growth level/xp/item=8/399/0,8/709/0 stats maxHP/attack,maxHP/magic=30/20,26/13 foesHP=0,0
pattern trainer=0 turn=0 foePP=0,0 foeAtkDef=0,0 CarlAtk=0 foeLevel=0
support PP=0,0 Carl-defense=0 enemy-attack=0,0
party action uses=8,40 / 2,40
PASS expect 35 0 33 27 0
frame=15000 map=35.0 pos=43,27 flags=0
party=2 HP=30/30,26/26 battle=0 battlers=0 outcome=0 PP=0,0 trial=0 donut-ability=0
persistent PP=8,2 status=0,0
growth level/xp/item=8/399/0,8/709/0 stats maxHP/attack,maxHP/magic=30/20,26/13 foesHP=0,0
pattern trainer=0 turn=0 foePP=0,0 foeAtkDef=0,0 CarlAtk=0 foeLevel=0
support PP=0,0 Carl-defense=0 enemy-attack=0,0
party action uses=8,40 / 2,40
frame=15040 map=35.0 pos=43,27 flags=0
party=2 HP=30/30,26/26 battle=0 battlers=0 outcome=0 PP=0,0 trial=0 donut-ability=0
persistent PP=8,2 status=0,0
growth level/xp/item=8/399/0,8/709/0 stats maxHP/attack,maxHP/magic=30/20,26/13 foesHP=0,0
pattern trainer=0 turn=0 foePP=0,0 foeAtkDef=0,0 CarlAtk=0 foeLevel=0
support PP=0,0 Carl-defense=0 enemy-attack=0,0
party action uses=8,40 / 2,40
frame=15040 map=35.0 pos=43,27 flags=0
party=2 HP=30/30,26/26 battle=0 battlers=0 outcome=0 PP=0,0 trial=0 donut-ability=0
persistent PP=8,2 status=0,0
growth level/xp/item=8/399/0,8/709/0 stats maxHP/attack,maxHP/magic=30/20,26/13 foesHP=0,0
pattern trainer=0 turn=0 foePP=0,0 foeAtkDef=0,0 CarlAtk=0 foeLevel=0
support PP=0,0 Carl-defense=0 enemy-attack=0,0
party action uses=8,40 / 2,40
PASS expect 35 0 43 27 0
frame=15108 map=35.0 pos=43,31 flags=0
party=2 HP=30/30,26/26 battle=0 battlers=0 outcome=0 PP=0,0 trial=0 donut-ability=0
persistent PP=8,2 status=0,0
growth level/xp/item=8/399/0,8/709/0 stats maxHP/attack,maxHP/magic=30/20,26/13 foesHP=0,0
pattern trainer=0 turn=0 foePP=0,0 foeAtkDef=0,0 CarlAtk=0 foeLevel=0
support PP=0,0 Carl-defense=0 enemy-attack=0,0
party action uses=8,40 / 2,40
frame=15148 map=35.0 pos=43,31 flags=0
party=2 HP=30/30,26/26 battle=0 battlers=0 outcome=0 PP=0,0 trial=0 donut-ability=0
persistent PP=8,2 status=0,0
growth level/xp/item=8/399/0,8/709/0 stats maxHP/attack,maxHP/magic=30/20,26/13 foesHP=0,0
pattern trainer=0 turn=0 foePP=0,0 foeAtkDef=0,0 CarlAtk=0 foeLevel=0
support PP=0,0 Carl-defense=0 enemy-attack=0,0
party action uses=8,40 / 2,40
frame=15148 map=35.0 pos=43,31 flags=0
party=2 HP=30/30,26/26 battle=0 battlers=0 outcome=0 PP=0,0 trial=0 donut-ability=0
persistent PP=8,2 status=0,0
growth level/xp/item=8/399/0,8/709/0 stats maxHP/attack,maxHP/magic=30/20,26/13 foesHP=0,0
pattern trainer=0 turn=0 foePP=0,0 foeAtkDef=0,0 CarlAtk=0 foeLevel=0
support PP=0,0 Carl-defense=0 enemy-attack=0,0
party action uses=8,40 / 2,40
PASS expect 35 0 43 31 0
frame=15188 map=35.0 pos=43,31 flags=0
party=2 HP=30/30,26/26 battle=0 battlers=0 outcome=0 PP=0,0 trial=0 donut-ability=0
persistent PP=8,2 status=0,0
growth level/xp/item=8/399/0,8/709/0 stats maxHP/attack,maxHP/magic=30/20,26/13 foesHP=0,0
pattern trainer=0 turn=0 foePP=0,0 foeAtkDef=0,0 CarlAtk=0 foeLevel=0
support PP=0,0 Carl-defense=0 enemy-attack=0,0
party action uses=8,40 / 2,40
frame=15256 map=35.0 pos=43,27 flags=0
party=2 HP=30/30,26/26 battle=0 battlers=0 outcome=0 PP=0,0 trial=0 donut-ability=0
persistent PP=8,2 status=0,0
growth level/xp/item=8/399/0,8/709/0 stats maxHP/attack,maxHP/magic=30/20,26/13 foesHP=0,0
pattern trainer=0 turn=0 foePP=0,0 foeAtkDef=0,0 CarlAtk=0 foeLevel=0
support PP=0,0 Carl-defense=0 enemy-attack=0,0
party action uses=8,40 / 2,40
frame=15296 map=35.0 pos=43,27 flags=0
party=2 HP=30/30,26/26 battle=0 battlers=0 outcome=0 PP=0,0 trial=0 donut-ability=0
persistent PP=8,2 status=0,0
growth level/xp/item=8/399/0,8/709/0 stats maxHP/attack,maxHP/magic=30/20,26/13 foesHP=0,0
pattern trainer=0 turn=0 foePP=0,0 foeAtkDef=0,0 CarlAtk=0 foeLevel=0
support PP=0,0 Carl-defense=0 enemy-attack=0,0
party action uses=8,40 / 2,40
frame=15296 map=35.0 pos=43,27 flags=0
party=2 HP=30/30,26/26 battle=0 battlers=0 outcome=0 PP=0,0 trial=0 donut-ability=0
persistent PP=8,2 status=0,0
growth level/xp/item=8/399/0,8/709/0 stats maxHP/attack,maxHP/magic=30/20,26/13 foesHP=0,0
pattern trainer=0 turn=0 foePP=0,0 foeAtkDef=0,0 CarlAtk=0 foeLevel=0
support PP=0,0 Carl-defense=0 enemy-attack=0,0
party action uses=8,40 / 2,40
PASS expect 35 0 43 27 0
frame=15348 map=35.0 pos=43,30 flags=0
party=2 HP=30/30,26/26 battle=0 battlers=0 outcome=0 PP=0,0 trial=0 donut-ability=0
persistent PP=8,2 status=0,0
growth level/xp/item=8/399/0,8/709/0 stats maxHP/attack,maxHP/magic=30/20,26/13 foesHP=0,0
pattern trainer=0 turn=0 foePP=0,0 foeAtkDef=0,0 CarlAtk=0 foeLevel=0
support PP=0,0 Carl-defense=0 enemy-attack=0,0
party action uses=8,40 / 2,40
frame=15388 map=35.0 pos=43,30 flags=0
party=2 HP=30/30,26/26 battle=0 battlers=0 outcome=0 PP=0,0 trial=0 donut-ability=0
persistent PP=8,2 status=0,0
growth level/xp/item=8/399/0,8/709/0 stats maxHP/attack,maxHP/magic=30/20,26/13 foesHP=0,0
pattern trainer=0 turn=0 foePP=0,0 foeAtkDef=0,0 CarlAtk=0 foeLevel=0
support PP=0,0 Carl-defense=0 enemy-attack=0,0
party action uses=8,40 / 2,40
frame=15388 map=35.0 pos=43,30 flags=0
party=2 HP=30/30,26/26 battle=0 battlers=0 outcome=0 PP=0,0 trial=0 donut-ability=0
persistent PP=8,2 status=0,0
growth level/xp/item=8/399/0,8/709/0 stats maxHP/attack,maxHP/magic=30/20,26/13 foesHP=0,0
pattern trainer=0 turn=0 foePP=0,0 foeAtkDef=0,0 CarlAtk=0 foeLevel=0
support PP=0,0 Carl-defense=0 enemy-attack=0,0
party action uses=8,40 / 2,40
PASS expect 35 0 43 30 0
frame=15520 map=35.0 pos=35,30 flags=0
party=2 HP=30/30,26/26 battle=0 battlers=0 outcome=0 PP=0,0 trial=0 donut-ability=0
persistent PP=8,2 status=0,0
growth level/xp/item=8/399/0,8/709/0 stats maxHP/attack,maxHP/magic=30/20,26/13 foesHP=0,0
pattern trainer=0 turn=0 foePP=0,0 foeAtkDef=0,0 CarlAtk=0 foeLevel=0
support PP=0,0 Carl-defense=0 enemy-attack=0,0
party action uses=8,40 / 2,40
frame=15560 map=35.0 pos=35,30 flags=0
party=2 HP=30/30,26/26 battle=0 battlers=0 outcome=0 PP=0,0 trial=0 donut-ability=0
persistent PP=8,2 status=0,0
growth level/xp/item=8/399/0,8/709/0 stats maxHP/attack,maxHP/magic=30/20,26/13 foesHP=0,0
pattern trainer=0 turn=0 foePP=0,0 foeAtkDef=0,0 CarlAtk=0 foeLevel=0
support PP=0,0 Carl-defense=0 enemy-attack=0,0
party action uses=8,40 / 2,40
frame=15560 map=35.0 pos=35,30 flags=0
party=2 HP=30/30,26/26 battle=0 battlers=0 outcome=0 PP=0,0 trial=0 donut-ability=0
persistent PP=8,2 status=0,0
growth level/xp/item=8/399/0,8/709/0 stats maxHP/attack,maxHP/magic=30/20,26/13 foesHP=0,0
pattern trainer=0 turn=0 foePP=0,0 foeAtkDef=0,0 CarlAtk=0 foeLevel=0
support PP=0,0 Carl-defense=0 enemy-attack=0,0
party action uses=8,40 / 2,40
PASS expect 35 0 35 30 0
frame=15660 map=35.0 pos=41,30 flags=0
party=2 HP=30/30,26/26 battle=0 battlers=0 outcome=0 PP=0,0 trial=0 donut-ability=0
persistent PP=8,2 status=0,0
growth level/xp/item=8/399/0,8/709/0 stats maxHP/attack,maxHP/magic=30/20,26/13 foesHP=0,0
pattern trainer=0 turn=0 foePP=0,0 foeAtkDef=0,0 CarlAtk=0 foeLevel=0
support PP=0,0 Carl-defense=0 enemy-attack=0,0
party action uses=8,40 / 2,40
frame=15700 map=35.0 pos=41,30 flags=0
party=2 HP=30/30,26/26 battle=0 battlers=0 outcome=0 PP=0,0 trial=0 donut-ability=0
persistent PP=8,2 status=0,0
growth level/xp/item=8/399/0,8/709/0 stats maxHP/attack,maxHP/magic=30/20,26/13 foesHP=0,0
pattern trainer=0 turn=0 foePP=0,0 foeAtkDef=0,0 CarlAtk=0 foeLevel=0
support PP=0,0 Carl-defense=0 enemy-attack=0,0
party action uses=8,40 / 2,40
frame=15700 map=35.0 pos=41,30 flags=0
party=2 HP=30/30,26/26 battle=0 battlers=0 outcome=0 PP=0,0 trial=0 donut-ability=0
persistent PP=8,2 status=0,0
growth level/xp/item=8/399/0,8/709/0 stats maxHP/attack,maxHP/magic=30/20,26/13 foesHP=0,0
pattern trainer=0 turn=0 foePP=0,0 foeAtkDef=0,0 CarlAtk=0 foeLevel=0
support PP=0,0 Carl-defense=0 enemy-attack=0,0
party action uses=8,40 / 2,40
PASS expect 35 0 41 30 0
frame=15740 map=35.0 pos=41,30 flags=0
party=2 HP=30/30,26/26 battle=0 battlers=0 outcome=0 PP=0,0 trial=0 donut-ability=0
persistent PP=8,2 status=0,0
growth level/xp/item=8/399/0,8/709/0 stats maxHP/attack,maxHP/magic=30/20,26/13 foesHP=0,0
pattern trainer=0 turn=0 foePP=0,0 foeAtkDef=0,0 CarlAtk=0 foeLevel=0
support PP=0,0 Carl-defense=0 enemy-attack=0,0
party action uses=8,40 / 2,40
frame=15840 map=35.0 pos=35,30 flags=0
party=2 HP=30/30,26/26 battle=0 battlers=0 outcome=0 PP=0,0 trial=0 donut-ability=0
persistent PP=8,2 status=0,0
growth level/xp/item=8/399/0,8/709/0 stats maxHP/attack,maxHP/magic=30/20,26/13 foesHP=0,0
pattern trainer=0 turn=0 foePP=0,0 foeAtkDef=0,0 CarlAtk=0 foeLevel=0
support PP=0,0 Carl-defense=0 enemy-attack=0,0
party action uses=8,40 / 2,40
frame=15880 map=35.0 pos=35,30 flags=0
party=2 HP=30/30,26/26 battle=0 battlers=0 outcome=0 PP=0,0 trial=0 donut-ability=0
persistent PP=8,2 status=0,0
growth level/xp/item=8/399/0,8/709/0 stats maxHP/attack,maxHP/magic=30/20,26/13 foesHP=0,0
pattern trainer=0 turn=0 foePP=0,0 foeAtkDef=0,0 CarlAtk=0 foeLevel=0
support PP=0,0 Carl-defense=0 enemy-attack=0,0
party action uses=8,40 / 2,40
frame=15880 map=35.0 pos=35,30 flags=0
party=2 HP=30/30,26/26 battle=0 battlers=0 outcome=0 PP=0,0 trial=0 donut-ability=0
persistent PP=8,2 status=0,0
growth level/xp/item=8/399/0,8/709/0 stats maxHP/attack,maxHP/magic=30/20,26/13 foesHP=0,0
pattern trainer=0 turn=0 foePP=0,0 foeAtkDef=0,0 CarlAtk=0 foeLevel=0
support PP=0,0 Carl-defense=0 enemy-attack=0,0
party action uses=8,40 / 2,40
PASS expect 35 0 35 30 0
frame=15932 map=35.0 pos=35,27 flags=0
party=2 HP=30/30,26/26 battle=0 battlers=0 outcome=0 PP=0,0 trial=0 donut-ability=0
persistent PP=8,2 status=0,0
growth level/xp/item=8/399/0,8/709/0 stats maxHP/attack,maxHP/magic=30/20,26/13 foesHP=0,0
pattern trainer=0 turn=0 foePP=0,0 foeAtkDef=0,0 CarlAtk=0 foeLevel=0
support PP=0,0 Carl-defense=0 enemy-attack=0,0
party action uses=8,40 / 2,40
frame=15972 map=35.0 pos=35,27 flags=0
party=2 HP=30/30,26/26 battle=0 battlers=0 outcome=0 PP=0,0 trial=0 donut-ability=0
persistent PP=8,2 status=0,0
growth level/xp/item=8/399/0,8/709/0 stats maxHP/attack,maxHP/magic=30/20,26/13 foesHP=0,0
pattern trainer=0 turn=0 foePP=0,0 foeAtkDef=0,0 CarlAtk=0 foeLevel=0
support PP=0,0 Carl-defense=0 enemy-attack=0,0
party action uses=8,40 / 2,40
frame=15972 map=35.0 pos=35,27 flags=0
party=2 HP=30/30,26/26 battle=0 battlers=0 outcome=0 PP=0,0 trial=0 donut-ability=0
persistent PP=8,2 status=0,0
growth level/xp/item=8/399/0,8/709/0 stats maxHP/attack,maxHP/magic=30/20,26/13 foesHP=0,0
pattern trainer=0 turn=0 foePP=0,0 foeAtkDef=0,0 CarlAtk=0 foeLevel=0
support PP=0,0 Carl-defense=0 enemy-attack=0,0
party action uses=8,40 / 2,40
PASS expect 35 0 35 27 0
frame=16024 map=35.0 pos=38,27 flags=0
party=2 HP=30/30,26/26 battle=0 battlers=0 outcome=0 PP=0,0 trial=0 donut-ability=0
persistent PP=8,2 status=0,0
growth level/xp/item=8/399/0,8/709/0 stats maxHP/attack,maxHP/magic=30/20,26/13 foesHP=0,0
pattern trainer=0 turn=0 foePP=0,0 foeAtkDef=0,0 CarlAtk=0 foeLevel=0
support PP=0,0 Carl-defense=0 enemy-attack=0,0
party action uses=8,40 / 2,40
frame=16064 map=35.0 pos=38,27 flags=0
party=2 HP=30/30,26/26 battle=0 battlers=0 outcome=0 PP=0,0 trial=0 donut-ability=0
persistent PP=8,2 status=0,0
growth level/xp/item=8/399/0,8/709/0 stats maxHP/attack,maxHP/magic=30/20,26/13 foesHP=0,0
pattern trainer=0 turn=0 foePP=0,0 foeAtkDef=0,0 CarlAtk=0 foeLevel=0
support PP=0,0 Carl-defense=0 enemy-attack=0,0
party action uses=8,40 / 2,40
frame=16064 map=35.0 pos=38,27 flags=0
party=2 HP=30/30,26/26 battle=0 battlers=0 outcome=0 PP=0,0 trial=0 donut-ability=0
persistent PP=8,2 status=0,0
growth level/xp/item=8/399/0,8/709/0 stats maxHP/attack,maxHP/magic=30/20,26/13 foesHP=0,0
pattern trainer=0 turn=0 foePP=0,0 foeAtkDef=0,0 CarlAtk=0 foeLevel=0
support PP=0,0 Carl-defense=0 enemy-attack=0,0
party action uses=8,40 / 2,40
PASS expect 35 0 38 27 0
frame=16084 map=35.0 pos=38,26 flags=0
party=2 HP=30/30,26/26 battle=0 battlers=0 outcome=0 PP=0,0 trial=0 donut-ability=0
persistent PP=8,2 status=0,0
growth level/xp/item=8/399/0,8/709/0 stats maxHP/attack,maxHP/magic=30/20,26/13 foesHP=0,0
pattern trainer=0 turn=0 foePP=0,0 foeAtkDef=0,0 CarlAtk=0 foeLevel=0
support PP=0,0 Carl-defense=0 enemy-attack=0,0
party action uses=8,40 / 2,40
frame=16124 map=35.0 pos=38,26 flags=0
party=2 HP=30/30,26/26 battle=0 battlers=0 outcome=0 PP=0,0 trial=0 donut-ability=0
persistent PP=8,2 status=0,0
growth level/xp/item=8/399/0,8/709/0 stats maxHP/attack,maxHP/magic=30/20,26/13 foesHP=0,0
pattern trainer=0 turn=0 foePP=0,0 foeAtkDef=0,0 CarlAtk=0 foeLevel=0
support PP=0,0 Carl-defense=0 enemy-attack=0,0
party action uses=8,40 / 2,40
frame=16124 map=35.0 pos=38,26 flags=0
party=2 HP=30/30,26/26 battle=0 battlers=0 outcome=0 PP=0,0 trial=0 donut-ability=0
persistent PP=8,2 status=0,0
growth level/xp/item=8/399/0,8/709/0 stats maxHP/attack,maxHP/magic=30/20,26/13 foesHP=0,0
pattern trainer=0 turn=0 foePP=0,0 foeAtkDef=0,0 CarlAtk=0 foeLevel=0
support PP=0,0 Carl-defense=0 enemy-attack=0,0
party action uses=8,40 / 2,40
PASS expect 35 0 38 26 0
frame=16224 map=35.0 pos=44,26 flags=0
party=2 HP=30/30,26/26 battle=0 battlers=0 outcome=0 PP=0,0 trial=0 donut-ability=0
persistent PP=8,2 status=0,0
growth level/xp/item=8/399/0,8/709/0 stats maxHP/attack,maxHP/magic=30/20,26/13 foesHP=0,0
pattern trainer=0 turn=0 foePP=0,0 foeAtkDef=0,0 CarlAtk=0 foeLevel=0
support PP=0,0 Carl-defense=0 enemy-attack=0,0
party action uses=8,40 / 2,40
frame=16264 map=35.0 pos=44,26 flags=0
party=2 HP=30/30,26/26 battle=0 battlers=0 outcome=0 PP=0,0 trial=0 donut-ability=0
persistent PP=8,2 status=0,0
growth level/xp/item=8/399/0,8/709/0 stats maxHP/attack,maxHP/magic=30/20,26/13 foesHP=0,0
pattern trainer=0 turn=0 foePP=0,0 foeAtkDef=0,0 CarlAtk=0 foeLevel=0
support PP=0,0 Carl-defense=0 enemy-attack=0,0
party action uses=8,40 / 2,40
frame=16264 map=35.0 pos=44,26 flags=0
party=2 HP=30/30,26/26 battle=0 battlers=0 outcome=0 PP=0,0 trial=0 donut-ability=0
persistent PP=8,2 status=0,0
growth level/xp/item=8/399/0,8/709/0 stats maxHP/attack,maxHP/magic=30/20,26/13 foesHP=0,0
pattern trainer=0 turn=0 foePP=0,0 foeAtkDef=0,0 CarlAtk=0 foeLevel=0
support PP=0,0 Carl-defense=0 enemy-attack=0,0
party action uses=8,40 / 2,40
PASS expect 35 0 44 26 0
frame=16316 map=35.0 pos=44,23 flags=0
party=2 HP=30/30,26/26 battle=0 battlers=0 outcome=0 PP=0,0 trial=0 donut-ability=0
persistent PP=8,2 status=0,0
growth level/xp/item=8/399/0,8/709/0 stats maxHP/attack,maxHP/magic=30/20,26/13 foesHP=0,0
pattern trainer=0 turn=0 foePP=0,0 foeAtkDef=0,0 CarlAtk=0 foeLevel=0
support PP=0,0 Carl-defense=0 enemy-attack=0,0
party action uses=8,40 / 2,40
frame=16356 map=35.0 pos=44,23 flags=0
party=2 HP=30/30,26/26 battle=0 battlers=0 outcome=0 PP=0,0 trial=0 donut-ability=0
persistent PP=8,2 status=0,0
growth level/xp/item=8/399/0,8/709/0 stats maxHP/attack,maxHP/magic=30/20,26/13 foesHP=0,0
pattern trainer=0 turn=0 foePP=0,0 foeAtkDef=0,0 CarlAtk=0 foeLevel=0
support PP=0,0 Carl-defense=0 enemy-attack=0,0
party action uses=8,40 / 2,40
frame=16356 map=35.0 pos=44,23 flags=0
party=2 HP=30/30,26/26 battle=0 battlers=0 outcome=0 PP=0,0 trial=0 donut-ability=0
persistent PP=8,2 status=0,0
growth level/xp/item=8/399/0,8/709/0 stats maxHP/attack,maxHP/magic=30/20,26/13 foesHP=0,0
pattern trainer=0 turn=0 foePP=0,0 foeAtkDef=0,0 CarlAtk=0 foeLevel=0
support PP=0,0 Carl-defense=0 enemy-attack=0,0
party action uses=8,40 / 2,40
PASS expect 35 0 44 23 0
frame=16456 map=35.0 pos=50,23 flags=0
party=2 HP=30/30,26/26 battle=0 battlers=0 outcome=0 PP=0,0 trial=0 donut-ability=0
persistent PP=8,2 status=0,0
growth level/xp/item=8/399/0,8/709/0 stats maxHP/attack,maxHP/magic=30/20,26/13 foesHP=0,0
pattern trainer=0 turn=0 foePP=0,0 foeAtkDef=0,0 CarlAtk=0 foeLevel=0
support PP=0,0 Carl-defense=0 enemy-attack=0,0
party action uses=8,40 / 2,40
frame=16496 map=35.0 pos=50,23 flags=0
party=2 HP=30/30,26/26 battle=0 battlers=0 outcome=0 PP=0,0 trial=0 donut-ability=0
persistent PP=8,2 status=0,0
growth level/xp/item=8/399/0,8/709/0 stats maxHP/attack,maxHP/magic=30/20,26/13 foesHP=0,0
pattern trainer=0 turn=0 foePP=0,0 foeAtkDef=0,0 CarlAtk=0 foeLevel=0
support PP=0,0 Carl-defense=0 enemy-attack=0,0
party action uses=8,40 / 2,40
frame=16496 map=35.0 pos=50,23 flags=0
party=2 HP=30/30,26/26 battle=0 battlers=0 outcome=0 PP=0,0 trial=0 donut-ability=0
persistent PP=8,2 status=0,0
growth level/xp/item=8/399/0,8/709/0 stats maxHP/attack,maxHP/magic=30/20,26/13 foesHP=0,0
pattern trainer=0 turn=0 foePP=0,0 foeAtkDef=0,0 CarlAtk=0 foeLevel=0
support PP=0,0 Carl-defense=0 enemy-attack=0,0
party action uses=8,40 / 2,40
PASS expect 35 0 50 23 0
frame=16536 map=35.0 pos=50,23 flags=0
party=2 HP=30/30,26/26 battle=0 battlers=0 outcome=0 PP=0,0 trial=0 donut-ability=0
persistent PP=8,2 status=0,0
growth level/xp/item=8/399/0,8/709/0 stats maxHP/attack,maxHP/magic=30/20,26/13 foesHP=0,0
pattern trainer=0 turn=0 foePP=0,0 foeAtkDef=0,0 CarlAtk=0 foeLevel=0
support PP=0,0 Carl-defense=0 enemy-attack=0,0
party action uses=8,40 / 2,40
frame=16636 map=35.0 pos=44,23 flags=0
party=2 HP=30/30,26/26 battle=0 battlers=0 outcome=0 PP=0,0 trial=0 donut-ability=0
persistent PP=8,2 status=0,0
growth level/xp/item=8/399/0,8/709/0 stats maxHP/attack,maxHP/magic=30/20,26/13 foesHP=0,0
pattern trainer=0 turn=0 foePP=0,0 foeAtkDef=0,0 CarlAtk=0 foeLevel=0
support PP=0,0 Carl-defense=0 enemy-attack=0,0
party action uses=8,40 / 2,40
frame=16676 map=35.0 pos=44,23 flags=0
party=2 HP=30/30,26/26 battle=0 battlers=0 outcome=0 PP=0,0 trial=0 donut-ability=0
persistent PP=8,2 status=0,0
growth level/xp/item=8/399/0,8/709/0 stats maxHP/attack,maxHP/magic=30/20,26/13 foesHP=0,0
pattern trainer=0 turn=0 foePP=0,0 foeAtkDef=0,0 CarlAtk=0 foeLevel=0
support PP=0,0 Carl-defense=0 enemy-attack=0,0
party action uses=8,40 / 2,40
frame=16676 map=35.0 pos=44,23 flags=0
party=2 HP=30/30,26/26 battle=0 battlers=0 outcome=0 PP=0,0 trial=0 donut-ability=0
persistent PP=8,2 status=0,0
growth level/xp/item=8/399/0,8/709/0 stats maxHP/attack,maxHP/magic=30/20,26/13 foesHP=0,0
pattern trainer=0 turn=0 foePP=0,0 foeAtkDef=0,0 CarlAtk=0 foeLevel=0
support PP=0,0 Carl-defense=0 enemy-attack=0,0
party action uses=8,40 / 2,40
PASS expect 35 0 44 23 0
frame=16744 map=35.0 pos=48,23 flags=0
party=2 HP=30/30,26/26 battle=0 battlers=0 outcome=0 PP=0,0 trial=0 donut-ability=0
persistent PP=8,2 status=0,0
growth level/xp/item=8/399/0,8/709/0 stats maxHP/attack,maxHP/magic=30/20,26/13 foesHP=0,0
pattern trainer=0 turn=0 foePP=0,0 foeAtkDef=0,0 CarlAtk=0 foeLevel=0
support PP=0,0 Carl-defense=0 enemy-attack=0,0
party action uses=8,40 / 2,40
frame=16784 map=35.0 pos=48,23 flags=0
party=2 HP=30/30,26/26 battle=0 battlers=0 outcome=0 PP=0,0 trial=0 donut-ability=0
persistent PP=8,2 status=0,0
growth level/xp/item=8/399/0,8/709/0 stats maxHP/attack,maxHP/magic=30/20,26/13 foesHP=0,0
pattern trainer=0 turn=0 foePP=0,0 foeAtkDef=0,0 CarlAtk=0 foeLevel=0
support PP=0,0 Carl-defense=0 enemy-attack=0,0
party action uses=8,40 / 2,40
frame=16784 map=35.0 pos=48,23 flags=0
party=2 HP=30/30,26/26 battle=0 battlers=0 outcome=0 PP=0,0 trial=0 donut-ability=0
persistent PP=8,2 status=0,0
growth level/xp/item=8/399/0,8/709/0 stats maxHP/attack,maxHP/magic=30/20,26/13 foesHP=0,0
pattern trainer=0 turn=0 foePP=0,0 foeAtkDef=0,0 CarlAtk=0 foeLevel=0
support PP=0,0 Carl-defense=0 enemy-attack=0,0
party action uses=8,40 / 2,40
PASS expect 35 0 48 23 0
frame=16884 map=35.0 pos=48,29 flags=0
party=2 HP=30/30,26/26 battle=0 battlers=0 outcome=0 PP=0,0 trial=0 donut-ability=0
persistent PP=8,2 status=0,0
growth level/xp/item=8/399/0,8/709/0 stats maxHP/attack,maxHP/magic=30/20,26/13 foesHP=0,0
pattern trainer=0 turn=0 foePP=0,0 foeAtkDef=0,0 CarlAtk=0 foeLevel=0
support PP=0,0 Carl-defense=0 enemy-attack=0,0
party action uses=8,40 / 2,40
frame=16924 map=35.0 pos=48,29 flags=0
party=2 HP=30/30,26/26 battle=0 battlers=0 outcome=0 PP=0,0 trial=0 donut-ability=0
persistent PP=8,2 status=0,0
growth level/xp/item=8/399/0,8/709/0 stats maxHP/attack,maxHP/magic=30/20,26/13 foesHP=0,0
pattern trainer=0 turn=0 foePP=0,0 foeAtkDef=0,0 CarlAtk=0 foeLevel=0
support PP=0,0 Carl-defense=0 enemy-attack=0,0
party action uses=8,40 / 2,40
frame=16924 map=35.0 pos=48,29 flags=0
party=2 HP=30/30,26/26 battle=0 battlers=0 outcome=0 PP=0,0 trial=0 donut-ability=0
persistent PP=8,2 status=0,0
growth level/xp/item=8/399/0,8/709/0 stats maxHP/attack,maxHP/magic=30/20,26/13 foesHP=0,0
pattern trainer=0 turn=0 foePP=0,0 foeAtkDef=0,0 CarlAtk=0 foeLevel=0
support PP=0,0 Carl-defense=0 enemy-attack=0,0
party action uses=8,40 / 2,40
PASS expect 35 0 48 29 0
frame=16988 map=35.0 pos=48,33 flags=0
party=2 HP=30/30,26/26 battle=0 battlers=0 outcome=0 PP=0,0 trial=0 donut-ability=0
persistent PP=8,2 status=0,0
growth level/xp/item=8/399/0,8/709/0 stats maxHP/attack,maxHP/magic=30/20,26/13 foesHP=0,0
pattern trainer=0 turn=0 foePP=0,0 foeAtkDef=0,0 CarlAtk=0 foeLevel=0
support PP=0,0 Carl-defense=0 enemy-attack=0,0
party action uses=8,40 / 2,40
frame=17028 map=35.0 pos=48,33 flags=0
party=2 HP=30/30,26/26 battle=0 battlers=0 outcome=0 PP=0,0 trial=0 donut-ability=0
persistent PP=8,2 status=0,0
growth level/xp/item=8/399/0,8/709/0 stats maxHP/attack,maxHP/magic=30/20,26/13 foesHP=0,0
pattern trainer=0 turn=0 foePP=0,0 foeAtkDef=0,0 CarlAtk=0 foeLevel=0
support PP=0,0 Carl-defense=0 enemy-attack=0,0
party action uses=8,40 / 2,40
frame=17028 map=35.0 pos=48,33 flags=0
party=2 HP=30/30,26/26 battle=0 battlers=0 outcome=0 PP=0,0 trial=0 donut-ability=0
persistent PP=8,2 status=0,0
growth level/xp/item=8/399/0,8/709/0 stats maxHP/attack,maxHP/magic=30/20,26/13 foesHP=0,0
pattern trainer=0 turn=0 foePP=0,0 foeAtkDef=0,0 CarlAtk=0 foeLevel=0
support PP=0,0 Carl-defense=0 enemy-attack=0,0
party action uses=8,40 / 2,40
PASS expect 35 0 48 33 0
frame=17068 map=35.0 pos=48,33 flags=0
party=2 HP=30/30,26/26 battle=0 battlers=0 outcome=0 PP=0,0 trial=0 donut-ability=0
persistent PP=8,2 status=0,0
growth level/xp/item=8/399/0,8/709/0 stats maxHP/attack,maxHP/magic=30/20,26/13 foesHP=0,0
pattern trainer=0 turn=0 foePP=0,0 foeAtkDef=0,0 CarlAtk=0 foeLevel=0
support PP=0,0 Carl-defense=0 enemy-attack=0,0
party action uses=8,40 / 2,40
frame=17136 map=35.0 pos=48,29 flags=0
party=2 HP=30/30,26/26 battle=0 battlers=0 outcome=0 PP=0,0 trial=0 donut-ability=0
persistent PP=8,2 status=0,0
growth level/xp/item=8/399/0,8/709/0 stats maxHP/attack,maxHP/magic=30/20,26/13 foesHP=0,0
pattern trainer=0 turn=0 foePP=0,0 foeAtkDef=0,0 CarlAtk=0 foeLevel=0
support PP=0,0 Carl-defense=0 enemy-attack=0,0
party action uses=8,40 / 2,40
frame=17176 map=35.0 pos=48,29 flags=0
party=2 HP=30/30,26/26 battle=0 battlers=0 outcome=0 PP=0,0 trial=0 donut-ability=0
persistent PP=8,2 status=0,0
growth level/xp/item=8/399/0,8/709/0 stats maxHP/attack,maxHP/magic=30/20,26/13 foesHP=0,0
pattern trainer=0 turn=0 foePP=0,0 foeAtkDef=0,0 CarlAtk=0 foeLevel=0
support PP=0,0 Carl-defense=0 enemy-attack=0,0
party action uses=8,40 / 2,40
frame=17176 map=35.0 pos=48,29 flags=0
party=2 HP=30/30,26/26 battle=0 battlers=0 outcome=0 PP=0,0 trial=0 donut-ability=0
persistent PP=8,2 status=0,0
growth level/xp/item=8/399/0,8/709/0 stats maxHP/attack,maxHP/magic=30/20,26/13 foesHP=0,0
pattern trainer=0 turn=0 foePP=0,0 foeAtkDef=0,0 CarlAtk=0 foeLevel=0
support PP=0,0 Carl-defense=0 enemy-attack=0,0
party action uses=8,40 / 2,40
PASS expect 35 0 48 29 0
frame=17336 map=35.0 pos=48,19 flags=0
party=2 HP=30/30,26/26 battle=0 battlers=0 outcome=0 PP=0,0 trial=0 donut-ability=0
persistent PP=8,2 status=0,0
growth level/xp/item=8/399/0,8/709/0 stats maxHP/attack,maxHP/magic=30/20,26/13 foesHP=0,0
pattern trainer=0 turn=0 foePP=0,0 foeAtkDef=0,0 CarlAtk=0 foeLevel=0
support PP=0,0 Carl-defense=0 enemy-attack=0,0
party action uses=8,40 / 2,40
frame=17376 map=35.0 pos=48,19 flags=0
party=2 HP=30/30,26/26 battle=0 battlers=0 outcome=0 PP=0,0 trial=0 donut-ability=0
persistent PP=8,2 status=0,0
growth level/xp/item=8/399/0,8/709/0 stats maxHP/attack,maxHP/magic=30/20,26/13 foesHP=0,0
pattern trainer=0 turn=0 foePP=0,0 foeAtkDef=0,0 CarlAtk=0 foeLevel=0
support PP=0,0 Carl-defense=0 enemy-attack=0,0
party action uses=8,40 / 2,40
frame=17376 map=35.0 pos=48,19 flags=0
party=2 HP=30/30,26/26 battle=0 battlers=0 outcome=0 PP=0,0 trial=0 donut-ability=0
persistent PP=8,2 status=0,0
growth level/xp/item=8/399/0,8/709/0 stats maxHP/attack,maxHP/magic=30/20,26/13 foesHP=0,0
pattern trainer=0 turn=0 foePP=0,0 foeAtkDef=0,0 CarlAtk=0 foeLevel=0
support PP=0,0 Carl-defense=0 enemy-attack=0,0
party action uses=8,40 / 2,40
PASS expect 35 0 48 19 0
frame=17476 map=35.0 pos=42,19 flags=0
party=2 HP=30/30,26/26 battle=0 battlers=0 outcome=0 PP=0,0 trial=0 donut-ability=0
persistent PP=8,2 status=0,0
growth level/xp/item=8/399/0,8/709/0 stats maxHP/attack,maxHP/magic=30/20,26/13 foesHP=0,0
pattern trainer=0 turn=0 foePP=0,0 foeAtkDef=0,0 CarlAtk=0 foeLevel=0
support PP=0,0 Carl-defense=0 enemy-attack=0,0
party action uses=8,40 / 2,40
frame=17516 map=35.0 pos=42,19 flags=0
party=2 HP=30/30,26/26 battle=0 battlers=0 outcome=0 PP=0,0 trial=0 donut-ability=0
persistent PP=8,2 status=0,0
growth level/xp/item=8/399/0,8/709/0 stats maxHP/attack,maxHP/magic=30/20,26/13 foesHP=0,0
pattern trainer=0 turn=0 foePP=0,0 foeAtkDef=0,0 CarlAtk=0 foeLevel=0
support PP=0,0 Carl-defense=0 enemy-attack=0,0
party action uses=8,40 / 2,40
frame=17516 map=35.0 pos=42,19 flags=0
party=2 HP=30/30,26/26 battle=0 battlers=0 outcome=0 PP=0,0 trial=0 donut-ability=0
persistent PP=8,2 status=0,0
growth level/xp/item=8/399/0,8/709/0 stats maxHP/attack,maxHP/magic=30/20,26/13 foesHP=0,0
pattern trainer=0 turn=0 foePP=0,0 foeAtkDef=0,0 CarlAtk=0 foeLevel=0
support PP=0,0 Carl-defense=0 enemy-attack=0,0
party action uses=8,40 / 2,40
PASS expect 35 0 42 19 0
frame=17616 map=35.0 pos=48,19 flags=0
party=2 HP=30/30,26/26 battle=0 battlers=0 outcome=0 PP=0,0 trial=0 donut-ability=0
persistent PP=8,2 status=0,0
growth level/xp/item=8/399/0,8/709/0 stats maxHP/attack,maxHP/magic=30/20,26/13 foesHP=0,0
pattern trainer=0 turn=0 foePP=0,0 foeAtkDef=0,0 CarlAtk=0 foeLevel=0
support PP=0,0 Carl-defense=0 enemy-attack=0,0
party action uses=8,40 / 2,40
frame=17656 map=35.0 pos=48,19 flags=0
party=2 HP=30/30,26/26 battle=0 battlers=0 outcome=0 PP=0,0 trial=0 donut-ability=0
persistent PP=8,2 status=0,0
growth level/xp/item=8/399/0,8/709/0 stats maxHP/attack,maxHP/magic=30/20,26/13 foesHP=0,0
pattern trainer=0 turn=0 foePP=0,0 foeAtkDef=0,0 CarlAtk=0 foeLevel=0
support PP=0,0 Carl-defense=0 enemy-attack=0,0
party action uses=8,40 / 2,40
frame=17656 map=35.0 pos=48,19 flags=0
party=2 HP=30/30,26/26 battle=0 battlers=0 outcome=0 PP=0,0 trial=0 donut-ability=0
persistent PP=8,2 status=0,0
growth level/xp/item=8/399/0,8/709/0 stats maxHP/attack,maxHP/magic=30/20,26/13 foesHP=0,0
pattern trainer=0 turn=0 foePP=0,0 foeAtkDef=0,0 CarlAtk=0 foeLevel=0
support PP=0,0 Carl-defense=0 enemy-attack=0,0
party action uses=8,40 / 2,40
PASS expect 35 0 48 19 0
frame=17696 map=35.0 pos=48,19 flags=0
party=2 HP=30/30,26/26 battle=0 battlers=0 outcome=0 PP=0,0 trial=0 donut-ability=0
persistent PP=8,2 status=0,0
growth level/xp/item=8/399/0,8/709/0 stats maxHP/attack,maxHP/magic=30/20,26/13 foesHP=0,0
pattern trainer=0 turn=0 foePP=0,0 foeAtkDef=0,0 CarlAtk=0 foeLevel=0
support PP=0,0 Carl-defense=0 enemy-attack=0,0
party action uses=8,40 / 2,40
frame=17796 map=35.0 pos=42,19 flags=0
party=2 HP=30/30,26/26 battle=0 battlers=0 outcome=0 PP=0,0 trial=0 donut-ability=0
persistent PP=8,2 status=0,0
growth level/xp/item=8/399/0,8/709/0 stats maxHP/attack,maxHP/magic=30/20,26/13 foesHP=0,0
pattern trainer=0 turn=0 foePP=0,0 foeAtkDef=0,0 CarlAtk=0 foeLevel=0
support PP=0,0 Carl-defense=0 enemy-attack=0,0
party action uses=8,40 / 2,40
frame=17836 map=35.0 pos=42,19 flags=0
party=2 HP=30/30,26/26 battle=0 battlers=0 outcome=0 PP=0,0 trial=0 donut-ability=0
persistent PP=8,2 status=0,0
growth level/xp/item=8/399/0,8/709/0 stats maxHP/attack,maxHP/magic=30/20,26/13 foesHP=0,0
pattern trainer=0 turn=0 foePP=0,0 foeAtkDef=0,0 CarlAtk=0 foeLevel=0
support PP=0,0 Carl-defense=0 enemy-attack=0,0
party action uses=8,40 / 2,40
frame=17836 map=35.0 pos=42,19 flags=0
party=2 HP=30/30,26/26 battle=0 battlers=0 outcome=0 PP=0,0 trial=0 donut-ability=0
persistent PP=8,2 status=0,0
growth level/xp/item=8/399/0,8/709/0 stats maxHP/attack,maxHP/magic=30/20,26/13 foesHP=0,0
pattern trainer=0 turn=0 foePP=0,0 foeAtkDef=0,0 CarlAtk=0 foeLevel=0
support PP=0,0 Carl-defense=0 enemy-attack=0,0
party action uses=8,40 / 2,40
PASS expect 35 0 42 19 0
frame=17872 map=35.0 pos=42,17 flags=0
party=2 HP=30/30,26/26 battle=0 battlers=0 outcome=0 PP=0,0 trial=0 donut-ability=0
persistent PP=8,2 status=0,0
growth level/xp/item=8/399/0,8/709/0 stats maxHP/attack,maxHP/magic=30/20,26/13 foesHP=0,0
pattern trainer=0 turn=0 foePP=0,0 foeAtkDef=0,0 CarlAtk=0 foeLevel=0
support PP=0,0 Carl-defense=0 enemy-attack=0,0
party action uses=8,40 / 2,40
frame=17912 map=35.0 pos=42,17 flags=0
party=2 HP=30/30,26/26 battle=0 battlers=0 outcome=0 PP=0,0 trial=0 donut-ability=0
persistent PP=8,2 status=0,0
growth level/xp/item=8/399/0,8/709/0 stats maxHP/attack,maxHP/magic=30/20,26/13 foesHP=0,0
pattern trainer=0 turn=0 foePP=0,0 foeAtkDef=0,0 CarlAtk=0 foeLevel=0
support PP=0,0 Carl-defense=0 enemy-attack=0,0
party action uses=8,40 / 2,40
frame=17912 map=35.0 pos=42,17 flags=0
party=2 HP=30/30,26/26 battle=0 battlers=0 outcome=0 PP=0,0 trial=0 donut-ability=0
persistent PP=8,2 status=0,0
growth level/xp/item=8/399/0,8/709/0 stats maxHP/attack,maxHP/magic=30/20,26/13 foesHP=0,0
pattern trainer=0 turn=0 foePP=0,0 foeAtkDef=0,0 CarlAtk=0 foeLevel=0
support PP=0,0 Carl-defense=0 enemy-attack=0,0
party action uses=8,40 / 2,40
PASS expect 35 0 42 17 0
frame=17932 map=35.0 pos=41,17 flags=0
party=2 HP=30/30,26/26 battle=0 battlers=0 outcome=0 PP=0,0 trial=0 donut-ability=0
persistent PP=8,2 status=0,0
growth level/xp/item=8/399/0,8/709/0 stats maxHP/attack,maxHP/magic=30/20,26/13 foesHP=0,0
pattern trainer=0 turn=0 foePP=0,0 foeAtkDef=0,0 CarlAtk=0 foeLevel=0
support PP=0,0 Carl-defense=0 enemy-attack=0,0
party action uses=8,40 / 2,40
frame=17972 map=35.0 pos=41,17 flags=0
party=2 HP=30/30,26/26 battle=0 battlers=0 outcome=0 PP=0,0 trial=0 donut-ability=0
persistent PP=8,2 status=0,0
growth level/xp/item=8/399/0,8/709/0 stats maxHP/attack,maxHP/magic=30/20,26/13 foesHP=0,0
pattern trainer=0 turn=0 foePP=0,0 foeAtkDef=0,0 CarlAtk=0 foeLevel=0
support PP=0,0 Carl-defense=0 enemy-attack=0,0
party action uses=8,40 / 2,40
frame=17972 map=35.0 pos=41,17 flags=0
party=2 HP=30/30,26/26 battle=0 battlers=0 outcome=0 PP=0,0 trial=0 donut-ability=0
persistent PP=8,2 status=0,0
growth level/xp/item=8/399/0,8/709/0 stats maxHP/attack,maxHP/magic=30/20,26/13 foesHP=0,0
pattern trainer=0 turn=0 foePP=0,0 foeAtkDef=0,0 CarlAtk=0 foeLevel=0
support PP=0,0 Carl-defense=0 enemy-attack=0,0
party action uses=8,40 / 2,40
PASS expect 35 0 41 17 0
frame=18040 map=35.0 pos=41,13 flags=0
party=2 HP=30/30,26/26 battle=0 battlers=0 outcome=0 PP=0,0 trial=0 donut-ability=0
persistent PP=8,2 status=0,0
growth level/xp/item=8/399/0,8/709/0 stats maxHP/attack,maxHP/magic=30/20,26/13 foesHP=0,0
pattern trainer=0 turn=0 foePP=0,0 foeAtkDef=0,0 CarlAtk=0 foeLevel=0
support PP=0,0 Carl-defense=0 enemy-attack=0,0
party action uses=8,40 / 2,40
frame=18080 map=35.0 pos=41,13 flags=0
party=2 HP=30/30,26/26 battle=0 battlers=0 outcome=0 PP=0,0 trial=0 donut-ability=0
persistent PP=8,2 status=0,0
growth level/xp/item=8/399/0,8/709/0 stats maxHP/attack,maxHP/magic=30/20,26/13 foesHP=0,0
pattern trainer=0 turn=0 foePP=0,0 foeAtkDef=0,0 CarlAtk=0 foeLevel=0
support PP=0,0 Carl-defense=0 enemy-attack=0,0
party action uses=8,40 / 2,40
frame=18080 map=35.0 pos=41,13 flags=0
party=2 HP=30/30,26/26 battle=0 battlers=0 outcome=0 PP=0,0 trial=0 donut-ability=0
persistent PP=8,2 status=0,0
growth level/xp/item=8/399/0,8/709/0 stats maxHP/attack,maxHP/magic=30/20,26/13 foesHP=0,0
pattern trainer=0 turn=0 foePP=0,0 foeAtkDef=0,0 CarlAtk=0 foeLevel=0
support PP=0,0 Carl-defense=0 enemy-attack=0,0
party action uses=8,40 / 2,40
PASS expect 35 0 41 13 0
frame=18100 map=35.0 pos=40,13 flags=0
party=2 HP=30/30,26/26 battle=0 battlers=0 outcome=0 PP=0,0 trial=0 donut-ability=0
persistent PP=8,2 status=0,0
growth level/xp/item=8/399/0,8/709/0 stats maxHP/attack,maxHP/magic=30/20,26/13 foesHP=0,0
pattern trainer=0 turn=0 foePP=0,0 foeAtkDef=0,0 CarlAtk=0 foeLevel=0
support PP=0,0 Carl-defense=0 enemy-attack=0,0
party action uses=8,40 / 2,40
frame=18140 map=35.0 pos=40,13 flags=0
party=2 HP=30/30,26/26 battle=0 battlers=0 outcome=0 PP=0,0 trial=0 donut-ability=0
persistent PP=8,2 status=0,0
growth level/xp/item=8/399/0,8/709/0 stats maxHP/attack,maxHP/magic=30/20,26/13 foesHP=0,0
pattern trainer=0 turn=0 foePP=0,0 foeAtkDef=0,0 CarlAtk=0 foeLevel=0
support PP=0,0 Carl-defense=0 enemy-attack=0,0
party action uses=8,40 / 2,40
frame=18140 map=35.0 pos=40,13 flags=0
party=2 HP=30/30,26/26 battle=0 battlers=0 outcome=0 PP=0,0 trial=0 donut-ability=0
persistent PP=8,2 status=0,0
growth level/xp/item=8/399/0,8/709/0 stats maxHP/attack,maxHP/magic=30/20,26/13 foesHP=0,0
pattern trainer=0 turn=0 foePP=0,0 foeAtkDef=0,0 CarlAtk=0 foeLevel=0
support PP=0,0 Carl-defense=0 enemy-attack=0,0
party action uses=8,40 / 2,40
PASS expect 35 0 40 13 0
frame=18240 map=35.0 pos=40,19 flags=0
party=2 HP=30/30,26/26 battle=0 battlers=0 outcome=0 PP=0,0 trial=0 donut-ability=0
persistent PP=8,2 status=0,0
growth level/xp/item=8/399/0,8/709/0 stats maxHP/attack,maxHP/magic=30/20,26/13 foesHP=0,0
pattern trainer=0 turn=0 foePP=0,0 foeAtkDef=0,0 CarlAtk=0 foeLevel=0
support PP=0,0 Carl-defense=0 enemy-attack=0,0
party action uses=8,40 / 2,40
frame=18280 map=35.0 pos=40,19 flags=0
party=2 HP=30/30,26/26 battle=0 battlers=0 outcome=0 PP=0,0 trial=0 donut-ability=0
persistent PP=8,2 status=0,0
growth level/xp/item=8/399/0,8/709/0 stats maxHP/attack,maxHP/magic=30/20,26/13 foesHP=0,0
pattern trainer=0 turn=0 foePP=0,0 foeAtkDef=0,0 CarlAtk=0 foeLevel=0
support PP=0,0 Carl-defense=0 enemy-attack=0,0
party action uses=8,40 / 2,40
frame=18280 map=35.0 pos=40,19 flags=0
party=2 HP=30/30,26/26 battle=0 battlers=0 outcome=0 PP=0,0 trial=0 donut-ability=0
persistent PP=8,2 status=0,0
growth level/xp/item=8/399/0,8/709/0 stats maxHP/attack,maxHP/magic=30/20,26/13 foesHP=0,0
pattern trainer=0 turn=0 foePP=0,0 foeAtkDef=0,0 CarlAtk=0 foeLevel=0
support PP=0,0 Carl-defense=0 enemy-attack=0,0
party action uses=8,40 / 2,40
PASS expect 35 0 40 19 0
frame=18320 map=35.0 pos=40,19 flags=0
party=2 HP=30/30,26/26 battle=0 battlers=0 outcome=0 PP=0,0 trial=0 donut-ability=0
persistent PP=8,2 status=0,0
growth level/xp/item=8/399/0,8/709/0 stats maxHP/attack,maxHP/magic=30/20,26/13 foesHP=0,0
pattern trainer=0 turn=0 foePP=0,0 foeAtkDef=0,0 CarlAtk=0 foeLevel=0
support PP=0,0 Carl-defense=0 enemy-attack=0,0
party action uses=8,40 / 2,40
frame=18420 map=35.0 pos=40,13 flags=0
party=2 HP=30/30,26/26 battle=0 battlers=0 outcome=0 PP=0,0 trial=0 donut-ability=0
persistent PP=8,2 status=0,0
growth level/xp/item=8/399/0,8/709/0 stats maxHP/attack,maxHP/magic=30/20,26/13 foesHP=0,0
pattern trainer=0 turn=0 foePP=0,0 foeAtkDef=0,0 CarlAtk=0 foeLevel=0
support PP=0,0 Carl-defense=0 enemy-attack=0,0
party action uses=8,40 / 2,40
frame=18460 map=35.0 pos=40,13 flags=0
party=2 HP=30/30,26/26 battle=0 battlers=0 outcome=0 PP=0,0 trial=0 donut-ability=0
persistent PP=8,2 status=0,0
growth level/xp/item=8/399/0,8/709/0 stats maxHP/attack,maxHP/magic=30/20,26/13 foesHP=0,0
pattern trainer=0 turn=0 foePP=0,0 foeAtkDef=0,0 CarlAtk=0 foeLevel=0
support PP=0,0 Carl-defense=0 enemy-attack=0,0
party action uses=8,40 / 2,40
frame=18460 map=35.0 pos=40,13 flags=0
party=2 HP=30/30,26/26 battle=0 battlers=0 outcome=0 PP=0,0 trial=0 donut-ability=0
persistent PP=8,2 status=0,0
growth level/xp/item=8/399/0,8/709/0 stats maxHP/attack,maxHP/magic=30/20,26/13 foesHP=0,0
pattern trainer=0 turn=0 foePP=0,0 foeAtkDef=0,0 CarlAtk=0 foeLevel=0
support PP=0,0 Carl-defense=0 enemy-attack=0,0
party action uses=8,40 / 2,40
PASS expect 35 0 40 13 0
frame=18592 map=35.0 pos=40,21 flags=0
party=2 HP=30/30,26/26 battle=0 battlers=0 outcome=0 PP=0,0 trial=0 donut-ability=0
persistent PP=8,2 status=0,0
growth level/xp/item=8/399/0,8/709/0 stats maxHP/attack,maxHP/magic=30/20,26/13 foesHP=0,0
pattern trainer=0 turn=0 foePP=0,0 foeAtkDef=0,0 CarlAtk=0 foeLevel=0
support PP=0,0 Carl-defense=0 enemy-attack=0,0
party action uses=8,40 / 2,40
frame=18632 map=35.0 pos=40,21 flags=0
party=2 HP=30/30,26/26 battle=0 battlers=0 outcome=0 PP=0,0 trial=0 donut-ability=0
persistent PP=8,2 status=0,0
growth level/xp/item=8/399/0,8/709/0 stats maxHP/attack,maxHP/magic=30/20,26/13 foesHP=0,0
pattern trainer=0 turn=0 foePP=0,0 foeAtkDef=0,0 CarlAtk=0 foeLevel=0
support PP=0,0 Carl-defense=0 enemy-attack=0,0
party action uses=8,40 / 2,40
frame=18632 map=35.0 pos=40,21 flags=0
party=2 HP=30/30,26/26 battle=0 battlers=0 outcome=0 PP=0,0 trial=0 donut-ability=0
persistent PP=8,2 status=0,0
growth level/xp/item=8/399/0,8/709/0 stats maxHP/attack,maxHP/magic=30/20,26/13 foesHP=0,0
pattern trainer=0 turn=0 foePP=0,0 foeAtkDef=0,0 CarlAtk=0 foeLevel=0
support PP=0,0 Carl-defense=0 enemy-attack=0,0
party action uses=8,40 / 2,40
PASS expect 35 0 40 21 0
frame=18732 map=35.0 pos=34,21 flags=0
party=2 HP=30/30,26/26 battle=0 battlers=0 outcome=0 PP=0,0 trial=0 donut-ability=0
persistent PP=8,2 status=0,0
growth level/xp/item=8/399/0,8/709/0 stats maxHP/attack,maxHP/magic=30/20,26/13 foesHP=0,0
pattern trainer=0 turn=0 foePP=0,0 foeAtkDef=0,0 CarlAtk=0 foeLevel=0
support PP=0,0 Carl-defense=0 enemy-attack=0,0
party action uses=8,40 / 2,40
frame=18772 map=35.0 pos=34,21 flags=0
party=2 HP=30/30,26/26 battle=0 battlers=0 outcome=0 PP=0,0 trial=0 donut-ability=0
persistent PP=8,2 status=0,0
growth level/xp/item=8/399/0,8/709/0 stats maxHP/attack,maxHP/magic=30/20,26/13 foesHP=0,0
pattern trainer=0 turn=0 foePP=0,0 foeAtkDef=0,0 CarlAtk=0 foeLevel=0
support PP=0,0 Carl-defense=0 enemy-attack=0,0
party action uses=8,40 / 2,40
frame=18772 map=35.0 pos=34,21 flags=0
party=2 HP=30/30,26/26 battle=0 battlers=0 outcome=0 PP=0,0 trial=0 donut-ability=0
persistent PP=8,2 status=0,0
growth level/xp/item=8/399/0,8/709/0 stats maxHP/attack,maxHP/magic=30/20,26/13 foesHP=0,0
pattern trainer=0 turn=0 foePP=0,0 foeAtkDef=0,0 CarlAtk=0 foeLevel=0
support PP=0,0 Carl-defense=0 enemy-attack=0,0
party action uses=8,40 / 2,40
PASS expect 35 0 34 21 0
frame=19080 map=35.0 pos=34,40 flags=0
party=2 HP=30/30,26/26 battle=0 battlers=0 outcome=0 PP=0,0 trial=0 donut-ability=0
persistent PP=8,2 status=0,0
growth level/xp/item=8/399/0,8/709/0 stats maxHP/attack,maxHP/magic=30/20,26/13 foesHP=0,0
pattern trainer=0 turn=0 foePP=0,0 foeAtkDef=0,0 CarlAtk=0 foeLevel=0
support PP=0,0 Carl-defense=0 enemy-attack=0,0
party action uses=8,40 / 2,40
frame=19120 map=35.0 pos=34,40 flags=0
party=2 HP=30/30,26/26 battle=0 battlers=0 outcome=0 PP=0,0 trial=0 donut-ability=0
persistent PP=8,2 status=0,0
growth level/xp/item=8/399/0,8/709/0 stats maxHP/attack,maxHP/magic=30/20,26/13 foesHP=0,0
pattern trainer=0 turn=0 foePP=0,0 foeAtkDef=0,0 CarlAtk=0 foeLevel=0
support PP=0,0 Carl-defense=0 enemy-attack=0,0
party action uses=8,40 / 2,40
frame=19120 map=35.0 pos=34,40 flags=0
party=2 HP=30/30,26/26 battle=0 battlers=0 outcome=0 PP=0,0 trial=0 donut-ability=0
persistent PP=8,2 status=0,0
growth level/xp/item=8/399/0,8/709/0 stats maxHP/attack,maxHP/magic=30/20,26/13 foesHP=0,0
pattern trainer=0 turn=0 foePP=0,0 foeAtkDef=0,0 CarlAtk=0 foeLevel=0
support PP=0,0 Carl-defense=0 enemy-attack=0,0
party action uses=8,40 / 2,40
PASS expect 35 0 34 40 0
frame=19172 map=35.0 pos=31,40 flags=0
party=2 HP=30/30,26/26 battle=0 battlers=0 outcome=0 PP=0,0 trial=0 donut-ability=0
persistent PP=8,2 status=0,0
growth level/xp/item=8/399/0,8/709/0 stats maxHP/attack,maxHP/magic=30/20,26/13 foesHP=0,0
pattern trainer=0 turn=0 foePP=0,0 foeAtkDef=0,0 CarlAtk=0 foeLevel=0
support PP=0,0 Carl-defense=0 enemy-attack=0,0
party action uses=8,40 / 2,40
frame=19212 map=35.0 pos=31,40 flags=0
party=2 HP=30/30,26/26 battle=0 battlers=0 outcome=0 PP=0,0 trial=0 donut-ability=0
persistent PP=8,2 status=0,0
growth level/xp/item=8/399/0,8/709/0 stats maxHP/attack,maxHP/magic=30/20,26/13 foesHP=0,0
pattern trainer=0 turn=0 foePP=0,0 foeAtkDef=0,0 CarlAtk=0 foeLevel=0
support PP=0,0 Carl-defense=0 enemy-attack=0,0
party action uses=8,40 / 2,40
frame=19212 map=35.0 pos=31,40 flags=0
party=2 HP=30/30,26/26 battle=0 battlers=0 outcome=0 PP=0,0 trial=0 donut-ability=0
persistent PP=8,2 status=0,0
growth level/xp/item=8/399/0,8/709/0 stats maxHP/attack,maxHP/magic=30/20,26/13 foesHP=0,0
pattern trainer=0 turn=0 foePP=0,0 foeAtkDef=0,0 CarlAtk=0 foeLevel=0
support PP=0,0 Carl-defense=0 enemy-attack=0,0
party action uses=8,40 / 2,40
PASS expect 35 0 31 40 0
frame=19264 map=35.0 pos=34,40 flags=0
party=2 HP=30/30,26/26 battle=0 battlers=0 outcome=0 PP=0,0 trial=0 donut-ability=0
persistent PP=8,2 status=0,0
growth level/xp/item=8/399/0,8/709/0 stats maxHP/attack,maxHP/magic=30/20,26/13 foesHP=0,0
pattern trainer=0 turn=0 foePP=0,0 foeAtkDef=0,0 CarlAtk=0 foeLevel=0
support PP=0,0 Carl-defense=0 enemy-attack=0,0
party action uses=8,40 / 2,40
frame=19304 map=35.0 pos=34,40 flags=0
party=2 HP=30/30,26/26 battle=0 battlers=0 outcome=0 PP=0,0 trial=0 donut-ability=0
persistent PP=8,2 status=0,0
growth level/xp/item=8/399/0,8/709/0 stats maxHP/attack,maxHP/magic=30/20,26/13 foesHP=0,0
pattern trainer=0 turn=0 foePP=0,0 foeAtkDef=0,0 CarlAtk=0 foeLevel=0
support PP=0,0 Carl-defense=0 enemy-attack=0,0
party action uses=8,40 / 2,40
frame=19304 map=35.0 pos=34,40 flags=0
party=2 HP=30/30,26/26 battle=0 battlers=0 outcome=0 PP=0,0 trial=0 donut-ability=0
persistent PP=8,2 status=0,0
growth level/xp/item=8/399/0,8/709/0 stats maxHP/attack,maxHP/magic=30/20,26/13 foesHP=0,0
pattern trainer=0 turn=0 foePP=0,0 foeAtkDef=0,0 CarlAtk=0 foeLevel=0
support PP=0,0 Carl-defense=0 enemy-attack=0,0
party action uses=8,40 / 2,40
PASS expect 35 0 34 40 0
frame=19344 map=35.0 pos=34,40 flags=0
party=2 HP=30/30,26/26 battle=0 battlers=0 outcome=0 PP=0,0 trial=0 donut-ability=0
persistent PP=8,2 status=0,0
growth level/xp/item=8/399/0,8/709/0 stats maxHP/attack,maxHP/magic=30/20,26/13 foesHP=0,0
pattern trainer=0 turn=0 foePP=0,0 foeAtkDef=0,0 CarlAtk=0 foeLevel=0
support PP=0,0 Carl-defense=0 enemy-attack=0,0
party action uses=8,40 / 2,40
frame=19396 map=35.0 pos=31,40 flags=0
party=2 HP=30/30,26/26 battle=0 battlers=0 outcome=0 PP=0,0 trial=0 donut-ability=0
persistent PP=8,2 status=0,0
growth level/xp/item=8/399/0,8/709/0 stats maxHP/attack,maxHP/magic=30/20,26/13 foesHP=0,0
pattern trainer=0 turn=0 foePP=0,0 foeAtkDef=0,0 CarlAtk=0 foeLevel=0
support PP=0,0 Carl-defense=0 enemy-attack=0,0
party action uses=8,40 / 2,40
frame=19436 map=35.0 pos=31,40 flags=0
party=2 HP=30/30,26/26 battle=0 battlers=0 outcome=0 PP=0,0 trial=0 donut-ability=0
persistent PP=8,2 status=0,0
growth level/xp/item=8/399/0,8/709/0 stats maxHP/attack,maxHP/magic=30/20,26/13 foesHP=0,0
pattern trainer=0 turn=0 foePP=0,0 foeAtkDef=0,0 CarlAtk=0 foeLevel=0
support PP=0,0 Carl-defense=0 enemy-attack=0,0
party action uses=8,40 / 2,40
frame=19436 map=35.0 pos=31,40 flags=0
party=2 HP=30/30,26/26 battle=0 battlers=0 outcome=0 PP=0,0 trial=0 donut-ability=0
persistent PP=8,2 status=0,0
growth level/xp/item=8/399/0,8/709/0 stats maxHP/attack,maxHP/magic=30/20,26/13 foesHP=0,0
pattern trainer=0 turn=0 foePP=0,0 foeAtkDef=0,0 CarlAtk=0 foeLevel=0
support PP=0,0 Carl-defense=0 enemy-attack=0,0
party action uses=8,40 / 2,40
PASS expect 35 0 31 40 0
frame=19488 map=35.0 pos=34,40 flags=0
party=2 HP=30/30,26/26 battle=0 battlers=0 outcome=0 PP=0,0 trial=0 donut-ability=0
persistent PP=8,2 status=0,0
growth level/xp/item=8/399/0,8/709/0 stats maxHP/attack,maxHP/magic=30/20,26/13 foesHP=0,0
pattern trainer=0 turn=0 foePP=0,0 foeAtkDef=0,0 CarlAtk=0 foeLevel=0
support PP=0,0 Carl-defense=0 enemy-attack=0,0
party action uses=8,40 / 2,40
frame=19528 map=35.0 pos=34,40 flags=0
party=2 HP=30/30,26/26 battle=0 battlers=0 outcome=0 PP=0,0 trial=0 donut-ability=0
persistent PP=8,2 status=0,0
growth level/xp/item=8/399/0,8/709/0 stats maxHP/attack,maxHP/magic=30/20,26/13 foesHP=0,0
pattern trainer=0 turn=0 foePP=0,0 foeAtkDef=0,0 CarlAtk=0 foeLevel=0
support PP=0,0 Carl-defense=0 enemy-attack=0,0
party action uses=8,40 / 2,40
frame=19528 map=35.0 pos=34,40 flags=0
party=2 HP=30/30,26/26 battle=0 battlers=0 outcome=0 PP=0,0 trial=0 donut-ability=0
persistent PP=8,2 status=0,0
growth level/xp/item=8/399/0,8/709/0 stats maxHP/attack,maxHP/magic=30/20,26/13 foesHP=0,0
pattern trainer=0 turn=0 foePP=0,0 foeAtkDef=0,0 CarlAtk=0 foeLevel=0
support PP=0,0 Carl-defense=0 enemy-attack=0,0
party action uses=8,40 / 2,40
PASS expect 35 0 34 40 0
frame=19548 map=35.0 pos=34,41 flags=0
party=2 HP=30/30,26/26 battle=0 battlers=0 outcome=0 PP=0,0 trial=0 donut-ability=0
persistent PP=8,2 status=0,0
growth level/xp/item=8/399/0,8/709/0 stats maxHP/attack,maxHP/magic=30/20,26/13 foesHP=0,0
pattern trainer=0 turn=0 foePP=0,0 foeAtkDef=0,0 CarlAtk=0 foeLevel=0
support PP=0,0 Carl-defense=0 enemy-attack=0,0
party action uses=8,40 / 2,40
frame=19588 map=35.0 pos=34,41 flags=0
party=2 HP=30/30,26/26 battle=0 battlers=0 outcome=0 PP=0,0 trial=0 donut-ability=0
persistent PP=8,2 status=0,0
growth level/xp/item=8/399/0,8/709/0 stats maxHP/attack,maxHP/magic=30/20,26/13 foesHP=0,0
pattern trainer=0 turn=0 foePP=0,0 foeAtkDef=0,0 CarlAtk=0 foeLevel=0
support PP=0,0 Carl-defense=0 enemy-attack=0,0
party action uses=8,40 / 2,40
frame=19588 map=35.0 pos=34,41 flags=0
party=2 HP=30/30,26/26 battle=0 battlers=0 outcome=0 PP=0,0 trial=0 donut-ability=0
persistent PP=8,2 status=0,0
growth level/xp/item=8/399/0,8/709/0 stats maxHP/attack,maxHP/magic=30/20,26/13 foesHP=0,0
pattern trainer=0 turn=0 foePP=0,0 foeAtkDef=0,0 CarlAtk=0 foeLevel=0
support PP=0,0 Carl-defense=0 enemy-attack=0,0
party action uses=8,40 / 2,40
PASS expect 35 0 34 41 0
frame=19784 map=35.0 pos=46,41 flags=0
party=2 HP=30/30,26/26 battle=0 battlers=0 outcome=0 PP=0,0 trial=0 donut-ability=0
persistent PP=8,2 status=0,0
growth level/xp/item=8/399/0,8/709/0 stats maxHP/attack,maxHP/magic=30/20,26/13 foesHP=0,0
pattern trainer=0 turn=0 foePP=0,0 foeAtkDef=0,0 CarlAtk=0 foeLevel=0
support PP=0,0 Carl-defense=0 enemy-attack=0,0
party action uses=8,40 / 2,40
frame=19824 map=35.0 pos=46,41 flags=0
party=2 HP=30/30,26/26 battle=0 battlers=0 outcome=0 PP=0,0 trial=0 donut-ability=0
persistent PP=8,2 status=0,0
growth level/xp/item=8/399/0,8/709/0 stats maxHP/attack,maxHP/magic=30/20,26/13 foesHP=0,0
pattern trainer=0 turn=0 foePP=0,0 foeAtkDef=0,0 CarlAtk=0 foeLevel=0
support PP=0,0 Carl-defense=0 enemy-attack=0,0
party action uses=8,40 / 2,40
frame=19824 map=35.0 pos=46,41 flags=0
party=2 HP=30/30,26/26 battle=0 battlers=0 outcome=0 PP=0,0 trial=0 donut-ability=0
persistent PP=8,2 status=0,0
growth level/xp/item=8/399/0,8/709/0 stats maxHP/attack,maxHP/magic=30/20,26/13 foesHP=0,0
pattern trainer=0 turn=0 foePP=0,0 foeAtkDef=0,0 CarlAtk=0 foeLevel=0
support PP=0,0 Carl-defense=0 enemy-attack=0,0
party action uses=8,40 / 2,40
PASS expect 35 0 46 41 0
frame=19876 map=35.0 pos=46,44 flags=0
party=2 HP=30/30,26/26 battle=0 battlers=0 outcome=0 PP=0,0 trial=0 donut-ability=0
persistent PP=8,2 status=0,0
growth level/xp/item=8/399/0,8/709/0 stats maxHP/attack,maxHP/magic=30/20,26/13 foesHP=0,0
pattern trainer=0 turn=0 foePP=0,0 foeAtkDef=0,0 CarlAtk=0 foeLevel=0
support PP=0,0 Carl-defense=0 enemy-attack=0,0
party action uses=8,40 / 2,40
frame=19916 map=35.0 pos=46,44 flags=0
party=2 HP=30/30,26/26 battle=0 battlers=0 outcome=0 PP=0,0 trial=0 donut-ability=0
persistent PP=8,2 status=0,0
growth level/xp/item=8/399/0,8/709/0 stats maxHP/attack,maxHP/magic=30/20,26/13 foesHP=0,0
pattern trainer=0 turn=0 foePP=0,0 foeAtkDef=0,0 CarlAtk=0 foeLevel=0
support PP=0,0 Carl-defense=0 enemy-attack=0,0
party action uses=8,40 / 2,40
frame=19916 map=35.0 pos=46,44 flags=0
party=2 HP=30/30,26/26 battle=0 battlers=0 outcome=0 PP=0,0 trial=0 donut-ability=0
persistent PP=8,2 status=0,0
growth level/xp/item=8/399/0,8/709/0 stats maxHP/attack,maxHP/magic=30/20,26/13 foesHP=0,0
pattern trainer=0 turn=0 foePP=0,0 foeAtkDef=0,0 CarlAtk=0 foeLevel=0
support PP=0,0 Carl-defense=0 enemy-attack=0,0
party action uses=8,40 / 2,40
PASS expect 35 0 46 44 0
frame=19956 map=35.0 pos=46,44 flags=0
party=2 HP=30/30,26/26 battle=0 battlers=0 outcome=0 PP=0,0 trial=0 donut-ability=0
persistent PP=8,2 status=0,0
growth level/xp/item=8/399/0,8/709/0 stats maxHP/attack,maxHP/magic=30/20,26/13 foesHP=0,0
pattern trainer=0 turn=0 foePP=0,0 foeAtkDef=0,0 CarlAtk=0 foeLevel=0
support PP=0,0 Carl-defense=0 enemy-attack=0,0
party action uses=8,40 / 2,40
frame=20008 map=35.0 pos=46,41 flags=0
party=2 HP=30/30,26/26 battle=0 battlers=0 outcome=0 PP=0,0 trial=0 donut-ability=0
persistent PP=8,2 status=0,0
growth level/xp/item=8/399/0,8/709/0 stats maxHP/attack,maxHP/magic=30/20,26/13 foesHP=0,0
pattern trainer=0 turn=0 foePP=0,0 foeAtkDef=0,0 CarlAtk=0 foeLevel=0
support PP=0,0 Carl-defense=0 enemy-attack=0,0
party action uses=8,40 / 2,40
frame=20048 map=35.0 pos=46,41 flags=0
party=2 HP=30/30,26/26 battle=0 battlers=0 outcome=0 PP=0,0 trial=0 donut-ability=0
persistent PP=8,2 status=0,0
growth level/xp/item=8/399/0,8/709/0 stats maxHP/attack,maxHP/magic=30/20,26/13 foesHP=0,0
pattern trainer=0 turn=0 foePP=0,0 foeAtkDef=0,0 CarlAtk=0 foeLevel=0
support PP=0,0 Carl-defense=0 enemy-attack=0,0
party action uses=8,40 / 2,40
frame=20048 map=35.0 pos=46,41 flags=0
party=2 HP=30/30,26/26 battle=0 battlers=0 outcome=0 PP=0,0 trial=0 donut-ability=0
persistent PP=8,2 status=0,0
growth level/xp/item=8/399/0,8/709/0 stats maxHP/attack,maxHP/magic=30/20,26/13 foesHP=0,0
pattern trainer=0 turn=0 foePP=0,0 foeAtkDef=0,0 CarlAtk=0 foeLevel=0
support PP=0,0 Carl-defense=0 enemy-attack=0,0
party action uses=8,40 / 2,40
PASS expect 35 0 46 41 0
frame=20148 map=35.0 pos=52,41 flags=0
party=2 HP=30/30,26/26 battle=0 battlers=0 outcome=0 PP=0,0 trial=0 donut-ability=0
persistent PP=8,2 status=0,0
growth level/xp/item=8/399/0,8/709/0 stats maxHP/attack,maxHP/magic=30/20,26/13 foesHP=0,0
pattern trainer=0 turn=0 foePP=0,0 foeAtkDef=0,0 CarlAtk=0 foeLevel=0
support PP=0,0 Carl-defense=0 enemy-attack=0,0
party action uses=8,40 / 2,40
frame=20188 map=35.0 pos=52,41 flags=0
party=2 HP=30/30,26/26 battle=0 battlers=0 outcome=0 PP=0,0 trial=0 donut-ability=0
persistent PP=8,2 status=0,0
growth level/xp/item=8/399/0,8/709/0 stats maxHP/attack,maxHP/magic=30/20,26/13 foesHP=0,0
pattern trainer=0 turn=0 foePP=0,0 foeAtkDef=0,0 CarlAtk=0 foeLevel=0
support PP=0,0 Carl-defense=0 enemy-attack=0,0
party action uses=8,40 / 2,40
frame=20188 map=35.0 pos=52,41 flags=0
party=2 HP=30/30,26/26 battle=0 battlers=0 outcome=0 PP=0,0 trial=0 donut-ability=0
persistent PP=8,2 status=0,0
growth level/xp/item=8/399/0,8/709/0 stats maxHP/attack,maxHP/magic=30/20,26/13 foesHP=0,0
pattern trainer=0 turn=0 foePP=0,0 foeAtkDef=0,0 CarlAtk=0 foeLevel=0
support PP=0,0 Carl-defense=0 enemy-attack=0,0
party action uses=8,40 / 2,40
PASS expect 35 0 52 41 0
frame=20240 map=35.0 pos=52,44 flags=0
party=2 HP=30/30,26/26 battle=0 battlers=0 outcome=0 PP=0,0 trial=0 donut-ability=0
persistent PP=8,2 status=0,0
growth level/xp/item=8/399/0,8/709/0 stats maxHP/attack,maxHP/magic=30/20,26/13 foesHP=0,0
pattern trainer=0 turn=0 foePP=0,0 foeAtkDef=0,0 CarlAtk=0 foeLevel=0
support PP=0,0 Carl-defense=0 enemy-attack=0,0
party action uses=8,40 / 2,40
frame=20280 map=35.0 pos=52,44 flags=0
party=2 HP=30/30,26/26 battle=0 battlers=0 outcome=0 PP=0,0 trial=0 donut-ability=0
persistent PP=8,2 status=0,0
growth level/xp/item=8/399/0,8/709/0 stats maxHP/attack,maxHP/magic=30/20,26/13 foesHP=0,0
pattern trainer=0 turn=0 foePP=0,0 foeAtkDef=0,0 CarlAtk=0 foeLevel=0
support PP=0,0 Carl-defense=0 enemy-attack=0,0
party action uses=8,40 / 2,40
frame=20280 map=35.0 pos=52,44 flags=0
party=2 HP=30/30,26/26 battle=0 battlers=0 outcome=0 PP=0,0 trial=0 donut-ability=0
persistent PP=8,2 status=0,0
growth level/xp/item=8/399/0,8/709/0 stats maxHP/attack,maxHP/magic=30/20,26/13 foesHP=0,0
pattern trainer=0 turn=0 foePP=0,0 foeAtkDef=0,0 CarlAtk=0 foeLevel=0
support PP=0,0 Carl-defense=0 enemy-attack=0,0
party action uses=8,40 / 2,40
PASS expect 35 0 52 44 0
frame=20320 map=35.0 pos=52,44 flags=0
party=2 HP=30/30,26/26 battle=0 battlers=0 outcome=0 PP=0,0 trial=0 donut-ability=0
persistent PP=8,2 status=0,0
growth level/xp/item=8/399/0,8/709/0 stats maxHP/attack,maxHP/magic=30/20,26/13 foesHP=0,0
pattern trainer=0 turn=0 foePP=0,0 foeAtkDef=0,0 CarlAtk=0 foeLevel=0
support PP=0,0 Carl-defense=0 enemy-attack=0,0
party action uses=8,40 / 2,40
frame=20372 map=35.0 pos=52,41 flags=0
party=2 HP=30/30,26/26 battle=0 battlers=0 outcome=0 PP=0,0 trial=0 donut-ability=0
persistent PP=8,2 status=0,0
growth level/xp/item=8/399/0,8/709/0 stats maxHP/attack,maxHP/magic=30/20,26/13 foesHP=0,0
pattern trainer=0 turn=0 foePP=0,0 foeAtkDef=0,0 CarlAtk=0 foeLevel=0
support PP=0,0 Carl-defense=0 enemy-attack=0,0
party action uses=8,40 / 2,40
frame=20412 map=35.0 pos=52,41 flags=0
party=2 HP=30/30,26/26 battle=0 battlers=0 outcome=0 PP=0,0 trial=0 donut-ability=0
persistent PP=8,2 status=0,0
growth level/xp/item=8/399/0,8/709/0 stats maxHP/attack,maxHP/magic=30/20,26/13 foesHP=0,0
pattern trainer=0 turn=0 foePP=0,0 foeAtkDef=0,0 CarlAtk=0 foeLevel=0
support PP=0,0 Carl-defense=0 enemy-attack=0,0
party action uses=8,40 / 2,40
frame=20412 map=35.0 pos=52,41 flags=0
party=2 HP=30/30,26/26 battle=0 battlers=0 outcome=0 PP=0,0 trial=0 donut-ability=0
persistent PP=8,2 status=0,0
growth level/xp/item=8/399/0,8/709/0 stats maxHP/attack,maxHP/magic=30/20,26/13 foesHP=0,0
pattern trainer=0 turn=0 foePP=0,0 foeAtkDef=0,0 CarlAtk=0 foeLevel=0
support PP=0,0 Carl-defense=0 enemy-attack=0,0
party action uses=8,40 / 2,40
PASS expect 35 0 52 41 0
frame=20704 map=35.0 pos=34,41 flags=0
party=2 HP=30/30,26/26 battle=0 battlers=0 outcome=0 PP=0,0 trial=0 donut-ability=0
persistent PP=8,2 status=0,0
growth level/xp/item=8/399/0,8/709/0 stats maxHP/attack,maxHP/magic=30/20,26/13 foesHP=0,0
pattern trainer=0 turn=0 foePP=0,0 foeAtkDef=0,0 CarlAtk=0 foeLevel=0
support PP=0,0 Carl-defense=0 enemy-attack=0,0
party action uses=8,40 / 2,40
frame=20744 map=35.0 pos=34,41 flags=0
party=2 HP=30/30,26/26 battle=0 battlers=0 outcome=0 PP=0,0 trial=0 donut-ability=0
persistent PP=8,2 status=0,0
growth level/xp/item=8/399/0,8/709/0 stats maxHP/attack,maxHP/magic=30/20,26/13 foesHP=0,0
pattern trainer=0 turn=0 foePP=0,0 foeAtkDef=0,0 CarlAtk=0 foeLevel=0
support PP=0,0 Carl-defense=0 enemy-attack=0,0
party action uses=8,40 / 2,40
frame=20744 map=35.0 pos=34,41 flags=0
party=2 HP=30/30,26/26 battle=0 battlers=0 outcome=0 PP=0,0 trial=0 donut-ability=0
persistent PP=8,2 status=0,0
growth level/xp/item=8/399/0,8/709/0 stats maxHP/attack,maxHP/magic=30/20,26/13 foesHP=0,0
pattern trainer=0 turn=0 foePP=0,0 foeAtkDef=0,0 CarlAtk=0 foeLevel=0
support PP=0,0 Carl-defense=0 enemy-attack=0,0
party action uses=8,40 / 2,40
PASS expect 35 0 34 41 0
frame=20940 map=35.0 pos=34,29 flags=0
party=2 HP=30/30,26/26 battle=0 battlers=0 outcome=0 PP=0,0 trial=0 donut-ability=0
persistent PP=8,2 status=0,0
growth level/xp/item=8/399/0,8/709/0 stats maxHP/attack,maxHP/magic=30/20,26/13 foesHP=0,0
pattern trainer=0 turn=0 foePP=0,0 foeAtkDef=0,0 CarlAtk=0 foeLevel=0
support PP=0,0 Carl-defense=0 enemy-attack=0,0
party action uses=8,40 / 2,40
frame=20980 map=35.0 pos=34,29 flags=0
party=2 HP=30/30,26/26 battle=0 battlers=0 outcome=0 PP=0,0 trial=0 donut-ability=0
persistent PP=8,2 status=0,0
growth level/xp/item=8/399/0,8/709/0 stats maxHP/attack,maxHP/magic=30/20,26/13 foesHP=0,0
pattern trainer=0 turn=0 foePP=0,0 foeAtkDef=0,0 CarlAtk=0 foeLevel=0
support PP=0,0 Carl-defense=0 enemy-attack=0,0
party action uses=8,40 / 2,40
frame=20980 map=35.0 pos=34,29 flags=0
party=2 HP=30/30,26/26 battle=0 battlers=0 outcome=0 PP=0,0 trial=0 donut-ability=0
persistent PP=8,2 status=0,0
growth level/xp/item=8/399/0,8/709/0 stats maxHP/attack,maxHP/magic=30/20,26/13 foesHP=0,0
pattern trainer=0 turn=0 foePP=0,0 foeAtkDef=0,0 CarlAtk=0 foeLevel=0
support PP=0,0 Carl-defense=0 enemy-attack=0,0
party action uses=8,40 / 2,40
PASS expect 35 0 34 29 0
frame=21064 map=35.0 pos=29,29 flags=0
party=2 HP=30/30,26/26 battle=0 battlers=0 outcome=0 PP=0,0 trial=0 donut-ability=0
persistent PP=8,2 status=0,0
growth level/xp/item=8/399/0,8/709/0 stats maxHP/attack,maxHP/magic=30/20,26/13 foesHP=0,0
pattern trainer=0 turn=0 foePP=0,0 foeAtkDef=0,0 CarlAtk=0 foeLevel=0
support PP=0,0 Carl-defense=0 enemy-attack=0,0
party action uses=8,40 / 2,40
frame=21104 map=35.0 pos=29,29 flags=0
party=2 HP=30/30,26/26 battle=0 battlers=0 outcome=0 PP=0,0 trial=0 donut-ability=0
persistent PP=8,2 status=0,0
growth level/xp/item=8/399/0,8/709/0 stats maxHP/attack,maxHP/magic=30/20,26/13 foesHP=0,0
pattern trainer=0 turn=0 foePP=0,0 foeAtkDef=0,0 CarlAtk=0 foeLevel=0
support PP=0,0 Carl-defense=0 enemy-attack=0,0
party action uses=8,40 / 2,40
frame=21104 map=35.0 pos=29,29 flags=0
party=2 HP=30/30,26/26 battle=0 battlers=0 outcome=0 PP=0,0 trial=0 donut-ability=0
persistent PP=8,2 status=0,0
growth level/xp/item=8/399/0,8/709/0 stats maxHP/attack,maxHP/magic=30/20,26/13 foesHP=0,0
pattern trainer=0 turn=0 foePP=0,0 foeAtkDef=0,0 CarlAtk=0 foeLevel=0
support PP=0,0 Carl-defense=0 enemy-attack=0,0
party action uses=8,40 / 2,40
PASS expect 35 0 29 29 0
frame=21140 map=35.0 pos=29,27 flags=0
party=2 HP=30/30,26/26 battle=0 battlers=0 outcome=0 PP=0,0 trial=0 donut-ability=0
persistent PP=8,2 status=0,0
growth level/xp/item=8/399/0,8/709/0 stats maxHP/attack,maxHP/magic=30/20,26/13 foesHP=0,0
pattern trainer=0 turn=0 foePP=0,0 foeAtkDef=0,0 CarlAtk=0 foeLevel=0
support PP=0,0 Carl-defense=0 enemy-attack=0,0
party action uses=8,40 / 2,40
frame=21180 map=35.0 pos=29,27 flags=0
party=2 HP=30/30,26/26 battle=0 battlers=0 outcome=0 PP=0,0 trial=0 donut-ability=0
persistent PP=8,2 status=0,0
growth level/xp/item=8/399/0,8/709/0 stats maxHP/attack,maxHP/magic=30/20,26/13 foesHP=0,0
pattern trainer=0 turn=0 foePP=0,0 foeAtkDef=0,0 CarlAtk=0 foeLevel=0
support PP=0,0 Carl-defense=0 enemy-attack=0,0
party action uses=8,40 / 2,40
frame=21180 map=35.0 pos=29,27 flags=0
party=2 HP=30/30,26/26 battle=0 battlers=0 outcome=0 PP=0,0 trial=0 donut-ability=0
persistent PP=8,2 status=0,0
growth level/xp/item=8/399/0,8/709/0 stats maxHP/attack,maxHP/magic=30/20,26/13 foesHP=0,0
pattern trainer=0 turn=0 foePP=0,0 foeAtkDef=0,0 CarlAtk=0 foeLevel=0
support PP=0,0 Carl-defense=0 enemy-attack=0,0
party action uses=8,40 / 2,40
PASS expect 35 0 29 27 0
frame=21328 map=35.0 pos=29,27 flags=0
party=2 HP=30/30,26/26 battle=0 battlers=0 outcome=0 PP=0,0 trial=0 donut-ability=0
persistent PP=8,2 status=0,0
growth level/xp/item=8/399/0,8/709/0 stats maxHP/attack,maxHP/magic=30/20,26/13 foesHP=0,0
pattern trainer=0 turn=0 foePP=0,0 foeAtkDef=0,0 CarlAtk=0 foeLevel=0
support PP=0,0 Carl-defense=0 enemy-attack=0,0
party action uses=8,40 / 2,40
frame=21368 map=35.0 pos=29,27 flags=0
party=2 HP=30/30,26/26 battle=0 battlers=0 outcome=0 PP=0,0 trial=0 donut-ability=0
persistent PP=8,2 status=0,0
growth level/xp/item=8/399/0,8/709/0 stats maxHP/attack,maxHP/magic=30/20,26/13 foesHP=0,0
pattern trainer=0 turn=0 foePP=0,0 foeAtkDef=0,0 CarlAtk=0 foeLevel=0
support PP=0,0 Carl-defense=0 enemy-attack=0,0
party action uses=8,40 / 2,40
frame=21368 map=35.0 pos=29,27 flags=0
party=2 HP=30/30,26/26 battle=0 battlers=0 outcome=0 PP=0,0 trial=0 donut-ability=0
persistent PP=8,2 status=0,0
growth level/xp/item=8/399/0,8/709/0 stats maxHP/attack,maxHP/magic=30/20,26/13 foesHP=0,0
pattern trainer=0 turn=0 foePP=0,0 foeAtkDef=0,0 CarlAtk=0 foeLevel=0
support PP=0,0 Carl-defense=0 enemy-attack=0,0
party action uses=8,40 / 2,40
PASS expect 35 0 29 27 0
frame=21404 map=35.0 pos=29,25 flags=0
party=2 HP=30/30,26/26 battle=0 battlers=0 outcome=0 PP=0,0 trial=0 donut-ability=0
persistent PP=8,2 status=0,0
growth level/xp/item=8/399/0,8/709/0 stats maxHP/attack,maxHP/magic=30/20,26/13 foesHP=0,0
pattern trainer=0 turn=0 foePP=0,0 foeAtkDef=0,0 CarlAtk=0 foeLevel=0
support PP=0,0 Carl-defense=0 enemy-attack=0,0
party action uses=8,40 / 2,40
frame=21444 map=35.0 pos=29,25 flags=0
party=2 HP=30/30,26/26 battle=0 battlers=0 outcome=0 PP=0,0 trial=0 donut-ability=0
persistent PP=8,2 status=0,0
growth level/xp/item=8/399/0,8/709/0 stats maxHP/attack,maxHP/magic=30/20,26/13 foesHP=0,0
pattern trainer=0 turn=0 foePP=0,0 foeAtkDef=0,0 CarlAtk=0 foeLevel=0
support PP=0,0 Carl-defense=0 enemy-attack=0,0
party action uses=8,40 / 2,40
frame=21444 map=35.0 pos=29,25 flags=0
party=2 HP=30/30,26/26 battle=0 battlers=0 outcome=0 PP=0,0 trial=0 donut-ability=0
persistent PP=8,2 status=0,0
growth level/xp/item=8/399/0,8/709/0 stats maxHP/attack,maxHP/magic=30/20,26/13 foesHP=0,0
pattern trainer=0 turn=0 foePP=0,0 foeAtkDef=0,0 CarlAtk=0 foeLevel=0
support PP=0,0 Carl-defense=0 enemy-attack=0,0
party action uses=8,40 / 2,40
PASS expect 35 0 29 25 0
frame=21528 map=35.0 pos=34,25 flags=0
party=2 HP=30/30,26/26 battle=0 battlers=0 outcome=0 PP=0,0 trial=0 donut-ability=0
persistent PP=8,2 status=0,0
growth level/xp/item=8/399/0,8/709/0 stats maxHP/attack,maxHP/magic=30/20,26/13 foesHP=0,0
pattern trainer=0 turn=0 foePP=0,0 foeAtkDef=0,0 CarlAtk=0 foeLevel=0
support PP=0,0 Carl-defense=0 enemy-attack=0,0
party action uses=8,40 / 2,40
frame=21568 map=35.0 pos=34,25 flags=0
party=2 HP=30/30,26/26 battle=0 battlers=0 outcome=0 PP=0,0 trial=0 donut-ability=0
persistent PP=8,2 status=0,0
growth level/xp/item=8/399/0,8/709/0 stats maxHP/attack,maxHP/magic=30/20,26/13 foesHP=0,0
pattern trainer=0 turn=0 foePP=0,0 foeAtkDef=0,0 CarlAtk=0 foeLevel=0
support PP=0,0 Carl-defense=0 enemy-attack=0,0
party action uses=8,40 / 2,40
frame=21568 map=35.0 pos=34,25 flags=0
party=2 HP=30/30,26/26 battle=0 battlers=0 outcome=0 PP=0,0 trial=0 donut-ability=0
persistent PP=8,2 status=0,0
growth level/xp/item=8/399/0,8/709/0 stats maxHP/attack,maxHP/magic=30/20,26/13 foesHP=0,0
pattern trainer=0 turn=0 foePP=0,0 foeAtkDef=0,0 CarlAtk=0 foeLevel=0
support PP=0,0 Carl-defense=0 enemy-attack=0,0
party action uses=8,40 / 2,40
PASS expect 35 0 34 25 0
frame=21588 map=35.0 pos=34,26 flags=0
party=2 HP=30/30,26/26 battle=0 battlers=0 outcome=0 PP=0,0 trial=0 donut-ability=0
persistent PP=8,2 status=0,0
growth level/xp/item=8/399/0,8/709/0 stats maxHP/attack,maxHP/magic=30/20,26/13 foesHP=0,0
pattern trainer=0 turn=0 foePP=0,0 foeAtkDef=0,0 CarlAtk=0 foeLevel=0
support PP=0,0 Carl-defense=0 enemy-attack=0,0
party action uses=8,40 / 2,40
frame=21628 map=35.0 pos=34,26 flags=0
party=2 HP=30/30,26/26 battle=0 battlers=0 outcome=0 PP=0,0 trial=0 donut-ability=0
persistent PP=8,2 status=0,0
growth level/xp/item=8/399/0,8/709/0 stats maxHP/attack,maxHP/magic=30/20,26/13 foesHP=0,0
pattern trainer=0 turn=0 foePP=0,0 foeAtkDef=0,0 CarlAtk=0 foeLevel=0
support PP=0,0 Carl-defense=0 enemy-attack=0,0
party action uses=8,40 / 2,40
frame=21628 map=35.0 pos=34,26 flags=0
party=2 HP=30/30,26/26 battle=0 battlers=0 outcome=0 PP=0,0 trial=0 donut-ability=0
persistent PP=8,2 status=0,0
growth level/xp/item=8/399/0,8/709/0 stats maxHP/attack,maxHP/magic=30/20,26/13 foesHP=0,0
pattern trainer=0 turn=0 foePP=0,0 foeAtkDef=0,0 CarlAtk=0 foeLevel=0
support PP=0,0 Carl-defense=0 enemy-attack=0,0
party action uses=8,40 / 2,40
PASS expect 35 0 34 26 0
frame=21680 map=35.0 pos=37,26 flags=0
party=2 HP=30/30,26/26 battle=0 battlers=0 outcome=0 PP=0,0 trial=0 donut-ability=0
persistent PP=8,2 status=0,0
growth level/xp/item=8/399/0,8/709/0 stats maxHP/attack,maxHP/magic=30/20,26/13 foesHP=0,0
pattern trainer=0 turn=0 foePP=0,0 foeAtkDef=0,0 CarlAtk=0 foeLevel=0
support PP=0,0 Carl-defense=0 enemy-attack=0,0
party action uses=8,40 / 2,40
frame=21720 map=35.1 pos=4,3 flags=0
party=2 HP=30/30,26/26 battle=0 battlers=0 outcome=0 PP=0,0 trial=0 donut-ability=0
persistent PP=8,2 status=0,0
growth level/xp/item=8/399/0,8/709/0 stats maxHP/attack,maxHP/magic=30/20,26/13 foesHP=0,0
pattern trainer=0 turn=0 foePP=0,0 foeAtkDef=0,0 CarlAtk=0 foeLevel=0
support PP=0,0 Carl-defense=0 enemy-attack=0,0
party action uses=8,40 / 2,40
frame=22020 map=35.1 pos=4,3 flags=0
party=2 HP=30/30,26/26 battle=0 battlers=0 outcome=0 PP=0,0 trial=0 donut-ability=0
persistent PP=8,2 status=0,0
growth level/xp/item=8/399/0,8/709/0 stats maxHP/attack,maxHP/magic=30/20,26/13 foesHP=0,0
pattern trainer=0 turn=0 foePP=0,0 foeAtkDef=0,0 CarlAtk=0 foeLevel=0
support PP=0,0 Carl-defense=0 enemy-attack=0,0
party action uses=8,40 / 2,40
frame=22020 map=35.1 pos=4,3 flags=0
party=2 HP=30/30,26/26 battle=0 battlers=0 outcome=0 PP=0,0 trial=0 donut-ability=0
persistent PP=8,2 status=0,0
growth level/xp/item=8/399/0,8/709/0 stats maxHP/attack,maxHP/magic=30/20,26/13 foesHP=0,0
pattern trainer=0 turn=0 foePP=0,0 foeAtkDef=0,0 CarlAtk=0 foeLevel=0
support PP=0,0 Carl-defense=0 enemy-attack=0,0
party action uses=8,40 / 2,40
PASS expect 35 1 4 3 0
frame=22040 map=35.1 pos=4,4 flags=0
party=2 HP=30/30,26/26 battle=0 battlers=0 outcome=0 PP=0,0 trial=0 donut-ability=0
persistent PP=8,2 status=0,0
growth level/xp/item=8/399/0,8/709/0 stats maxHP/attack,maxHP/magic=30/20,26/13 foesHP=0,0
pattern trainer=0 turn=0 foePP=0,0 foeAtkDef=0,0 CarlAtk=0 foeLevel=0
support PP=0,0 Carl-defense=0 enemy-attack=0,0
party action uses=8,40 / 2,40
frame=22080 map=35.1 pos=4,4 flags=0
party=2 HP=30/30,26/26 battle=0 battlers=0 outcome=0 PP=0,0 trial=0 donut-ability=0
persistent PP=8,2 status=0,0
growth level/xp/item=8/399/0,8/709/0 stats maxHP/attack,maxHP/magic=30/20,26/13 foesHP=0,0
pattern trainer=0 turn=0 foePP=0,0 foeAtkDef=0,0 CarlAtk=0 foeLevel=0
support PP=0,0 Carl-defense=0 enemy-attack=0,0
party action uses=8,40 / 2,40
frame=22080 map=35.1 pos=4,4 flags=0
party=2 HP=30/30,26/26 battle=0 battlers=0 outcome=0 PP=0,0 trial=0 donut-ability=0
persistent PP=8,2 status=0,0
growth level/xp/item=8/399/0,8/709/0 stats maxHP/attack,maxHP/magic=30/20,26/13 foesHP=0,0
pattern trainer=0 turn=0 foePP=0,0 foeAtkDef=0,0 CarlAtk=0 foeLevel=0
support PP=0,0 Carl-defense=0 enemy-attack=0,0
party action uses=8,40 / 2,40
PASS expect 35 1 4 4 0
frame=22116 map=35.1 pos=2,4 flags=0
party=2 HP=30/30,26/26 battle=0 battlers=0 outcome=0 PP=0,0 trial=0 donut-ability=0
persistent PP=8,2 status=0,0
growth level/xp/item=8/399/0,8/709/0 stats maxHP/attack,maxHP/magic=30/20,26/13 foesHP=0,0
pattern trainer=0 turn=0 foePP=0,0 foeAtkDef=0,0 CarlAtk=0 foeLevel=0
support PP=0,0 Carl-defense=0 enemy-attack=0,0
party action uses=8,40 / 2,40
frame=22156 map=35.1 pos=2,4 flags=0
party=2 HP=30/30,26/26 battle=0 battlers=0 outcome=0 PP=0,0 trial=0 donut-ability=0
persistent PP=8,2 status=0,0
growth level/xp/item=8/399/0,8/709/0 stats maxHP/attack,maxHP/magic=30/20,26/13 foesHP=0,0
pattern trainer=0 turn=0 foePP=0,0 foeAtkDef=0,0 CarlAtk=0 foeLevel=0
support PP=0,0 Carl-defense=0 enemy-attack=0,0
party action uses=8,40 / 2,40
frame=22156 map=35.1 pos=2,4 flags=0
party=2 HP=30/30,26/26 battle=0 battlers=0 outcome=0 PP=0,0 trial=0 donut-ability=0
persistent PP=8,2 status=0,0
growth level/xp/item=8/399/0,8/709/0 stats maxHP/attack,maxHP/magic=30/20,26/13 foesHP=0,0
pattern trainer=0 turn=0 foePP=0,0 foeAtkDef=0,0 CarlAtk=0 foeLevel=0
support PP=0,0 Carl-defense=0 enemy-attack=0,0
party action uses=8,40 / 2,40
PASS expect 35 1 2 4 0
frame=22224 map=35.1 pos=6,4 flags=0
party=2 HP=30/30,26/26 battle=0 battlers=0 outcome=0 PP=0,0 trial=0 donut-ability=0
persistent PP=8,2 status=0,0
growth level/xp/item=8/399/0,8/709/0 stats maxHP/attack,maxHP/magic=30/20,26/13 foesHP=0,0
pattern trainer=0 turn=0 foePP=0,0 foeAtkDef=0,0 CarlAtk=0 foeLevel=0
support PP=0,0 Carl-defense=0 enemy-attack=0,0
party action uses=8,40 / 2,40
frame=22264 map=35.1 pos=6,4 flags=0
party=2 HP=30/30,26/26 battle=0 battlers=0 outcome=0 PP=0,0 trial=0 donut-ability=0
persistent PP=8,2 status=0,0
growth level/xp/item=8/399/0,8/709/0 stats maxHP/attack,maxHP/magic=30/20,26/13 foesHP=0,0
pattern trainer=0 turn=0 foePP=0,0 foeAtkDef=0,0 CarlAtk=0 foeLevel=0
support PP=0,0 Carl-defense=0 enemy-attack=0,0
party action uses=8,40 / 2,40
frame=22264 map=35.1 pos=6,4 flags=0
party=2 HP=30/30,26/26 battle=0 battlers=0 outcome=0 PP=0,0 trial=0 donut-ability=0
persistent PP=8,2 status=0,0
growth level/xp/item=8/399/0,8/709/0 stats maxHP/attack,maxHP/magic=30/20,26/13 foesHP=0,0
pattern trainer=0 turn=0 foePP=0,0 foeAtkDef=0,0 CarlAtk=0 foeLevel=0
support PP=0,0 Carl-defense=0 enemy-attack=0,0
party action uses=8,40 / 2,40
PASS expect 35 1 6 4 0
frame=22304 map=35.1 pos=6,4 flags=0
party=2 HP=30/30,26/26 battle=0 battlers=0 outcome=0 PP=0,0 trial=0 donut-ability=0
persistent PP=8,2 status=0,0
growth level/xp/item=8/399/0,8/709/0 stats maxHP/attack,maxHP/magic=30/20,26/13 foesHP=0,0
pattern trainer=0 turn=0 foePP=0,0 foeAtkDef=0,0 CarlAtk=0 foeLevel=0
support PP=0,0 Carl-defense=0 enemy-attack=0,0
party action uses=8,40 / 2,40
frame=22372 map=35.1 pos=2,4 flags=0
party=2 HP=30/30,26/26 battle=0 battlers=0 outcome=0 PP=0,0 trial=0 donut-ability=0
persistent PP=8,2 status=0,0
growth level/xp/item=8/399/0,8/709/0 stats maxHP/attack,maxHP/magic=30/20,26/13 foesHP=0,0
pattern trainer=0 turn=0 foePP=0,0 foeAtkDef=0,0 CarlAtk=0 foeLevel=0
support PP=0,0 Carl-defense=0 enemy-attack=0,0
party action uses=8,40 / 2,40
frame=22412 map=35.1 pos=2,4 flags=0
party=2 HP=30/30,26/26 battle=0 battlers=0 outcome=0 PP=0,0 trial=0 donut-ability=0
persistent PP=8,2 status=0,0
growth level/xp/item=8/399/0,8/709/0 stats maxHP/attack,maxHP/magic=30/20,26/13 foesHP=0,0
pattern trainer=0 turn=0 foePP=0,0 foeAtkDef=0,0 CarlAtk=0 foeLevel=0
support PP=0,0 Carl-defense=0 enemy-attack=0,0
party action uses=8,40 / 2,40
frame=22412 map=35.1 pos=2,4 flags=0
party=2 HP=30/30,26/26 battle=0 battlers=0 outcome=0 PP=0,0 trial=0 donut-ability=0
persistent PP=8,2 status=0,0
growth level/xp/item=8/399/0,8/709/0 stats maxHP/attack,maxHP/magic=30/20,26/13 foesHP=0,0
pattern trainer=0 turn=0 foePP=0,0 foeAtkDef=0,0 CarlAtk=0 foeLevel=0
support PP=0,0 Carl-defense=0 enemy-attack=0,0
party action uses=8,40 / 2,40
PASS expect 35 1 2 4 0
frame=22448 map=35.1 pos=2,2 flags=0
party=2 HP=30/30,26/26 battle=0 battlers=0 outcome=0 PP=0,0 trial=0 donut-ability=0
persistent PP=8,2 status=0,0
growth level/xp/item=8/399/0,8/709/0 stats maxHP/attack,maxHP/magic=30/20,26/13 foesHP=0,0
pattern trainer=0 turn=0 foePP=0,0 foeAtkDef=0,0 CarlAtk=0 foeLevel=0
support PP=0,0 Carl-defense=0 enemy-attack=0,0
party action uses=8,40 / 2,40
frame=22488 map=35.1 pos=2,2 flags=0
party=2 HP=30/30,26/26 battle=0 battlers=0 outcome=0 PP=0,0 trial=0 donut-ability=0
persistent PP=8,2 status=0,0
growth level/xp/item=8/399/0,8/709/0 stats maxHP/attack,maxHP/magic=30/20,26/13 foesHP=0,0
pattern trainer=0 turn=0 foePP=0,0 foeAtkDef=0,0 CarlAtk=0 foeLevel=0
support PP=0,0 Carl-defense=0 enemy-attack=0,0
party action uses=8,40 / 2,40
frame=22488 map=35.1 pos=2,2 flags=0
party=2 HP=30/30,26/26 battle=0 battlers=0 outcome=0 PP=0,0 trial=0 donut-ability=0
persistent PP=8,2 status=0,0
growth level/xp/item=8/399/0,8/709/0 stats maxHP/attack,maxHP/magic=30/20,26/13 foesHP=0,0
pattern trainer=0 turn=0 foePP=0,0 foeAtkDef=0,0 CarlAtk=0 foeLevel=0
support PP=0,0 Carl-defense=0 enemy-attack=0,0
party action uses=8,40 / 2,40
PASS expect 35 1 2 2 0
frame=22572 map=35.1 pos=7,2 flags=0
party=2 HP=30/30,26/26 battle=0 battlers=0 outcome=0 PP=0,0 trial=0 donut-ability=0
persistent PP=8,2 status=0,0
growth level/xp/item=8/399/0,8/709/0 stats maxHP/attack,maxHP/magic=30/20,26/13 foesHP=0,0
pattern trainer=0 turn=0 foePP=0,0 foeAtkDef=0,0 CarlAtk=0 foeLevel=0
support PP=0,0 Carl-defense=0 enemy-attack=0,0
party action uses=8,40 / 2,40
frame=22612 map=35.1 pos=7,2 flags=0
party=2 HP=30/30,26/26 battle=0 battlers=0 outcome=0 PP=0,0 trial=0 donut-ability=0
persistent PP=8,2 status=0,0
growth level/xp/item=8/399/0,8/709/0 stats maxHP/attack,maxHP/magic=30/20,26/13 foesHP=0,0
pattern trainer=0 turn=0 foePP=0,0 foeAtkDef=0,0 CarlAtk=0 foeLevel=0
support PP=0,0 Carl-defense=0 enemy-attack=0,0
party action uses=8,40 / 2,40
frame=22612 map=35.1 pos=7,2 flags=0
party=2 HP=30/30,26/26 battle=0 battlers=0 outcome=0 PP=0,0 trial=0 donut-ability=0
persistent PP=8,2 status=0,0
growth level/xp/item=8/399/0,8/709/0 stats maxHP/attack,maxHP/magic=30/20,26/13 foesHP=0,0
pattern trainer=0 turn=0 foePP=0,0 foeAtkDef=0,0 CarlAtk=0 foeLevel=0
support PP=0,0 Carl-defense=0 enemy-attack=0,0
party action uses=8,40 / 2,40
PASS expect 35 1 7 2 0
frame=22680 map=35.1 pos=7,6 flags=0
party=2 HP=30/30,26/26 battle=0 battlers=0 outcome=0 PP=0,0 trial=0 donut-ability=0
persistent PP=8,2 status=0,0
growth level/xp/item=8/399/0,8/709/0 stats maxHP/attack,maxHP/magic=30/20,26/13 foesHP=0,0
pattern trainer=0 turn=0 foePP=0,0 foeAtkDef=0,0 CarlAtk=0 foeLevel=0
support PP=0,0 Carl-defense=0 enemy-attack=0,0
party action uses=8,40 / 2,40
frame=22720 map=35.1 pos=7,6 flags=0
party=2 HP=30/30,26/26 battle=0 battlers=0 outcome=0 PP=0,0 trial=0 donut-ability=0
persistent PP=8,2 status=0,0
growth level/xp/item=8/399/0,8/709/0 stats maxHP/attack,maxHP/magic=30/20,26/13 foesHP=0,0
pattern trainer=0 turn=0 foePP=0,0 foeAtkDef=0,0 CarlAtk=0 foeLevel=0
support PP=0,0 Carl-defense=0 enemy-attack=0,0
party action uses=8,40 / 2,40
frame=22720 map=35.1 pos=7,6 flags=0
party=2 HP=30/30,26/26 battle=0 battlers=0 outcome=0 PP=0,0 trial=0 donut-ability=0
persistent PP=8,2 status=0,0
growth level/xp/item=8/399/0,8/709/0 stats maxHP/attack,maxHP/magic=30/20,26/13 foesHP=0,0
pattern trainer=0 turn=0 foePP=0,0 foeAtkDef=0,0 CarlAtk=0 foeLevel=0
support PP=0,0 Carl-defense=0 enemy-attack=0,0
party action uses=8,40 / 2,40
PASS expect 35 1 7 6 0
frame=22760 map=35.1 pos=7,6 flags=0
party=2 HP=30/30,26/26 battle=0 battlers=0 outcome=0 PP=0,0 trial=0 donut-ability=0
persistent PP=8,2 status=0,0
growth level/xp/item=8/399/0,8/709/0 stats maxHP/attack,maxHP/magic=30/20,26/13 foesHP=0,0
pattern trainer=0 turn=0 foePP=0,0 foeAtkDef=0,0 CarlAtk=0 foeLevel=0
support PP=0,0 Carl-defense=0 enemy-attack=0,0
party action uses=8,40 / 2,40
frame=22828 map=35.1 pos=7,2 flags=0
party=2 HP=30/30,26/26 battle=0 battlers=0 outcome=0 PP=0,0 trial=0 donut-ability=0
persistent PP=8,2 status=0,0
growth level/xp/item=8/399/0,8/709/0 stats maxHP/attack,maxHP/magic=30/20,26/13 foesHP=0,0
pattern trainer=0 turn=0 foePP=0,0 foeAtkDef=0,0 CarlAtk=0 foeLevel=0
support PP=0,0 Carl-defense=0 enemy-attack=0,0
party action uses=8,40 / 2,40
frame=22868 map=35.1 pos=7,2 flags=0
party=2 HP=30/30,26/26 battle=0 battlers=0 outcome=0 PP=0,0 trial=0 donut-ability=0
persistent PP=8,2 status=0,0
growth level/xp/item=8/399/0,8/709/0 stats maxHP/attack,maxHP/magic=30/20,26/13 foesHP=0,0
pattern trainer=0 turn=0 foePP=0,0 foeAtkDef=0,0 CarlAtk=0 foeLevel=0
support PP=0,0 Carl-defense=0 enemy-attack=0,0
party action uses=8,40 / 2,40
frame=22868 map=35.1 pos=7,2 flags=0
party=2 HP=30/30,26/26 battle=0 battlers=0 outcome=0 PP=0,0 trial=0 donut-ability=0
persistent PP=8,2 status=0,0
growth level/xp/item=8/399/0,8/709/0 stats maxHP/attack,maxHP/magic=30/20,26/13 foesHP=0,0
pattern trainer=0 turn=0 foePP=0,0 foeAtkDef=0,0 CarlAtk=0 foeLevel=0
support PP=0,0 Carl-defense=0 enemy-attack=0,0
party action uses=8,40 / 2,40
PASS expect 35 1 7 2 0
frame=22904 map=35.1 pos=9,2 flags=0
party=2 HP=30/30,26/26 battle=0 battlers=0 outcome=0 PP=0,0 trial=0 donut-ability=0
persistent PP=8,2 status=0,0
growth level/xp/item=8/399/0,8/709/0 stats maxHP/attack,maxHP/magic=30/20,26/13 foesHP=0,0
pattern trainer=0 turn=0 foePP=0,0 foeAtkDef=0,0 CarlAtk=0 foeLevel=0
support PP=0,0 Carl-defense=0 enemy-attack=0,0
party action uses=8,40 / 2,40
frame=22944 map=35.1 pos=9,2 flags=0
party=2 HP=30/30,26/26 battle=0 battlers=0 outcome=0 PP=0,0 trial=0 donut-ability=0
persistent PP=8,2 status=0,0
growth level/xp/item=8/399/0,8/709/0 stats maxHP/attack,maxHP/magic=30/20,26/13 foesHP=0,0
pattern trainer=0 turn=0 foePP=0,0 foeAtkDef=0,0 CarlAtk=0 foeLevel=0
support PP=0,0 Carl-defense=0 enemy-attack=0,0
party action uses=8,40 / 2,40
frame=22944 map=35.1 pos=9,2 flags=0
party=2 HP=30/30,26/26 battle=0 battlers=0 outcome=0 PP=0,0 trial=0 donut-ability=0
persistent PP=8,2 status=0,0
growth level/xp/item=8/399/0,8/709/0 stats maxHP/attack,maxHP/magic=30/20,26/13 foesHP=0,0
pattern trainer=0 turn=0 foePP=0,0 foeAtkDef=0,0 CarlAtk=0 foeLevel=0
support PP=0,0 Carl-defense=0 enemy-attack=0,0
party action uses=8,40 / 2,40
PASS expect 35 1 9 2 0
frame=23028 map=35.1 pos=9,7 flags=0
party=2 HP=30/30,26/26 battle=0 battlers=0 outcome=0 PP=0,0 trial=0 donut-ability=0
persistent PP=8,2 status=0,0
growth level/xp/item=8/399/0,8/709/0 stats maxHP/attack,maxHP/magic=30/20,26/13 foesHP=0,0
pattern trainer=0 turn=0 foePP=0,0 foeAtkDef=0,0 CarlAtk=0 foeLevel=0
support PP=0,0 Carl-defense=0 enemy-attack=0,0
party action uses=8,40 / 2,40
frame=23068 map=35.1 pos=9,7 flags=0
party=2 HP=30/30,26/26 battle=0 battlers=0 outcome=0 PP=0,0 trial=0 donut-ability=0
persistent PP=8,2 status=0,0
growth level/xp/item=8/399/0,8/709/0 stats maxHP/attack,maxHP/magic=30/20,26/13 foesHP=0,0
pattern trainer=0 turn=0 foePP=0,0 foeAtkDef=0,0 CarlAtk=0 foeLevel=0
support PP=0,0 Carl-defense=0 enemy-attack=0,0
party action uses=8,40 / 2,40
frame=23068 map=35.1 pos=9,7 flags=0
party=2 HP=30/30,26/26 battle=0 battlers=0 outcome=0 PP=0,0 trial=0 donut-ability=0
persistent PP=8,2 status=0,0
growth level/xp/item=8/399/0,8/709/0 stats maxHP/attack,maxHP/magic=30/20,26/13 foesHP=0,0
pattern trainer=0 turn=0 foePP=0,0 foeAtkDef=0,0 CarlAtk=0 foeLevel=0
support PP=0,0 Carl-defense=0 enemy-attack=0,0
party action uses=8,40 / 2,40
PASS expect 35 1 9 7 0
frame=23136 map=35.1 pos=13,7 flags=0
party=2 HP=30/30,26/26 battle=0 battlers=0 outcome=0 PP=0,0 trial=0 donut-ability=0
persistent PP=8,2 status=0,0
growth level/xp/item=8/399/0,8/709/0 stats maxHP/attack,maxHP/magic=30/20,26/13 foesHP=0,0
pattern trainer=0 turn=0 foePP=0,0 foeAtkDef=0,0 CarlAtk=0 foeLevel=0
support PP=0,0 Carl-defense=0 enemy-attack=0,0
party action uses=8,40 / 2,40
frame=23176 map=35.1 pos=13,7 flags=0
party=2 HP=30/30,26/26 battle=0 battlers=0 outcome=0 PP=0,0 trial=0 donut-ability=0
persistent PP=8,2 status=0,0
growth level/xp/item=8/399/0,8/709/0 stats maxHP/attack,maxHP/magic=30/20,26/13 foesHP=0,0
pattern trainer=0 turn=0 foePP=0,0 foeAtkDef=0,0 CarlAtk=0 foeLevel=0
support PP=0,0 Carl-defense=0 enemy-attack=0,0
party action uses=8,40 / 2,40
frame=23176 map=35.1 pos=13,7 flags=0
party=2 HP=30/30,26/26 battle=0 battlers=0 outcome=0 PP=0,0 trial=0 donut-ability=0
persistent PP=8,2 status=0,0
growth level/xp/item=8/399/0,8/709/0 stats maxHP/attack,maxHP/magic=30/20,26/13 foesHP=0,0
pattern trainer=0 turn=0 foePP=0,0 foeAtkDef=0,0 CarlAtk=0 foeLevel=0
support PP=0,0 Carl-defense=0 enemy-attack=0,0
party action uses=8,40 / 2,40
PASS expect 35 1 13 7 0
frame=23216 map=35.1 pos=13,7 flags=0
party=2 HP=30/30,26/26 battle=0 battlers=0 outcome=0 PP=0,0 trial=0 donut-ability=0
persistent PP=8,2 status=0,0
growth level/xp/item=8/399/0,8/709/0 stats maxHP/attack,maxHP/magic=30/20,26/13 foesHP=0,0
pattern trainer=0 turn=0 foePP=0,0 foeAtkDef=0,0 CarlAtk=0 foeLevel=0
support PP=0,0 Carl-defense=0 enemy-attack=0,0
party action uses=8,40 / 2,40
frame=23284 map=35.1 pos=9,7 flags=0
party=2 HP=30/30,26/26 battle=0 battlers=0 outcome=0 PP=0,0 trial=0 donut-ability=0
persistent PP=8,2 status=0,0
growth level/xp/item=8/399/0,8/709/0 stats maxHP/attack,maxHP/magic=30/20,26/13 foesHP=0,0
pattern trainer=0 turn=0 foePP=0,0 foeAtkDef=0,0 CarlAtk=0 foeLevel=0
support PP=0,0 Carl-defense=0 enemy-attack=0,0
party action uses=8,40 / 2,40
frame=23324 map=35.1 pos=9,7 flags=0
party=2 HP=30/30,26/26 battle=0 battlers=0 outcome=0 PP=0,0 trial=0 donut-ability=0
persistent PP=8,2 status=0,0
growth level/xp/item=8/399/0,8/709/0 stats maxHP/attack,maxHP/magic=30/20,26/13 foesHP=0,0
pattern trainer=0 turn=0 foePP=0,0 foeAtkDef=0,0 CarlAtk=0 foeLevel=0
support PP=0,0 Carl-defense=0 enemy-attack=0,0
party action uses=8,40 / 2,40
frame=23324 map=35.1 pos=9,7 flags=0
party=2 HP=30/30,26/26 battle=0 battlers=0 outcome=0 PP=0,0 trial=0 donut-ability=0
persistent PP=8,2 status=0,0
growth level/xp/item=8/399/0,8/709/0 stats maxHP/attack,maxHP/magic=30/20,26/13 foesHP=0,0
pattern trainer=0 turn=0 foePP=0,0 foeAtkDef=0,0 CarlAtk=0 foeLevel=0
support PP=0,0 Carl-defense=0 enemy-attack=0,0
party action uses=8,40 / 2,40
PASS expect 35 1 9 7 0
frame=23344 map=35.1 pos=10,7 flags=0
party=2 HP=30/30,26/26 battle=0 battlers=0 outcome=0 PP=0,0 trial=0 donut-ability=0
persistent PP=8,2 status=0,0
growth level/xp/item=8/399/0,8/709/0 stats maxHP/attack,maxHP/magic=30/20,26/13 foesHP=0,0
pattern trainer=0 turn=0 foePP=0,0 foeAtkDef=0,0 CarlAtk=0 foeLevel=0
support PP=0,0 Carl-defense=0 enemy-attack=0,0
party action uses=8,40 / 2,40
frame=23384 map=35.1 pos=10,7 flags=0
party=2 HP=30/30,26/26 battle=0 battlers=0 outcome=0 PP=0,0 trial=0 donut-ability=0
persistent PP=8,2 status=0,0
growth level/xp/item=8/399/0,8/709/0 stats maxHP/attack,maxHP/magic=30/20,26/13 foesHP=0,0
pattern trainer=0 turn=0 foePP=0,0 foeAtkDef=0,0 CarlAtk=0 foeLevel=0
support PP=0,0 Carl-defense=0 enemy-attack=0,0
party action uses=8,40 / 2,40
frame=23384 map=35.1 pos=10,7 flags=0
party=2 HP=30/30,26/26 battle=0 battlers=0 outcome=0 PP=0,0 trial=0 donut-ability=0
persistent PP=8,2 status=0,0
growth level/xp/item=8/399/0,8/709/0 stats maxHP/attack,maxHP/magic=30/20,26/13 foesHP=0,0
pattern trainer=0 turn=0 foePP=0,0 foeAtkDef=0,0 CarlAtk=0 foeLevel=0
support PP=0,0 Carl-defense=0 enemy-attack=0,0
party action uses=8,40 / 2,40
PASS expect 35 1 10 7 0
frame=23532 map=35.1 pos=10,7 flags=0
party=2 HP=30/30,26/26 battle=0 battlers=0 outcome=0 PP=0,0 trial=0 donut-ability=0
persistent PP=8,2 status=0,0
growth level/xp/item=8/399/0,8/709/0 stats maxHP/attack,maxHP/magic=30/20,26/13 foesHP=0,0
pattern trainer=0 turn=0 foePP=0,0 foeAtkDef=0,0 CarlAtk=0 foeLevel=0
support PP=0,0 Carl-defense=0 enemy-attack=0,0
party action uses=8,40 / 2,40
frame=23572 map=35.1 pos=10,7 flags=0
party=2 HP=30/30,26/26 battle=0 battlers=0 outcome=0 PP=0,0 trial=0 donut-ability=0
persistent PP=8,2 status=0,0
growth level/xp/item=8/399/0,8/709/0 stats maxHP/attack,maxHP/magic=30/20,26/13 foesHP=0,0
pattern trainer=0 turn=0 foePP=0,0 foeAtkDef=0,0 CarlAtk=0 foeLevel=0
support PP=0,0 Carl-defense=0 enemy-attack=0,0
party action uses=8,40 / 2,40
frame=23572 map=35.1 pos=10,7 flags=0
party=2 HP=30/30,26/26 battle=0 battlers=0 outcome=0 PP=0,0 trial=0 donut-ability=0
persistent PP=8,2 status=0,0
growth level/xp/item=8/399/0,8/709/0 stats maxHP/attack,maxHP/magic=30/20,26/13 foesHP=0,0
pattern trainer=0 turn=0 foePP=0,0 foeAtkDef=0,0 CarlAtk=0 foeLevel=0
support PP=0,0 Carl-defense=0 enemy-attack=0,0
party action uses=8,40 / 2,40
PASS expect 35 1 10 7 0
frame=23640 map=35.1 pos=10,3 flags=0
party=2 HP=30/30,26/26 battle=0 battlers=0 outcome=0 PP=0,0 trial=0 donut-ability=0
persistent PP=8,2 status=0,0
growth level/xp/item=8/399/0,8/709/0 stats maxHP/attack,maxHP/magic=30/20,26/13 foesHP=0,0
pattern trainer=0 turn=0 foePP=0,0 foeAtkDef=0,0 CarlAtk=0 foeLevel=0
support PP=0,0 Carl-defense=0 enemy-attack=0,0
party action uses=8,40 / 2,40
frame=23680 map=35.1 pos=10,3 flags=0
party=2 HP=30/30,26/26 battle=0 battlers=0 outcome=0 PP=0,0 trial=0 donut-ability=0
persistent PP=8,2 status=0,0
growth level/xp/item=8/399/0,8/709/0 stats maxHP/attack,maxHP/magic=30/20,26/13 foesHP=0,0
pattern trainer=0 turn=0 foePP=0,0 foeAtkDef=0,0 CarlAtk=0 foeLevel=0
support PP=0,0 Carl-defense=0 enemy-attack=0,0
party action uses=8,40 / 2,40
frame=23680 map=35.1 pos=10,3 flags=0
party=2 HP=30/30,26/26 battle=0 battlers=0 outcome=0 PP=0,0 trial=0 donut-ability=0
persistent PP=8,2 status=0,0
growth level/xp/item=8/399/0,8/709/0 stats maxHP/attack,maxHP/magic=30/20,26/13 foesHP=0,0
pattern trainer=0 turn=0 foePP=0,0 foeAtkDef=0,0 CarlAtk=0 foeLevel=0
support PP=0,0 Carl-defense=0 enemy-attack=0,0
party action uses=8,40 / 2,40
PASS expect 35 1 10 3 0
frame=23780 map=35.1 pos=4,3 flags=0
party=2 HP=30/30,26/26 battle=0 battlers=0 outcome=0 PP=0,0 trial=0 donut-ability=0
persistent PP=8,2 status=0,0
growth level/xp/item=8/399/0,8/709/0 stats maxHP/attack,maxHP/magic=30/20,26/13 foesHP=0,0
pattern trainer=0 turn=0 foePP=0,0 foeAtkDef=0,0 CarlAtk=0 foeLevel=0
support PP=0,0 Carl-defense=0 enemy-attack=0,0
party action uses=8,40 / 2,40
frame=23820 map=35.0 pos=37,26 flags=0
party=2 HP=30/30,26/26 battle=0 battlers=0 outcome=0 PP=0,0 trial=0 donut-ability=0
persistent PP=8,2 status=0,0
growth level/xp/item=8/399/0,8/709/0 stats maxHP/attack,maxHP/magic=30/20,26/13 foesHP=0,0
pattern trainer=0 turn=0 foePP=0,0 foeAtkDef=0,0 CarlAtk=0 foeLevel=0
support PP=0,0 Carl-defense=0 enemy-attack=0,0
party action uses=8,40 / 2,40
frame=24120 map=35.0 pos=37,26 flags=0
party=2 HP=30/30,26/26 battle=0 battlers=0 outcome=0 PP=0,0 trial=0 donut-ability=0
persistent PP=8,2 status=0,0
growth level/xp/item=8/399/0,8/709/0 stats maxHP/attack,maxHP/magic=30/20,26/13 foesHP=0,0
pattern trainer=0 turn=0 foePP=0,0 foeAtkDef=0,0 CarlAtk=0 foeLevel=0
support PP=0,0 Carl-defense=0 enemy-attack=0,0
party action uses=8,40 / 2,40
frame=24120 map=35.0 pos=37,26 flags=0
party=2 HP=30/30,26/26 battle=0 battlers=0 outcome=0 PP=0,0 trial=0 donut-ability=0
persistent PP=8,2 status=0,0
growth level/xp/item=8/399/0,8/709/0 stats maxHP/attack,maxHP/magic=30/20,26/13 foesHP=0,0
pattern trainer=0 turn=0 foePP=0,0 foeAtkDef=0,0 CarlAtk=0 foeLevel=0
support PP=0,0 Carl-defense=0 enemy-attack=0,0
party action uses=8,40 / 2,40
PASS expect 35 0 37 26 0
frame=24204 map=35.0 pos=37,31 flags=0
party=2 HP=30/30,26/26 battle=0 battlers=0 outcome=0 PP=0,0 trial=0 donut-ability=0
persistent PP=8,2 status=0,0
growth level/xp/item=8/399/0,8/709/0 stats maxHP/attack,maxHP/magic=30/20,26/13 foesHP=0,0
pattern trainer=0 turn=0 foePP=0,0 foeAtkDef=0,0 CarlAtk=0 foeLevel=0
support PP=0,0 Carl-defense=0 enemy-attack=0,0
party action uses=8,40 / 2,40
frame=24244 map=35.0 pos=37,31 flags=0
party=2 HP=30/30,26/26 battle=0 battlers=0 outcome=0 PP=0,0 trial=0 donut-ability=0
persistent PP=8,2 status=0,0
growth level/xp/item=8/399/0,8/709/0 stats maxHP/attack,maxHP/magic=30/20,26/13 foesHP=0,0
pattern trainer=0 turn=0 foePP=0,0 foeAtkDef=0,0 CarlAtk=0 foeLevel=0
support PP=0,0 Carl-defense=0 enemy-attack=0,0
party action uses=8,40 / 2,40
frame=24244 map=35.0 pos=37,31 flags=0
party=2 HP=30/30,26/26 battle=0 battlers=0 outcome=0 PP=0,0 trial=0 donut-ability=0
persistent PP=8,2 status=0,0
growth level/xp/item=8/399/0,8/709/0 stats maxHP/attack,maxHP/magic=30/20,26/13 foesHP=0,0
pattern trainer=0 turn=0 foePP=0,0 foeAtkDef=0,0 CarlAtk=0 foeLevel=0
support PP=0,0 Carl-defense=0 enemy-attack=0,0
party action uses=8,40 / 2,40
PASS expect 35 0 37 31 0
frame=24264 map=35.0 pos=36,31 flags=0
party=2 HP=30/30,26/26 battle=0 battlers=0 outcome=0 PP=0,0 trial=0 donut-ability=0
persistent PP=8,2 status=0,0
growth level/xp/item=8/399/0,8/709/0 stats maxHP/attack,maxHP/magic=30/20,26/13 foesHP=0,0
pattern trainer=0 turn=0 foePP=0,0 foeAtkDef=0,0 CarlAtk=0 foeLevel=0
support PP=0,0 Carl-defense=0 enemy-attack=0,0
party action uses=8,40 / 2,40
frame=24304 map=35.0 pos=36,31 flags=0
party=2 HP=30/30,26/26 battle=0 battlers=0 outcome=0 PP=0,0 trial=0 donut-ability=0
persistent PP=8,2 status=0,0
growth level/xp/item=8/399/0,8/709/0 stats maxHP/attack,maxHP/magic=30/20,26/13 foesHP=0,0
pattern trainer=0 turn=0 foePP=0,0 foeAtkDef=0,0 CarlAtk=0 foeLevel=0
support PP=0,0 Carl-defense=0 enemy-attack=0,0
party action uses=8,40 / 2,40
frame=24304 map=35.0 pos=36,31 flags=0
party=2 HP=30/30,26/26 battle=0 battlers=0 outcome=0 PP=0,0 trial=0 donut-ability=0
persistent PP=8,2 status=0,0
growth level/xp/item=8/399/0,8/709/0 stats maxHP/attack,maxHP/magic=30/20,26/13 foesHP=0,0
pattern trainer=0 turn=0 foePP=0,0 foeAtkDef=0,0 CarlAtk=0 foeLevel=0
support PP=0,0 Carl-defense=0 enemy-attack=0,0
party action uses=8,40 / 2,40
PASS expect 35 0 36 31 0
frame=24324 map=35.0 pos=36,32 flags=0
party=2 HP=30/30,26/26 battle=0 battlers=0 outcome=0 PP=0,0 trial=0 donut-ability=0
persistent PP=8,2 status=0,0
growth level/xp/item=8/399/0,8/709/0 stats maxHP/attack,maxHP/magic=30/20,26/13 foesHP=0,0
pattern trainer=0 turn=0 foePP=0,0 foeAtkDef=0,0 CarlAtk=0 foeLevel=0
support PP=0,0 Carl-defense=0 enemy-attack=0,0
party action uses=8,40 / 2,40
frame=24364 map=35.0 pos=36,32 flags=0
party=2 HP=30/30,26/26 battle=0 battlers=0 outcome=0 PP=0,0 trial=0 donut-ability=0
persistent PP=8,2 status=0,0
growth level/xp/item=8/399/0,8/709/0 stats maxHP/attack,maxHP/magic=30/20,26/13 foesHP=0,0
pattern trainer=0 turn=0 foePP=0,0 foeAtkDef=0,0 CarlAtk=0 foeLevel=0
support PP=0,0 Carl-defense=0 enemy-attack=0,0
party action uses=8,40 / 2,40
frame=24364 map=35.0 pos=36,32 flags=0
party=2 HP=30/30,26/26 battle=0 battlers=0 outcome=0 PP=0,0 trial=0 donut-ability=0
persistent PP=8,2 status=0,0
growth level/xp/item=8/399/0,8/709/0 stats maxHP/attack,maxHP/magic=30/20,26/13 foesHP=0,0
pattern trainer=0 turn=0 foePP=0,0 foeAtkDef=0,0 CarlAtk=0 foeLevel=0
support PP=0,0 Carl-defense=0 enemy-attack=0,0
party action uses=8,40 / 2,40
PASS expect 35 0 36 32 0
frame=24384 map=35.0 pos=35,32 flags=0
party=2 HP=30/30,26/26 battle=0 battlers=0 outcome=0 PP=0,0 trial=0 donut-ability=0
persistent PP=8,2 status=0,0
growth level/xp/item=8/399/0,8/709/0 stats maxHP/attack,maxHP/magic=30/20,26/13 foesHP=0,0
pattern trainer=0 turn=0 foePP=0,0 foeAtkDef=0,0 CarlAtk=0 foeLevel=0
support PP=0,0 Carl-defense=0 enemy-attack=0,0
party action uses=8,40 / 2,40
frame=24424 map=35.0 pos=35,32 flags=0
party=2 HP=30/30,26/26 battle=0 battlers=0 outcome=0 PP=0,0 trial=0 donut-ability=0
persistent PP=8,2 status=0,0
growth level/xp/item=8/399/0,8/709/0 stats maxHP/attack,maxHP/magic=30/20,26/13 foesHP=0,0
pattern trainer=0 turn=0 foePP=0,0 foeAtkDef=0,0 CarlAtk=0 foeLevel=0
support PP=0,0 Carl-defense=0 enemy-attack=0,0
party action uses=8,40 / 2,40
frame=24424 map=35.0 pos=35,32 flags=0
party=2 HP=30/30,26/26 battle=0 battlers=0 outcome=0 PP=0,0 trial=0 donut-ability=0
persistent PP=8,2 status=0,0
growth level/xp/item=8/399/0,8/709/0 stats maxHP/attack,maxHP/magic=30/20,26/13 foesHP=0,0
pattern trainer=0 turn=0 foePP=0,0 foeAtkDef=0,0 CarlAtk=0 foeLevel=0
support PP=0,0 Carl-defense=0 enemy-attack=0,0
party action uses=8,40 / 2,40
PASS expect 35 0 35 32 0
frame=24492 map=35.0 pos=35,36 flags=0
party=2 HP=30/30,26/26 battle=0 battlers=0 outcome=0 PP=0,0 trial=0 donut-ability=0
persistent PP=8,2 status=0,0
growth level/xp/item=8/399/0,8/709/0 stats maxHP/attack,maxHP/magic=30/20,26/13 foesHP=0,0
pattern trainer=0 turn=0 foePP=0,0 foeAtkDef=0,0 CarlAtk=0 foeLevel=0
support PP=0,0 Carl-defense=0 enemy-attack=0,0
party action uses=8,40 / 2,40
frame=24532 map=35.0 pos=35,36 flags=0
party=2 HP=30/30,26/26 battle=0 battlers=0 outcome=0 PP=0,0 trial=0 donut-ability=0
persistent PP=8,2 status=0,0
growth level/xp/item=8/399/0,8/709/0 stats maxHP/attack,maxHP/magic=30/20,26/13 foesHP=0,0
pattern trainer=0 turn=0 foePP=0,0 foeAtkDef=0,0 CarlAtk=0 foeLevel=0
support PP=0,0 Carl-defense=0 enemy-attack=0,0
party action uses=8,40 / 2,40
frame=24532 map=35.0 pos=35,36 flags=0
party=2 HP=30/30,26/26 battle=0 battlers=0 outcome=0 PP=0,0 trial=0 donut-ability=0
persistent PP=8,2 status=0,0
growth level/xp/item=8/399/0,8/709/0 stats maxHP/attack,maxHP/magic=30/20,26/13 foesHP=0,0
pattern trainer=0 turn=0 foePP=0,0 foeAtkDef=0,0 CarlAtk=0 foeLevel=0
support PP=0,0 Carl-defense=0 enemy-attack=0,0
party action uses=8,40 / 2,40
PASS expect 35 0 35 36 0
frame=24552 map=35.0 pos=34,36 flags=0
party=2 HP=30/30,26/26 battle=0 battlers=0 outcome=0 PP=0,0 trial=0 donut-ability=0
persistent PP=8,2 status=0,0
growth level/xp/item=8/399/0,8/709/0 stats maxHP/attack,maxHP/magic=30/20,26/13 foesHP=0,0
pattern trainer=0 turn=0 foePP=0,0 foeAtkDef=0,0 CarlAtk=0 foeLevel=0
support PP=0,0 Carl-defense=0 enemy-attack=0,0
party action uses=8,40 / 2,40
frame=24592 map=35.0 pos=34,36 flags=0
party=2 HP=30/30,26/26 battle=0 battlers=0 outcome=0 PP=0,0 trial=0 donut-ability=0
persistent PP=8,2 status=0,0
growth level/xp/item=8/399/0,8/709/0 stats maxHP/attack,maxHP/magic=30/20,26/13 foesHP=0,0
pattern trainer=0 turn=0 foePP=0,0 foeAtkDef=0,0 CarlAtk=0 foeLevel=0
support PP=0,0 Carl-defense=0 enemy-attack=0,0
party action uses=8,40 / 2,40
frame=24592 map=35.0 pos=34,36 flags=0
party=2 HP=30/30,26/26 battle=0 battlers=0 outcome=0 PP=0,0 trial=0 donut-ability=0
persistent PP=8,2 status=0,0
growth level/xp/item=8/399/0,8/709/0 stats maxHP/attack,maxHP/magic=30/20,26/13 foesHP=0,0
pattern trainer=0 turn=0 foePP=0,0 foeAtkDef=0,0 CarlAtk=0 foeLevel=0
support PP=0,0 Carl-defense=0 enemy-attack=0,0
party action uses=8,40 / 2,40
PASS expect 35 0 34 36 0
frame=24676 map=35.0 pos=34,41 flags=0
party=2 HP=30/30,26/26 battle=0 battlers=0 outcome=0 PP=0,0 trial=0 donut-ability=0
persistent PP=8,2 status=0,0
growth level/xp/item=8/399/0,8/709/0 stats maxHP/attack,maxHP/magic=30/20,26/13 foesHP=0,0
pattern trainer=0 turn=0 foePP=0,0 foeAtkDef=0,0 CarlAtk=0 foeLevel=0
support PP=0,0 Carl-defense=0 enemy-attack=0,0
party action uses=8,40 / 2,40
frame=24716 map=35.0 pos=34,41 flags=0
party=2 HP=30/30,26/26 battle=0 battlers=0 outcome=0 PP=0,0 trial=0 donut-ability=0
persistent PP=8,2 status=0,0
growth level/xp/item=8/399/0,8/709/0 stats maxHP/attack,maxHP/magic=30/20,26/13 foesHP=0,0
pattern trainer=0 turn=0 foePP=0,0 foeAtkDef=0,0 CarlAtk=0 foeLevel=0
support PP=0,0 Carl-defense=0 enemy-attack=0,0
party action uses=8,40 / 2,40
frame=24716 map=35.0 pos=34,41 flags=0
party=2 HP=30/30,26/26 battle=0 battlers=0 outcome=0 PP=0,0 trial=0 donut-ability=0
persistent PP=8,2 status=0,0
growth level/xp/item=8/399/0,8/709/0 stats maxHP/attack,maxHP/magic=30/20,26/13 foesHP=0,0
pattern trainer=0 turn=0 foePP=0,0 foeAtkDef=0,0 CarlAtk=0 foeLevel=0
support PP=0,0 Carl-defense=0 enemy-attack=0,0
party action uses=8,40 / 2,40
PASS expect 35 0 34 41 0
frame=24848 map=35.0 pos=42,41 flags=0
party=2 HP=30/30,26/26 battle=0 battlers=0 outcome=0 PP=0,0 trial=0 donut-ability=0
persistent PP=8,2 status=0,0
growth level/xp/item=8/399/0,8/709/0 stats maxHP/attack,maxHP/magic=30/20,26/13 foesHP=0,0
pattern trainer=0 turn=0 foePP=0,0 foeAtkDef=0,0 CarlAtk=0 foeLevel=0
support PP=0,0 Carl-defense=0 enemy-attack=0,0
party action uses=8,40 / 2,40
frame=24888 map=35.0 pos=42,41 flags=0
party=2 HP=30/30,26/26 battle=0 battlers=0 outcome=0 PP=0,0 trial=0 donut-ability=0
persistent PP=8,2 status=0,0
growth level/xp/item=8/399/0,8/709/0 stats maxHP/attack,maxHP/magic=30/20,26/13 foesHP=0,0
pattern trainer=0 turn=0 foePP=0,0 foeAtkDef=0,0 CarlAtk=0 foeLevel=0
support PP=0,0 Carl-defense=0 enemy-attack=0,0
party action uses=8,40 / 2,40
frame=24888 map=35.0 pos=42,41 flags=0
party=2 HP=30/30,26/26 battle=0 battlers=0 outcome=0 PP=0,0 trial=0 donut-ability=0
persistent PP=8,2 status=0,0
growth level/xp/item=8/399/0,8/709/0 stats maxHP/attack,maxHP/magic=30/20,26/13 foesHP=0,0
pattern trainer=0 turn=0 foePP=0,0 foeAtkDef=0,0 CarlAtk=0 foeLevel=0
support PP=0,0 Carl-defense=0 enemy-attack=0,0
party action uses=8,40 / 2,40
PASS expect 35 0 42 41 0
frame=24908 map=35.0 pos=42,40 flags=0
party=2 HP=30/30,26/26 battle=0 battlers=0 outcome=0 PP=0,0 trial=0 donut-ability=0
persistent PP=8,2 status=0,0
growth level/xp/item=8/399/0,8/709/0 stats maxHP/attack,maxHP/magic=30/20,26/13 foesHP=0,0
pattern trainer=0 turn=0 foePP=0,0 foeAtkDef=0,0 CarlAtk=0 foeLevel=0
support PP=0,0 Carl-defense=0 enemy-attack=0,0
party action uses=8,40 / 2,40
frame=24948 map=35.2 pos=4,3 flags=0
party=2 HP=30/30,26/26 battle=0 battlers=0 outcome=0 PP=0,0 trial=0 donut-ability=0
persistent PP=8,2 status=0,0
growth level/xp/item=8/399/0,8/709/0 stats maxHP/attack,maxHP/magic=30/20,26/13 foesHP=0,0
pattern trainer=0 turn=0 foePP=0,0 foeAtkDef=0,0 CarlAtk=0 foeLevel=0
support PP=0,0 Carl-defense=0 enemy-attack=0,0
party action uses=8,40 / 2,40
frame=25248 map=35.2 pos=4,3 flags=0
party=2 HP=30/30,26/26 battle=0 battlers=0 outcome=0 PP=0,0 trial=0 donut-ability=0
persistent PP=8,2 status=0,0
growth level/xp/item=8/399/0,8/709/0 stats maxHP/attack,maxHP/magic=30/20,26/13 foesHP=0,0
pattern trainer=0 turn=0 foePP=0,0 foeAtkDef=0,0 CarlAtk=0 foeLevel=0
support PP=0,0 Carl-defense=0 enemy-attack=0,0
party action uses=8,40 / 2,40
frame=25248 map=35.2 pos=4,3 flags=0
party=2 HP=30/30,26/26 battle=0 battlers=0 outcome=0 PP=0,0 trial=0 donut-ability=0
persistent PP=8,2 status=0,0
growth level/xp/item=8/399/0,8/709/0 stats maxHP/attack,maxHP/magic=30/20,26/13 foesHP=0,0
pattern trainer=0 turn=0 foePP=0,0 foeAtkDef=0,0 CarlAtk=0 foeLevel=0
support PP=0,0 Carl-defense=0 enemy-attack=0,0
party action uses=8,40 / 2,40
PASS expect 35 2 4 3 0
frame=25268 map=35.2 pos=4,4 flags=0
party=2 HP=30/30,26/26 battle=0 battlers=0 outcome=0 PP=0,0 trial=0 donut-ability=0
persistent PP=8,2 status=0,0
growth level/xp/item=8/399/0,8/709/0 stats maxHP/attack,maxHP/magic=30/20,26/13 foesHP=0,0
pattern trainer=0 turn=0 foePP=0,0 foeAtkDef=0,0 CarlAtk=0 foeLevel=0
support PP=0,0 Carl-defense=0 enemy-attack=0,0
party action uses=8,40 / 2,40
frame=25308 map=35.2 pos=4,4 flags=0
party=2 HP=30/30,26/26 battle=0 battlers=0 outcome=0 PP=0,0 trial=0 donut-ability=0
persistent PP=8,2 status=0,0
growth level/xp/item=8/399/0,8/709/0 stats maxHP/attack,maxHP/magic=30/20,26/13 foesHP=0,0
pattern trainer=0 turn=0 foePP=0,0 foeAtkDef=0,0 CarlAtk=0 foeLevel=0
support PP=0,0 Carl-defense=0 enemy-attack=0,0
party action uses=8,40 / 2,40
frame=25308 map=35.2 pos=4,4 flags=0
party=2 HP=30/30,26/26 battle=0 battlers=0 outcome=0 PP=0,0 trial=0 donut-ability=0
persistent PP=8,2 status=0,0
growth level/xp/item=8/399/0,8/709/0 stats maxHP/attack,maxHP/magic=30/20,26/13 foesHP=0,0
pattern trainer=0 turn=0 foePP=0,0 foeAtkDef=0,0 CarlAtk=0 foeLevel=0
support PP=0,0 Carl-defense=0 enemy-attack=0,0
party action uses=8,40 / 2,40
PASS expect 35 2 4 4 0
frame=25344 map=35.2 pos=2,4 flags=0
party=2 HP=30/30,26/26 battle=0 battlers=0 outcome=0 PP=0,0 trial=0 donut-ability=0
persistent PP=8,2 status=0,0
growth level/xp/item=8/399/0,8/709/0 stats maxHP/attack,maxHP/magic=30/20,26/13 foesHP=0,0
pattern trainer=0 turn=0 foePP=0,0 foeAtkDef=0,0 CarlAtk=0 foeLevel=0
support PP=0,0 Carl-defense=0 enemy-attack=0,0
party action uses=8,40 / 2,40
frame=25384 map=35.2 pos=2,4 flags=0
party=2 HP=30/30,26/26 battle=0 battlers=0 outcome=0 PP=0,0 trial=0 donut-ability=0
persistent PP=8,2 status=0,0
growth level/xp/item=8/399/0,8/709/0 stats maxHP/attack,maxHP/magic=30/20,26/13 foesHP=0,0
pattern trainer=0 turn=0 foePP=0,0 foeAtkDef=0,0 CarlAtk=0 foeLevel=0
support PP=0,0 Carl-defense=0 enemy-attack=0,0
party action uses=8,40 / 2,40
frame=25384 map=35.2 pos=2,4 flags=0
party=2 HP=30/30,26/26 battle=0 battlers=0 outcome=0 PP=0,0 trial=0 donut-ability=0
persistent PP=8,2 status=0,0
growth level/xp/item=8/399/0,8/709/0 stats maxHP/attack,maxHP/magic=30/20,26/13 foesHP=0,0
pattern trainer=0 turn=0 foePP=0,0 foeAtkDef=0,0 CarlAtk=0 foeLevel=0
support PP=0,0 Carl-defense=0 enemy-attack=0,0
party action uses=8,40 / 2,40
PASS expect 35 2 2 4 0
frame=25452 map=35.2 pos=6,4 flags=0
party=2 HP=30/30,26/26 battle=0 battlers=0 outcome=0 PP=0,0 trial=0 donut-ability=0
persistent PP=8,2 status=0,0
growth level/xp/item=8/399/0,8/709/0 stats maxHP/attack,maxHP/magic=30/20,26/13 foesHP=0,0
pattern trainer=0 turn=0 foePP=0,0 foeAtkDef=0,0 CarlAtk=0 foeLevel=0
support PP=0,0 Carl-defense=0 enemy-attack=0,0
party action uses=8,40 / 2,40
frame=25492 map=35.2 pos=6,4 flags=0
party=2 HP=30/30,26/26 battle=0 battlers=0 outcome=0 PP=0,0 trial=0 donut-ability=0
persistent PP=8,2 status=0,0
growth level/xp/item=8/399/0,8/709/0 stats maxHP/attack,maxHP/magic=30/20,26/13 foesHP=0,0
pattern trainer=0 turn=0 foePP=0,0 foeAtkDef=0,0 CarlAtk=0 foeLevel=0
support PP=0,0 Carl-defense=0 enemy-attack=0,0
party action uses=8,40 / 2,40
frame=25492 map=35.2 pos=6,4 flags=0
party=2 HP=30/30,26/26 battle=0 battlers=0 outcome=0 PP=0,0 trial=0 donut-ability=0
persistent PP=8,2 status=0,0
growth level/xp/item=8/399/0,8/709/0 stats maxHP/attack,maxHP/magic=30/20,26/13 foesHP=0,0
pattern trainer=0 turn=0 foePP=0,0 foeAtkDef=0,0 CarlAtk=0 foeLevel=0
support PP=0,0 Carl-defense=0 enemy-attack=0,0
party action uses=8,40 / 2,40
PASS expect 35 2 6 4 0
frame=25532 map=35.2 pos=6,4 flags=0
party=2 HP=30/30,26/26 battle=0 battlers=0 outcome=0 PP=0,0 trial=0 donut-ability=0
persistent PP=8,2 status=0,0
growth level/xp/item=8/399/0,8/709/0 stats maxHP/attack,maxHP/magic=30/20,26/13 foesHP=0,0
pattern trainer=0 turn=0 foePP=0,0 foeAtkDef=0,0 CarlAtk=0 foeLevel=0
support PP=0,0 Carl-defense=0 enemy-attack=0,0
party action uses=8,40 / 2,40
frame=25600 map=35.2 pos=2,4 flags=0
party=2 HP=30/30,26/26 battle=0 battlers=0 outcome=0 PP=0,0 trial=0 donut-ability=0
persistent PP=8,2 status=0,0
growth level/xp/item=8/399/0,8/709/0 stats maxHP/attack,maxHP/magic=30/20,26/13 foesHP=0,0
pattern trainer=0 turn=0 foePP=0,0 foeAtkDef=0,0 CarlAtk=0 foeLevel=0
support PP=0,0 Carl-defense=0 enemy-attack=0,0
party action uses=8,40 / 2,40
frame=25640 map=35.2 pos=2,4 flags=0
party=2 HP=30/30,26/26 battle=0 battlers=0 outcome=0 PP=0,0 trial=0 donut-ability=0
persistent PP=8,2 status=0,0
growth level/xp/item=8/399/0,8/709/0 stats maxHP/attack,maxHP/magic=30/20,26/13 foesHP=0,0
pattern trainer=0 turn=0 foePP=0,0 foeAtkDef=0,0 CarlAtk=0 foeLevel=0
support PP=0,0 Carl-defense=0 enemy-attack=0,0
party action uses=8,40 / 2,40
frame=25640 map=35.2 pos=2,4 flags=0
party=2 HP=30/30,26/26 battle=0 battlers=0 outcome=0 PP=0,0 trial=0 donut-ability=0
persistent PP=8,2 status=0,0
growth level/xp/item=8/399/0,8/709/0 stats maxHP/attack,maxHP/magic=30/20,26/13 foesHP=0,0
pattern trainer=0 turn=0 foePP=0,0 foeAtkDef=0,0 CarlAtk=0 foeLevel=0
support PP=0,0 Carl-defense=0 enemy-attack=0,0
party action uses=8,40 / 2,40
PASS expect 35 2 2 4 0
frame=25676 map=35.2 pos=2,2 flags=0
party=2 HP=30/30,26/26 battle=0 battlers=0 outcome=0 PP=0,0 trial=0 donut-ability=0
persistent PP=8,2 status=0,0
growth level/xp/item=8/399/0,8/709/0 stats maxHP/attack,maxHP/magic=30/20,26/13 foesHP=0,0
pattern trainer=0 turn=0 foePP=0,0 foeAtkDef=0,0 CarlAtk=0 foeLevel=0
support PP=0,0 Carl-defense=0 enemy-attack=0,0
party action uses=8,40 / 2,40
frame=25716 map=35.2 pos=2,2 flags=0
party=2 HP=30/30,26/26 battle=0 battlers=0 outcome=0 PP=0,0 trial=0 donut-ability=0
persistent PP=8,2 status=0,0
growth level/xp/item=8/399/0,8/709/0 stats maxHP/attack,maxHP/magic=30/20,26/13 foesHP=0,0
pattern trainer=0 turn=0 foePP=0,0 foeAtkDef=0,0 CarlAtk=0 foeLevel=0
support PP=0,0 Carl-defense=0 enemy-attack=0,0
party action uses=8,40 / 2,40
frame=25716 map=35.2 pos=2,2 flags=0
party=2 HP=30/30,26/26 battle=0 battlers=0 outcome=0 PP=0,0 trial=0 donut-ability=0
persistent PP=8,2 status=0,0
growth level/xp/item=8/399/0,8/709/0 stats maxHP/attack,maxHP/magic=30/20,26/13 foesHP=0,0
pattern trainer=0 turn=0 foePP=0,0 foeAtkDef=0,0 CarlAtk=0 foeLevel=0
support PP=0,0 Carl-defense=0 enemy-attack=0,0
party action uses=8,40 / 2,40
PASS expect 35 2 2 2 0
frame=25800 map=35.2 pos=7,2 flags=0
party=2 HP=30/30,26/26 battle=0 battlers=0 outcome=0 PP=0,0 trial=0 donut-ability=0
persistent PP=8,2 status=0,0
growth level/xp/item=8/399/0,8/709/0 stats maxHP/attack,maxHP/magic=30/20,26/13 foesHP=0,0
pattern trainer=0 turn=0 foePP=0,0 foeAtkDef=0,0 CarlAtk=0 foeLevel=0
support PP=0,0 Carl-defense=0 enemy-attack=0,0
party action uses=8,40 / 2,40
frame=25840 map=35.2 pos=7,2 flags=0
party=2 HP=30/30,26/26 battle=0 battlers=0 outcome=0 PP=0,0 trial=0 donut-ability=0
persistent PP=8,2 status=0,0
growth level/xp/item=8/399/0,8/709/0 stats maxHP/attack,maxHP/magic=30/20,26/13 foesHP=0,0
pattern trainer=0 turn=0 foePP=0,0 foeAtkDef=0,0 CarlAtk=0 foeLevel=0
support PP=0,0 Carl-defense=0 enemy-attack=0,0
party action uses=8,40 / 2,40
frame=25840 map=35.2 pos=7,2 flags=0
party=2 HP=30/30,26/26 battle=0 battlers=0 outcome=0 PP=0,0 trial=0 donut-ability=0
persistent PP=8,2 status=0,0
growth level/xp/item=8/399/0,8/709/0 stats maxHP/attack,maxHP/magic=30/20,26/13 foesHP=0,0
pattern trainer=0 turn=0 foePP=0,0 foeAtkDef=0,0 CarlAtk=0 foeLevel=0
support PP=0,0 Carl-defense=0 enemy-attack=0,0
party action uses=8,40 / 2,40
PASS expect 35 2 7 2 0
frame=25908 map=35.2 pos=7,6 flags=0
party=2 HP=30/30,26/26 battle=0 battlers=0 outcome=0 PP=0,0 trial=0 donut-ability=0
persistent PP=8,2 status=0,0
growth level/xp/item=8/399/0,8/709/0 stats maxHP/attack,maxHP/magic=30/20,26/13 foesHP=0,0
pattern trainer=0 turn=0 foePP=0,0 foeAtkDef=0,0 CarlAtk=0 foeLevel=0
support PP=0,0 Carl-defense=0 enemy-attack=0,0
party action uses=8,40 / 2,40
frame=25948 map=35.2 pos=7,6 flags=0
party=2 HP=30/30,26/26 battle=0 battlers=0 outcome=0 PP=0,0 trial=0 donut-ability=0
persistent PP=8,2 status=0,0
growth level/xp/item=8/399/0,8/709/0 stats maxHP/attack,maxHP/magic=30/20,26/13 foesHP=0,0
pattern trainer=0 turn=0 foePP=0,0 foeAtkDef=0,0 CarlAtk=0 foeLevel=0
support PP=0,0 Carl-defense=0 enemy-attack=0,0
party action uses=8,40 / 2,40
frame=25948 map=35.2 pos=7,6 flags=0
party=2 HP=30/30,26/26 battle=0 battlers=0 outcome=0 PP=0,0 trial=0 donut-ability=0
persistent PP=8,2 status=0,0
growth level/xp/item=8/399/0,8/709/0 stats maxHP/attack,maxHP/magic=30/20,26/13 foesHP=0,0
pattern trainer=0 turn=0 foePP=0,0 foeAtkDef=0,0 CarlAtk=0 foeLevel=0
support PP=0,0 Carl-defense=0 enemy-attack=0,0
party action uses=8,40 / 2,40
PASS expect 35 2 7 6 0
frame=25988 map=35.2 pos=7,6 flags=0
party=2 HP=30/30,26/26 battle=0 battlers=0 outcome=0 PP=0,0 trial=0 donut-ability=0
persistent PP=8,2 status=0,0
growth level/xp/item=8/399/0,8/709/0 stats maxHP/attack,maxHP/magic=30/20,26/13 foesHP=0,0
pattern trainer=0 turn=0 foePP=0,0 foeAtkDef=0,0 CarlAtk=0 foeLevel=0
support PP=0,0 Carl-defense=0 enemy-attack=0,0
party action uses=8,40 / 2,40
frame=26056 map=35.2 pos=7,2 flags=0
party=2 HP=30/30,26/26 battle=0 battlers=0 outcome=0 PP=0,0 trial=0 donut-ability=0
persistent PP=8,2 status=0,0
growth level/xp/item=8/399/0,8/709/0 stats maxHP/attack,maxHP/magic=30/20,26/13 foesHP=0,0
pattern trainer=0 turn=0 foePP=0,0 foeAtkDef=0,0 CarlAtk=0 foeLevel=0
support PP=0,0 Carl-defense=0 enemy-attack=0,0
party action uses=8,40 / 2,40
frame=26096 map=35.2 pos=7,2 flags=0
party=2 HP=30/30,26/26 battle=0 battlers=0 outcome=0 PP=0,0 trial=0 donut-ability=0
persistent PP=8,2 status=0,0
growth level/xp/item=8/399/0,8/709/0 stats maxHP/attack,maxHP/magic=30/20,26/13 foesHP=0,0
pattern trainer=0 turn=0 foePP=0,0 foeAtkDef=0,0 CarlAtk=0 foeLevel=0
support PP=0,0 Carl-defense=0 enemy-attack=0,0
party action uses=8,40 / 2,40
frame=26096 map=35.2 pos=7,2 flags=0
party=2 HP=30/30,26/26 battle=0 battlers=0 outcome=0 PP=0,0 trial=0 donut-ability=0
persistent PP=8,2 status=0,0
growth level/xp/item=8/399/0,8/709/0 stats maxHP/attack,maxHP/magic=30/20,26/13 foesHP=0,0
pattern trainer=0 turn=0 foePP=0,0 foeAtkDef=0,0 CarlAtk=0 foeLevel=0
support PP=0,0 Carl-defense=0 enemy-attack=0,0
party action uses=8,40 / 2,40
PASS expect 35 2 7 2 0
frame=26196 map=35.2 pos=7,8 flags=0
party=2 HP=30/30,26/26 battle=0 battlers=0 outcome=0 PP=0,0 trial=0 donut-ability=0
persistent PP=8,2 status=0,0
growth level/xp/item=8/399/0,8/709/0 stats maxHP/attack,maxHP/magic=30/20,26/13 foesHP=0,0
pattern trainer=0 turn=0 foePP=0,0 foeAtkDef=0,0 CarlAtk=0 foeLevel=0
support PP=0,0 Carl-defense=0 enemy-attack=0,0
party action uses=8,40 / 2,40
frame=26236 map=35.2 pos=7,8 flags=0
party=2 HP=30/30,26/26 battle=0 battlers=0 outcome=0 PP=0,0 trial=0 donut-ability=0
persistent PP=8,2 status=0,0
growth level/xp/item=8/399/0,8/709/0 stats maxHP/attack,maxHP/magic=30/20,26/13 foesHP=0,0
pattern trainer=0 turn=0 foePP=0,0 foeAtkDef=0,0 CarlAtk=0 foeLevel=0
support PP=0,0 Carl-defense=0 enemy-attack=0,0
party action uses=8,40 / 2,40
frame=26236 map=35.2 pos=7,8 flags=0
party=2 HP=30/30,26/26 battle=0 battlers=0 outcome=0 PP=0,0 trial=0 donut-ability=0
persistent PP=8,2 status=0,0
growth level/xp/item=8/399/0,8/709/0 stats maxHP/attack,maxHP/magic=30/20,26/13 foesHP=0,0
pattern trainer=0 turn=0 foePP=0,0 foeAtkDef=0,0 CarlAtk=0 foeLevel=0
support PP=0,0 Carl-defense=0 enemy-attack=0,0
party action uses=8,40 / 2,40
PASS expect 35 2 7 8 0
frame=26304 map=35.2 pos=3,8 flags=0
party=2 HP=30/30,26/26 battle=0 battlers=0 outcome=0 PP=0,0 trial=0 donut-ability=0
persistent PP=8,2 status=0,0
growth level/xp/item=8/399/0,8/709/0 stats maxHP/attack,maxHP/magic=30/20,26/13 foesHP=0,0
pattern trainer=0 turn=0 foePP=0,0 foeAtkDef=0,0 CarlAtk=0 foeLevel=0
support PP=0,0 Carl-defense=0 enemy-attack=0,0
party action uses=8,40 / 2,40
frame=26344 map=35.2 pos=3,8 flags=0
party=2 HP=30/30,26/26 battle=0 battlers=0 outcome=0 PP=0,0 trial=0 donut-ability=0
persistent PP=8,2 status=0,0
growth level/xp/item=8/399/0,8/709/0 stats maxHP/attack,maxHP/magic=30/20,26/13 foesHP=0,0
pattern trainer=0 turn=0 foePP=0,0 foeAtkDef=0,0 CarlAtk=0 foeLevel=0
support PP=0,0 Carl-defense=0 enemy-attack=0,0
party action uses=8,40 / 2,40
frame=26344 map=35.2 pos=3,8 flags=0
party=2 HP=30/30,26/26 battle=0 battlers=0 outcome=0 PP=0,0 trial=0 donut-ability=0
persistent PP=8,2 status=0,0
growth level/xp/item=8/399/0,8/709/0 stats maxHP/attack,maxHP/magic=30/20,26/13 foesHP=0,0
pattern trainer=0 turn=0 foePP=0,0 foeAtkDef=0,0 CarlAtk=0 foeLevel=0
support PP=0,0 Carl-defense=0 enemy-attack=0,0
party action uses=8,40 / 2,40
PASS expect 35 2 3 8 0
frame=26444 map=35.2 pos=9,8 flags=0
party=2 HP=30/30,26/26 battle=0 battlers=0 outcome=0 PP=0,0 trial=0 donut-ability=0
persistent PP=8,2 status=0,0
growth level/xp/item=8/399/0,8/709/0 stats maxHP/attack,maxHP/magic=30/20,26/13 foesHP=0,0
pattern trainer=0 turn=0 foePP=0,0 foeAtkDef=0,0 CarlAtk=0 foeLevel=0
support PP=0,0 Carl-defense=0 enemy-attack=0,0
party action uses=8,40 / 2,40
frame=26484 map=35.2 pos=9,8 flags=0
party=2 HP=30/30,26/26 battle=0 battlers=0 outcome=0 PP=0,0 trial=0 donut-ability=0
persistent PP=8,2 status=0,0
growth level/xp/item=8/399/0,8/709/0 stats maxHP/attack,maxHP/magic=30/20,26/13 foesHP=0,0
pattern trainer=0 turn=0 foePP=0,0 foeAtkDef=0,0 CarlAtk=0 foeLevel=0
support PP=0,0 Carl-defense=0 enemy-attack=0,0
party action uses=8,40 / 2,40
frame=26484 map=35.2 pos=9,8 flags=0
party=2 HP=30/30,26/26 battle=0 battlers=0 outcome=0 PP=0,0 trial=0 donut-ability=0
persistent PP=8,2 status=0,0
growth level/xp/item=8/399/0,8/709/0 stats maxHP/attack,maxHP/magic=30/20,26/13 foesHP=0,0
pattern trainer=0 turn=0 foePP=0,0 foeAtkDef=0,0 CarlAtk=0 foeLevel=0
support PP=0,0 Carl-defense=0 enemy-attack=0,0
party action uses=8,40 / 2,40
PASS expect 35 2 9 8 0
frame=26524 map=35.2 pos=9,8 flags=0
party=2 HP=30/30,26/26 battle=0 battlers=0 outcome=0 PP=0,0 trial=0 donut-ability=0
persistent PP=8,2 status=0,0
growth level/xp/item=8/399/0,8/709/0 stats maxHP/attack,maxHP/magic=30/20,26/13 foesHP=0,0
pattern trainer=0 turn=0 foePP=0,0 foeAtkDef=0,0 CarlAtk=0 foeLevel=0
support PP=0,0 Carl-defense=0 enemy-attack=0,0
party action uses=8,40 / 2,40
frame=26624 map=35.2 pos=3,8 flags=0
party=2 HP=30/30,26/26 battle=0 battlers=0 outcome=0 PP=0,0 trial=0 donut-ability=0
persistent PP=8,2 status=0,0
growth level/xp/item=8/399/0,8/709/0 stats maxHP/attack,maxHP/magic=30/20,26/13 foesHP=0,0
pattern trainer=0 turn=0 foePP=0,0 foeAtkDef=0,0 CarlAtk=0 foeLevel=0
support PP=0,0 Carl-defense=0 enemy-attack=0,0
party action uses=8,40 / 2,40
frame=26664 map=35.2 pos=3,8 flags=0
party=2 HP=30/30,26/26 battle=0 battlers=0 outcome=0 PP=0,0 trial=0 donut-ability=0
persistent PP=8,2 status=0,0
growth level/xp/item=8/399/0,8/709/0 stats maxHP/attack,maxHP/magic=30/20,26/13 foesHP=0,0
pattern trainer=0 turn=0 foePP=0,0 foeAtkDef=0,0 CarlAtk=0 foeLevel=0
support PP=0,0 Carl-defense=0 enemy-attack=0,0
party action uses=8,40 / 2,40
frame=26664 map=35.2 pos=3,8 flags=0
party=2 HP=30/30,26/26 battle=0 battlers=0 outcome=0 PP=0,0 trial=0 donut-ability=0
persistent PP=8,2 status=0,0
growth level/xp/item=8/399/0,8/709/0 stats maxHP/attack,maxHP/magic=30/20,26/13 foesHP=0,0
pattern trainer=0 turn=0 foePP=0,0 foeAtkDef=0,0 CarlAtk=0 foeLevel=0
support PP=0,0 Carl-defense=0 enemy-attack=0,0
party action uses=8,40 / 2,40
PASS expect 35 2 3 8 0
frame=26684 map=35.2 pos=3,7 flags=0
party=2 HP=30/30,26/26 battle=0 battlers=0 outcome=0 PP=0,0 trial=0 donut-ability=0
persistent PP=8,2 status=0,0
growth level/xp/item=8/399/0,8/709/0 stats maxHP/attack,maxHP/magic=30/20,26/13 foesHP=0,0
pattern trainer=0 turn=0 foePP=0,0 foeAtkDef=0,0 CarlAtk=0 foeLevel=0
support PP=0,0 Carl-defense=0 enemy-attack=0,0
party action uses=8,40 / 2,40
frame=26724 map=35.2 pos=3,7 flags=0
party=2 HP=30/30,26/26 battle=0 battlers=0 outcome=0 PP=0,0 trial=0 donut-ability=0
persistent PP=8,2 status=0,0
growth level/xp/item=8/399/0,8/709/0 stats maxHP/attack,maxHP/magic=30/20,26/13 foesHP=0,0
pattern trainer=0 turn=0 foePP=0,0 foeAtkDef=0,0 CarlAtk=0 foeLevel=0
support PP=0,0 Carl-defense=0 enemy-attack=0,0
party action uses=8,40 / 2,40
frame=26724 map=35.2 pos=3,7 flags=0
party=2 HP=30/30,26/26 battle=0 battlers=0 outcome=0 PP=0,0 trial=0 donut-ability=0
persistent PP=8,2 status=0,0
growth level/xp/item=8/399/0,8/709/0 stats maxHP/attack,maxHP/magic=30/20,26/13 foesHP=0,0
pattern trainer=0 turn=0 foePP=0,0 foeAtkDef=0,0 CarlAtk=0 foeLevel=0
support PP=0,0 Carl-defense=0 enemy-attack=0,0
party action uses=8,40 / 2,40
PASS expect 35 2 3 7 0
frame=26824 map=35.2 pos=9,7 flags=0
party=2 HP=30/30,26/26 battle=0 battlers=0 outcome=0 PP=0,0 trial=0 donut-ability=0
persistent PP=8,2 status=0,0
growth level/xp/item=8/399/0,8/709/0 stats maxHP/attack,maxHP/magic=30/20,26/13 foesHP=0,0
pattern trainer=0 turn=0 foePP=0,0 foeAtkDef=0,0 CarlAtk=0 foeLevel=0
support PP=0,0 Carl-defense=0 enemy-attack=0,0
party action uses=8,40 / 2,40
frame=26864 map=35.2 pos=9,7 flags=0
party=2 HP=30/30,26/26 battle=0 battlers=0 outcome=0 PP=0,0 trial=0 donut-ability=0
persistent PP=8,2 status=0,0
growth level/xp/item=8/399/0,8/709/0 stats maxHP/attack,maxHP/magic=30/20,26/13 foesHP=0,0
pattern trainer=0 turn=0 foePP=0,0 foeAtkDef=0,0 CarlAtk=0 foeLevel=0
support PP=0,0 Carl-defense=0 enemy-attack=0,0
party action uses=8,40 / 2,40
frame=26864 map=35.2 pos=9,7 flags=0
party=2 HP=30/30,26/26 battle=0 battlers=0 outcome=0 PP=0,0 trial=0 donut-ability=0
persistent PP=8,2 status=0,0
growth level/xp/item=8/399/0,8/709/0 stats maxHP/attack,maxHP/magic=30/20,26/13 foesHP=0,0
pattern trainer=0 turn=0 foePP=0,0 foeAtkDef=0,0 CarlAtk=0 foeLevel=0
support PP=0,0 Carl-defense=0 enemy-attack=0,0
party action uses=8,40 / 2,40
PASS expect 35 2 9 7 0
frame=26928 map=35.2 pos=13,7 flags=0
party=2 HP=30/30,26/26 battle=0 battlers=0 outcome=0 PP=0,0 trial=0 donut-ability=0
persistent PP=8,2 status=0,0
growth level/xp/item=8/399/0,8/709/0 stats maxHP/attack,maxHP/magic=30/20,26/13 foesHP=0,0
pattern trainer=0 turn=0 foePP=0,0 foeAtkDef=0,0 CarlAtk=0 foeLevel=0
support PP=0,0 Carl-defense=0 enemy-attack=0,0
party action uses=8,40 / 2,40
frame=26968 map=35.2 pos=13,7 flags=0
party=2 HP=30/30,26/26 battle=0 battlers=0 outcome=0 PP=0,0 trial=0 donut-ability=0
persistent PP=8,2 status=0,0
growth level/xp/item=8/399/0,8/709/0 stats maxHP/attack,maxHP/magic=30/20,26/13 foesHP=0,0
pattern trainer=0 turn=0 foePP=0,0 foeAtkDef=0,0 CarlAtk=0 foeLevel=0
support PP=0,0 Carl-defense=0 enemy-attack=0,0
party action uses=8,40 / 2,40
frame=26968 map=35.2 pos=13,7 flags=0
party=2 HP=30/30,26/26 battle=0 battlers=0 outcome=0 PP=0,0 trial=0 donut-ability=0
persistent PP=8,2 status=0,0
growth level/xp/item=8/399/0,8/709/0 stats maxHP/attack,maxHP/magic=30/20,26/13 foesHP=0,0
pattern trainer=0 turn=0 foePP=0,0 foeAtkDef=0,0 CarlAtk=0 foeLevel=0
support PP=0,0 Carl-defense=0 enemy-attack=0,0
party action uses=8,40 / 2,40
PASS expect 35 2 13 7 0
frame=27008 map=35.2 pos=13,7 flags=0
party=2 HP=30/30,26/26 battle=0 battlers=0 outcome=0 PP=0,0 trial=0 donut-ability=0
persistent PP=8,2 status=0,0
growth level/xp/item=8/399/0,8/709/0 stats maxHP/attack,maxHP/magic=30/20,26/13 foesHP=0,0
pattern trainer=0 turn=0 foePP=0,0 foeAtkDef=0,0 CarlAtk=0 foeLevel=0
support PP=0,0 Carl-defense=0 enemy-attack=0,0
party action uses=8,40 / 2,40
frame=27076 map=35.2 pos=9,7 flags=0
party=2 HP=30/30,26/26 battle=0 battlers=0 outcome=0 PP=0,0 trial=0 donut-ability=0
persistent PP=8,2 status=0,0
growth level/xp/item=8/399/0,8/709/0 stats maxHP/attack,maxHP/magic=30/20,26/13 foesHP=0,0
pattern trainer=0 turn=0 foePP=0,0 foeAtkDef=0,0 CarlAtk=0 foeLevel=0
support PP=0,0 Carl-defense=0 enemy-attack=0,0
party action uses=8,40 / 2,40
frame=27116 map=35.2 pos=9,7 flags=0
party=2 HP=30/30,26/26 battle=0 battlers=0 outcome=0 PP=0,0 trial=0 donut-ability=0
persistent PP=8,2 status=0,0
growth level/xp/item=8/399/0,8/709/0 stats maxHP/attack,maxHP/magic=30/20,26/13 foesHP=0,0
pattern trainer=0 turn=0 foePP=0,0 foeAtkDef=0,0 CarlAtk=0 foeLevel=0
support PP=0,0 Carl-defense=0 enemy-attack=0,0
party action uses=8,40 / 2,40
frame=27116 map=35.2 pos=9,7 flags=0
party=2 HP=30/30,26/26 battle=0 battlers=0 outcome=0 PP=0,0 trial=0 donut-ability=0
persistent PP=8,2 status=0,0
growth level/xp/item=8/399/0,8/709/0 stats maxHP/attack,maxHP/magic=30/20,26/13 foesHP=0,0
pattern trainer=0 turn=0 foePP=0,0 foeAtkDef=0,0 CarlAtk=0 foeLevel=0
support PP=0,0 Carl-defense=0 enemy-attack=0,0
party action uses=8,40 / 2,40
PASS expect 35 2 9 7 0
frame=27152 map=35.2 pos=9,5 flags=0
party=2 HP=30/30,26/26 battle=0 battlers=0 outcome=0 PP=0,0 trial=0 donut-ability=0
persistent PP=8,2 status=0,0
growth level/xp/item=8/399/0,8/709/0 stats maxHP/attack,maxHP/magic=30/20,26/13 foesHP=0,0
pattern trainer=0 turn=0 foePP=0,0 foeAtkDef=0,0 CarlAtk=0 foeLevel=0
support PP=0,0 Carl-defense=0 enemy-attack=0,0
party action uses=8,40 / 2,40
frame=27192 map=35.2 pos=9,5 flags=0
party=2 HP=30/30,26/26 battle=0 battlers=0 outcome=0 PP=0,0 trial=0 donut-ability=0
persistent PP=8,2 status=0,0
growth level/xp/item=8/399/0,8/709/0 stats maxHP/attack,maxHP/magic=30/20,26/13 foesHP=0,0
pattern trainer=0 turn=0 foePP=0,0 foeAtkDef=0,0 CarlAtk=0 foeLevel=0
support PP=0,0 Carl-defense=0 enemy-attack=0,0
party action uses=8,40 / 2,40
frame=27192 map=35.2 pos=9,5 flags=0
party=2 HP=30/30,26/26 battle=0 battlers=0 outcome=0 PP=0,0 trial=0 donut-ability=0
persistent PP=8,2 status=0,0
growth level/xp/item=8/399/0,8/709/0 stats maxHP/attack,maxHP/magic=30/20,26/13 foesHP=0,0
pattern trainer=0 turn=0 foePP=0,0 foeAtkDef=0,0 CarlAtk=0 foeLevel=0
support PP=0,0 Carl-defense=0 enemy-attack=0,0
party action uses=8,40 / 2,40
PASS expect 35 2 9 5 0
frame=27276 map=35.2 pos=4,5 flags=0
party=2 HP=30/30,26/26 battle=0 battlers=0 outcome=0 PP=0,0 trial=0 donut-ability=0
persistent PP=8,2 status=0,0
growth level/xp/item=8/399/0,8/709/0 stats maxHP/attack,maxHP/magic=30/20,26/13 foesHP=0,0
pattern trainer=0 turn=0 foePP=0,0 foeAtkDef=0,0 CarlAtk=0 foeLevel=0
support PP=0,0 Carl-defense=0 enemy-attack=0,0
party action uses=8,40 / 2,40
frame=27316 map=35.2 pos=4,5 flags=0
party=2 HP=30/30,26/26 battle=0 battlers=0 outcome=0 PP=0,0 trial=0 donut-ability=0
persistent PP=8,2 status=0,0
growth level/xp/item=8/399/0,8/709/0 stats maxHP/attack,maxHP/magic=30/20,26/13 foesHP=0,0
pattern trainer=0 turn=0 foePP=0,0 foeAtkDef=0,0 CarlAtk=0 foeLevel=0
support PP=0,0 Carl-defense=0 enemy-attack=0,0
party action uses=8,40 / 2,40
frame=27316 map=35.2 pos=4,5 flags=0
party=2 HP=30/30,26/26 battle=0 battlers=0 outcome=0 PP=0,0 trial=0 donut-ability=0
persistent PP=8,2 status=0,0
growth level/xp/item=8/399/0,8/709/0 stats maxHP/attack,maxHP/magic=30/20,26/13 foesHP=0,0
pattern trainer=0 turn=0 foePP=0,0 foeAtkDef=0,0 CarlAtk=0 foeLevel=0
support PP=0,0 Carl-defense=0 enemy-attack=0,0
party action uses=8,40 / 2,40
PASS expect 35 2 4 5 0
frame=27464 map=35.2 pos=4,5 flags=0
party=2 HP=30/30,26/26 battle=0 battlers=0 outcome=0 PP=0,0 trial=0 donut-ability=0
persistent PP=8,2 status=0,0
growth level/xp/item=8/399/0,8/709/0 stats maxHP/attack,maxHP/magic=30/20,26/13 foesHP=0,0
pattern trainer=0 turn=0 foePP=0,0 foeAtkDef=0,0 CarlAtk=0 foeLevel=0
support PP=0,0 Carl-defense=0 enemy-attack=0,0
party action uses=8,40 / 2,40
frame=27504 map=35.2 pos=4,5 flags=0
party=2 HP=30/30,26/26 battle=0 battlers=0 outcome=0 PP=0,0 trial=0 donut-ability=0
persistent PP=8,2 status=0,0
growth level/xp/item=8/399/0,8/709/0 stats maxHP/attack,maxHP/magic=30/20,26/13 foesHP=0,0
pattern trainer=0 turn=0 foePP=0,0 foeAtkDef=0,0 CarlAtk=0 foeLevel=0
support PP=0,0 Carl-defense=0 enemy-attack=0,0
party action uses=8,40 / 2,40
frame=27504 map=35.2 pos=4,5 flags=0
party=2 HP=30/30,26/26 battle=0 battlers=0 outcome=0 PP=0,0 trial=0 donut-ability=0
persistent PP=8,2 status=0,0
growth level/xp/item=8/399/0,8/709/0 stats maxHP/attack,maxHP/magic=30/20,26/13 foesHP=0,0
pattern trainer=0 turn=0 foePP=0,0 foeAtkDef=0,0 CarlAtk=0 foeLevel=0
support PP=0,0 Carl-defense=0 enemy-attack=0,0
party action uses=8,40 / 2,40
PASS expect 35 2 4 5 0
frame=27540 map=35.2 pos=4,3 flags=0
party=2 HP=30/30,26/26 battle=0 battlers=0 outcome=0 PP=0,0 trial=0 donut-ability=0
persistent PP=8,2 status=0,0
growth level/xp/item=8/399/0,8/709/0 stats maxHP/attack,maxHP/magic=30/20,26/13 foesHP=0,0
pattern trainer=0 turn=0 foePP=0,0 foeAtkDef=0,0 CarlAtk=0 foeLevel=0
support PP=0,0 Carl-defense=0 enemy-attack=0,0
party action uses=8,40 / 2,40
frame=27580 map=35.0 pos=42,40 flags=0
party=2 HP=30/30,26/26 battle=0 battlers=0 outcome=0 PP=0,0 trial=0 donut-ability=0
persistent PP=8,2 status=0,0
growth level/xp/item=8/399/0,8/709/0 stats maxHP/attack,maxHP/magic=30/20,26/13 foesHP=0,0
pattern trainer=0 turn=0 foePP=0,0 foeAtkDef=0,0 CarlAtk=0 foeLevel=0
support PP=0,0 Carl-defense=0 enemy-attack=0,0
party action uses=8,40 / 2,40
frame=27880 map=35.0 pos=42,40 flags=0
party=2 HP=30/30,26/26 battle=0 battlers=0 outcome=0 PP=0,0 trial=0 donut-ability=0
persistent PP=8,2 status=0,0
growth level/xp/item=8/399/0,8/709/0 stats maxHP/attack,maxHP/magic=30/20,26/13 foesHP=0,0
pattern trainer=0 turn=0 foePP=0,0 foeAtkDef=0,0 CarlAtk=0 foeLevel=0
support PP=0,0 Carl-defense=0 enemy-attack=0,0
party action uses=8,40 / 2,40
frame=27880 map=35.0 pos=42,40 flags=0
party=2 HP=30/30,26/26 battle=0 battlers=0 outcome=0 PP=0,0 trial=0 donut-ability=0
persistent PP=8,2 status=0,0
growth level/xp/item=8/399/0,8/709/0 stats maxHP/attack,maxHP/magic=30/20,26/13 foesHP=0,0
pattern trainer=0 turn=0 foePP=0,0 foeAtkDef=0,0 CarlAtk=0 foeLevel=0
support PP=0,0 Carl-defense=0 enemy-attack=0,0
party action uses=8,40 / 2,40
PASS expect 35 0 42 40 0
frame=27900 map=35.0 pos=42,41 flags=0
party=2 HP=30/30,26/26 battle=0 battlers=0 outcome=0 PP=0,0 trial=0 donut-ability=0
persistent PP=8,2 status=0,0
growth level/xp/item=8/399/0,8/709/0 stats maxHP/attack,maxHP/magic=30/20,26/13 foesHP=0,0
pattern trainer=0 turn=0 foePP=0,0 foeAtkDef=0,0 CarlAtk=0 foeLevel=0
support PP=0,0 Carl-defense=0 enemy-attack=0,0
party action uses=8,40 / 2,40
frame=27940 map=35.0 pos=42,41 flags=0
party=2 HP=30/30,26/26 battle=0 battlers=0 outcome=0 PP=0,0 trial=0 donut-ability=0
persistent PP=8,2 status=0,0
growth level/xp/item=8/399/0,8/709/0 stats maxHP/attack,maxHP/magic=30/20,26/13 foesHP=0,0
pattern trainer=0 turn=0 foePP=0,0 foeAtkDef=0,0 CarlAtk=0 foeLevel=0
support PP=0,0 Carl-defense=0 enemy-attack=0,0
party action uses=8,40 / 2,40
frame=27940 map=35.0 pos=42,41 flags=0
party=2 HP=30/30,26/26 battle=0 battlers=0 outcome=0 PP=0,0 trial=0 donut-ability=0
persistent PP=8,2 status=0,0
growth level/xp/item=8/399/0,8/709/0 stats maxHP/attack,maxHP/magic=30/20,26/13 foesHP=0,0
pattern trainer=0 turn=0 foePP=0,0 foeAtkDef=0,0 CarlAtk=0 foeLevel=0
support PP=0,0 Carl-defense=0 enemy-attack=0,0
party action uses=8,40 / 2,40
PASS expect 35 0 42 41 0
frame=28072 map=35.0 pos=34,41 flags=0
party=2 HP=30/30,26/26 battle=0 battlers=0 outcome=0 PP=0,0 trial=0 donut-ability=0
persistent PP=8,2 status=0,0
growth level/xp/item=8/399/0,8/709/0 stats maxHP/attack,maxHP/magic=30/20,26/13 foesHP=0,0
pattern trainer=0 turn=0 foePP=0,0 foeAtkDef=0,0 CarlAtk=0 foeLevel=0
support PP=0,0 Carl-defense=0 enemy-attack=0,0
party action uses=8,40 / 2,40
frame=28112 map=35.0 pos=34,41 flags=0
party=2 HP=30/30,26/26 battle=0 battlers=0 outcome=0 PP=0,0 trial=0 donut-ability=0
persistent PP=8,2 status=0,0
growth level/xp/item=8/399/0,8/709/0 stats maxHP/attack,maxHP/magic=30/20,26/13 foesHP=0,0
pattern trainer=0 turn=0 foePP=0,0 foeAtkDef=0,0 CarlAtk=0 foeLevel=0
support PP=0,0 Carl-defense=0 enemy-attack=0,0
party action uses=8,40 / 2,40
frame=28112 map=35.0 pos=34,41 flags=0
party=2 HP=30/30,26/26 battle=0 battlers=0 outcome=0 PP=0,0 trial=0 donut-ability=0
persistent PP=8,2 status=0,0
growth level/xp/item=8/399/0,8/709/0 stats maxHP/attack,maxHP/magic=30/20,26/13 foesHP=0,0
pattern trainer=0 turn=0 foePP=0,0 foeAtkDef=0,0 CarlAtk=0 foeLevel=0
support PP=0,0 Carl-defense=0 enemy-attack=0,0
party action uses=8,40 / 2,40
PASS expect 35 0 34 41 0
frame=28500 map=35.0 pos=34,17 flags=0
party=2 HP=30/30,26/26 battle=0 battlers=0 outcome=0 PP=0,0 trial=0 donut-ability=0
persistent PP=8,2 status=0,0
growth level/xp/item=8/399/0,8/709/0 stats maxHP/attack,maxHP/magic=30/20,26/13 foesHP=0,0
pattern trainer=0 turn=0 foePP=0,0 foeAtkDef=0,0 CarlAtk=0 foeLevel=0
support PP=0,0 Carl-defense=0 enemy-attack=0,0
party action uses=8,40 / 2,40
frame=28540 map=35.0 pos=34,17 flags=0
party=2 HP=30/30,26/26 battle=0 battlers=0 outcome=0 PP=0,0 trial=0 donut-ability=0
persistent PP=8,2 status=0,0
growth level/xp/item=8/399/0,8/709/0 stats maxHP/attack,maxHP/magic=30/20,26/13 foesHP=0,0
pattern trainer=0 turn=0 foePP=0,0 foeAtkDef=0,0 CarlAtk=0 foeLevel=0
support PP=0,0 Carl-defense=0 enemy-attack=0,0
party action uses=8,40 / 2,40
frame=28540 map=35.0 pos=34,17 flags=0
party=2 HP=30/30,26/26 battle=0 battlers=0 outcome=0 PP=0,0 trial=0 donut-ability=0
persistent PP=8,2 status=0,0
growth level/xp/item=8/399/0,8/709/0 stats maxHP/attack,maxHP/magic=30/20,26/13 foesHP=0,0
pattern trainer=0 turn=0 foePP=0,0 foeAtkDef=0,0 CarlAtk=0 foeLevel=0
support PP=0,0 Carl-defense=0 enemy-attack=0,0
party action uses=8,40 / 2,40
PASS expect 35 0 34 17 0
frame=28720 map=35.0 pos=45,17 flags=0
party=2 HP=30/30,26/26 battle=0 battlers=0 outcome=0 PP=0,0 trial=0 donut-ability=0
persistent PP=8,2 status=0,0
growth level/xp/item=8/399/0,8/709/0 stats maxHP/attack,maxHP/magic=30/20,26/13 foesHP=0,0
pattern trainer=0 turn=0 foePP=0,0 foeAtkDef=0,0 CarlAtk=0 foeLevel=0
support PP=0,0 Carl-defense=0 enemy-attack=0,0
party action uses=8,40 / 2,40
frame=28760 map=35.3 pos=4,3 flags=0
party=2 HP=30/30,26/26 battle=0 battlers=0 outcome=0 PP=0,0 trial=0 donut-ability=0
persistent PP=8,2 status=0,0
growth level/xp/item=8/399/0,8/709/0 stats maxHP/attack,maxHP/magic=30/20,26/13 foesHP=0,0
pattern trainer=0 turn=0 foePP=0,0 foeAtkDef=0,0 CarlAtk=0 foeLevel=0
support PP=0,0 Carl-defense=0 enemy-attack=0,0
party action uses=8,40 / 2,40
frame=29060 map=35.3 pos=4,3 flags=0
party=2 HP=30/30,26/26 battle=0 battlers=0 outcome=0 PP=0,0 trial=0 donut-ability=0
persistent PP=8,2 status=0,0
growth level/xp/item=8/399/0,8/709/0 stats maxHP/attack,maxHP/magic=30/20,26/13 foesHP=0,0
pattern trainer=0 turn=0 foePP=0,0 foeAtkDef=0,0 CarlAtk=0 foeLevel=0
support PP=0,0 Carl-defense=0 enemy-attack=0,0
party action uses=8,40 / 2,40
frame=29060 map=35.3 pos=4,3 flags=0
party=2 HP=30/30,26/26 battle=0 battlers=0 outcome=0 PP=0,0 trial=0 donut-ability=0
persistent PP=8,2 status=0,0
growth level/xp/item=8/399/0,8/709/0 stats maxHP/attack,maxHP/magic=30/20,26/13 foesHP=0,0
pattern trainer=0 turn=0 foePP=0,0 foeAtkDef=0,0 CarlAtk=0 foeLevel=0
support PP=0,0 Carl-defense=0 enemy-attack=0,0
party action uses=8,40 / 2,40
PASS expect 35 3 4 3 0
frame=29080 map=35.3 pos=4,4 flags=0
party=2 HP=30/30,26/26 battle=0 battlers=0 outcome=0 PP=0,0 trial=0 donut-ability=0
persistent PP=8,2 status=0,0
growth level/xp/item=8/399/0,8/709/0 stats maxHP/attack,maxHP/magic=30/20,26/13 foesHP=0,0
pattern trainer=0 turn=0 foePP=0,0 foeAtkDef=0,0 CarlAtk=0 foeLevel=0
support PP=0,0 Carl-defense=0 enemy-attack=0,0
party action uses=8,40 / 2,40
frame=29120 map=35.3 pos=4,4 flags=0
party=2 HP=30/30,26/26 battle=0 battlers=0 outcome=0 PP=0,0 trial=0 donut-ability=0
persistent PP=8,2 status=0,0
growth level/xp/item=8/399/0,8/709/0 stats maxHP/attack,maxHP/magic=30/20,26/13 foesHP=0,0
pattern trainer=0 turn=0 foePP=0,0 foeAtkDef=0,0 CarlAtk=0 foeLevel=0
support PP=0,0 Carl-defense=0 enemy-attack=0,0
party action uses=8,40 / 2,40
frame=29120 map=35.3 pos=4,4 flags=0
party=2 HP=30/30,26/26 battle=0 battlers=0 outcome=0 PP=0,0 trial=0 donut-ability=0
persistent PP=8,2 status=0,0
growth level/xp/item=8/399/0,8/709/0 stats maxHP/attack,maxHP/magic=30/20,26/13 foesHP=0,0
pattern trainer=0 turn=0 foePP=0,0 foeAtkDef=0,0 CarlAtk=0 foeLevel=0
support PP=0,0 Carl-defense=0 enemy-attack=0,0
party action uses=8,40 / 2,40
PASS expect 35 3 4 4 0
frame=29156 map=35.3 pos=2,4 flags=0
party=2 HP=30/30,26/26 battle=0 battlers=0 outcome=0 PP=0,0 trial=0 donut-ability=0
persistent PP=8,2 status=0,0
growth level/xp/item=8/399/0,8/709/0 stats maxHP/attack,maxHP/magic=30/20,26/13 foesHP=0,0
pattern trainer=0 turn=0 foePP=0,0 foeAtkDef=0,0 CarlAtk=0 foeLevel=0
support PP=0,0 Carl-defense=0 enemy-attack=0,0
party action uses=8,40 / 2,40
frame=29196 map=35.3 pos=2,4 flags=0
party=2 HP=30/30,26/26 battle=0 battlers=0 outcome=0 PP=0,0 trial=0 donut-ability=0
persistent PP=8,2 status=0,0
growth level/xp/item=8/399/0,8/709/0 stats maxHP/attack,maxHP/magic=30/20,26/13 foesHP=0,0
pattern trainer=0 turn=0 foePP=0,0 foeAtkDef=0,0 CarlAtk=0 foeLevel=0
support PP=0,0 Carl-defense=0 enemy-attack=0,0
party action uses=8,40 / 2,40
frame=29196 map=35.3 pos=2,4 flags=0
party=2 HP=30/30,26/26 battle=0 battlers=0 outcome=0 PP=0,0 trial=0 donut-ability=0
persistent PP=8,2 status=0,0
growth level/xp/item=8/399/0,8/709/0 stats maxHP/attack,maxHP/magic=30/20,26/13 foesHP=0,0
pattern trainer=0 turn=0 foePP=0,0 foeAtkDef=0,0 CarlAtk=0 foeLevel=0
support PP=0,0 Carl-defense=0 enemy-attack=0,0
party action uses=8,40 / 2,40
PASS expect 35 3 2 4 0
frame=29264 map=35.3 pos=6,4 flags=0
party=2 HP=30/30,26/26 battle=0 battlers=0 outcome=0 PP=0,0 trial=0 donut-ability=0
persistent PP=8,2 status=0,0
growth level/xp/item=8/399/0,8/709/0 stats maxHP/attack,maxHP/magic=30/20,26/13 foesHP=0,0
pattern trainer=0 turn=0 foePP=0,0 foeAtkDef=0,0 CarlAtk=0 foeLevel=0
support PP=0,0 Carl-defense=0 enemy-attack=0,0
party action uses=8,40 / 2,40
frame=29304 map=35.3 pos=6,4 flags=0
party=2 HP=30/30,26/26 battle=0 battlers=0 outcome=0 PP=0,0 trial=0 donut-ability=0
persistent PP=8,2 status=0,0
growth level/xp/item=8/399/0,8/709/0 stats maxHP/attack,maxHP/magic=30/20,26/13 foesHP=0,0
pattern trainer=0 turn=0 foePP=0,0 foeAtkDef=0,0 CarlAtk=0 foeLevel=0
support PP=0,0 Carl-defense=0 enemy-attack=0,0
party action uses=8,40 / 2,40
frame=29304 map=35.3 pos=6,4 flags=0
party=2 HP=30/30,26/26 battle=0 battlers=0 outcome=0 PP=0,0 trial=0 donut-ability=0
persistent PP=8,2 status=0,0
growth level/xp/item=8/399/0,8/709/0 stats maxHP/attack,maxHP/magic=30/20,26/13 foesHP=0,0
pattern trainer=0 turn=0 foePP=0,0 foeAtkDef=0,0 CarlAtk=0 foeLevel=0
support PP=0,0 Carl-defense=0 enemy-attack=0,0
party action uses=8,40 / 2,40
PASS expect 35 3 6 4 0
frame=29344 map=35.3 pos=6,4 flags=0
party=2 HP=30/30,26/26 battle=0 battlers=0 outcome=0 PP=0,0 trial=0 donut-ability=0
persistent PP=8,2 status=0,0
growth level/xp/item=8/399/0,8/709/0 stats maxHP/attack,maxHP/magic=30/20,26/13 foesHP=0,0
pattern trainer=0 turn=0 foePP=0,0 foeAtkDef=0,0 CarlAtk=0 foeLevel=0
support PP=0,0 Carl-defense=0 enemy-attack=0,0
party action uses=8,40 / 2,40
frame=29412 map=35.3 pos=2,4 flags=0
party=2 HP=30/30,26/26 battle=0 battlers=0 outcome=0 PP=0,0 trial=0 donut-ability=0
persistent PP=8,2 status=0,0
growth level/xp/item=8/399/0,8/709/0 stats maxHP/attack,maxHP/magic=30/20,26/13 foesHP=0,0
pattern trainer=0 turn=0 foePP=0,0 foeAtkDef=0,0 CarlAtk=0 foeLevel=0
support PP=0,0 Carl-defense=0 enemy-attack=0,0
party action uses=8,40 / 2,40
frame=29452 map=35.3 pos=2,4 flags=0
party=2 HP=30/30,26/26 battle=0 battlers=0 outcome=0 PP=0,0 trial=0 donut-ability=0
persistent PP=8,2 status=0,0
growth level/xp/item=8/399/0,8/709/0 stats maxHP/attack,maxHP/magic=30/20,26/13 foesHP=0,0
pattern trainer=0 turn=0 foePP=0,0 foeAtkDef=0,0 CarlAtk=0 foeLevel=0
support PP=0,0 Carl-defense=0 enemy-attack=0,0
party action uses=8,40 / 2,40
frame=29452 map=35.3 pos=2,4 flags=0
party=2 HP=30/30,26/26 battle=0 battlers=0 outcome=0 PP=0,0 trial=0 donut-ability=0
persistent PP=8,2 status=0,0
growth level/xp/item=8/399/0,8/709/0 stats maxHP/attack,maxHP/magic=30/20,26/13 foesHP=0,0
pattern trainer=0 turn=0 foePP=0,0 foeAtkDef=0,0 CarlAtk=0 foeLevel=0
support PP=0,0 Carl-defense=0 enemy-attack=0,0
party action uses=8,40 / 2,40
PASS expect 35 3 2 4 0
frame=29488 map=35.3 pos=2,2 flags=0
party=2 HP=30/30,26/26 battle=0 battlers=0 outcome=0 PP=0,0 trial=0 donut-ability=0
persistent PP=8,2 status=0,0
growth level/xp/item=8/399/0,8/709/0 stats maxHP/attack,maxHP/magic=30/20,26/13 foesHP=0,0
pattern trainer=0 turn=0 foePP=0,0 foeAtkDef=0,0 CarlAtk=0 foeLevel=0
support PP=0,0 Carl-defense=0 enemy-attack=0,0
party action uses=8,40 / 2,40
frame=29528 map=35.3 pos=2,2 flags=0
party=2 HP=30/30,26/26 battle=0 battlers=0 outcome=0 PP=0,0 trial=0 donut-ability=0
persistent PP=8,2 status=0,0
growth level/xp/item=8/399/0,8/709/0 stats maxHP/attack,maxHP/magic=30/20,26/13 foesHP=0,0
pattern trainer=0 turn=0 foePP=0,0 foeAtkDef=0,0 CarlAtk=0 foeLevel=0
support PP=0,0 Carl-defense=0 enemy-attack=0,0
party action uses=8,40 / 2,40
frame=29528 map=35.3 pos=2,2 flags=0
party=2 HP=30/30,26/26 battle=0 battlers=0 outcome=0 PP=0,0 trial=0 donut-ability=0
persistent PP=8,2 status=0,0
growth level/xp/item=8/399/0,8/709/0 stats maxHP/attack,maxHP/magic=30/20,26/13 foesHP=0,0
pattern trainer=0 turn=0 foePP=0,0 foeAtkDef=0,0 CarlAtk=0 foeLevel=0
support PP=0,0 Carl-defense=0 enemy-attack=0,0
party action uses=8,40 / 2,40
PASS expect 35 3 2 2 0
frame=29612 map=35.3 pos=7,2 flags=0
party=2 HP=30/30,26/26 battle=0 battlers=0 outcome=0 PP=0,0 trial=0 donut-ability=0
persistent PP=8,2 status=0,0
growth level/xp/item=8/399/0,8/709/0 stats maxHP/attack,maxHP/magic=30/20,26/13 foesHP=0,0
pattern trainer=0 turn=0 foePP=0,0 foeAtkDef=0,0 CarlAtk=0 foeLevel=0
support PP=0,0 Carl-defense=0 enemy-attack=0,0
party action uses=8,40 / 2,40
frame=29652 map=35.3 pos=7,2 flags=0
party=2 HP=30/30,26/26 battle=0 battlers=0 outcome=0 PP=0,0 trial=0 donut-ability=0
persistent PP=8,2 status=0,0
growth level/xp/item=8/399/0,8/709/0 stats maxHP/attack,maxHP/magic=30/20,26/13 foesHP=0,0
pattern trainer=0 turn=0 foePP=0,0 foeAtkDef=0,0 CarlAtk=0 foeLevel=0
support PP=0,0 Carl-defense=0 enemy-attack=0,0
party action uses=8,40 / 2,40
frame=29652 map=35.3 pos=7,2 flags=0
party=2 HP=30/30,26/26 battle=0 battlers=0 outcome=0 PP=0,0 trial=0 donut-ability=0
persistent PP=8,2 status=0,0
growth level/xp/item=8/399/0,8/709/0 stats maxHP/attack,maxHP/magic=30/20,26/13 foesHP=0,0
pattern trainer=0 turn=0 foePP=0,0 foeAtkDef=0,0 CarlAtk=0 foeLevel=0
support PP=0,0 Carl-defense=0 enemy-attack=0,0
party action uses=8,40 / 2,40
PASS expect 35 3 7 2 0
frame=29736 map=35.3 pos=7,7 flags=0
party=2 HP=30/30,26/26 battle=0 battlers=0 outcome=0 PP=0,0 trial=0 donut-ability=0
persistent PP=8,2 status=0,0
growth level/xp/item=8/399/0,8/709/0 stats maxHP/attack,maxHP/magic=30/20,26/13 foesHP=0,0
pattern trainer=0 turn=0 foePP=0,0 foeAtkDef=0,0 CarlAtk=0 foeLevel=0
support PP=0,0 Carl-defense=0 enemy-attack=0,0
party action uses=8,40 / 2,40
frame=29776 map=35.3 pos=7,7 flags=0
party=2 HP=30/30,26/26 battle=0 battlers=0 outcome=0 PP=0,0 trial=0 donut-ability=0
persistent PP=8,2 status=0,0
growth level/xp/item=8/399/0,8/709/0 stats maxHP/attack,maxHP/magic=30/20,26/13 foesHP=0,0
pattern trainer=0 turn=0 foePP=0,0 foeAtkDef=0,0 CarlAtk=0 foeLevel=0
support PP=0,0 Carl-defense=0 enemy-attack=0,0
party action uses=8,40 / 2,40
frame=29776 map=35.3 pos=7,7 flags=0
party=2 HP=30/30,26/26 battle=0 battlers=0 outcome=0 PP=0,0 trial=0 donut-ability=0
persistent PP=8,2 status=0,0
growth level/xp/item=8/399/0,8/709/0 stats maxHP/attack,maxHP/magic=30/20,26/13 foesHP=0,0
pattern trainer=0 turn=0 foePP=0,0 foeAtkDef=0,0 CarlAtk=0 foeLevel=0
support PP=0,0 Carl-defense=0 enemy-attack=0,0
party action uses=8,40 / 2,40
PASS expect 35 3 7 7 0
frame=29816 map=35.3 pos=7,7 flags=0
party=2 HP=30/30,26/26 battle=0 battlers=0 outcome=0 PP=0,0 trial=0 donut-ability=0
persistent PP=8,2 status=0,0
growth level/xp/item=8/399/0,8/709/0 stats maxHP/attack,maxHP/magic=30/20,26/13 foesHP=0,0
pattern trainer=0 turn=0 foePP=0,0 foeAtkDef=0,0 CarlAtk=0 foeLevel=0
support PP=0,0 Carl-defense=0 enemy-attack=0,0
party action uses=8,40 / 2,40
frame=29900 map=35.3 pos=7,2 flags=0
party=2 HP=30/30,26/26 battle=0 battlers=0 outcome=0 PP=0,0 trial=0 donut-ability=0
persistent PP=8,2 status=0,0
growth level/xp/item=8/399/0,8/709/0 stats maxHP/attack,maxHP/magic=30/20,26/13 foesHP=0,0
pattern trainer=0 turn=0 foePP=0,0 foeAtkDef=0,0 CarlAtk=0 foeLevel=0
support PP=0,0 Carl-defense=0 enemy-attack=0,0
party action uses=8,40 / 2,40
frame=29940 map=35.3 pos=7,2 flags=0
party=2 HP=30/30,26/26 battle=0 battlers=0 outcome=0 PP=0,0 trial=0 donut-ability=0
persistent PP=8,2 status=0,0
growth level/xp/item=8/399/0,8/709/0 stats maxHP/attack,maxHP/magic=30/20,26/13 foesHP=0,0
pattern trainer=0 turn=0 foePP=0,0 foeAtkDef=0,0 CarlAtk=0 foeLevel=0
support PP=0,0 Carl-defense=0 enemy-attack=0,0
party action uses=8,40 / 2,40
frame=29940 map=35.3 pos=7,2 flags=0
party=2 HP=30/30,26/26 battle=0 battlers=0 outcome=0 PP=0,0 trial=0 donut-ability=0
persistent PP=8,2 status=0,0
growth level/xp/item=8/399/0,8/709/0 stats maxHP/attack,maxHP/magic=30/20,26/13 foesHP=0,0
pattern trainer=0 turn=0 foePP=0,0 foeAtkDef=0,0 CarlAtk=0 foeLevel=0
support PP=0,0 Carl-defense=0 enemy-attack=0,0
party action uses=8,40 / 2,40
PASS expect 35 3 7 2 0
frame=29960 map=35.3 pos=8,2 flags=0
party=2 HP=30/30,26/26 battle=0 battlers=0 outcome=0 PP=0,0 trial=0 donut-ability=0
persistent PP=8,2 status=0,0
growth level/xp/item=8/399/0,8/709/0 stats maxHP/attack,maxHP/magic=30/20,26/13 foesHP=0,0
pattern trainer=0 turn=0 foePP=0,0 foeAtkDef=0,0 CarlAtk=0 foeLevel=0
support PP=0,0 Carl-defense=0 enemy-attack=0,0
party action uses=8,40 / 2,40
frame=30000 map=35.3 pos=8,2 flags=0
party=2 HP=30/30,26/26 battle=0 battlers=0 outcome=0 PP=0,0 trial=0 donut-ability=0
persistent PP=8,2 status=0,0
growth level/xp/item=8/399/0,8/709/0 stats maxHP/attack,maxHP/magic=30/20,26/13 foesHP=0,0
pattern trainer=0 turn=0 foePP=0,0 foeAtkDef=0,0 CarlAtk=0 foeLevel=0
support PP=0,0 Carl-defense=0 enemy-attack=0,0
party action uses=8,40 / 2,40
frame=30000 map=35.3 pos=8,2 flags=0
party=2 HP=30/30,26/26 battle=0 battlers=0 outcome=0 PP=0,0 trial=0 donut-ability=0
persistent PP=8,2 status=0,0
growth level/xp/item=8/399/0,8/709/0 stats maxHP/attack,maxHP/magic=30/20,26/13 foesHP=0,0
pattern trainer=0 turn=0 foePP=0,0 foeAtkDef=0,0 CarlAtk=0 foeLevel=0
support PP=0,0 Carl-defense=0 enemy-attack=0,0
party action uses=8,40 / 2,40
PASS expect 35 3 8 2 0
frame=30084 map=35.3 pos=8,7 flags=0
party=2 HP=30/30,26/26 battle=0 battlers=0 outcome=0 PP=0,0 trial=0 donut-ability=0
persistent PP=8,2 status=0,0
growth level/xp/item=8/399/0,8/709/0 stats maxHP/attack,maxHP/magic=30/20,26/13 foesHP=0,0
pattern trainer=0 turn=0 foePP=0,0 foeAtkDef=0,0 CarlAtk=0 foeLevel=0
support PP=0,0 Carl-defense=0 enemy-attack=0,0
party action uses=8,40 / 2,40
frame=30124 map=35.3 pos=8,7 flags=0
party=2 HP=30/30,26/26 battle=0 battlers=0 outcome=0 PP=0,0 trial=0 donut-ability=0
persistent PP=8,2 status=0,0
growth level/xp/item=8/399/0,8/709/0 stats maxHP/attack,maxHP/magic=30/20,26/13 foesHP=0,0
pattern trainer=0 turn=0 foePP=0,0 foeAtkDef=0,0 CarlAtk=0 foeLevel=0
support PP=0,0 Carl-defense=0 enemy-attack=0,0
party action uses=8,40 / 2,40
frame=30124 map=35.3 pos=8,7 flags=0
party=2 HP=30/30,26/26 battle=0 battlers=0 outcome=0 PP=0,0 trial=0 donut-ability=0
persistent PP=8,2 status=0,0
growth level/xp/item=8/399/0,8/709/0 stats maxHP/attack,maxHP/magic=30/20,26/13 foesHP=0,0
pattern trainer=0 turn=0 foePP=0,0 foeAtkDef=0,0 CarlAtk=0 foeLevel=0
support PP=0,0 Carl-defense=0 enemy-attack=0,0
party action uses=8,40 / 2,40
PASS expect 35 3 8 7 0
frame=30272 map=35.3 pos=8,7 flags=0
party=2 HP=30/30,26/26 battle=0 battlers=0 outcome=0 PP=0,0 trial=0 donut-ability=0
persistent PP=8,2 status=0,0
growth level/xp/item=8/399/0,8/709/0 stats maxHP/attack,maxHP/magic=30/20,26/13 foesHP=0,0
pattern trainer=0 turn=0 foePP=0,0 foeAtkDef=0,0 CarlAtk=0 foeLevel=0
support PP=0,0 Carl-defense=0 enemy-attack=0,0
party action uses=8,40 / 2,40
frame=30312 map=35.3 pos=8,7 flags=0
party=2 HP=30/30,26/26 battle=0 battlers=0 outcome=0 PP=0,0 trial=0 donut-ability=0
persistent PP=8,2 status=0,0
growth level/xp/item=8/399/0,8/709/0 stats maxHP/attack,maxHP/magic=30/20,26/13 foesHP=0,0
pattern trainer=0 turn=0 foePP=0,0 foeAtkDef=0,0 CarlAtk=0 foeLevel=0
support PP=0,0 Carl-defense=0 enemy-attack=0,0
party action uses=8,40 / 2,40
frame=30312 map=35.3 pos=8,7 flags=0
party=2 HP=30/30,26/26 battle=0 battlers=0 outcome=0 PP=0,0 trial=0 donut-ability=0
persistent PP=8,2 status=0,0
growth level/xp/item=8/399/0,8/709/0 stats maxHP/attack,maxHP/magic=30/20,26/13 foesHP=0,0
pattern trainer=0 turn=0 foePP=0,0 foeAtkDef=0,0 CarlAtk=0 foeLevel=0
support PP=0,0 Carl-defense=0 enemy-attack=0,0
party action uses=8,40 / 2,40
PASS expect 35 3 8 7 0
frame=30380 map=35.3 pos=8,3 flags=0
party=2 HP=30/30,26/26 battle=0 battlers=0 outcome=0 PP=0,0 trial=0 donut-ability=0
persistent PP=8,2 status=0,0
growth level/xp/item=8/399/0,8/709/0 stats maxHP/attack,maxHP/magic=30/20,26/13 foesHP=0,0
pattern trainer=0 turn=0 foePP=0,0 foeAtkDef=0,0 CarlAtk=0 foeLevel=0
support PP=0,0 Carl-defense=0 enemy-attack=0,0
party action uses=8,40 / 2,40
frame=30420 map=35.3 pos=8,3 flags=0
party=2 HP=30/30,26/26 battle=0 battlers=0 outcome=0 PP=0,0 trial=0 donut-ability=0
persistent PP=8,2 status=0,0
growth level/xp/item=8/399/0,8/709/0 stats maxHP/attack,maxHP/magic=30/20,26/13 foesHP=0,0
pattern trainer=0 turn=0 foePP=0,0 foeAtkDef=0,0 CarlAtk=0 foeLevel=0
support PP=0,0 Carl-defense=0 enemy-attack=0,0
party action uses=8,40 / 2,40
frame=30420 map=35.3 pos=8,3 flags=0
party=2 HP=30/30,26/26 battle=0 battlers=0 outcome=0 PP=0,0 trial=0 donut-ability=0
persistent PP=8,2 status=0,0
growth level/xp/item=8/399/0,8/709/0 stats maxHP/attack,maxHP/magic=30/20,26/13 foesHP=0,0
pattern trainer=0 turn=0 foePP=0,0 foeAtkDef=0,0 CarlAtk=0 foeLevel=0
support PP=0,0 Carl-defense=0 enemy-attack=0,0
party action uses=8,40 / 2,40
PASS expect 35 3 8 3 0
frame=30488 map=35.3 pos=4,3 flags=0
party=2 HP=30/30,26/26 battle=0 battlers=0 outcome=0 PP=0,0 trial=0 donut-ability=0
persistent PP=8,2 status=0,0
growth level/xp/item=8/399/0,8/709/0 stats maxHP/attack,maxHP/magic=30/20,26/13 foesHP=0,0
pattern trainer=0 turn=0 foePP=0,0 foeAtkDef=0,0 CarlAtk=0 foeLevel=0
support PP=0,0 Carl-defense=0 enemy-attack=0,0
party action uses=8,40 / 2,40
frame=30528 map=35.0 pos=45,17 flags=0
party=2 HP=30/30,26/26 battle=0 battlers=0 outcome=0 PP=0,0 trial=0 donut-ability=0
persistent PP=8,2 status=0,0
growth level/xp/item=8/399/0,8/709/0 stats maxHP/attack,maxHP/magic=30/20,26/13 foesHP=0,0
pattern trainer=0 turn=0 foePP=0,0 foeAtkDef=0,0 CarlAtk=0 foeLevel=0
support PP=0,0 Carl-defense=0 enemy-attack=0,0
party action uses=8,40 / 2,40
frame=30828 map=35.0 pos=45,17 flags=0
party=2 HP=30/30,26/26 battle=0 battlers=0 outcome=0 PP=0,0 trial=0 donut-ability=0
persistent PP=8,2 status=0,0
growth level/xp/item=8/399/0,8/709/0 stats maxHP/attack,maxHP/magic=30/20,26/13 foesHP=0,0
pattern trainer=0 turn=0 foePP=0,0 foeAtkDef=0,0 CarlAtk=0 foeLevel=0
support PP=0,0 Carl-defense=0 enemy-attack=0,0
party action uses=8,40 / 2,40
frame=30828 map=35.0 pos=45,17 flags=0
party=2 HP=30/30,26/26 battle=0 battlers=0 outcome=0 PP=0,0 trial=0 donut-ability=0
persistent PP=8,2 status=0,0
growth level/xp/item=8/399/0,8/709/0 stats maxHP/attack,maxHP/magic=30/20,26/13 foesHP=0,0
pattern trainer=0 turn=0 foePP=0,0 foeAtkDef=0,0 CarlAtk=0 foeLevel=0
support PP=0,0 Carl-defense=0 enemy-attack=0,0
party action uses=8,40 / 2,40
PASS expect 35 0 45 17 0
frame=30848 map=35.0 pos=45,18 flags=0
party=2 HP=30/30,26/26 battle=0 battlers=0 outcome=0 PP=0,0 trial=0 donut-ability=0
persistent PP=8,2 status=0,0
growth level/xp/item=8/399/0,8/709/0 stats maxHP/attack,maxHP/magic=30/20,26/13 foesHP=0,0
pattern trainer=0 turn=0 foePP=0,0 foeAtkDef=0,0 CarlAtk=0 foeLevel=0
support PP=0,0 Carl-defense=0 enemy-attack=0,0
party action uses=8,40 / 2,40
frame=30888 map=35.0 pos=45,18 flags=0
party=2 HP=30/30,26/26 battle=0 battlers=0 outcome=0 PP=0,0 trial=0 donut-ability=0
persistent PP=8,2 status=0,0
growth level/xp/item=8/399/0,8/709/0 stats maxHP/attack,maxHP/magic=30/20,26/13 foesHP=0,0
pattern trainer=0 turn=0 foePP=0,0 foeAtkDef=0,0 CarlAtk=0 foeLevel=0
support PP=0,0 Carl-defense=0 enemy-attack=0,0
party action uses=8,40 / 2,40
frame=30888 map=35.0 pos=45,18 flags=0
party=2 HP=30/30,26/26 battle=0 battlers=0 outcome=0 PP=0,0 trial=0 donut-ability=0
persistent PP=8,2 status=0,0
growth level/xp/item=8/399/0,8/709/0 stats maxHP/attack,maxHP/magic=30/20,26/13 foesHP=0,0
pattern trainer=0 turn=0 foePP=0,0 foeAtkDef=0,0 CarlAtk=0 foeLevel=0
support PP=0,0 Carl-defense=0 enemy-attack=0,0
party action uses=8,40 / 2,40
PASS expect 35 0 45 18 0
frame=30908 map=35.0 pos=45,17 flags=0
party=2 HP=30/30,26/26 battle=0 battlers=0 outcome=0 PP=0,0 trial=0 donut-ability=0
persistent PP=8,2 status=0,0
growth level/xp/item=8/399/0,8/709/0 stats maxHP/attack,maxHP/magic=30/20,26/13 foesHP=0,0
pattern trainer=0 turn=0 foePP=0,0 foeAtkDef=0,0 CarlAtk=0 foeLevel=0
support PP=0,0 Carl-defense=0 enemy-attack=0,0
party action uses=8,40 / 2,40
frame=30948 map=35.3 pos=4,3 flags=0
party=2 HP=30/30,26/26 battle=0 battlers=0 outcome=0 PP=0,0 trial=0 donut-ability=0
persistent PP=8,2 status=0,0
growth level/xp/item=8/399/0,8/709/0 stats maxHP/attack,maxHP/magic=30/20,26/13 foesHP=0,0
pattern trainer=0 turn=0 foePP=0,0 foeAtkDef=0,0 CarlAtk=0 foeLevel=0
support PP=0,0 Carl-defense=0 enemy-attack=0,0
party action uses=8,40 / 2,40
frame=31248 map=35.3 pos=4,3 flags=0
party=2 HP=30/30,26/26 battle=0 battlers=0 outcome=0 PP=0,0 trial=0 donut-ability=0
persistent PP=8,2 status=0,0
growth level/xp/item=8/399/0,8/709/0 stats maxHP/attack,maxHP/magic=30/20,26/13 foesHP=0,0
pattern trainer=0 turn=0 foePP=0,0 foeAtkDef=0,0 CarlAtk=0 foeLevel=0
support PP=0,0 Carl-defense=0 enemy-attack=0,0
party action uses=8,40 / 2,40
frame=31248 map=35.3 pos=4,3 flags=0
party=2 HP=30/30,26/26 battle=0 battlers=0 outcome=0 PP=0,0 trial=0 donut-ability=0
persistent PP=8,2 status=0,0
growth level/xp/item=8/399/0,8/709/0 stats maxHP/attack,maxHP/magic=30/20,26/13 foesHP=0,0
pattern trainer=0 turn=0 foePP=0,0 foeAtkDef=0,0 CarlAtk=0 foeLevel=0
support PP=0,0 Carl-defense=0 enemy-attack=0,0
party action uses=8,40 / 2,40
PASS expect 35 3 4 3 0
frame=31380 map=35.3 pos=12,3 flags=0
party=2 HP=30/30,26/26 battle=0 battlers=0 outcome=0 PP=0,0 trial=0 donut-ability=0
persistent PP=8,2 status=0,0
growth level/xp/item=8/399/0,8/709/0 stats maxHP/attack,maxHP/magic=30/20,26/13 foesHP=0,0
pattern trainer=0 turn=0 foePP=0,0 foeAtkDef=0,0 CarlAtk=0 foeLevel=0
support PP=0,0 Carl-defense=0 enemy-attack=0,0
party action uses=8,40 / 2,40
frame=31420 map=35.3 pos=12,3 flags=0
party=2 HP=30/30,26/26 battle=0 battlers=0 outcome=0 PP=0,0 trial=0 donut-ability=0
persistent PP=8,2 status=0,0
growth level/xp/item=8/399/0,8/709/0 stats maxHP/attack,maxHP/magic=30/20,26/13 foesHP=0,0
pattern trainer=0 turn=0 foePP=0,0 foeAtkDef=0,0 CarlAtk=0 foeLevel=0
support PP=0,0 Carl-defense=0 enemy-attack=0,0
party action uses=8,40 / 2,40
frame=31420 map=35.3 pos=12,3 flags=0
party=2 HP=30/30,26/26 battle=0 battlers=0 outcome=0 PP=0,0 trial=0 donut-ability=0
persistent PP=8,2 status=0,0
growth level/xp/item=8/399/0,8/709/0 stats maxHP/attack,maxHP/magic=30/20,26/13 foesHP=0,0
pattern trainer=0 turn=0 foePP=0,0 foeAtkDef=0,0 CarlAtk=0 foeLevel=0
support PP=0,0 Carl-defense=0 enemy-attack=0,0
party action uses=8,40 / 2,40
PASS expect 35 3 12 3 0
frame=31536 map=35.3 pos=12,10 flags=0
party=2 HP=30/30,26/26 battle=0 battlers=0 outcome=0 PP=0,0 trial=0 donut-ability=0
persistent PP=8,2 status=0,0
growth level/xp/item=8/399/0,8/709/0 stats maxHP/attack,maxHP/magic=30/20,26/13 foesHP=0,0
pattern trainer=0 turn=0 foePP=0,0 foeAtkDef=0,0 CarlAtk=0 foeLevel=0
support PP=0,0 Carl-defense=0 enemy-attack=0,0
party action uses=8,40 / 2,40
frame=31576 map=35.3 pos=12,10 flags=0
party=2 HP=30/30,26/26 battle=0 battlers=0 outcome=0 PP=0,0 trial=0 donut-ability=0
persistent PP=8,2 status=0,0
growth level/xp/item=8/399/0,8/709/0 stats maxHP/attack,maxHP/magic=30/20,26/13 foesHP=0,0
pattern trainer=0 turn=0 foePP=0,0 foeAtkDef=0,0 CarlAtk=0 foeLevel=0
support PP=0,0 Carl-defense=0 enemy-attack=0,0
party action uses=8,40 / 2,40
frame=31576 map=35.3 pos=12,10 flags=0
party=2 HP=30/30,26/26 battle=0 battlers=0 outcome=0 PP=0,0 trial=0 donut-ability=0
persistent PP=8,2 status=0,0
growth level/xp/item=8/399/0,8/709/0 stats maxHP/attack,maxHP/magic=30/20,26/13 foesHP=0,0
pattern trainer=0 turn=0 foePP=0,0 foeAtkDef=0,0 CarlAtk=0 foeLevel=0
support PP=0,0 Carl-defense=0 enemy-attack=0,0
party action uses=8,40 / 2,40
PASS expect 35 3 12 10 0
frame=31616 map=35.3 pos=12,10 flags=0
party=2 HP=30/30,26/26 battle=0 battlers=0 outcome=0 PP=0,0 trial=0 donut-ability=0
persistent PP=8,2 status=0,0
growth level/xp/item=8/399/0,8/709/0 stats maxHP/attack,maxHP/magic=30/20,26/13 foesHP=0,0
pattern trainer=0 turn=0 foePP=0,0 foeAtkDef=0,0 CarlAtk=0 foeLevel=0
support PP=0,0 Carl-defense=0 enemy-attack=0,0
party action uses=8,40 / 2,40
frame=31617 map=35.3 pos=12,10 flags=0
party=2 HP=30/30,26/26 battle=0 battlers=0 outcome=0 PP=0,0 trial=0 donut-ability=0
persistent PP=8,2 status=0,0
growth level/xp/item=8/399/0,8/709/0 stats maxHP/attack,maxHP/magic=30/20,26/13 foesHP=0,0
pattern trainer=0 turn=0 foePP=0,0 foeAtkDef=0,0 CarlAtk=0 foeLevel=0
support PP=0,0 Carl-defense=0 enemy-attack=0,0
party action uses=8,40 / 2,40
frame=31657 map=35.3 pos=12,10 flags=0
party=2 HP=30/30,26/26 battle=0 battlers=0 outcome=0 PP=0,0 trial=0 donut-ability=0
persistent PP=8,2 status=0,0
growth level/xp/item=8/399/0,8/709/0 stats maxHP/attack,maxHP/magic=30/20,26/13 foesHP=0,0
pattern trainer=0 turn=0 foePP=0,0 foeAtkDef=0,0 CarlAtk=0 foeLevel=0
support PP=0,0 Carl-defense=0 enemy-attack=0,0
party action uses=8,40 / 2,40
frame=31658 map=35.3 pos=12,10 flags=0
party=2 HP=30/30,26/26 battle=0 battlers=0 outcome=0 PP=0,0 trial=0 donut-ability=0
persistent PP=8,2 status=0,0
growth level/xp/item=8/399/0,8/709/0 stats maxHP/attack,maxHP/magic=30/20,26/13 foesHP=0,0
pattern trainer=0 turn=0 foePP=0,0 foeAtkDef=0,0 CarlAtk=0 foeLevel=0
support PP=0,0 Carl-defense=0 enemy-attack=0,0
party action uses=8,40 / 2,40
frame=32058 map=35.4 pos=4,3 flags=0
party=2 HP=30/30,26/26 battle=0 battlers=0 outcome=0 PP=0,0 trial=0 donut-ability=0
persistent PP=8,2 status=0,0
growth level/xp/item=8/399/0,8/709/0 stats maxHP/attack,maxHP/magic=30/20,26/13 foesHP=0,0
pattern trainer=0 turn=0 foePP=0,0 foeAtkDef=0,0 CarlAtk=0 foeLevel=0
support PP=0,0 Carl-defense=0 enemy-attack=0,0
party action uses=8,40 / 2,40
frame=32058 map=35.4 pos=4,3 flags=0
party=2 HP=30/30,26/26 battle=0 battlers=0 outcome=0 PP=0,0 trial=0 donut-ability=0
persistent PP=8,2 status=0,0
growth level/xp/item=8/399/0,8/709/0 stats maxHP/attack,maxHP/magic=30/20,26/13 foesHP=0,0
pattern trainer=0 turn=0 foePP=0,0 foeAtkDef=0,0 CarlAtk=0 foeLevel=0
support PP=0,0 Carl-defense=0 enemy-attack=0,0
party action uses=8,40 / 2,40
PASS expect 35 4 4 3 0
frame=32074 map=35.4 pos=4,4 flags=0
party=2 HP=30/30,26/26 battle=0 battlers=0 outcome=0 PP=0,0 trial=0 donut-ability=0
persistent PP=8,2 status=0,0
growth level/xp/item=8/399/0,8/709/0 stats maxHP/attack,maxHP/magic=30/20,26/13 foesHP=0,0
pattern trainer=0 turn=0 foePP=0,0 foeAtkDef=0,0 CarlAtk=0 foeLevel=0
support PP=0,0 Carl-defense=0 enemy-attack=0,0
party action uses=8,40 / 2,40
frame=32114 map=35.4 pos=4,4 flags=0
party=2 HP=30/30,26/26 battle=0 battlers=0 outcome=0 PP=0,0 trial=0 donut-ability=0
persistent PP=8,2 status=0,0
growth level/xp/item=8/399/0,8/709/0 stats maxHP/attack,maxHP/magic=30/20,26/13 foesHP=0,0
pattern trainer=0 turn=0 foePP=0,0 foeAtkDef=0,0 CarlAtk=0 foeLevel=0
support PP=0,0 Carl-defense=0 enemy-attack=0,0
party action uses=8,40 / 2,40
frame=32114 map=35.4 pos=4,4 flags=0
party=2 HP=30/30,26/26 battle=0 battlers=0 outcome=0 PP=0,0 trial=0 donut-ability=0
persistent PP=8,2 status=0,0
growth level/xp/item=8/399/0,8/709/0 stats maxHP/attack,maxHP/magic=30/20,26/13 foesHP=0,0
pattern trainer=0 turn=0 foePP=0,0 foeAtkDef=0,0 CarlAtk=0 foeLevel=0
support PP=0,0 Carl-defense=0 enemy-attack=0,0
party action uses=8,40 / 2,40
PASS expect 35 4 4 4 0
frame=32150 map=35.4 pos=2,4 flags=0
party=2 HP=30/30,26/26 battle=0 battlers=0 outcome=0 PP=0,0 trial=0 donut-ability=0
persistent PP=8,2 status=0,0
growth level/xp/item=8/399/0,8/709/0 stats maxHP/attack,maxHP/magic=30/20,26/13 foesHP=0,0
pattern trainer=0 turn=0 foePP=0,0 foeAtkDef=0,0 CarlAtk=0 foeLevel=0
support PP=0,0 Carl-defense=0 enemy-attack=0,0
party action uses=8,40 / 2,40
frame=32190 map=35.4 pos=2,4 flags=0
party=2 HP=30/30,26/26 battle=0 battlers=0 outcome=0 PP=0,0 trial=0 donut-ability=0
persistent PP=8,2 status=0,0
growth level/xp/item=8/399/0,8/709/0 stats maxHP/attack,maxHP/magic=30/20,26/13 foesHP=0,0
pattern trainer=0 turn=0 foePP=0,0 foeAtkDef=0,0 CarlAtk=0 foeLevel=0
support PP=0,0 Carl-defense=0 enemy-attack=0,0
party action uses=8,40 / 2,40
frame=32190 map=35.4 pos=2,4 flags=0
party=2 HP=30/30,26/26 battle=0 battlers=0 outcome=0 PP=0,0 trial=0 donut-ability=0
persistent PP=8,2 status=0,0
growth level/xp/item=8/399/0,8/709/0 stats maxHP/attack,maxHP/magic=30/20,26/13 foesHP=0,0
pattern trainer=0 turn=0 foePP=0,0 foeAtkDef=0,0 CarlAtk=0 foeLevel=0
support PP=0,0 Carl-defense=0 enemy-attack=0,0
party action uses=8,40 / 2,40
PASS expect 35 4 2 4 0
frame=32258 map=35.4 pos=6,4 flags=0
party=2 HP=30/30,26/26 battle=0 battlers=0 outcome=0 PP=0,0 trial=0 donut-ability=0
persistent PP=8,2 status=0,0
growth level/xp/item=8/399/0,8/709/0 stats maxHP/attack,maxHP/magic=30/20,26/13 foesHP=0,0
pattern trainer=0 turn=0 foePP=0,0 foeAtkDef=0,0 CarlAtk=0 foeLevel=0
support PP=0,0 Carl-defense=0 enemy-attack=0,0
party action uses=8,40 / 2,40
frame=32298 map=35.4 pos=6,4 flags=0
party=2 HP=30/30,26/26 battle=0 battlers=0 outcome=0 PP=0,0 trial=0 donut-ability=0
persistent PP=8,2 status=0,0
growth level/xp/item=8/399/0,8/709/0 stats maxHP/attack,maxHP/magic=30/20,26/13 foesHP=0,0
pattern trainer=0 turn=0 foePP=0,0 foeAtkDef=0,0 CarlAtk=0 foeLevel=0
support PP=0,0 Carl-defense=0 enemy-attack=0,0
party action uses=8,40 / 2,40
frame=32298 map=35.4 pos=6,4 flags=0
party=2 HP=30/30,26/26 battle=0 battlers=0 outcome=0 PP=0,0 trial=0 donut-ability=0
persistent PP=8,2 status=0,0
growth level/xp/item=8/399/0,8/709/0 stats maxHP/attack,maxHP/magic=30/20,26/13 foesHP=0,0
pattern trainer=0 turn=0 foePP=0,0 foeAtkDef=0,0 CarlAtk=0 foeLevel=0
support PP=0,0 Carl-defense=0 enemy-attack=0,0
party action uses=8,40 / 2,40
PASS expect 35 4 6 4 0
frame=32338 map=35.4 pos=6,4 flags=0
party=2 HP=30/30,26/26 battle=0 battlers=0 outcome=0 PP=0,0 trial=0 donut-ability=0
persistent PP=8,2 status=0,0
growth level/xp/item=8/399/0,8/709/0 stats maxHP/attack,maxHP/magic=30/20,26/13 foesHP=0,0
pattern trainer=0 turn=0 foePP=0,0 foeAtkDef=0,0 CarlAtk=0 foeLevel=0
support PP=0,0 Carl-defense=0 enemy-attack=0,0
party action uses=8,40 / 2,40
frame=32406 map=35.4 pos=2,4 flags=0
party=2 HP=30/30,26/26 battle=0 battlers=0 outcome=0 PP=0,0 trial=0 donut-ability=0
persistent PP=8,2 status=0,0
growth level/xp/item=8/399/0,8/709/0 stats maxHP/attack,maxHP/magic=30/20,26/13 foesHP=0,0
pattern trainer=0 turn=0 foePP=0,0 foeAtkDef=0,0 CarlAtk=0 foeLevel=0
support PP=0,0 Carl-defense=0 enemy-attack=0,0
party action uses=8,40 / 2,40
frame=32446 map=35.4 pos=2,4 flags=0
party=2 HP=30/30,26/26 battle=0 battlers=0 outcome=0 PP=0,0 trial=0 donut-ability=0
persistent PP=8,2 status=0,0
growth level/xp/item=8/399/0,8/709/0 stats maxHP/attack,maxHP/magic=30/20,26/13 foesHP=0,0
pattern trainer=0 turn=0 foePP=0,0 foeAtkDef=0,0 CarlAtk=0 foeLevel=0
support PP=0,0 Carl-defense=0 enemy-attack=0,0
party action uses=8,40 / 2,40
frame=32446 map=35.4 pos=2,4 flags=0
party=2 HP=30/30,26/26 battle=0 battlers=0 outcome=0 PP=0,0 trial=0 donut-ability=0
persistent PP=8,2 status=0,0
growth level/xp/item=8/399/0,8/709/0 stats maxHP/attack,maxHP/magic=30/20,26/13 foesHP=0,0
pattern trainer=0 turn=0 foePP=0,0 foeAtkDef=0,0 CarlAtk=0 foeLevel=0
support PP=0,0 Carl-defense=0 enemy-attack=0,0
party action uses=8,40 / 2,40
PASS expect 35 4 2 4 0
frame=32482 map=35.4 pos=2,2 flags=0
party=2 HP=30/30,26/26 battle=0 battlers=0 outcome=0 PP=0,0 trial=0 donut-ability=0
persistent PP=8,2 status=0,0
growth level/xp/item=8/399/0,8/709/0 stats maxHP/attack,maxHP/magic=30/20,26/13 foesHP=0,0
pattern trainer=0 turn=0 foePP=0,0 foeAtkDef=0,0 CarlAtk=0 foeLevel=0
support PP=0,0 Carl-defense=0 enemy-attack=0,0
party action uses=8,40 / 2,40
frame=32522 map=35.4 pos=2,2 flags=0
party=2 HP=30/30,26/26 battle=0 battlers=0 outcome=0 PP=0,0 trial=0 donut-ability=0
persistent PP=8,2 status=0,0
growth level/xp/item=8/399/0,8/709/0 stats maxHP/attack,maxHP/magic=30/20,26/13 foesHP=0,0
pattern trainer=0 turn=0 foePP=0,0 foeAtkDef=0,0 CarlAtk=0 foeLevel=0
support PP=0,0 Carl-defense=0 enemy-attack=0,0
party action uses=8,40 / 2,40
frame=32522 map=35.4 pos=2,2 flags=0
party=2 HP=30/30,26/26 battle=0 battlers=0 outcome=0 PP=0,0 trial=0 donut-ability=0
persistent PP=8,2 status=0,0
growth level/xp/item=8/399/0,8/709/0 stats maxHP/attack,maxHP/magic=30/20,26/13 foesHP=0,0
pattern trainer=0 turn=0 foePP=0,0 foeAtkDef=0,0 CarlAtk=0 foeLevel=0
support PP=0,0 Carl-defense=0 enemy-attack=0,0
party action uses=8,40 / 2,40
PASS expect 35 4 2 2 0
frame=32606 map=35.4 pos=7,2 flags=0
party=2 HP=30/30,26/26 battle=0 battlers=0 outcome=0 PP=0,0 trial=0 donut-ability=0
persistent PP=8,2 status=0,0
growth level/xp/item=8/399/0,8/709/0 stats maxHP/attack,maxHP/magic=30/20,26/13 foesHP=0,0
pattern trainer=0 turn=0 foePP=0,0 foeAtkDef=0,0 CarlAtk=0 foeLevel=0
support PP=0,0 Carl-defense=0 enemy-attack=0,0
party action uses=8,40 / 2,40
frame=32646 map=35.4 pos=7,2 flags=0
party=2 HP=30/30,26/26 battle=0 battlers=0 outcome=0 PP=0,0 trial=0 donut-ability=0
persistent PP=8,2 status=0,0
growth level/xp/item=8/399/0,8/709/0 stats maxHP/attack,maxHP/magic=30/20,26/13 foesHP=0,0
pattern trainer=0 turn=0 foePP=0,0 foeAtkDef=0,0 CarlAtk=0 foeLevel=0
support PP=0,0 Carl-defense=0 enemy-attack=0,0
party action uses=8,40 / 2,40
frame=32646 map=35.4 pos=7,2 flags=0
party=2 HP=30/30,26/26 battle=0 battlers=0 outcome=0 PP=0,0 trial=0 donut-ability=0
persistent PP=8,2 status=0,0
growth level/xp/item=8/399/0,8/709/0 stats maxHP/attack,maxHP/magic=30/20,26/13 foesHP=0,0
pattern trainer=0 turn=0 foePP=0,0 foeAtkDef=0,0 CarlAtk=0 foeLevel=0
support PP=0,0 Carl-defense=0 enemy-attack=0,0
party action uses=8,40 / 2,40
PASS expect 35 4 7 2 0
frame=32714 map=35.4 pos=7,6 flags=0
party=2 HP=30/30,26/26 battle=0 battlers=0 outcome=0 PP=0,0 trial=0 donut-ability=0
persistent PP=8,2 status=0,0
growth level/xp/item=8/399/0,8/709/0 stats maxHP/attack,maxHP/magic=30/20,26/13 foesHP=0,0
pattern trainer=0 turn=0 foePP=0,0 foeAtkDef=0,0 CarlAtk=0 foeLevel=0
support PP=0,0 Carl-defense=0 enemy-attack=0,0
party action uses=8,40 / 2,40
frame=32754 map=35.4 pos=7,6 flags=0
party=2 HP=30/30,26/26 battle=0 battlers=0 outcome=0 PP=0,0 trial=0 donut-ability=0
persistent PP=8,2 status=0,0
growth level/xp/item=8/399/0,8/709/0 stats maxHP/attack,maxHP/magic=30/20,26/13 foesHP=0,0
pattern trainer=0 turn=0 foePP=0,0 foeAtkDef=0,0 CarlAtk=0 foeLevel=0
support PP=0,0 Carl-defense=0 enemy-attack=0,0
party action uses=8,40 / 2,40
frame=32754 map=35.4 pos=7,6 flags=0
party=2 HP=30/30,26/26 battle=0 battlers=0 outcome=0 PP=0,0 trial=0 donut-ability=0
persistent PP=8,2 status=0,0
growth level/xp/item=8/399/0,8/709/0 stats maxHP/attack,maxHP/magic=30/20,26/13 foesHP=0,0
pattern trainer=0 turn=0 foePP=0,0 foeAtkDef=0,0 CarlAtk=0 foeLevel=0
support PP=0,0 Carl-defense=0 enemy-attack=0,0
party action uses=8,40 / 2,40
PASS expect 35 4 7 6 0
frame=32794 map=35.4 pos=7,6 flags=0
party=2 HP=30/30,26/26 battle=0 battlers=0 outcome=0 PP=0,0 trial=0 donut-ability=0
persistent PP=8,2 status=0,0
growth level/xp/item=8/399/0,8/709/0 stats maxHP/attack,maxHP/magic=30/20,26/13 foesHP=0,0
pattern trainer=0 turn=0 foePP=0,0 foeAtkDef=0,0 CarlAtk=0 foeLevel=0
support PP=0,0 Carl-defense=0 enemy-attack=0,0
party action uses=8,40 / 2,40
frame=32862 map=35.4 pos=7,2 flags=0
party=2 HP=30/30,26/26 battle=0 battlers=0 outcome=0 PP=0,0 trial=0 donut-ability=0
persistent PP=8,2 status=0,0
growth level/xp/item=8/399/0,8/709/0 stats maxHP/attack,maxHP/magic=30/20,26/13 foesHP=0,0
pattern trainer=0 turn=0 foePP=0,0 foeAtkDef=0,0 CarlAtk=0 foeLevel=0
support PP=0,0 Carl-defense=0 enemy-attack=0,0
party action uses=8,40 / 2,40
frame=32902 map=35.4 pos=7,2 flags=0
party=2 HP=30/30,26/26 battle=0 battlers=0 outcome=0 PP=0,0 trial=0 donut-ability=0
persistent PP=8,2 status=0,0
growth level/xp/item=8/399/0,8/709/0 stats maxHP/attack,maxHP/magic=30/20,26/13 foesHP=0,0
pattern trainer=0 turn=0 foePP=0,0 foeAtkDef=0,0 CarlAtk=0 foeLevel=0
support PP=0,0 Carl-defense=0 enemy-attack=0,0
party action uses=8,40 / 2,40
frame=32902 map=35.4 pos=7,2 flags=0
party=2 HP=30/30,26/26 battle=0 battlers=0 outcome=0 PP=0,0 trial=0 donut-ability=0
persistent PP=8,2 status=0,0
growth level/xp/item=8/399/0,8/709/0 stats maxHP/attack,maxHP/magic=30/20,26/13 foesHP=0,0
pattern trainer=0 turn=0 foePP=0,0 foeAtkDef=0,0 CarlAtk=0 foeLevel=0
support PP=0,0 Carl-defense=0 enemy-attack=0,0
party action uses=8,40 / 2,40
PASS expect 35 4 7 2 0
frame=32970 map=35.4 pos=7,6 flags=0
party=2 HP=30/30,26/26 battle=0 battlers=0 outcome=0 PP=0,0 trial=0 donut-ability=0
persistent PP=8,2 status=0,0
growth level/xp/item=8/399/0,8/709/0 stats maxHP/attack,maxHP/magic=30/20,26/13 foesHP=0,0
pattern trainer=0 turn=0 foePP=0,0 foeAtkDef=0,0 CarlAtk=0 foeLevel=0
support PP=0,0 Carl-defense=0 enemy-attack=0,0
party action uses=8,40 / 2,40
frame=33010 map=35.4 pos=7,6 flags=0
party=2 HP=30/30,26/26 battle=0 battlers=0 outcome=0 PP=0,0 trial=0 donut-ability=0
persistent PP=8,2 status=0,0
growth level/xp/item=8/399/0,8/709/0 stats maxHP/attack,maxHP/magic=30/20,26/13 foesHP=0,0
pattern trainer=0 turn=0 foePP=0,0 foeAtkDef=0,0 CarlAtk=0 foeLevel=0
support PP=0,0 Carl-defense=0 enemy-attack=0,0
party action uses=8,40 / 2,40
frame=33010 map=35.4 pos=7,6 flags=0
party=2 HP=30/30,26/26 battle=0 battlers=0 outcome=0 PP=0,0 trial=0 donut-ability=0
persistent PP=8,2 status=0,0
growth level/xp/item=8/399/0,8/709/0 stats maxHP/attack,maxHP/magic=30/20,26/13 foesHP=0,0
pattern trainer=0 turn=0 foePP=0,0 foeAtkDef=0,0 CarlAtk=0 foeLevel=0
support PP=0,0 Carl-defense=0 enemy-attack=0,0
party action uses=8,40 / 2,40
PASS expect 35 4 7 6 0
frame=33030 map=35.4 pos=6,6 flags=0
party=2 HP=30/30,26/26 battle=0 battlers=0 outcome=0 PP=0,0 trial=0 donut-ability=0
persistent PP=8,2 status=0,0
growth level/xp/item=8/399/0,8/709/0 stats maxHP/attack,maxHP/magic=30/20,26/13 foesHP=0,0
pattern trainer=0 turn=0 foePP=0,0 foeAtkDef=0,0 CarlAtk=0 foeLevel=0
support PP=0,0 Carl-defense=0 enemy-attack=0,0
party action uses=8,40 / 2,40
frame=33070 map=35.4 pos=6,6 flags=0
party=2 HP=30/30,26/26 battle=0 battlers=0 outcome=0 PP=0,0 trial=0 donut-ability=0
persistent PP=8,2 status=0,0
growth level/xp/item=8/399/0,8/709/0 stats maxHP/attack,maxHP/magic=30/20,26/13 foesHP=0,0
pattern trainer=0 turn=0 foePP=0,0 foeAtkDef=0,0 CarlAtk=0 foeLevel=0
support PP=0,0 Carl-defense=0 enemy-attack=0,0
party action uses=8,40 / 2,40
frame=33070 map=35.4 pos=6,6 flags=0
party=2 HP=30/30,26/26 battle=0 battlers=0 outcome=0 PP=0,0 trial=0 donut-ability=0
persistent PP=8,2 status=0,0
growth level/xp/item=8/399/0,8/709/0 stats maxHP/attack,maxHP/magic=30/20,26/13 foesHP=0,0
pattern trainer=0 turn=0 foePP=0,0 foeAtkDef=0,0 CarlAtk=0 foeLevel=0
support PP=0,0 Carl-defense=0 enemy-attack=0,0
party action uses=8,40 / 2,40
PASS expect 35 4 6 6 0
frame=33138 map=35.4 pos=10,6 flags=0
party=2 HP=30/30,26/26 battle=0 battlers=0 outcome=0 PP=0,0 trial=0 donut-ability=0
persistent PP=8,2 status=0,0
growth level/xp/item=8/399/0,8/709/0 stats maxHP/attack,maxHP/magic=30/20,26/13 foesHP=0,0
pattern trainer=0 turn=0 foePP=0,0 foeAtkDef=0,0 CarlAtk=0 foeLevel=0
support PP=0,0 Carl-defense=0 enemy-attack=0,0
party action uses=8,40 / 2,40
frame=33178 map=35.4 pos=10,6 flags=0
party=2 HP=30/30,26/26 battle=0 battlers=0 outcome=0 PP=0,0 trial=0 donut-ability=0
persistent PP=8,2 status=0,0
growth level/xp/item=8/399/0,8/709/0 stats maxHP/attack,maxHP/magic=30/20,26/13 foesHP=0,0
pattern trainer=0 turn=0 foePP=0,0 foeAtkDef=0,0 CarlAtk=0 foeLevel=0
support PP=0,0 Carl-defense=0 enemy-attack=0,0
party action uses=8,40 / 2,40
frame=33178 map=35.4 pos=10,6 flags=0
party=2 HP=30/30,26/26 battle=0 battlers=0 outcome=0 PP=0,0 trial=0 donut-ability=0
persistent PP=8,2 status=0,0
growth level/xp/item=8/399/0,8/709/0 stats maxHP/attack,maxHP/magic=30/20,26/13 foesHP=0,0
pattern trainer=0 turn=0 foePP=0,0 foeAtkDef=0,0 CarlAtk=0 foeLevel=0
support PP=0,0 Carl-defense=0 enemy-attack=0,0
party action uses=8,40 / 2,40
PASS expect 35 4 10 6 0
frame=33218 map=35.4 pos=10,6 flags=0
party=2 HP=30/30,26/26 battle=0 battlers=0 outcome=0 PP=0,0 trial=0 donut-ability=0
persistent PP=8,2 status=0,0
growth level/xp/item=8/399/0,8/709/0 stats maxHP/attack,maxHP/magic=30/20,26/13 foesHP=0,0
pattern trainer=0 turn=0 foePP=0,0 foeAtkDef=0,0 CarlAtk=0 foeLevel=0
support PP=0,0 Carl-defense=0 enemy-attack=0,0
party action uses=8,40 / 2,40
frame=33286 map=35.4 pos=6,6 flags=0
party=2 HP=30/30,26/26 battle=0 battlers=0 outcome=0 PP=0,0 trial=0 donut-ability=0
persistent PP=8,2 status=0,0
growth level/xp/item=8/399/0,8/709/0 stats maxHP/attack,maxHP/magic=30/20,26/13 foesHP=0,0
pattern trainer=0 turn=0 foePP=0,0 foeAtkDef=0,0 CarlAtk=0 foeLevel=0
support PP=0,0 Carl-defense=0 enemy-attack=0,0
party action uses=8,40 / 2,40
frame=33326 map=35.4 pos=6,6 flags=0
party=2 HP=30/30,26/26 battle=0 battlers=0 outcome=0 PP=0,0 trial=0 donut-ability=0
persistent PP=8,2 status=0,0
growth level/xp/item=8/399/0,8/709/0 stats maxHP/attack,maxHP/magic=30/20,26/13 foesHP=0,0
pattern trainer=0 turn=0 foePP=0,0 foeAtkDef=0,0 CarlAtk=0 foeLevel=0
support PP=0,0 Carl-defense=0 enemy-attack=0,0
party action uses=8,40 / 2,40
frame=33326 map=35.4 pos=6,6 flags=0
party=2 HP=30/30,26/26 battle=0 battlers=0 outcome=0 PP=0,0 trial=0 donut-ability=0
persistent PP=8,2 status=0,0
growth level/xp/item=8/399/0,8/709/0 stats maxHP/attack,maxHP/magic=30/20,26/13 foesHP=0,0
pattern trainer=0 turn=0 foePP=0,0 foeAtkDef=0,0 CarlAtk=0 foeLevel=0
support PP=0,0 Carl-defense=0 enemy-attack=0,0
party action uses=8,40 / 2,40
PASS expect 35 4 6 6 0
frame=33362 map=35.4 pos=8,6 flags=0
party=2 HP=30/30,26/26 battle=0 battlers=0 outcome=0 PP=0,0 trial=0 donut-ability=0
persistent PP=8,2 status=0,0
growth level/xp/item=8/399/0,8/709/0 stats maxHP/attack,maxHP/magic=30/20,26/13 foesHP=0,0
pattern trainer=0 turn=0 foePP=0,0 foeAtkDef=0,0 CarlAtk=0 foeLevel=0
support PP=0,0 Carl-defense=0 enemy-attack=0,0
party action uses=8,40 / 2,40
frame=33402 map=35.4 pos=8,6 flags=0
party=2 HP=30/30,26/26 battle=0 battlers=0 outcome=0 PP=0,0 trial=0 donut-ability=0
persistent PP=8,2 status=0,0
growth level/xp/item=8/399/0,8/709/0 stats maxHP/attack,maxHP/magic=30/20,26/13 foesHP=0,0
pattern trainer=0 turn=0 foePP=0,0 foeAtkDef=0,0 CarlAtk=0 foeLevel=0
support PP=0,0 Carl-defense=0 enemy-attack=0,0
party action uses=8,40 / 2,40
frame=33402 map=35.4 pos=8,6 flags=0
party=2 HP=30/30,26/26 battle=0 battlers=0 outcome=0 PP=0,0 trial=0 donut-ability=0
persistent PP=8,2 status=0,0
growth level/xp/item=8/399/0,8/709/0 stats maxHP/attack,maxHP/magic=30/20,26/13 foesHP=0,0
pattern trainer=0 turn=0 foePP=0,0 foeAtkDef=0,0 CarlAtk=0 foeLevel=0
support PP=0,0 Carl-defense=0 enemy-attack=0,0
party action uses=8,40 / 2,40
PASS expect 35 4 8 6 0
frame=33550 map=35.4 pos=8,6 flags=0
party=2 HP=30/30,26/26 battle=0 battlers=0 outcome=0 PP=0,0 trial=0 donut-ability=0
persistent PP=8,2 status=0,0
growth level/xp/item=8/399/0,8/709/0 stats maxHP/attack,maxHP/magic=30/20,26/13 foesHP=0,0
pattern trainer=0 turn=0 foePP=0,0 foeAtkDef=0,0 CarlAtk=0 foeLevel=0
support PP=0,0 Carl-defense=0 enemy-attack=0,0
party action uses=8,40 / 2,40
frame=33590 map=35.4 pos=8,6 flags=0
party=2 HP=30/30,26/26 battle=0 battlers=0 outcome=0 PP=0,0 trial=0 donut-ability=0
persistent PP=8,2 status=0,0
growth level/xp/item=8/399/0,8/709/0 stats maxHP/attack,maxHP/magic=30/20,26/13 foesHP=0,0
pattern trainer=0 turn=0 foePP=0,0 foeAtkDef=0,0 CarlAtk=0 foeLevel=0
support PP=0,0 Carl-defense=0 enemy-attack=0,0
party action uses=8,40 / 2,40
frame=33590 map=35.4 pos=8,6 flags=0
party=2 HP=30/30,26/26 battle=0 battlers=0 outcome=0 PP=0,0 trial=0 donut-ability=0
persistent PP=8,2 status=0,0
growth level/xp/item=8/399/0,8/709/0 stats maxHP/attack,maxHP/magic=30/20,26/13 foesHP=0,0
pattern trainer=0 turn=0 foePP=0,0 foeAtkDef=0,0 CarlAtk=0 foeLevel=0
support PP=0,0 Carl-defense=0 enemy-attack=0,0
party action uses=8,40 / 2,40
PASS expect 35 4 8 6 0
frame=33642 map=35.4 pos=8,3 flags=0
party=2 HP=30/30,26/26 battle=0 battlers=0 outcome=0 PP=0,0 trial=0 donut-ability=0
persistent PP=8,2 status=0,0
growth level/xp/item=8/399/0,8/709/0 stats maxHP/attack,maxHP/magic=30/20,26/13 foesHP=0,0
pattern trainer=0 turn=0 foePP=0,0 foeAtkDef=0,0 CarlAtk=0 foeLevel=0
support PP=0,0 Carl-defense=0 enemy-attack=0,0
party action uses=8,40 / 2,40
frame=33682 map=35.4 pos=8,3 flags=0
party=2 HP=30/30,26/26 battle=0 battlers=0 outcome=0 PP=0,0 trial=0 donut-ability=0
persistent PP=8,2 status=0,0
growth level/xp/item=8/399/0,8/709/0 stats maxHP/attack,maxHP/magic=30/20,26/13 foesHP=0,0
pattern trainer=0 turn=0 foePP=0,0 foeAtkDef=0,0 CarlAtk=0 foeLevel=0
support PP=0,0 Carl-defense=0 enemy-attack=0,0
party action uses=8,40 / 2,40
frame=33682 map=35.4 pos=8,3 flags=0
party=2 HP=30/30,26/26 battle=0 battlers=0 outcome=0 PP=0,0 trial=0 donut-ability=0
persistent PP=8,2 status=0,0
growth level/xp/item=8/399/0,8/709/0 stats maxHP/attack,maxHP/magic=30/20,26/13 foesHP=0,0
pattern trainer=0 turn=0 foePP=0,0 foeAtkDef=0,0 CarlAtk=0 foeLevel=0
support PP=0,0 Carl-defense=0 enemy-attack=0,0
party action uses=8,40 / 2,40
PASS expect 35 4 8 3 0
frame=33750 map=35.4 pos=4,3 flags=0
party=2 HP=30/30,26/26 battle=0 battlers=0 outcome=0 PP=0,0 trial=0 donut-ability=0
persistent PP=8,2 status=0,0
growth level/xp/item=8/399/0,8/709/0 stats maxHP/attack,maxHP/magic=30/20,26/13 foesHP=0,0
pattern trainer=0 turn=0 foePP=0,0 foeAtkDef=0,0 CarlAtk=0 foeLevel=0
support PP=0,0 Carl-defense=0 enemy-attack=0,0
party action uses=8,40 / 2,40
frame=33790 map=35.3 pos=4,3 flags=0
party=2 HP=30/30,26/26 battle=0 battlers=0 outcome=0 PP=0,0 trial=0 donut-ability=0
persistent PP=8,2 status=0,0
growth level/xp/item=8/399/0,8/709/0 stats maxHP/attack,maxHP/magic=30/20,26/13 foesHP=0,0
pattern trainer=0 turn=0 foePP=0,0 foeAtkDef=0,0 CarlAtk=0 foeLevel=0
support PP=0,0 Carl-defense=0 enemy-attack=0,0
party action uses=8,40 / 2,40
frame=34090 map=35.3 pos=4,3 flags=0
party=2 HP=30/30,26/26 battle=0 battlers=0 outcome=0 PP=0,0 trial=0 donut-ability=0
persistent PP=8,2 status=0,0
growth level/xp/item=8/399/0,8/709/0 stats maxHP/attack,maxHP/magic=30/20,26/13 foesHP=0,0
pattern trainer=0 turn=0 foePP=0,0 foeAtkDef=0,0 CarlAtk=0 foeLevel=0
support PP=0,0 Carl-defense=0 enemy-attack=0,0
party action uses=8,40 / 2,40
frame=34090 map=35.3 pos=4,3 flags=0
party=2 HP=30/30,26/26 battle=0 battlers=0 outcome=0 PP=0,0 trial=0 donut-ability=0
persistent PP=8,2 status=0,0
growth level/xp/item=8/399/0,8/709/0 stats maxHP/attack,maxHP/magic=30/20,26/13 foesHP=0,0
pattern trainer=0 turn=0 foePP=0,0 foeAtkDef=0,0 CarlAtk=0 foeLevel=0
support PP=0,0 Carl-defense=0 enemy-attack=0,0
party action uses=8,40 / 2,40
PASS expect 35 3 4 3 0
frame=34110 map=35.3 pos=4,4 flags=0
party=2 HP=30/30,26/26 battle=0 battlers=0 outcome=0 PP=0,0 trial=0 donut-ability=0
persistent PP=8,2 status=0,0
growth level/xp/item=8/399/0,8/709/0 stats maxHP/attack,maxHP/magic=30/20,26/13 foesHP=0,0
pattern trainer=0 turn=0 foePP=0,0 foeAtkDef=0,0 CarlAtk=0 foeLevel=0
support PP=0,0 Carl-defense=0 enemy-attack=0,0
party action uses=8,40 / 2,40
frame=34150 map=35.3 pos=4,4 flags=0
party=2 HP=30/30,26/26 battle=0 battlers=0 outcome=0 PP=0,0 trial=0 donut-ability=0
persistent PP=8,2 status=0,0
growth level/xp/item=8/399/0,8/709/0 stats maxHP/attack,maxHP/magic=30/20,26/13 foesHP=0,0
pattern trainer=0 turn=0 foePP=0,0 foeAtkDef=0,0 CarlAtk=0 foeLevel=0
support PP=0,0 Carl-defense=0 enemy-attack=0,0
party action uses=8,40 / 2,40
frame=34150 map=35.3 pos=4,4 flags=0
party=2 HP=30/30,26/26 battle=0 battlers=0 outcome=0 PP=0,0 trial=0 donut-ability=0
persistent PP=8,2 status=0,0
growth level/xp/item=8/399/0,8/709/0 stats maxHP/attack,maxHP/magic=30/20,26/13 foesHP=0,0
pattern trainer=0 turn=0 foePP=0,0 foeAtkDef=0,0 CarlAtk=0 foeLevel=0
support PP=0,0 Carl-defense=0 enemy-attack=0,0
party action uses=8,40 / 2,40
PASS expect 35 3 4 4 0
frame=34170 map=35.3 pos=4,3 flags=0
party=2 HP=30/30,26/26 battle=0 battlers=0 outcome=0 PP=0,0 trial=0 donut-ability=0
persistent PP=8,2 status=0,0
growth level/xp/item=8/399/0,8/709/0 stats maxHP/attack,maxHP/magic=30/20,26/13 foesHP=0,0
pattern trainer=0 turn=0 foePP=0,0 foeAtkDef=0,0 CarlAtk=0 foeLevel=0
support PP=0,0 Carl-defense=0 enemy-attack=0,0
party action uses=8,40 / 2,40
frame=34210 map=35.0 pos=45,17 flags=0
party=2 HP=30/30,26/26 battle=0 battlers=0 outcome=0 PP=0,0 trial=0 donut-ability=0
persistent PP=8,2 status=0,0
growth level/xp/item=8/399/0,8/709/0 stats maxHP/attack,maxHP/magic=30/20,26/13 foesHP=0,0
pattern trainer=0 turn=0 foePP=0,0 foeAtkDef=0,0 CarlAtk=0 foeLevel=0
support PP=0,0 Carl-defense=0 enemy-attack=0,0
party action uses=8,40 / 2,40
frame=34510 map=35.0 pos=45,17 flags=0
party=2 HP=30/30,26/26 battle=0 battlers=0 outcome=0 PP=0,0 trial=0 donut-ability=0
persistent PP=8,2 status=0,0
growth level/xp/item=8/399/0,8/709/0 stats maxHP/attack,maxHP/magic=30/20,26/13 foesHP=0,0
pattern trainer=0 turn=0 foePP=0,0 foeAtkDef=0,0 CarlAtk=0 foeLevel=0
support PP=0,0 Carl-defense=0 enemy-attack=0,0
party action uses=8,40 / 2,40
frame=34510 map=35.0 pos=45,17 flags=0
party=2 HP=30/30,26/26 battle=0 battlers=0 outcome=0 PP=0,0 trial=0 donut-ability=0
persistent PP=8,2 status=0,0
growth level/xp/item=8/399/0,8/709/0 stats maxHP/attack,maxHP/magic=30/20,26/13 foesHP=0,0
pattern trainer=0 turn=0 foePP=0,0 foeAtkDef=0,0 CarlAtk=0 foeLevel=0
support PP=0,0 Carl-defense=0 enemy-attack=0,0
party action uses=8,40 / 2,40
PASS expect 35 0 45 17 0
frame=34578 map=35.0 pos=45,21 flags=0
party=2 HP=30/30,26/26 battle=0 battlers=0 outcome=0 PP=0,0 trial=0 donut-ability=0
persistent PP=8,2 status=0,0
growth level/xp/item=8/399/0,8/709/0 stats maxHP/attack,maxHP/magic=30/20,26/13 foesHP=0,0
pattern trainer=0 turn=0 foePP=0,0 foeAtkDef=0,0 CarlAtk=0 foeLevel=0
support PP=0,0 Carl-defense=0 enemy-attack=0,0
party action uses=8,40 / 2,40
frame=34618 map=35.0 pos=45,21 flags=0
party=2 HP=30/30,26/26 battle=0 battlers=0 outcome=0 PP=0,0 trial=0 donut-ability=0
persistent PP=8,2 status=0,0
growth level/xp/item=8/399/0,8/709/0 stats maxHP/attack,maxHP/magic=30/20,26/13 foesHP=0,0
pattern trainer=0 turn=0 foePP=0,0 foeAtkDef=0,0 CarlAtk=0 foeLevel=0
support PP=0,0 Carl-defense=0 enemy-attack=0,0
party action uses=8,40 / 2,40
frame=34618 map=35.0 pos=45,21 flags=0
party=2 HP=30/30,26/26 battle=0 battlers=0 outcome=0 PP=0,0 trial=0 donut-ability=0
persistent PP=8,2 status=0,0
growth level/xp/item=8/399/0,8/709/0 stats maxHP/attack,maxHP/magic=30/20,26/13 foesHP=0,0
pattern trainer=0 turn=0 foePP=0,0 foeAtkDef=0,0 CarlAtk=0 foeLevel=0
support PP=0,0 Carl-defense=0 enemy-attack=0,0
party action uses=8,40 / 2,40
PASS expect 35 0 45 21 0
frame=34798 map=35.0 pos=34,21 flags=0
party=2 HP=30/30,26/26 battle=0 battlers=0 outcome=0 PP=0,0 trial=0 donut-ability=0
persistent PP=8,2 status=0,0
growth level/xp/item=8/399/0,8/709/0 stats maxHP/attack,maxHP/magic=30/20,26/13 foesHP=0,0
pattern trainer=0 turn=0 foePP=0,0 foeAtkDef=0,0 CarlAtk=0 foeLevel=0
support PP=0,0 Carl-defense=0 enemy-attack=0,0
party action uses=8,40 / 2,40
frame=34838 map=35.0 pos=34,21 flags=0
party=2 HP=30/30,26/26 battle=0 battlers=0 outcome=0 PP=0,0 trial=0 donut-ability=0
persistent PP=8,2 status=0,0
growth level/xp/item=8/399/0,8/709/0 stats maxHP/attack,maxHP/magic=30/20,26/13 foesHP=0,0
pattern trainer=0 turn=0 foePP=0,0 foeAtkDef=0,0 CarlAtk=0 foeLevel=0
support PP=0,0 Carl-defense=0 enemy-attack=0,0
party action uses=8,40 / 2,40
frame=34838 map=35.0 pos=34,21 flags=0
party=2 HP=30/30,26/26 battle=0 battlers=0 outcome=0 PP=0,0 trial=0 donut-ability=0
persistent PP=8,2 status=0,0
growth level/xp/item=8/399/0,8/709/0 stats maxHP/attack,maxHP/magic=30/20,26/13 foesHP=0,0
pattern trainer=0 turn=0 foePP=0,0 foeAtkDef=0,0 CarlAtk=0 foeLevel=0
support PP=0,0 Carl-defense=0 enemy-attack=0,0
party action uses=8,40 / 2,40
PASS expect 35 0 34 21 0
frame=34890 map=35.0 pos=34,24 flags=0
party=2 HP=30/30,26/26 battle=0 battlers=0 outcome=0 PP=0,0 trial=0 donut-ability=0
persistent PP=8,2 status=0,0
growth level/xp/item=8/399/0,8/709/0 stats maxHP/attack,maxHP/magic=30/20,26/13 foesHP=0,0
pattern trainer=0 turn=0 foePP=0,0 foeAtkDef=0,0 CarlAtk=0 foeLevel=0
support PP=0,0 Carl-defense=0 enemy-attack=0,0
party action uses=8,40 / 2,40
frame=34930 map=35.0 pos=34,24 flags=0
party=2 HP=30/30,26/26 battle=0 battlers=0 outcome=0 PP=0,0 trial=0 donut-ability=0
persistent PP=8,2 status=0,0
growth level/xp/item=8/399/0,8/709/0 stats maxHP/attack,maxHP/magic=30/20,26/13 foesHP=0,0
pattern trainer=0 turn=0 foePP=0,0 foeAtkDef=0,0 CarlAtk=0 foeLevel=0
support PP=0,0 Carl-defense=0 enemy-attack=0,0
party action uses=8,40 / 2,40
frame=34930 map=35.0 pos=34,24 flags=0
party=2 HP=30/30,26/26 battle=0 battlers=0 outcome=0 PP=0,0 trial=0 donut-ability=0
persistent PP=8,2 status=0,0
growth level/xp/item=8/399/0,8/709/0 stats maxHP/attack,maxHP/magic=30/20,26/13 foesHP=0,0
pattern trainer=0 turn=0 foePP=0,0 foeAtkDef=0,0 CarlAtk=0 foeLevel=0
support PP=0,0 Carl-defense=0 enemy-attack=0,0
party action uses=8,40 / 2,40
PASS expect 35 0 34 24 0
frame=34998 map=35.0 pos=30,24 flags=0
party=2 HP=30/30,26/26 battle=0 battlers=0 outcome=0 PP=0,0 trial=0 donut-ability=0
persistent PP=8,2 status=0,0
growth level/xp/item=8/399/0,8/709/0 stats maxHP/attack,maxHP/magic=30/20,26/13 foesHP=0,0
pattern trainer=0 turn=0 foePP=0,0 foeAtkDef=0,0 CarlAtk=0 foeLevel=0
support PP=0,0 Carl-defense=0 enemy-attack=0,0
party action uses=8,40 / 2,40
frame=35038 map=35.0 pos=30,24 flags=0
party=2 HP=30/30,26/26 battle=0 battlers=0 outcome=0 PP=0,0 trial=0 donut-ability=0
persistent PP=8,2 status=0,0
growth level/xp/item=8/399/0,8/709/0 stats maxHP/attack,maxHP/magic=30/20,26/13 foesHP=0,0
pattern trainer=0 turn=0 foePP=0,0 foeAtkDef=0,0 CarlAtk=0 foeLevel=0
support PP=0,0 Carl-defense=0 enemy-attack=0,0
party action uses=8,40 / 2,40
frame=35038 map=35.0 pos=30,24 flags=0
party=2 HP=30/30,26/26 battle=0 battlers=0 outcome=0 PP=0,0 trial=0 donut-ability=0
persistent PP=8,2 status=0,0
growth level/xp/item=8/399/0,8/709/0 stats maxHP/attack,maxHP/magic=30/20,26/13 foesHP=0,0
pattern trainer=0 turn=0 foePP=0,0 foeAtkDef=0,0 CarlAtk=0 foeLevel=0
support PP=0,0 Carl-defense=0 enemy-attack=0,0
party action uses=8,40 / 2,40
PASS expect 35 0 30 24 0
frame=35038 map=35.0 pos=30,24 flags=0
party=2 HP=30/30,26/26 battle=0 battlers=0 outcome=0 PP=0,0 trial=0 donut-ability=0
persistent PP=8,2 status=0,0
growth level/xp/item=8/399/0,8/709/0 stats maxHP/attack,maxHP/magic=30/20,26/13 foesHP=0,0
pattern trainer=0 turn=0 foePP=0,0 foeAtkDef=0,0 CarlAtk=0 foeLevel=0
support PP=0,0 Carl-defense=0 enemy-attack=0,0
party action uses=8,40 / 2,40
PASS duo healthy
frame=35038 map=35.0 pos=30,24 flags=0
party=2 HP=30/30,26/26 battle=0 battlers=0 outcome=0 PP=0,0 trial=0 donut-ability=0
persistent PP=8,2 status=0,0
growth level/xp/item=8/399/0,8/709/0 stats maxHP/attack,maxHP/magic=30/20,26/13 foesHP=0,0
pattern trainer=0 turn=0 foePP=0,0 foeAtkDef=0,0 CarlAtk=0 foeLevel=0
support PP=0,0 Carl-defense=0 enemy-attack=0,0
party action uses=8,40 / 2,40
PASS uses 8 40 2 40
frame=35038 map=35.0 pos=30,24 flags=0
party=2 HP=30/30,26/26 battle=0 battlers=0 outcome=0 PP=0,0 trial=0 donut-ability=0
persistent PP=8,2 status=0,0
growth level/xp/item=8/399/0,8/709/0 stats maxHP/attack,maxHP/magic=30/20,26/13 foesHP=0,0
PASS flag 32 0
pattern trainer=0 turn=0 foePP=0,0 foeAtkDef=0,0 CarlAtk=0 foeLevel=0
support PP=0,0 Carl-defense=0 enemy-attack=0,0
party action uses=8,40 / 2,40
frame=35038 map=35.0 pos=30,24 flags=0
party=2 HP=30/30,26/26 battle=0 battlers=0 outcome=0 PP=0,0 trial=0 donut-ability=0
persistent PP=8,2 status=0,0
growth level/xp/item=8/399/0,8/709/0 stats maxHP/attack,maxHP/magic=30/20,26/13 foesHP=0,0
PASS flag 33 0
pattern trainer=0 turn=0 foePP=0,0 foeAtkDef=0,0 CarlAtk=0 foeLevel=0
support PP=0,0 Carl-defense=0 enemy-attack=0,0
party action uses=8,40 / 2,40
frame=35038 map=35.0 pos=30,24 flags=0
party=2 HP=30/30,26/26 battle=0 battlers=0 outcome=0 PP=0,0 trial=0 donut-ability=0
persistent PP=8,2 status=0,0
growth level/xp/item=8/399/0,8/709/0 stats maxHP/attack,maxHP/magic=30/20,26/13 foesHP=0,0
PASS flag 34 0
pattern trainer=0 turn=0 foePP=0,0 foeAtkDef=0,0 CarlAtk=0 foeLevel=0
support PP=0,0 Carl-defense=0 enemy-attack=0,0
party action uses=8,40 / 2,40
frame=35038 map=35.0 pos=30,24 flags=0
party=2 HP=30/30,26/26 battle=0 battlers=0 outcome=0 PP=0,0 trial=0 donut-ability=0
persistent PP=8,2 status=0,0
growth level/xp/item=8/399/0,8/709/0 stats maxHP/attack,maxHP/magic=30/20,26/13 foesHP=0,0
PASS flag 35 0
pattern trainer=0 turn=0 foePP=0,0 foeAtkDef=0,0 CarlAtk=0 foeLevel=0
support PP=0,0 Carl-defense=0 enemy-attack=0,0
party action uses=8,40 / 2,40
frame=35038 map=35.0 pos=30,24 flags=0
party=2 HP=30/30,26/26 battle=0 battlers=0 outcome=0 PP=0,0 trial=0 donut-ability=0
persistent PP=8,2 status=0,0
growth level/xp/item=8/399/0,8/709/0 stats maxHP/attack,maxHP/magic=30/20,26/13 foesHP=0,0
PASS flag 36 0
pattern trainer=0 turn=0 foePP=0,0 foeAtkDef=0,0 CarlAtk=0 foeLevel=0
support PP=0,0 Carl-defense=0 enemy-attack=0,0
party action uses=8,40 / 2,40
frame=35038 map=35.0 pos=30,24 flags=0
party=2 HP=30/30,26/26 battle=0 battlers=0 outcome=0 PP=0,0 trial=0 donut-ability=0
persistent PP=8,2 status=0,0
growth level/xp/item=8/399/0,8/709/0 stats maxHP/attack,maxHP/magic=30/20,26/13 foesHP=0,0
PASS flag 37 0
pattern trainer=0 turn=0 foePP=0,0 foeAtkDef=0,0 CarlAtk=0 foeLevel=0
support PP=0,0 Carl-defense=0 enemy-attack=0,0
party action uses=8,40 / 2,40
frame=35038 map=35.0 pos=30,24 flags=0
party=2 HP=30/30,26/26 battle=0 battlers=0 outcome=0 PP=0,0 trial=0 donut-ability=0
persistent PP=8,2 status=0,0
growth level/xp/item=8/399/0,8/709/0 stats maxHP/attack,maxHP/magic=30/20,26/13 foesHP=0,0
PASS flag 38 0
pattern trainer=0 turn=0 foePP=0,0 foeAtkDef=0,0 CarlAtk=0 foeLevel=0
support PP=0,0 Carl-defense=0 enemy-attack=0,0
party action uses=8,40 / 2,40
frame=35038 map=35.0 pos=30,24 flags=0
party=2 HP=30/30,26/26 battle=0 battlers=0 outcome=0 PP=0,0 trial=0 donut-ability=0
persistent PP=8,2 status=0,0
growth level/xp/item=8/399/0,8/709/0 stats maxHP/attack,maxHP/magic=30/20,26/13 foesHP=0,0
PASS flag 39 0
pattern trainer=0 turn=0 foePP=0,0 foeAtkDef=0,0 CarlAtk=0 foeLevel=0
support PP=0,0 Carl-defense=0 enemy-attack=0,0
party action uses=8,40 / 2,40
frame=35038 map=35.0 pos=30,24 flags=0
party=2 HP=30/30,26/26 battle=0 battlers=0 outcome=0 PP=0,0 trial=0 donut-ability=0
persistent PP=8,2 status=0,0
growth level/xp/item=8/399/0,8/709/0 stats maxHP/attack,maxHP/magic=30/20,26/13 foesHP=0,0
PASS flag 40 0
pattern trainer=0 turn=0 foePP=0,0 foeAtkDef=0,0 CarlAtk=0 foeLevel=0
support PP=0,0 Carl-defense=0 enemy-attack=0,0
party action uses=8,40 / 2,40
frame=35038 map=35.0 pos=30,24 flags=0
party=2 HP=30/30,26/26 battle=0 battlers=0 outcome=0 PP=0,0 trial=0 donut-ability=0
persistent PP=8,2 status=0,0
growth level/xp/item=8/399/0,8/709/0 stats maxHP/attack,maxHP/magic=30/20,26/13 foesHP=0,0
PASS flag 41 0
pattern trainer=0 turn=0 foePP=0,0 foeAtkDef=0,0 CarlAtk=0 foeLevel=0
support PP=0,0 Carl-defense=0 enemy-attack=0,0
party action uses=8,40 / 2,40
frame=35038 map=35.0 pos=30,24 flags=0
party=2 HP=30/30,26/26 battle=0 battlers=0 outcome=0 PP=0,0 trial=0 donut-ability=0
persistent PP=8,2 status=0,0
growth level/xp/item=8/399/0,8/709/0 stats maxHP/attack,maxHP/magic=30/20,26/13 foesHP=0,0
PASS flag 42 0
pattern trainer=0 turn=0 foePP=0,0 foeAtkDef=0,0 CarlAtk=0 foeLevel=0
support PP=0,0 Carl-defense=0 enemy-attack=0,0
party action uses=8,40 / 2,40
frame=35038 map=35.0 pos=30,24 flags=0
party=2 HP=30/30,26/26 battle=0 battlers=0 outcome=0 PP=0,0 trial=0 donut-ability=0
persistent PP=8,2 status=0,0
growth level/xp/item=8/399/0,8/709/0 stats maxHP/attack,maxHP/magic=30/20,26/13 foesHP=0,0
PASS flag 43 0
pattern trainer=0 turn=0 foePP=0,0 foeAtkDef=0,0 CarlAtk=0 foeLevel=0
support PP=0,0 Carl-defense=0 enemy-attack=0,0
party action uses=8,40 / 2,40
frame=35038 map=35.0 pos=30,24 flags=0
party=2 HP=30/30,26/26 battle=0 battlers=0 outcome=0 PP=0,0 trial=0 donut-ability=0
persistent PP=8,2 status=0,0
growth level/xp/item=8/399/0,8/709/0 stats maxHP/attack,maxHP/magic=30/20,26/13 foesHP=0,0
PASS flag 44 0
pattern trainer=0 turn=0 foePP=0,0 foeAtkDef=0,0 CarlAtk=0 foeLevel=0
support PP=0,0 Carl-defense=0 enemy-attack=0,0
party action uses=8,40 / 2,40
frame=35038 map=35.0 pos=30,24 flags=0
party=2 HP=30/30,26/26 battle=0 battlers=0 outcome=0 PP=0,0 trial=0 donut-ability=0
persistent PP=8,2 status=0,0
growth level/xp/item=8/399/0,8/709/0 stats maxHP/attack,maxHP/magic=30/20,26/13 foesHP=0,0
PASS flag 45 0
pattern trainer=0 turn=0 foePP=0,0 foeAtkDef=0,0 CarlAtk=0 foeLevel=0
support PP=0,0 Carl-defense=0 enemy-attack=0,0
party action uses=8,40 / 2,40
frame=35038 map=35.0 pos=30,24 flags=0
party=2 HP=30/30,26/26 battle=0 battlers=0 outcome=0 PP=0,0 trial=0 donut-ability=0
persistent PP=8,2 status=0,0
growth level/xp/item=8/399/0,8/709/0 stats maxHP/attack,maxHP/magic=30/20,26/13 foesHP=0,0
PASS flag 46 0
pattern trainer=0 turn=0 foePP=0,0 foeAtkDef=0,0 CarlAtk=0 foeLevel=0
support PP=0,0 Carl-defense=0 enemy-attack=0,0
party action uses=8,40 / 2,40
frame=35038 map=35.0 pos=30,24 flags=0
party=2 HP=30/30,26/26 battle=0 battlers=0 outcome=0 PP=0,0 trial=0 donut-ability=0
persistent PP=8,2 status=0,0
growth level/xp/item=8/399/0,8/709/0 stats maxHP/attack,maxHP/magic=30/20,26/13 foesHP=0,0
PASS flag 47 0
pattern trainer=0 turn=0 foePP=0,0 foeAtkDef=0,0 CarlAtk=0 foeLevel=0
support PP=0,0 Carl-defense=0 enemy-attack=0,0
party action uses=8,40 / 2,40
frame=35038 map=35.0 pos=30,24 flags=0
party=2 HP=30/30,26/26 battle=0 battlers=0 outcome=0 PP=0,0 trial=0 donut-ability=0
persistent PP=8,2 status=0,0
growth level/xp/item=8/399/0,8/709/0 stats maxHP/attack,maxHP/magic=30/20,26/13 foesHP=0,0
PASS flag 48 0
pattern trainer=0 turn=0 foePP=0,0 foeAtkDef=0,0 CarlAtk=0 foeLevel=0
support PP=0,0 Carl-defense=0 enemy-attack=0,0
party action uses=8,40 / 2,40
frame=35038 map=35.0 pos=30,24 flags=0
party=2 HP=30/30,26/26 battle=0 battlers=0 outcome=0 PP=0,0 trial=0 donut-ability=0
persistent PP=8,2 status=0,0
growth level/xp/item=8/399/0,8/709/0 stats maxHP/attack,maxHP/magic=30/20,26/13 foesHP=0,0
PASS flag 49 0
pattern trainer=0 turn=0 foePP=0,0 foeAtkDef=0,0 CarlAtk=0 foeLevel=0
support PP=0,0 Carl-defense=0 enemy-attack=0,0
party action uses=8,40 / 2,40
frame=35038 map=35.0 pos=30,24 flags=0
party=2 HP=30/30,26/26 battle=0 battlers=0 outcome=0 PP=0,0 trial=0 donut-ability=0
persistent PP=8,2 status=0,0
growth level/xp/item=8/399/0,8/709/0 stats maxHP/attack,maxHP/magic=30/20,26/13 foesHP=0,0
PASS flag 2135 0
pattern trainer=0 turn=0 foePP=0,0 foeAtkDef=0,0 CarlAtk=0 foeLevel=0
support PP=0,0 Carl-defense=0 enemy-attack=0,0
party action uses=8,40 / 2,40
frame=35038 map=35.0 pos=30,24 flags=0
party=2 HP=30/30,26/26 battle=0 battlers=0 outcome=0 PP=0,0 trial=0 donut-ability=0
persistent PP=8,2 status=0,0
growth level/xp/item=8/399/0,8/709/0 stats maxHP/attack,maxHP/magic=30/20,26/13 foesHP=0,0
PASS flag 2136 0
pattern trainer=0 turn=0 foePP=0,0 foeAtkDef=0,0 CarlAtk=0 foeLevel=0
support PP=0,0 Carl-defense=0 enemy-attack=0,0
party action uses=8,40 / 2,40
frame=35038 map=35.0 pos=30,24 flags=0
party=2 HP=30/30,26/26 battle=0 battlers=0 outcome=0 PP=0,0 trial=0 donut-ability=0
persistent PP=8,2 status=0,0
growth level/xp/item=8/399/0,8/709/0 stats maxHP/attack,maxHP/magic=30/20,26/13 foesHP=0,0
PASS flag 2137 0
pattern trainer=0 turn=0 foePP=0,0 foeAtkDef=0,0 CarlAtk=0 foeLevel=0
support PP=0,0 Carl-defense=0 enemy-attack=0,0
party action uses=8,40 / 2,40
frame=35038 map=35.0 pos=30,24 flags=0
party=2 HP=30/30,26/26 battle=0 battlers=0 outcome=0 PP=0,0 trial=0 donut-ability=0
persistent PP=8,2 status=0,0
growth level/xp/item=8/399/0,8/709/0 stats maxHP/attack,maxHP/magic=30/20,26/13 foesHP=0,0
PASS flag 2138 0
pattern trainer=0 turn=0 foePP=0,0 foeAtkDef=0,0 CarlAtk=0 foeLevel=0
support PP=0,0 Carl-defense=0 enemy-attack=0,0
party action uses=8,40 / 2,40
frame=35038 map=35.0 pos=30,24 flags=0
party=2 HP=30/30,26/26 battle=0 battlers=0 outcome=0 PP=0,0 trial=0 donut-ability=0
persistent PP=8,2 status=0,0
growth level/xp/item=8/399/0,8/709/0 stats maxHP/attack,maxHP/magic=30/20,26/13 foesHP=0,0
PASS flag 2139 0
pattern trainer=0 turn=0 foePP=0,0 foeAtkDef=0,0 CarlAtk=0 foeLevel=0
support PP=0,0 Carl-defense=0 enemy-attack=0,0
party action uses=8,40 / 2,40
frame=35039 map=35.0 pos=30,24 flags=0
party=2 HP=30/30,26/26 battle=0 battlers=0 outcome=0 PP=0,0 trial=0 donut-ability=0
persistent PP=8,2 status=0,0
growth level/xp/item=8/399/0,8/709/0 stats maxHP/attack,maxHP/magic=30/20,26/13 foesHP=0,0
pattern trainer=0 turn=0 foePP=0,0 foeAtkDef=0,0 CarlAtk=0 foeLevel=0
support PP=0,0 Carl-defense=0 enemy-attack=0,0
party action uses=8,40 / 2,40
frame=35159 map=35.0 pos=30,24 flags=0
party=2 HP=30/30,26/26 battle=0 battlers=0 outcome=0 PP=0,0 trial=0 donut-ability=0
persistent PP=8,2 status=0,0
growth level/xp/item=8/399/0,8/709/0 stats maxHP/attack,maxHP/magic=30/20,26/13 foesHP=0,0
pattern trainer=0 turn=0 foePP=0,0 foeAtkDef=0,0 CarlAtk=0 foeLevel=0
support PP=0,0 Carl-defense=0 enemy-attack=0,0
party action uses=8,40 / 2,40
frame=35160 map=35.0 pos=30,24 flags=0
party=2 HP=30/30,26/26 battle=0 battlers=0 outcome=0 PP=0,0 trial=0 donut-ability=0
persistent PP=8,2 status=0,0
growth level/xp/item=8/399/0,8/709/0 stats maxHP/attack,maxHP/magic=30/20,26/13 foesHP=0,0
pattern trainer=0 turn=0 foePP=0,0 foeAtkDef=0,0 CarlAtk=0 foeLevel=0
support PP=0,0 Carl-defense=0 enemy-attack=0,0
party action uses=8,40 / 2,40
frame=35180 map=35.0 pos=30,24 flags=0
party=2 HP=30/30,26/26 battle=0 battlers=0 outcome=0 PP=0,0 trial=0 donut-ability=0
persistent PP=8,2 status=0,0
growth level/xp/item=8/399/0,8/709/0 stats maxHP/attack,maxHP/magic=30/20,26/13 foesHP=0,0
pattern trainer=0 turn=0 foePP=0,0 foeAtkDef=0,0 CarlAtk=0 foeLevel=0
support PP=0,0 Carl-defense=0 enemy-attack=0,0
party action uses=8,40 / 2,40
frame=35181 map=35.0 pos=30,24 flags=0
party=2 HP=30/30,26/26 battle=0 battlers=0 outcome=0 PP=0,0 trial=0 donut-ability=0
persistent PP=8,2 status=0,0
growth level/xp/item=8/399/0,8/709/0 stats maxHP/attack,maxHP/magic=30/20,26/13 foesHP=0,0
pattern trainer=0 turn=0 foePP=0,0 foeAtkDef=0,0 CarlAtk=0 foeLevel=0
support PP=0,0 Carl-defense=0 enemy-attack=0,0
party action uses=8,40 / 2,40
frame=35201 map=35.0 pos=30,24 flags=0
party=2 HP=30/30,26/26 battle=0 battlers=0 outcome=0 PP=0,0 trial=0 donut-ability=0
persistent PP=8,2 status=0,0
growth level/xp/item=8/399/0,8/709/0 stats maxHP/attack,maxHP/magic=30/20,26/13 foesHP=0,0
pattern trainer=0 turn=0 foePP=0,0 foeAtkDef=0,0 CarlAtk=0 foeLevel=0
support PP=0,0 Carl-defense=0 enemy-attack=0,0
party action uses=8,40 / 2,40
frame=35202 map=35.0 pos=30,24 flags=0
party=2 HP=30/30,26/26 battle=0 battlers=0 outcome=0 PP=0,0 trial=0 donut-ability=0
persistent PP=8,2 status=0,0
growth level/xp/item=8/399/0,8/709/0 stats maxHP/attack,maxHP/magic=30/20,26/13 foesHP=0,0
pattern trainer=0 turn=0 foePP=0,0 foeAtkDef=0,0 CarlAtk=0 foeLevel=0
support PP=0,0 Carl-defense=0 enemy-attack=0,0
party action uses=8,40 / 2,40
frame=35362 map=35.0 pos=30,24 flags=0
party=2 HP=30/30,26/26 battle=0 battlers=0 outcome=0 PP=0,0 trial=0 donut-ability=0
persistent PP=8,2 status=0,0
growth level/xp/item=8/399/0,8/709/0 stats maxHP/attack,maxHP/magic=30/20,26/13 foesHP=0,0
pattern trainer=0 turn=0 foePP=0,0 foeAtkDef=0,0 CarlAtk=0 foeLevel=0
support PP=0,0 Carl-defense=0 enemy-attack=0,0
party action uses=8,40 / 2,40
frame=35363 map=35.0 pos=30,24 flags=0
party=2 HP=30/30,26/26 battle=0 battlers=0 outcome=0 PP=0,0 trial=0 donut-ability=0
persistent PP=8,2 status=0,0
growth level/xp/item=8/399/0,8/709/0 stats maxHP/attack,maxHP/magic=30/20,26/13 foesHP=0,0
pattern trainer=0 turn=0 foePP=0,0 foeAtkDef=0,0 CarlAtk=0 foeLevel=0
support PP=0,0 Carl-defense=0 enemy-attack=0,0
party action uses=8,40 / 2,40
frame=35963 map=35.0 pos=30,24 flags=0
party=2 HP=30/30,26/26 battle=0 battlers=0 outcome=0 PP=0,0 trial=0 donut-ability=0
persistent PP=8,2 status=0,0
growth level/xp/item=8/399/0,8/709/0 stats maxHP/attack,maxHP/magic=30/20,26/13 foesHP=0,0
pattern trainer=0 turn=0 foePP=0,0 foeAtkDef=0,0 CarlAtk=0 foeLevel=0
support PP=0,0 Carl-defense=0 enemy-attack=0,0
party action uses=8,40 / 2,40
frame=35963 map=35.0 pos=30,24 flags=0
party=2 HP=30/30,26/26 battle=0 battlers=0 outcome=0 PP=0,0 trial=0 donut-ability=0
persistent PP=8,2 status=0,0
growth level/xp/item=8/399/0,8/709/0 stats maxHP/attack,maxHP/magic=30/20,26/13 foesHP=0,0
pattern trainer=0 turn=0 foePP=0,0 foeAtkDef=0,0 CarlAtk=0 foeLevel=0
support PP=0,0 Carl-defense=0 enemy-attack=0,0
party action uses=8,40 / 2,40
PASS expect 35 0 30 24 0
result=0 assertions=309
