mGBA 0.10.5; 240x160; save=../continuous.sav; read-only RAM diagnostics
frame=720 map=0.0 pos=-7,-7 flags=0
party=0 HP=0/0,0/0 battle=0 battlers=0 outcome=0 PP=0,0 trial=0 donut-ability=0
persistent PP=0,0 status=0,0
growth level/xp/item=0/0/0,0/0/0 stats maxHP/attack,maxHP/magic=0/0,0/0 foesHP=0,0
pattern trainer=0 turn=0 foePP=0,0 foeAtkDef=0,0 CarlAtk=0 foeLevel=0
support PP=0,0 Carl-defense=0 enemy-attack=0,0
party action uses=0,0 / 0,0
frame=721 map=0.0 pos=-7,-7 flags=0
party=0 HP=0/0,0/0 battle=0 battlers=0 outcome=0 PP=0,0 trial=0 donut-ability=0
persistent PP=0,0 status=0,0
growth level/xp/item=0/0/0,0/0/0 stats maxHP/attack,maxHP/magic=0/0,0/0 foesHP=0,0
pattern trainer=0 turn=0 foePP=0,0 foeAtkDef=0,0 CarlAtk=0 foeLevel=0
support PP=0,0 Carl-defense=0 enemy-attack=0,0
party action uses=0,0 / 0,0
frame=1081 map=0.0 pos=-7,-7 flags=0
party=0 HP=0/0,0/0 battle=0 battlers=0 outcome=0 PP=0,0 trial=0 donut-ability=0
persistent PP=0,0 status=0,0
growth level/xp/item=0/0/0,0/0/0 stats maxHP/attack,maxHP/magic=0/0,0/0 foesHP=0,0
pattern trainer=0 turn=0 foePP=0,0 foeAtkDef=0,0 CarlAtk=0 foeLevel=0
support PP=0,0 Carl-defense=0 enemy-attack=0,0
party action uses=0,0 / 0,0
frame=1082 map=0.0 pos=-7,-7 flags=0
party=0 HP=0/0,0/0 battle=0 battlers=0 outcome=0 PP=0,0 trial=0 donut-ability=0
persistent PP=0,0 status=0,0
growth level/xp/item=0/0/0,0/0/0 stats maxHP/attack,maxHP/magic=0/0,0/0 foesHP=0,0
pattern trainer=0 turn=0 foePP=0,0 foeAtkDef=0,0 CarlAtk=0 foeLevel=0
support PP=0,0 Carl-defense=0 enemy-attack=0,0
party action uses=0,0 / 0,0
frame=1262 map=0.0 pos=-7,-7 flags=0
party=0 HP=0/0,0/0 battle=0 battlers=0 outcome=0 PP=0,0 trial=0 donut-ability=0
persistent PP=0,0 status=0,0
growth level/xp/item=0/0/0,0/0/0 stats maxHP/attack,maxHP/magic=0/0,0/0 foesHP=0,0
pattern trainer=0 turn=0 foePP=0,0 foeAtkDef=0,0 CarlAtk=0 foeLevel=0
support PP=0,0 Carl-defense=0 enemy-attack=0,0
party action uses=0,0 / 0,0
frame=1263 map=0.0 pos=-7,-7 flags=0
party=0 HP=0/0,0/0 battle=0 battlers=0 outcome=0 PP=0,0 trial=0 donut-ability=0
persistent PP=0,0 status=0,0
growth level/xp/item=0/0/0,0/0/0 stats maxHP/attack,maxHP/magic=0/0,0/0 foesHP=0,0
pattern trainer=0 turn=0 foePP=0,0 foeAtkDef=0,0 CarlAtk=0 foeLevel=0
support PP=0,0 Carl-defense=0 enemy-attack=0,0
party action uses=0,0 / 0,0
frame=1443 map=0.0 pos=-7,-7 flags=0
party=0 HP=0/0,0/0 battle=0 battlers=0 outcome=0 PP=0,0 trial=0 donut-ability=0
persistent PP=0,0 status=0,0
growth level/xp/item=0/0/0,0/0/0 stats maxHP/attack,maxHP/magic=0/0,0/0 foesHP=0,0
pattern trainer=0 turn=0 foePP=0,0 foeAtkDef=0,0 CarlAtk=0 foeLevel=0
support PP=0,0 Carl-defense=0 enemy-attack=0,0
party action uses=0,0 / 0,0
frame=1444 map=0.0 pos=-7,-7 flags=0
party=0 HP=0/0,0/0 battle=0 battlers=0 outcome=0 PP=0,0 trial=0 donut-ability=0
persistent PP=0,0 status=0,0
growth level/xp/item=0/0/0,0/0/0 stats maxHP/attack,maxHP/magic=0/0,0/0 foesHP=0,0
pattern trainer=0 turn=0 foePP=0,0 foeAtkDef=0,0 CarlAtk=0 foeLevel=0
support PP=0,0 Carl-defense=0 enemy-attack=0,0
party action uses=0,0 / 0,0
frame=2044 map=34.0 pos=4,8 flags=0
party=2 HP=30/30,26/26 battle=0 battlers=0 outcome=0 PP=0,0 trial=0 donut-ability=0
persistent PP=8,2 status=0,0
growth level/xp/item=8/399/0,8/709/0 stats maxHP/attack,maxHP/magic=30/20,26/13 foesHP=0,0
pattern trainer=0 turn=0 foePP=0,0 foeAtkDef=0,0 CarlAtk=0 foeLevel=0
support PP=0,0 Carl-defense=0 enemy-attack=0,0
party action uses=8,40 / 2,40
frame=2045 map=34.0 pos=4,8 flags=0
party=2 HP=30/30,26/26 battle=0 battlers=0 outcome=0 PP=0,0 trial=0 donut-ability=0
persistent PP=8,2 status=0,0
growth level/xp/item=8/399/0,8/709/0 stats maxHP/attack,maxHP/magic=30/20,26/13 foesHP=0,0
pattern trainer=0 turn=0 foePP=0,0 foeAtkDef=0,0 CarlAtk=0 foeLevel=0
support PP=0,0 Carl-defense=0 enemy-attack=0,0
party action uses=8,40 / 2,40
frame=2445 map=34.0 pos=4,8 flags=0
party=2 HP=30/30,26/26 battle=0 battlers=0 outcome=0 PP=0,0 trial=0 donut-ability=0
persistent PP=8,2 status=0,0
growth level/xp/item=8/399/0,8/709/0 stats maxHP/attack,maxHP/magic=30/20,26/13 foesHP=0,0
pattern trainer=0 turn=0 foePP=0,0 foeAtkDef=0,0 CarlAtk=0 foeLevel=0
support PP=0,0 Carl-defense=0 enemy-attack=0,0
party action uses=8,40 / 2,40
frame=2446 map=34.0 pos=4,8 flags=0
party=2 HP=30/30,26/26 battle=0 battlers=0 outcome=0 PP=0,0 trial=0 donut-ability=0
persistent PP=8,2 status=0,0
growth level/xp/item=8/399/0,8/709/0 stats maxHP/attack,maxHP/magic=30/20,26/13 foesHP=0,0
pattern trainer=0 turn=0 foePP=0,0 foeAtkDef=0,0 CarlAtk=0 foeLevel=0
support PP=0,0 Carl-defense=0 enemy-attack=0,0
party action uses=8,40 / 2,40
frame=2846 map=34.0 pos=4,8 flags=0
party=2 HP=30/30,26/26 battle=0 battlers=0 outcome=0 PP=0,0 trial=0 donut-ability=0
persistent PP=8,2 status=0,0
growth level/xp/item=8/399/0,8/709/0 stats maxHP/attack,maxHP/magic=30/20,26/13 foesHP=0,0
pattern trainer=0 turn=0 foePP=0,0 foeAtkDef=0,0 CarlAtk=0 foeLevel=0
support PP=0,0 Carl-defense=0 enemy-attack=0,0
party action uses=8,40 / 2,40
frame=2847 map=34.0 pos=4,8 flags=0
party=2 HP=30/30,26/26 battle=0 battlers=0 outcome=0 PP=0,0 trial=0 donut-ability=0
persistent PP=8,2 status=0,0
growth level/xp/item=8/399/0,8/709/0 stats maxHP/attack,maxHP/magic=30/20,26/13 foesHP=0,0
pattern trainer=0 turn=0 foePP=0,0 foeAtkDef=0,0 CarlAtk=0 foeLevel=0
support PP=0,0 Carl-defense=0 enemy-attack=0,0
party action uses=8,40 / 2,40
frame=3247 map=34.0 pos=4,8 flags=0
party=2 HP=30/30,26/26 battle=0 battlers=0 outcome=0 PP=0,0 trial=0 donut-ability=0
persistent PP=8,2 status=0,0
growth level/xp/item=8/399/0,8/709/0 stats maxHP/attack,maxHP/magic=30/20,26/13 foesHP=0,0
pattern trainer=0 turn=0 foePP=0,0 foeAtkDef=0,0 CarlAtk=0 foeLevel=0
support PP=0,0 Carl-defense=0 enemy-attack=0,0
party action uses=8,40 / 2,40
frame=3248 map=34.0 pos=4,8 flags=0
party=2 HP=30/30,26/26 battle=0 battlers=0 outcome=0 PP=0,0 trial=0 donut-ability=0
persistent PP=8,2 status=0,0
growth level/xp/item=8/399/0,8/709/0 stats maxHP/attack,maxHP/magic=30/20,26/13 foesHP=0,0
pattern trainer=0 turn=0 foePP=0,0 foeAtkDef=0,0 CarlAtk=0 foeLevel=0
support PP=0,0 Carl-defense=0 enemy-attack=0,0
party action uses=8,40 / 2,40
frame=3368 map=34.0 pos=4,8 flags=1
party=2 HP=30/30,26/26 battle=0 battlers=0 outcome=0 PP=0,0 trial=0 donut-ability=0
persistent PP=8,2 status=0,0
growth level/xp/item=8/399/0,8/709/0 stats maxHP/attack,maxHP/magic=30/20,26/13 foesHP=0,0
pattern trainer=0 turn=0 foePP=0,0 foeAtkDef=0,0 CarlAtk=0 foeLevel=0
support PP=0,0 Carl-defense=0 enemy-attack=0,0
party action uses=8,40 / 2,40
frame=3368 map=34.0 pos=4,8 flags=1
party=2 HP=30/30,26/26 battle=0 battlers=0 outcome=0 PP=0,0 trial=0 donut-ability=0
persistent PP=8,2 status=0,0
growth level/xp/item=8/399/0,8/709/0 stats maxHP/attack,maxHP/magic=30/20,26/13 foesHP=0,0
pattern trainer=0 turn=0 foePP=0,0 foeAtkDef=0,0 CarlAtk=0 foeLevel=0
support PP=0,0 Carl-defense=0 enemy-attack=0,0
party action uses=8,40 / 2,40
PASS expect 34 0 4 8 1
frame=3368 map=34.0 pos=4,8 flags=1
party=2 HP=30/30,26/26 battle=0 battlers=0 outcome=0 PP=0,0 trial=0 donut-ability=0
persistent PP=8,2 status=0,0
growth level/xp/item=8/399/0,8/709/0 stats maxHP/attack,maxHP/magic=30/20,26/13 foesHP=0,0
PASS flag 36 0
pattern trainer=0 turn=0 foePP=0,0 foeAtkDef=0,0 CarlAtk=0 foeLevel=0
support PP=0,0 Carl-defense=0 enemy-attack=0,0
party action uses=8,40 / 2,40
frame=3368 map=34.0 pos=4,8 flags=1
party=2 HP=30/30,26/26 battle=0 battlers=0 outcome=0 PP=0,0 trial=0 donut-ability=0
persistent PP=8,2 status=0,0
growth level/xp/item=8/399/0,8/709/0 stats maxHP/attack,maxHP/magic=30/20,26/13 foesHP=0,0
PASS flag 37 0
pattern trainer=0 turn=0 foePP=0,0 foeAtkDef=0,0 CarlAtk=0 foeLevel=0
support PP=0,0 Carl-defense=0 enemy-attack=0,0
party action uses=8,40 / 2,40
frame=3368 map=34.0 pos=4,8 flags=1
party=2 HP=30/30,26/26 battle=0 battlers=0 outcome=0 PP=0,0 trial=0 donut-ability=0
persistent PP=8,2 status=0,0
growth level/xp/item=8/399/0,8/709/0 stats maxHP/attack,maxHP/magic=30/20,26/13 foesHP=0,0
PASS flag 38 0
pattern trainer=0 turn=0 foePP=0,0 foeAtkDef=0,0 CarlAtk=0 foeLevel=0
support PP=0,0 Carl-defense=0 enemy-attack=0,0
party action uses=8,40 / 2,40
frame=3368 map=34.0 pos=4,8 flags=1
party=2 HP=30/30,26/26 battle=0 battlers=0 outcome=0 PP=0,0 trial=0 donut-ability=0
persistent PP=8,2 status=0,0
growth level/xp/item=8/399/0,8/709/0 stats maxHP/attack,maxHP/magic=30/20,26/13 foesHP=0,0
PASS flag 39 0
pattern trainer=0 turn=0 foePP=0,0 foeAtkDef=0,0 CarlAtk=0 foeLevel=0
support PP=0,0 Carl-defense=0 enemy-attack=0,0
party action uses=8,40 / 2,40
frame=3468 map=34.0 pos=10,8 flags=1
party=2 HP=30/30,26/26 battle=0 battlers=0 outcome=0 PP=0,0 trial=0 donut-ability=0
persistent PP=8,2 status=0,0
growth level/xp/item=8/399/0,8/709/0 stats maxHP/attack,maxHP/magic=30/20,26/13 foesHP=0,0
pattern trainer=0 turn=0 foePP=0,0 foeAtkDef=0,0 CarlAtk=0 foeLevel=0
support PP=0,0 Carl-defense=0 enemy-attack=0,0
party action uses=8,40 / 2,40
frame=3508 map=34.0 pos=10,8 flags=1
party=2 HP=30/30,26/26 battle=0 battlers=0 outcome=0 PP=0,0 trial=0 donut-ability=0
persistent PP=8,2 status=0,0
growth level/xp/item=8/399/0,8/709/0 stats maxHP/attack,maxHP/magic=30/20,26/13 foesHP=0,0
pattern trainer=0 turn=0 foePP=0,0 foeAtkDef=0,0 CarlAtk=0 foeLevel=0
support PP=0,0 Carl-defense=0 enemy-attack=0,0
party action uses=8,40 / 2,40
frame=3508 map=34.0 pos=10,8 flags=1
party=2 HP=30/30,26/26 battle=0 battlers=0 outcome=0 PP=0,0 trial=0 donut-ability=0
persistent PP=8,2 status=0,0
growth level/xp/item=8/399/0,8/709/0 stats maxHP/attack,maxHP/magic=30/20,26/13 foesHP=0,0
pattern trainer=0 turn=0 foePP=0,0 foeAtkDef=0,0 CarlAtk=0 foeLevel=0
support PP=0,0 Carl-defense=0 enemy-attack=0,0
party action uses=8,40 / 2,40
PASS expect 34 0 10 8 1
frame=3509 map=34.0 pos=10,8 flags=1
party=2 HP=30/30,26/26 battle=0 battlers=0 outcome=0 PP=0,0 trial=0 donut-ability=0
persistent PP=8,2 status=0,0
growth level/xp/item=8/399/0,8/709/0 stats maxHP/attack,maxHP/magic=30/20,26/13 foesHP=0,0
pattern trainer=0 turn=0 foePP=0,0 foeAtkDef=0,0 CarlAtk=0 foeLevel=0
support PP=0,0 Carl-defense=0 enemy-attack=0,0
party action uses=8,40 / 2,40
frame=3549 map=34.0 pos=10,8 flags=1
party=2 HP=30/30,26/26 battle=0 battlers=0 outcome=0 PP=0,0 trial=0 donut-ability=0
persistent PP=8,2 status=0,0
growth level/xp/item=8/399/0,8/709/0 stats maxHP/attack,maxHP/magic=30/20,26/13 foesHP=0,0
pattern trainer=0 turn=0 foePP=0,0 foeAtkDef=0,0 CarlAtk=0 foeLevel=0
support PP=0,0 Carl-defense=0 enemy-attack=0,0
party action uses=8,40 / 2,40
frame=3550 map=34.0 pos=10,8 flags=1
party=2 HP=30/30,26/26 battle=0 battlers=0 outcome=0 PP=0,0 trial=0 donut-ability=0
persistent PP=8,2 status=0,0
growth level/xp/item=8/399/0,8/709/0 stats maxHP/attack,maxHP/magic=30/20,26/13 foesHP=0,0
pattern trainer=0 turn=0 foePP=0,0 foeAtkDef=0,0 CarlAtk=0 foeLevel=0
support PP=0,0 Carl-defense=0 enemy-attack=0,0
party action uses=8,40 / 2,40
frame=3950 map=34.0 pos=10,8 flags=1
party=2 HP=30/30,26/26 battle=0 battlers=0 outcome=0 PP=0,0 trial=0 donut-ability=0
persistent PP=8,2 status=0,0
growth level/xp/item=8/399/0,8/709/0 stats maxHP/attack,maxHP/magic=30/20,26/13 foesHP=0,0
pattern trainer=0 turn=0 foePP=0,0 foeAtkDef=0,0 CarlAtk=0 foeLevel=0
support PP=0,0 Carl-defense=0 enemy-attack=0,0
party action uses=8,40 / 2,40
frame=3950 map=34.0 pos=10,8 flags=1
party=2 HP=30/30,26/26 battle=0 battlers=0 outcome=0 PP=0,0 trial=0 donut-ability=0
persistent PP=8,2 status=0,0
growth level/xp/item=8/399/0,8/709/0 stats maxHP/attack,maxHP/magic=30/20,26/13 foesHP=0,0
PASS flag 36 0
pattern trainer=0 turn=0 foePP=0,0 foeAtkDef=0,0 CarlAtk=0 foeLevel=0
support PP=0,0 Carl-defense=0 enemy-attack=0,0
party action uses=8,40 / 2,40
frame=3950 map=34.0 pos=10,8 flags=1
party=2 HP=30/30,26/26 battle=0 battlers=0 outcome=0 PP=0,0 trial=0 donut-ability=0
persistent PP=8,2 status=0,0
growth level/xp/item=8/399/0,8/709/0 stats maxHP/attack,maxHP/magic=30/20,26/13 foesHP=0,0
PASS flag 38 0
pattern trainer=0 turn=0 foePP=0,0 foeAtkDef=0,0 CarlAtk=0 foeLevel=0
support PP=0,0 Carl-defense=0 enemy-attack=0,0
party action uses=8,40 / 2,40
frame=3951 map=34.0 pos=10,8 flags=1
party=2 HP=30/30,26/26 battle=0 battlers=0 outcome=0 PP=0,0 trial=0 donut-ability=0
persistent PP=8,2 status=0,0
growth level/xp/item=8/399/0,8/709/0 stats maxHP/attack,maxHP/magic=30/20,26/13 foesHP=0,0
pattern trainer=0 turn=0 foePP=0,0 foeAtkDef=0,0 CarlAtk=0 foeLevel=0
support PP=0,0 Carl-defense=0 enemy-attack=0,0
party action uses=8,40 / 2,40
frame=4071 map=34.0 pos=10,8 flags=1
party=2 HP=30/30,26/26 battle=0 battlers=0 outcome=0 PP=0,0 trial=0 donut-ability=0
persistent PP=8,2 status=0,0
growth level/xp/item=8/399/0,8/709/0 stats maxHP/attack,maxHP/magic=30/20,26/13 foesHP=0,0
pattern trainer=0 turn=0 foePP=0,0 foeAtkDef=0,0 CarlAtk=0 foeLevel=0
support PP=0,0 Carl-defense=0 enemy-attack=0,0
party action uses=8,40 / 2,40
frame=4171 map=34.0 pos=4,8 flags=1
party=2 HP=30/30,26/26 battle=0 battlers=0 outcome=0 PP=0,0 trial=0 donut-ability=0
persistent PP=8,2 status=0,0
growth level/xp/item=8/399/0,8/709/0 stats maxHP/attack,maxHP/magic=30/20,26/13 foesHP=0,0
pattern trainer=0 turn=0 foePP=0,0 foeAtkDef=0,0 CarlAtk=0 foeLevel=0
support PP=0,0 Carl-defense=0 enemy-attack=0,0
party action uses=8,40 / 2,40
frame=4211 map=34.0 pos=4,8 flags=1
party=2 HP=30/30,26/26 battle=0 battlers=0 outcome=0 PP=0,0 trial=0 donut-ability=0
persistent PP=8,2 status=0,0
growth level/xp/item=8/399/0,8/709/0 stats maxHP/attack,maxHP/magic=30/20,26/13 foesHP=0,0
pattern trainer=0 turn=0 foePP=0,0 foeAtkDef=0,0 CarlAtk=0 foeLevel=0
support PP=0,0 Carl-defense=0 enemy-attack=0,0
party action uses=8,40 / 2,40
frame=4247 map=34.0 pos=4,6 flags=1
party=2 HP=30/30,26/26 battle=0 battlers=0 outcome=0 PP=0,0 trial=0 donut-ability=0
persistent PP=8,2 status=0,0
growth level/xp/item=8/399/0,8/709/0 stats maxHP/attack,maxHP/magic=30/20,26/13 foesHP=0,0
pattern trainer=0 turn=0 foePP=0,0 foeAtkDef=0,0 CarlAtk=0 foeLevel=0
support PP=0,0 Carl-defense=0 enemy-attack=0,0
party action uses=8,40 / 2,40
frame=4287 map=34.0 pos=4,6 flags=1
party=2 HP=30/30,26/26 battle=0 battlers=0 outcome=0 PP=0,0 trial=0 donut-ability=0
persistent PP=8,2 status=0,0
growth level/xp/item=8/399/0,8/709/0 stats maxHP/attack,maxHP/magic=30/20,26/13 foesHP=0,0
pattern trainer=0 turn=0 foePP=0,0 foeAtkDef=0,0 CarlAtk=0 foeLevel=0
support PP=0,0 Carl-defense=0 enemy-attack=0,0
party action uses=8,40 / 2,40
frame=4287 map=34.0 pos=4,6 flags=1
party=2 HP=30/30,26/26 battle=0 battlers=0 outcome=0 PP=0,0 trial=0 donut-ability=0
persistent PP=8,2 status=0,0
growth level/xp/item=8/399/0,8/709/0 stats maxHP/attack,maxHP/magic=30/20,26/13 foesHP=0,0
pattern trainer=0 turn=0 foePP=0,0 foeAtkDef=0,0 CarlAtk=0 foeLevel=0
support PP=0,0 Carl-defense=0 enemy-attack=0,0
party action uses=8,40 / 2,40
PASS expect 34 0 4 6 1
frame=4288 map=34.0 pos=4,6 flags=1
party=2 HP=30/30,26/26 battle=0 battlers=0 outcome=0 PP=0,0 trial=0 donut-ability=0
persistent PP=8,2 status=0,0
growth level/xp/item=8/399/0,8/709/0 stats maxHP/attack,maxHP/magic=30/20,26/13 foesHP=0,0
pattern trainer=0 turn=0 foePP=0,0 foeAtkDef=0,0 CarlAtk=0 foeLevel=0
support PP=0,0 Carl-defense=0 enemy-attack=0,0
party action uses=8,40 / 2,40
frame=4688 map=34.0 pos=4,6 flags=1
party=2 HP=30/30,26/26 battle=0 battlers=0 outcome=0 PP=0,0 trial=0 donut-ability=0
persistent PP=8,2 status=0,0
growth level/xp/item=8/399/0,8/709/0 stats maxHP/attack,maxHP/magic=30/20,26/13 foesHP=0,0
pattern trainer=0 turn=0 foePP=0,0 foeAtkDef=0,0 CarlAtk=0 foeLevel=0
support PP=0,0 Carl-defense=0 enemy-attack=0,0
party action uses=8,40 / 2,40
frame=4689 map=34.0 pos=4,6 flags=1
party=2 HP=30/30,26/26 battle=0 battlers=0 outcome=0 PP=0,0 trial=0 donut-ability=0
persistent PP=8,2 status=0,0
growth level/xp/item=8/399/0,8/709/0 stats maxHP/attack,maxHP/magic=30/20,26/13 foesHP=0,0
pattern trainer=0 turn=0 foePP=0,0 foeAtkDef=0,0 CarlAtk=0 foeLevel=0
support PP=0,0 Carl-defense=0 enemy-attack=0,0
party action uses=8,40 / 2,40
frame=5089 map=34.0 pos=4,6 flags=1
party=2 HP=30/30,26/26 battle=0 battlers=0 outcome=0 PP=0,0 trial=0 donut-ability=0
persistent PP=8,2 status=0,0
growth level/xp/item=8/399/0,8/709/0 stats maxHP/attack,maxHP/magic=30/20,26/13 foesHP=0,0
pattern trainer=0 turn=0 foePP=0,0 foeAtkDef=0,0 CarlAtk=0 foeLevel=0
support PP=0,0 Carl-defense=0 enemy-attack=0,0
party action uses=8,40 / 2,40
frame=5090 map=34.0 pos=4,6 flags=1
party=2 HP=30/30,26/26 battle=0 battlers=0 outcome=0 PP=0,0 trial=0 donut-ability=0
persistent PP=8,2 status=0,0
growth level/xp/item=8/399/0,8/709/0 stats maxHP/attack,maxHP/magic=30/20,26/13 foesHP=0,0
pattern trainer=0 turn=0 foePP=0,0 foeAtkDef=0,0 CarlAtk=0 foeLevel=0
support PP=0,0 Carl-defense=0 enemy-attack=0,0
party action uses=8,40 / 2,40
frame=5490 map=34.0 pos=4,6 flags=1
party=2 HP=30/30,26/26 battle=0 battlers=0 outcome=0 PP=0,0 trial=0 donut-ability=0
persistent PP=8,2 status=0,0
growth level/xp/item=8/399/0,8/709/0 stats maxHP/attack,maxHP/magic=30/20,26/13 foesHP=0,0
pattern trainer=0 turn=0 foePP=0,0 foeAtkDef=0,0 CarlAtk=0 foeLevel=0
support PP=0,0 Carl-defense=0 enemy-attack=0,0
party action uses=8,40 / 2,40
frame=5491 map=34.0 pos=4,6 flags=1
party=2 HP=30/30,26/26 battle=0 battlers=0 outcome=0 PP=0,0 trial=0 donut-ability=0
persistent PP=8,2 status=0,0
growth level/xp/item=8/399/0,8/709/0 stats maxHP/attack,maxHP/magic=30/20,26/13 foesHP=0,0
pattern trainer=0 turn=0 foePP=0,0 foeAtkDef=0,0 CarlAtk=0 foeLevel=0
support PP=0,0 Carl-defense=0 enemy-attack=0,0
party action uses=8,40 / 2,40
frame=5891 map=34.0 pos=4,6 flags=3
party=2 HP=30/30,26/26 battle=0 battlers=0 outcome=0 PP=0,0 trial=0 donut-ability=0
persistent PP=8,2 status=0,0
growth level/xp/item=8/399/0,8/709/0 stats maxHP/attack,maxHP/magic=30/20,26/13 foesHP=0,0
pattern trainer=0 turn=0 foePP=0,0 foeAtkDef=0,0 CarlAtk=0 foeLevel=0
support PP=0,0 Carl-defense=0 enemy-attack=0,0
party action uses=8,40 / 2,40
frame=5891 map=34.0 pos=4,6 flags=3
party=2 HP=30/30,26/26 battle=0 battlers=0 outcome=0 PP=0,0 trial=0 donut-ability=0
persistent PP=8,2 status=0,0
growth level/xp/item=8/399/0,8/709/0 stats maxHP/attack,maxHP/magic=30/20,26/13 foesHP=0,0
PASS flag 36 1
pattern trainer=0 turn=0 foePP=0,0 foeAtkDef=0,0 CarlAtk=0 foeLevel=0
support PP=0,0 Carl-defense=0 enemy-attack=0,0
party action uses=8,40 / 2,40
frame=5891 map=34.0 pos=4,6 flags=3
party=2 HP=30/30,26/26 battle=0 battlers=0 outcome=0 PP=0,0 trial=0 donut-ability=0
persistent PP=8,2 status=0,0
growth level/xp/item=8/399/0,8/709/0 stats maxHP/attack,maxHP/magic=30/20,26/13 foesHP=0,0
PASS flag 38 0
pattern trainer=0 turn=0 foePP=0,0 foeAtkDef=0,0 CarlAtk=0 foeLevel=0
support PP=0,0 Carl-defense=0 enemy-attack=0,0
party action uses=8,40 / 2,40
frame=5892 map=34.0 pos=4,6 flags=3
party=2 HP=30/30,26/26 battle=0 battlers=0 outcome=0 PP=0,0 trial=0 donut-ability=0
persistent PP=8,2 status=0,0
growth level/xp/item=8/399/0,8/709/0 stats maxHP/attack,maxHP/magic=30/20,26/13 foesHP=0,0
pattern trainer=0 turn=0 foePP=0,0 foeAtkDef=0,0 CarlAtk=0 foeLevel=0
support PP=0,0 Carl-defense=0 enemy-attack=0,0
party action uses=8,40 / 2,40
frame=6012 map=34.0 pos=4,6 flags=3
party=2 HP=30/30,26/26 battle=0 battlers=0 outcome=0 PP=0,0 trial=0 donut-ability=0
persistent PP=8,2 status=0,0
growth level/xp/item=8/399/0,8/709/0 stats maxHP/attack,maxHP/magic=30/20,26/13 foesHP=0,0
pattern trainer=0 turn=0 foePP=0,0 foeAtkDef=0,0 CarlAtk=0 foeLevel=0
support PP=0,0 Carl-defense=0 enemy-attack=0,0
party action uses=8,40 / 2,40
frame=6013 map=34.0 pos=4,6 flags=3
party=2 HP=30/30,26/26 battle=0 battlers=0 outcome=0 PP=0,0 trial=0 donut-ability=0
persistent PP=8,2 status=0,0
growth level/xp/item=8/399/0,8/709/0 stats maxHP/attack,maxHP/magic=30/20,26/13 foesHP=0,0
pattern trainer=0 turn=0 foePP=0,0 foeAtkDef=0,0 CarlAtk=0 foeLevel=0
support PP=0,0 Carl-defense=0 enemy-attack=0,0
party action uses=8,40 / 2,40
frame=6413 map=34.0 pos=4,6 flags=3
party=2 HP=30/30,26/26 battle=0 battlers=0 outcome=0 PP=0,0 trial=0 donut-ability=0
persistent PP=8,2 status=0,0
growth level/xp/item=8/399/0,8/709/0 stats maxHP/attack,maxHP/magic=30/20,26/13 foesHP=0,0
pattern trainer=0 turn=0 foePP=0,0 foeAtkDef=0,0 CarlAtk=0 foeLevel=0
support PP=0,0 Carl-defense=0 enemy-attack=0,0
party action uses=8,40 / 2,40
frame=6413 map=34.0 pos=4,6 flags=3
party=2 HP=30/30,26/26 battle=0 battlers=0 outcome=0 PP=0,0 trial=0 donut-ability=0
persistent PP=8,2 status=0,0
growth level/xp/item=8/399/0,8/709/0 stats maxHP/attack,maxHP/magic=30/20,26/13 foesHP=0,0
PASS flag 36 1
pattern trainer=0 turn=0 foePP=0,0 foeAtkDef=0,0 CarlAtk=0 foeLevel=0
support PP=0,0 Carl-defense=0 enemy-attack=0,0
party action uses=8,40 / 2,40
frame=6414 map=34.0 pos=4,6 flags=3
party=2 HP=30/30,26/26 battle=0 battlers=0 outcome=0 PP=0,0 trial=0 donut-ability=0
persistent PP=8,2 status=0,0
growth level/xp/item=8/399/0,8/709/0 stats maxHP/attack,maxHP/magic=30/20,26/13 foesHP=0,0
pattern trainer=0 turn=0 foePP=0,0 foeAtkDef=0,0 CarlAtk=0 foeLevel=0
support PP=0,0 Carl-defense=0 enemy-attack=0,0
party action uses=8,40 / 2,40
frame=6534 map=34.0 pos=4,6 flags=3
party=2 HP=30/30,26/26 battle=0 battlers=0 outcome=0 PP=0,0 trial=0 donut-ability=0
persistent PP=8,2 status=0,0
growth level/xp/item=8/399/0,8/709/0 stats maxHP/attack,maxHP/magic=30/20,26/13 foesHP=0,0
pattern trainer=0 turn=0 foePP=0,0 foeAtkDef=0,0 CarlAtk=0 foeLevel=0
support PP=0,0 Carl-defense=0 enemy-attack=0,0
party action uses=8,40 / 2,40
frame=6570 map=34.0 pos=4,8 flags=3
party=2 HP=30/30,26/26 battle=0 battlers=0 outcome=0 PP=0,0 trial=0 donut-ability=0
persistent PP=8,2 status=0,0
growth level/xp/item=8/399/0,8/709/0 stats maxHP/attack,maxHP/magic=30/20,26/13 foesHP=0,0
pattern trainer=0 turn=0 foePP=0,0 foeAtkDef=0,0 CarlAtk=0 foeLevel=0
support PP=0,0 Carl-defense=0 enemy-attack=0,0
party action uses=8,40 / 2,40
frame=6610 map=34.0 pos=4,8 flags=3
party=2 HP=30/30,26/26 battle=0 battlers=0 outcome=0 PP=0,0 trial=0 donut-ability=0
persistent PP=8,2 status=0,0
growth level/xp/item=8/399/0,8/709/0 stats maxHP/attack,maxHP/magic=30/20,26/13 foesHP=0,0
pattern trainer=0 turn=0 foePP=0,0 foeAtkDef=0,0 CarlAtk=0 foeLevel=0
support PP=0,0 Carl-defense=0 enemy-attack=0,0
party action uses=8,40 / 2,40
frame=6710 map=34.0 pos=10,8 flags=3
party=2 HP=30/30,26/26 battle=0 battlers=0 outcome=0 PP=0,0 trial=0 donut-ability=0
persistent PP=8,2 status=0,0
growth level/xp/item=8/399/0,8/709/0 stats maxHP/attack,maxHP/magic=30/20,26/13 foesHP=0,0
pattern trainer=0 turn=0 foePP=0,0 foeAtkDef=0,0 CarlAtk=0 foeLevel=0
support PP=0,0 Carl-defense=0 enemy-attack=0,0
party action uses=8,40 / 2,40
frame=6750 map=34.0 pos=10,8 flags=3
party=2 HP=30/30,26/26 battle=0 battlers=0 outcome=0 PP=0,0 trial=0 donut-ability=0
persistent PP=8,2 status=0,0
growth level/xp/item=8/399/0,8/709/0 stats maxHP/attack,maxHP/magic=30/20,26/13 foesHP=0,0
pattern trainer=0 turn=0 foePP=0,0 foeAtkDef=0,0 CarlAtk=0 foeLevel=0
support PP=0,0 Carl-defense=0 enemy-attack=0,0
party action uses=8,40 / 2,40
frame=6750 map=34.0 pos=10,8 flags=3
party=2 HP=30/30,26/26 battle=0 battlers=0 outcome=0 PP=0,0 trial=0 donut-ability=0
persistent PP=8,2 status=0,0
growth level/xp/item=8/399/0,8/709/0 stats maxHP/attack,maxHP/magic=30/20,26/13 foesHP=0,0
pattern trainer=0 turn=0 foePP=0,0 foeAtkDef=0,0 CarlAtk=0 foeLevel=0
support PP=0,0 Carl-defense=0 enemy-attack=0,0
party action uses=8,40 / 2,40
PASS expect 34 0 10 8 3
frame=6751 map=34.0 pos=10,8 flags=3
party=2 HP=30/30,26/26 battle=0 battlers=0 outcome=0 PP=0,0 trial=0 donut-ability=0
persistent PP=8,2 status=0,0
growth level/xp/item=8/399/0,8/709/0 stats maxHP/attack,maxHP/magic=30/20,26/13 foesHP=0,0
pattern trainer=0 turn=0 foePP=0,0 foeAtkDef=0,0 CarlAtk=0 foeLevel=0
support PP=0,0 Carl-defense=0 enemy-attack=0,0
party action uses=8,40 / 2,40
frame=6791 map=34.0 pos=10,8 flags=3
party=2 HP=30/30,26/26 battle=0 battlers=0 outcome=0 PP=0,0 trial=0 donut-ability=0
persistent PP=8,2 status=0,0
growth level/xp/item=8/399/0,8/709/0 stats maxHP/attack,maxHP/magic=30/20,26/13 foesHP=0,0
pattern trainer=0 turn=0 foePP=0,0 foeAtkDef=0,0 CarlAtk=0 foeLevel=0
support PP=0,0 Carl-defense=0 enemy-attack=0,0
party action uses=8,40 / 2,40
frame=6792 map=34.0 pos=10,8 flags=3
party=2 HP=30/30,26/26 battle=0 battlers=0 outcome=0 PP=0,0 trial=0 donut-ability=0
persistent PP=8,2 status=0,0
growth level/xp/item=8/399/0,8/709/0 stats maxHP/attack,maxHP/magic=30/20,26/13 foesHP=0,0
pattern trainer=0 turn=0 foePP=0,0 foeAtkDef=0,0 CarlAtk=0 foeLevel=0
support PP=0,0 Carl-defense=0 enemy-attack=0,0
party action uses=8,40 / 2,40
frame=7192 map=34.0 pos=10,8 flags=3
party=2 HP=30/30,26/26 battle=0 battlers=0 outcome=0 PP=0,0 trial=0 donut-ability=0
persistent PP=8,2 status=0,0
growth level/xp/item=8/399/0,8/709/0 stats maxHP/attack,maxHP/magic=30/20,26/13 foesHP=0,0
pattern trainer=0 turn=0 foePP=0,0 foeAtkDef=0,0 CarlAtk=0 foeLevel=0
support PP=0,0 Carl-defense=0 enemy-attack=0,0
party action uses=8,40 / 2,40
frame=7192 map=34.0 pos=10,8 flags=3
party=2 HP=30/30,26/26 battle=0 battlers=0 outcome=0 PP=0,0 trial=0 donut-ability=0
persistent PP=8,2 status=0,0
growth level/xp/item=8/399/0,8/709/0 stats maxHP/attack,maxHP/magic=30/20,26/13 foesHP=0,0
PASS flag 38 1
pattern trainer=0 turn=0 foePP=0,0 foeAtkDef=0,0 CarlAtk=0 foeLevel=0
support PP=0,0 Carl-defense=0 enemy-attack=0,0
party action uses=8,40 / 2,40
frame=7193 map=34.0 pos=10,8 flags=3
party=2 HP=30/30,26/26 battle=0 battlers=0 outcome=0 PP=0,0 trial=0 donut-ability=0
persistent PP=8,2 status=0,0
growth level/xp/item=8/399/0,8/709/0 stats maxHP/attack,maxHP/magic=30/20,26/13 foesHP=0,0
pattern trainer=0 turn=0 foePP=0,0 foeAtkDef=0,0 CarlAtk=0 foeLevel=0
support PP=0,0 Carl-defense=0 enemy-attack=0,0
party action uses=8,40 / 2,40
frame=7313 map=34.0 pos=10,8 flags=3
party=2 HP=30/30,26/26 battle=0 battlers=0 outcome=0 PP=0,0 trial=0 donut-ability=0
persistent PP=8,2 status=0,0
growth level/xp/item=8/399/0,8/709/0 stats maxHP/attack,maxHP/magic=30/20,26/13 foesHP=0,0
pattern trainer=0 turn=0 foePP=0,0 foeAtkDef=0,0 CarlAtk=0 foeLevel=0
support PP=0,0 Carl-defense=0 enemy-attack=0,0
party action uses=8,40 / 2,40
frame=7314 map=34.0 pos=10,8 flags=3
party=2 HP=30/30,26/26 battle=0 battlers=0 outcome=0 PP=0,0 trial=0 donut-ability=0
persistent PP=8,2 status=0,0
growth level/xp/item=8/399/0,8/709/0 stats maxHP/attack,maxHP/magic=30/20,26/13 foesHP=0,0
pattern trainer=0 turn=0 foePP=0,0 foeAtkDef=0,0 CarlAtk=0 foeLevel=0
support PP=0,0 Carl-defense=0 enemy-attack=0,0
party action uses=8,40 / 2,40
frame=7714 map=34.0 pos=10,8 flags=3
party=2 HP=30/30,26/26 battle=0 battlers=0 outcome=0 PP=0,0 trial=0 donut-ability=0
persistent PP=8,2 status=0,0
growth level/xp/item=8/399/0,8/709/0 stats maxHP/attack,maxHP/magic=30/20,26/13 foesHP=0,0
pattern trainer=0 turn=0 foePP=0,0 foeAtkDef=0,0 CarlAtk=0 foeLevel=0
support PP=0,0 Carl-defense=0 enemy-attack=0,0
party action uses=8,40 / 2,40
frame=7714 map=34.0 pos=10,8 flags=3
party=2 HP=30/30,26/26 battle=0 battlers=0 outcome=0 PP=0,0 trial=0 donut-ability=0
persistent PP=8,2 status=0,0
growth level/xp/item=8/399/0,8/709/0 stats maxHP/attack,maxHP/magic=30/20,26/13 foesHP=0,0
PASS flag 38 1
pattern trainer=0 turn=0 foePP=0,0 foeAtkDef=0,0 CarlAtk=0 foeLevel=0
support PP=0,0 Carl-defense=0 enemy-attack=0,0
party action uses=8,40 / 2,40
frame=7715 map=34.0 pos=10,8 flags=3
party=2 HP=30/30,26/26 battle=0 battlers=0 outcome=0 PP=0,0 trial=0 donut-ability=0
persistent PP=8,2 status=0,0
growth level/xp/item=8/399/0,8/709/0 stats maxHP/attack,maxHP/magic=30/20,26/13 foesHP=0,0
pattern trainer=0 turn=0 foePP=0,0 foeAtkDef=0,0 CarlAtk=0 foeLevel=0
support PP=0,0 Carl-defense=0 enemy-attack=0,0
party action uses=8,40 / 2,40
frame=7835 map=34.0 pos=10,8 flags=3
party=2 HP=30/30,26/26 battle=0 battlers=0 outcome=0 PP=0,0 trial=0 donut-ability=0
persistent PP=8,2 status=0,0
growth level/xp/item=8/399/0,8/709/0 stats maxHP/attack,maxHP/magic=30/20,26/13 foesHP=0,0
pattern trainer=0 turn=0 foePP=0,0 foeAtkDef=0,0 CarlAtk=0 foeLevel=0
support PP=0,0 Carl-defense=0 enemy-attack=0,0
party action uses=8,40 / 2,40
frame=7871 map=34.0 pos=12,8 flags=3
party=2 HP=30/30,26/26 battle=0 battlers=0 outcome=0 PP=0,0 trial=0 donut-ability=0
persistent PP=8,2 status=0,0
growth level/xp/item=8/399/0,8/709/0 stats maxHP/attack,maxHP/magic=30/20,26/13 foesHP=0,0
pattern trainer=0 turn=0 foePP=0,0 foeAtkDef=0,0 CarlAtk=0 foeLevel=0
support PP=0,0 Carl-defense=0 enemy-attack=0,0
party action uses=8,40 / 2,40
frame=7911 map=34.0 pos=12,8 flags=3
party=2 HP=30/30,26/26 battle=0 battlers=0 outcome=0 PP=0,0 trial=0 donut-ability=0
persistent PP=8,2 status=0,0
growth level/xp/item=8/399/0,8/709/0 stats maxHP/attack,maxHP/magic=30/20,26/13 foesHP=0,0
pattern trainer=0 turn=0 foePP=0,0 foeAtkDef=0,0 CarlAtk=0 foeLevel=0
support PP=0,0 Carl-defense=0 enemy-attack=0,0
party action uses=8,40 / 2,40
frame=7979 map=34.0 pos=12,4 flags=3
party=2 HP=30/30,26/26 battle=0 battlers=0 outcome=0 PP=0,0 trial=0 donut-ability=0
persistent PP=8,2 status=0,0
growth level/xp/item=8/399/0,8/709/0 stats maxHP/attack,maxHP/magic=30/20,26/13 foesHP=0,0
pattern trainer=0 turn=0 foePP=0,0 foeAtkDef=0,0 CarlAtk=0 foeLevel=0
support PP=0,0 Carl-defense=0 enemy-attack=0,0
party action uses=8,40 / 2,40
frame=8159 map=34.1 pos=12,4 flags=3
party=2 HP=30/30,26/26 battle=0 battlers=0 outcome=0 PP=0,0 trial=0 donut-ability=0
persistent PP=8,2 status=0,0
growth level/xp/item=8/399/0,8/709/0 stats maxHP/attack,maxHP/magic=30/20,26/13 foesHP=0,0
pattern trainer=0 turn=0 foePP=0,0 foeAtkDef=0,0 CarlAtk=0 foeLevel=0
support PP=0,0 Carl-defense=0 enemy-attack=0,0
party action uses=8,40 / 2,40
frame=8159 map=34.1 pos=12,4 flags=3
party=2 HP=30/30,26/26 battle=0 battlers=0 outcome=0 PP=0,0 trial=0 donut-ability=0
persistent PP=8,2 status=0,0
growth level/xp/item=8/399/0,8/709/0 stats maxHP/attack,maxHP/magic=30/20,26/13 foesHP=0,0
pattern trainer=0 turn=0 foePP=0,0 foeAtkDef=0,0 CarlAtk=0 foeLevel=0
support PP=0,0 Carl-defense=0 enemy-attack=0,0
party action uses=8,40 / 2,40
PASS expect 34 1 12 4 3
frame=8179 map=34.1 pos=11,4 flags=3
party=2 HP=30/30,26/26 battle=0 battlers=0 outcome=0 PP=0,0 trial=0 donut-ability=0
persistent PP=8,2 status=0,0
growth level/xp/item=8/399/0,8/709/0 stats maxHP/attack,maxHP/magic=30/20,26/13 foesHP=0,0
pattern trainer=0 turn=0 foePP=0,0 foeAtkDef=0,0 CarlAtk=0 foeLevel=0
support PP=0,0 Carl-defense=0 enemy-attack=0,0
party action uses=8,40 / 2,40
frame=8219 map=34.1 pos=11,4 flags=3
party=2 HP=30/30,26/26 battle=0 battlers=0 outcome=0 PP=0,0 trial=0 donut-ability=0
persistent PP=8,2 status=0,0
growth level/xp/item=8/399/0,8/709/0 stats maxHP/attack,maxHP/magic=30/20,26/13 foesHP=0,0
pattern trainer=0 turn=0 foePP=0,0 foeAtkDef=0,0 CarlAtk=0 foeLevel=0
support PP=0,0 Carl-defense=0 enemy-attack=0,0
party action uses=8,40 / 2,40
frame=8271 map=34.1 pos=11,7 flags=3
party=2 HP=30/30,26/26 battle=0 battlers=0 outcome=0 PP=0,0 trial=0 donut-ability=0
persistent PP=8,2 status=0,0
growth level/xp/item=8/399/0,8/709/0 stats maxHP/attack,maxHP/magic=30/20,26/13 foesHP=0,0
pattern trainer=0 turn=0 foePP=0,0 foeAtkDef=0,0 CarlAtk=0 foeLevel=0
support PP=0,0 Carl-defense=0 enemy-attack=0,0
party action uses=8,40 / 2,40
frame=8311 map=34.1 pos=11,7 flags=3
party=2 HP=30/30,26/26 battle=0 battlers=0 outcome=0 PP=0,0 trial=0 donut-ability=0
persistent PP=8,2 status=0,0
growth level/xp/item=8/399/0,8/709/0 stats maxHP/attack,maxHP/magic=30/20,26/13 foesHP=0,0
pattern trainer=0 turn=0 foePP=0,0 foeAtkDef=0,0 CarlAtk=0 foeLevel=0
support PP=0,0 Carl-defense=0 enemy-attack=0,0
party action uses=8,40 / 2,40
frame=8311 map=34.1 pos=11,7 flags=3
party=2 HP=30/30,26/26 battle=0 battlers=0 outcome=0 PP=0,0 trial=0 donut-ability=0
persistent PP=8,2 status=0,0
growth level/xp/item=8/399/0,8/709/0 stats maxHP/attack,maxHP/magic=30/20,26/13 foesHP=0,0
pattern trainer=0 turn=0 foePP=0,0 foeAtkDef=0,0 CarlAtk=0 foeLevel=0
support PP=0,0 Carl-defense=0 enemy-attack=0,0
party action uses=8,40 / 2,40
PASS expect 34 1 11 7 3
frame=8312 map=34.1 pos=11,7 flags=3
party=2 HP=30/30,26/26 battle=0 battlers=0 outcome=0 PP=0,0 trial=0 donut-ability=0
persistent PP=8,2 status=0,0
growth level/xp/item=8/399/0,8/709/0 stats maxHP/attack,maxHP/magic=30/20,26/13 foesHP=0,0
pattern trainer=0 turn=0 foePP=0,0 foeAtkDef=0,0 CarlAtk=0 foeLevel=0
support PP=0,0 Carl-defense=0 enemy-attack=0,0
party action uses=8,40 / 2,40
frame=8712 map=34.1 pos=11,7 flags=3
party=2 HP=30/30,26/26 battle=0 battlers=0 outcome=0 PP=0,0 trial=0 donut-ability=0
persistent PP=8,2 status=0,0
growth level/xp/item=8/399/0,8/709/0 stats maxHP/attack,maxHP/magic=30/20,26/13 foesHP=0,0
pattern trainer=0 turn=0 foePP=0,0 foeAtkDef=0,0 CarlAtk=0 foeLevel=0
support PP=0,0 Carl-defense=0 enemy-attack=0,0
party action uses=8,40 / 2,40
frame=8712 map=34.1 pos=11,7 flags=3
party=2 HP=30/30,26/26 battle=0 battlers=0 outcome=0 PP=0,0 trial=0 donut-ability=0
persistent PP=8,2 status=0,0
growth level/xp/item=8/399/0,8/709/0 stats maxHP/attack,maxHP/magic=30/20,26/13 foesHP=0,0
PASS flag 37 0
pattern trainer=0 turn=0 foePP=0,0 foeAtkDef=0,0 CarlAtk=0 foeLevel=0
support PP=0,0 Carl-defense=0 enemy-attack=0,0
party action uses=8,40 / 2,40
frame=8712 map=34.1 pos=11,7 flags=3
party=2 HP=30/30,26/26 battle=0 battlers=0 outcome=0 PP=0,0 trial=0 donut-ability=0
persistent PP=8,2 status=0,0
growth level/xp/item=8/399/0,8/709/0 stats maxHP/attack,maxHP/magic=30/20,26/13 foesHP=0,0
PASS flag 39 0
pattern trainer=0 turn=0 foePP=0,0 foeAtkDef=0,0 CarlAtk=0 foeLevel=0
support PP=0,0 Carl-defense=0 enemy-attack=0,0
party action uses=8,40 / 2,40
frame=8713 map=34.1 pos=11,7 flags=3
party=2 HP=30/30,26/26 battle=0 battlers=0 outcome=0 PP=0,0 trial=0 donut-ability=0
persistent PP=8,2 status=0,0
growth level/xp/item=8/399/0,8/709/0 stats maxHP/attack,maxHP/magic=30/20,26/13 foesHP=0,0
pattern trainer=0 turn=0 foePP=0,0 foeAtkDef=0,0 CarlAtk=0 foeLevel=0
support PP=0,0 Carl-defense=0 enemy-attack=0,0
party action uses=8,40 / 2,40
frame=8833 map=34.1 pos=11,7 flags=3
party=2 HP=30/30,26/26 battle=0 battlers=0 outcome=0 PP=0,0 trial=0 donut-ability=0
persistent PP=8,2 status=0,0
growth level/xp/item=8/399/0,8/709/0 stats maxHP/attack,maxHP/magic=30/20,26/13 foesHP=0,0
pattern trainer=0 turn=0 foePP=0,0 foeAtkDef=0,0 CarlAtk=0 foeLevel=0
support PP=0,0 Carl-defense=0 enemy-attack=0,0
party action uses=8,40 / 2,40
frame=8885 map=34.1 pos=11,4 flags=3
party=2 HP=30/30,26/26 battle=0 battlers=0 outcome=0 PP=0,0 trial=0 donut-ability=0
persistent PP=8,2 status=0,0
growth level/xp/item=8/399/0,8/709/0 stats maxHP/attack,maxHP/magic=30/20,26/13 foesHP=0,0
pattern trainer=0 turn=0 foePP=0,0 foeAtkDef=0,0 CarlAtk=0 foeLevel=0
support PP=0,0 Carl-defense=0 enemy-attack=0,0
party action uses=8,40 / 2,40
frame=8925 map=34.1 pos=11,4 flags=3
party=2 HP=30/30,26/26 battle=0 battlers=0 outcome=0 PP=0,0 trial=0 donut-ability=0
persistent PP=8,2 status=0,0
growth level/xp/item=8/399/0,8/709/0 stats maxHP/attack,maxHP/magic=30/20,26/13 foesHP=0,0
pattern trainer=0 turn=0 foePP=0,0 foeAtkDef=0,0 CarlAtk=0 foeLevel=0
support PP=0,0 Carl-defense=0 enemy-attack=0,0
party action uses=8,40 / 2,40
frame=8925 map=34.1 pos=11,4 flags=3
party=2 HP=30/30,26/26 battle=0 battlers=0 outcome=0 PP=0,0 trial=0 donut-ability=0
persistent PP=8,2 status=0,0
growth level/xp/item=8/399/0,8/709/0 stats maxHP/attack,maxHP/magic=30/20,26/13 foesHP=0,0
pattern trainer=0 turn=0 foePP=0,0 foeAtkDef=0,0 CarlAtk=0 foeLevel=0
support PP=0,0 Carl-defense=0 enemy-attack=0,0
party action uses=8,40 / 2,40
PASS expect 34 1 11 4 3
frame=8953 map=34.1 pos=9,4 flags=3
party=2 HP=30/30,26/26 battle=0 battlers=0 outcome=0 PP=0,0 trial=0 donut-ability=0
persistent PP=8,2 status=0,0
growth level/xp/item=8/399/0,8/709/0 stats maxHP/attack,maxHP/magic=30/20,26/13 foesHP=0,0
pattern trainer=0 turn=0 foePP=0,0 foeAtkDef=0,0 CarlAtk=0 foeLevel=0
support PP=0,0 Carl-defense=0 enemy-attack=0,0
party action uses=8,40 / 2,40
frame=8993 map=34.1 pos=9,4 flags=3
party=2 HP=30/30,26/26 battle=0 battlers=0 outcome=0 PP=0,0 trial=0 donut-ability=0
persistent PP=8,2 status=0,0
growth level/xp/item=8/399/0,8/709/0 stats maxHP/attack,maxHP/magic=30/20,26/13 foesHP=0,0
pattern trainer=0 turn=0 foePP=0,0 foeAtkDef=0,0 CarlAtk=0 foeLevel=0
support PP=0,0 Carl-defense=0 enemy-attack=0,0
party action uses=8,40 / 2,40
frame=9013 map=34.1 pos=9,5 flags=3
party=2 HP=30/30,26/26 battle=0 battlers=0 outcome=0 PP=0,0 trial=0 donut-ability=0
persistent PP=8,2 status=0,0
growth level/xp/item=8/399/0,8/709/0 stats maxHP/attack,maxHP/magic=30/20,26/13 foesHP=0,0
pattern trainer=0 turn=0 foePP=0,0 foeAtkDef=0,0 CarlAtk=0 foeLevel=0
support PP=0,0 Carl-defense=0 enemy-attack=0,0
party action uses=8,40 / 2,40
frame=9053 map=34.1 pos=9,5 flags=3
party=2 HP=30/30,26/26 battle=0 battlers=0 outcome=0 PP=0,0 trial=0 donut-ability=0
persistent PP=8,2 status=0,0
growth level/xp/item=8/399/0,8/709/0 stats maxHP/attack,maxHP/magic=30/20,26/13 foesHP=0,0
pattern trainer=0 turn=0 foePP=0,0 foeAtkDef=0,0 CarlAtk=0 foeLevel=0
support PP=0,0 Carl-defense=0 enemy-attack=0,0
party action uses=8,40 / 2,40
frame=9054 map=34.1 pos=9,5 flags=3
party=2 HP=30/30,26/26 battle=0 battlers=0 outcome=0 PP=0,0 trial=0 donut-ability=0
persistent PP=8,2 status=0,0
growth level/xp/item=8/399/0,8/709/0 stats maxHP/attack,maxHP/magic=30/20,26/13 foesHP=0,0
pattern trainer=855 turn=0 foePP=0,0 foeAtkDef=0,0 CarlAtk=0 foeLevel=0
support PP=0,0 Carl-defense=0 enemy-attack=0,0
party action uses=8,40 / 2,40
frame=9454 map=34.1 pos=9,5 flags=3
party=2 HP=30/30,26/26 battle=0 battlers=0 outcome=0 PP=0,0 trial=0 donut-ability=0
persistent PP=8,2 status=0,0
growth level/xp/item=8/399/0,8/709/0 stats maxHP/attack,maxHP/magic=30/20,26/13 foesHP=0,0
pattern trainer=855 turn=0 foePP=0,0 foeAtkDef=0,0 CarlAtk=0 foeLevel=0
support PP=0,0 Carl-defense=0 enemy-attack=0,0
party action uses=8,40 / 2,40
frame=9455 map=34.1 pos=9,5 flags=3
party=2 HP=30/30,26/26 battle=0 battlers=0 outcome=0 PP=0,0 trial=0 donut-ability=0
persistent PP=8,2 status=0,0
growth level/xp/item=8/399/0,8/709/0 stats maxHP/attack,maxHP/magic=30/20,26/13 foesHP=0,0
pattern trainer=855 turn=0 foePP=0,0 foeAtkDef=0,0 CarlAtk=0 foeLevel=0
support PP=0,0 Carl-defense=0 enemy-attack=0,0
party action uses=8,40 / 2,40
frame=9855 map=34.1 pos=9,5 flags=3
party=2 HP=30/30,26/26 battle=0 battlers=0 outcome=0 PP=0,0 trial=0 donut-ability=0
persistent PP=8,2 status=0,0
growth level/xp/item=8/399/0,8/709/0 stats maxHP/attack,maxHP/magic=30/20,26/13 foesHP=0,0
pattern trainer=855 turn=0 foePP=0,0 foeAtkDef=0,0 CarlAtk=0 foeLevel=0
support PP=0,0 Carl-defense=0 enemy-attack=0,0
party action uses=8,40 / 2,40
frame=9856 map=34.1 pos=9,5 flags=3
party=2 HP=30/30,26/26 battle=0 battlers=0 outcome=0 PP=0,0 trial=0 donut-ability=0
persistent PP=8,2 status=0,0
growth level/xp/item=8/399/0,8/709/0 stats maxHP/attack,maxHP/magic=30/20,26/13 foesHP=0,0
pattern trainer=855 turn=0 foePP=0,0 foeAtkDef=0,0 CarlAtk=0 foeLevel=0
support PP=0,0 Carl-defense=0 enemy-attack=0,0
party action uses=8,40 / 2,40
frame=10756 map=34.1 pos=9,5 flags=3
party=2 HP=30/30,26/26 battle=1 battlers=4 outcome=0 PP=8,2 trial=0 donut-ability=0
persistent PP=8,2 status=0,0
growth level/xp/item=8/399/0,8/709/0 stats maxHP/attack,maxHP/magic=30/20,26/13 foesHP=24,25
pattern trainer=855 turn=0 foePP=35,0 foeAtkDef=6,6 CarlAtk=6 foeLevel=8
support PP=40,40 Carl-defense=6 enemy-attack=6,6
party action uses=8,40 / 2,40
frame=10757 map=34.1 pos=9,5 flags=3
party=2 HP=30/30,26/26 battle=1 battlers=4 outcome=0 PP=8,2 trial=0 donut-ability=0
persistent PP=8,2 status=0,0
growth level/xp/item=8/399/0,8/709/0 stats maxHP/attack,maxHP/magic=30/20,26/13 foesHP=24,25
pattern trainer=855 turn=0 foePP=35,0 foeAtkDef=6,6 CarlAtk=6 foeLevel=8
support PP=40,40 Carl-defense=6 enemy-attack=6,6
party action uses=8,40 / 2,40
frame=11357 map=34.1 pos=9,5 flags=3
party=2 HP=30/30,26/26 battle=1 battlers=4 outcome=0 PP=8,2 trial=0 donut-ability=0
persistent PP=8,2 status=0,0
growth level/xp/item=8/399/0,8/709/0 stats maxHP/attack,maxHP/magic=30/20,26/13 foesHP=24,25
pattern trainer=855 turn=0 foePP=35,0 foeAtkDef=6,6 CarlAtk=6 foeLevel=8
support PP=40,40 Carl-defense=6 enemy-attack=6,6
party action uses=8,40 / 2,40
frame=11358 map=34.1 pos=9,5 flags=3
party=2 HP=30/30,26/26 battle=1 battlers=4 outcome=0 PP=8,2 trial=0 donut-ability=0
persistent PP=8,2 status=0,0
growth level/xp/item=8/399/0,8/709/0 stats maxHP/attack,maxHP/magic=30/20,26/13 foesHP=24,25
pattern trainer=855 turn=0 foePP=35,0 foeAtkDef=6,6 CarlAtk=6 foeLevel=8
support PP=40,40 Carl-defense=6 enemy-attack=6,6
party action uses=8,40 / 2,40
frame=11958 map=34.1 pos=9,5 flags=3
party=2 HP=30/30,26/26 battle=1 battlers=4 outcome=0 PP=8,2 trial=0 donut-ability=0
persistent PP=8,2 status=0,0
growth level/xp/item=8/399/0,8/709/0 stats maxHP/attack,maxHP/magic=30/20,26/13 foesHP=24,25
pattern trainer=855 turn=0 foePP=35,0 foeAtkDef=6,6 CarlAtk=6 foeLevel=8
support PP=40,40 Carl-defense=6 enemy-attack=6,6
party action uses=8,40 / 2,40
pilot frame=11958 turn=0 actor=0 menu=2 selection=0 key=1
pilot turn=0 HP=30,26 foeHP=24,25 foeAtk=6 foeDef=6 CarlAtk=6
pilot frame=11970 turn=0 actor=0 menu=3 selection=1 key=1
pilot frame=11982 turn=0 actor=2 menu=1 selection=0 key=1
pilot frame=11994 turn=0 actor=2 menu=2 selection=0 key=1
pilot turn=1 HP=21,26 foeHP=12,21 foeAtk=6 foeDef=6 CarlAtk=6
pilot frame=12894 turn=1 actor=0 menu=1 selection=0 key=1
pilot frame=12906 turn=1 actor=0 menu=2 selection=0 key=1
pilot frame=12918 turn=1 actor=0 menu=3 selection=1 key=1
pilot frame=12930 turn=1 actor=2 menu=1 selection=0 key=1
pilot frame=12942 turn=1 actor=2 menu=2 selection=0 key=1
pilot turn=2 HP=10,22 foeHP=1,17 foeAtk=6 foeDef=6 CarlAtk=6
pilot frame=13974 turn=2 actor=0 menu=1 selection=0 key=1
pilot frame=13986 turn=2 actor=0 menu=2 selection=0 key=1
pilot frame=13998 turn=2 actor=0 menu=3 selection=1 key=1
pilot frame=14010 turn=2 actor=2 menu=1 selection=0 key=1
pilot frame=14022 turn=2 actor=2 menu=2 selection=1 key=16
pilot frame=14034 turn=2 actor=2 menu=2 selection=1 key=1
pilot turn=3 HP=11,21 foeHP=0,17 foeAtk=6 foeDef=6 CarlAtk=6
pilot frame=16170 turn=3 actor=0 menu=1 selection=0 key=1
pilot frame=16182 turn=3 actor=0 menu=2 selection=0 key=1
pilot frame=16194 turn=3 actor=0 menu=3 selection=3 key=1
pilot frame=16206 turn=3 actor=2 menu=1 selection=0 key=1
pilot frame=16218 turn=3 actor=2 menu=2 selection=1 key=1
pilot turn=4 HP=11,19 foeHP=0,6 foeAtk=6 foeDef=6 CarlAtk=6
pilot frame=16998 turn=4 actor=0 menu=1 selection=0 key=1
pilot frame=17010 turn=4 actor=0 menu=2 selection=0 key=1
pilot frame=17022 turn=4 actor=0 menu=3 selection=3 key=1
pilot frame=17034 turn=4 actor=2 menu=1 selection=0 key=1
pilot frame=17046 turn=4 actor=2 menu=2 selection=1 key=1
pilot completed policy=offensive frames=6664 outcome=1 incapacitation=0
frame=18862 map=34.1 pos=9,5 flags=3
party=2 HP=11/33,19/28 battle=0 battlers=4 outcome=1 PP=3,0 trial=1 donut-ability=0
persistent PP=3,0 status=0,0
growth level/xp/item=9/495/0,9/805/0 stats maxHP/attack,maxHP/magic=33/23,28/14 foesHP=0,0
pattern trainer=855 turn=4 foePP=32,0 foeAtkDef=6,6 CarlAtk=6 foeLevel=8
support PP=40,37 Carl-defense=6 enemy-attack=6,6
party action uses=3,40 / 0,37
frame=18863 map=34.1 pos=9,5 flags=3
party=2 HP=11/33,19/28 battle=0 battlers=4 outcome=1 PP=3,0 trial=1 donut-ability=0
persistent PP=3,0 status=0,0
growth level/xp/item=9/495/0,9/805/0 stats maxHP/attack,maxHP/magic=33/23,28/14 foesHP=0,0
pattern trainer=855 turn=4 foePP=32,0 foeAtkDef=6,6 CarlAtk=6 foeLevel=8
support PP=40,37 Carl-defense=6 enemy-attack=6,6
party action uses=3,40 / 0,37
frame=19263 map=34.1 pos=9,5 flags=3
party=2 HP=11/33,19/28 battle=0 battlers=4 outcome=1 PP=3,0 trial=1 donut-ability=0
persistent PP=3,0 status=0,0
growth level/xp/item=9/495/0,9/805/0 stats maxHP/attack,maxHP/magic=33/23,28/14 foesHP=0,0
pattern trainer=855 turn=4 foePP=32,0 foeAtkDef=6,6 CarlAtk=6 foeLevel=8
support PP=40,37 Carl-defense=6 enemy-attack=6,6
party action uses=3,40 / 0,37
frame=19264 map=34.1 pos=9,5 flags=3
party=2 HP=11/33,19/28 battle=0 battlers=4 outcome=1 PP=3,0 trial=1 donut-ability=0
persistent PP=3,0 status=0,0
growth level/xp/item=9/495/0,9/805/0 stats maxHP/attack,maxHP/magic=33/23,28/14 foesHP=0,0
pattern trainer=855 turn=4 foePP=32,0 foeAtkDef=6,6 CarlAtk=6 foeLevel=8
support PP=40,37 Carl-defense=6 enemy-attack=6,6
party action uses=3,40 / 0,37
frame=19664 map=34.1 pos=9,5 flags=3
party=2 HP=11/33,19/28 battle=0 battlers=4 outcome=1 PP=3,0 trial=1 donut-ability=0
persistent PP=3,0 status=0,0
growth level/xp/item=9/495/0,9/805/0 stats maxHP/attack,maxHP/magic=33/23,28/14 foesHP=0,0
pattern trainer=855 turn=4 foePP=32,0 foeAtkDef=6,6 CarlAtk=6 foeLevel=8
support PP=40,37 Carl-defense=6 enemy-attack=6,6
party action uses=3,40 / 0,37
frame=19665 map=34.1 pos=9,5 flags=3
party=2 HP=11/33,19/28 battle=0 battlers=4 outcome=1 PP=3,0 trial=1 donut-ability=0
persistent PP=3,0 status=0,0
growth level/xp/item=9/495/0,9/805/0 stats maxHP/attack,maxHP/magic=33/23,28/14 foesHP=0,0
pattern trainer=855 turn=4 foePP=32,0 foeAtkDef=6,6 CarlAtk=6 foeLevel=8
support PP=40,37 Carl-defense=6 enemy-attack=6,6
party action uses=3,40 / 0,37
frame=20065 map=34.1 pos=9,5 flags=3
party=2 HP=11/33,19/28 battle=0 battlers=4 outcome=1 PP=3,0 trial=1 donut-ability=0
persistent PP=3,0 status=0,0
growth level/xp/item=9/495/0,9/805/0 stats maxHP/attack,maxHP/magic=33/23,28/14 foesHP=0,0
pattern trainer=855 turn=4 foePP=32,0 foeAtkDef=6,6 CarlAtk=6 foeLevel=8
support PP=40,37 Carl-defense=6 enemy-attack=6,6
party action uses=3,40 / 0,37
frame=20066 map=34.1 pos=9,5 flags=3
party=2 HP=11/33,19/28 battle=0 battlers=4 outcome=1 PP=3,0 trial=1 donut-ability=0
persistent PP=3,0 status=0,0
growth level/xp/item=9/495/0,9/805/0 stats maxHP/attack,maxHP/magic=33/23,28/14 foesHP=0,0
pattern trainer=855 turn=4 foePP=32,0 foeAtkDef=6,6 CarlAtk=6 foeLevel=8
support PP=40,37 Carl-defense=6 enemy-attack=6,6
party action uses=3,40 / 0,37
frame=20186 map=34.1 pos=9,5 flags=3
party=2 HP=11/33,19/28 battle=0 battlers=4 outcome=1 PP=3,0 trial=1 donut-ability=0
persistent PP=3,0 status=0,0
growth level/xp/item=9/495/0,9/805/0 stats maxHP/attack,maxHP/magic=33/23,28/14 foesHP=0,0
pattern trainer=855 turn=4 foePP=32,0 foeAtkDef=6,6 CarlAtk=6 foeLevel=8
support PP=40,37 Carl-defense=6 enemy-attack=6,6
party action uses=3,40 / 0,37
frame=20186 map=34.1 pos=9,5 flags=3
party=2 HP=11/33,19/28 battle=0 battlers=4 outcome=1 PP=3,0 trial=1 donut-ability=0
persistent PP=3,0 status=0,0
growth level/xp/item=9/495/0,9/805/0 stats maxHP/attack,maxHP/magic=33/23,28/14 foesHP=0,0
PASS flag 2135 1
pattern trainer=855 turn=4 foePP=32,0 foeAtkDef=6,6 CarlAtk=6 foeLevel=8
support PP=40,37 Carl-defense=6 enemy-attack=6,6
party action uses=3,40 / 0,37
frame=20186 map=34.1 pos=9,5 flags=3
party=2 HP=11/33,19/28 battle=0 battlers=4 outcome=1 PP=3,0 trial=1 donut-ability=0
persistent PP=3,0 status=0,0
growth level/xp/item=9/495/0,9/805/0 stats maxHP/attack,maxHP/magic=33/23,28/14 foesHP=0,0
PASS flag 37 1
pattern trainer=855 turn=4 foePP=32,0 foeAtkDef=6,6 CarlAtk=6 foeLevel=8
support PP=40,37 Carl-defense=6 enemy-attack=6,6
party action uses=3,40 / 0,37
frame=20187 map=34.1 pos=9,5 flags=3
party=2 HP=11/33,19/28 battle=0 battlers=4 outcome=1 PP=3,0 trial=1 donut-ability=0
persistent PP=3,0 status=0,0
growth level/xp/item=9/495/0,9/805/0 stats maxHP/attack,maxHP/magic=33/23,28/14 foesHP=0,0
pattern trainer=855 turn=4 foePP=32,0 foeAtkDef=6,6 CarlAtk=6 foeLevel=8
support PP=40,37 Carl-defense=6 enemy-attack=6,6
party action uses=3,40 / 0,37
frame=20307 map=34.1 pos=9,5 flags=3
party=2 HP=11/33,19/28 battle=0 battlers=4 outcome=1 PP=3,0 trial=1 donut-ability=0
persistent PP=3,0 status=0,0
growth level/xp/item=9/495/0,9/805/0 stats maxHP/attack,maxHP/magic=33/23,28/14 foesHP=0,0
pattern trainer=855 turn=4 foePP=32,0 foeAtkDef=6,6 CarlAtk=6 foeLevel=8
support PP=40,37 Carl-defense=6 enemy-attack=6,6
party action uses=3,40 / 0,37
frame=20308 map=34.1 pos=9,5 flags=3
party=2 HP=11/33,19/28 battle=0 battlers=4 outcome=1 PP=3,0 trial=1 donut-ability=0
persistent PP=3,0 status=0,0
growth level/xp/item=9/495/0,9/805/0 stats maxHP/attack,maxHP/magic=33/23,28/14 foesHP=0,0
pattern trainer=855 turn=4 foePP=32,0 foeAtkDef=6,6 CarlAtk=6 foeLevel=8
support PP=40,37 Carl-defense=6 enemy-attack=6,6
party action uses=3,40 / 0,37
frame=20708 map=34.1 pos=9,5 flags=3
party=2 HP=11/33,19/28 battle=0 battlers=4 outcome=1 PP=3,0 trial=1 donut-ability=0
persistent PP=3,0 status=0,0
growth level/xp/item=9/495/0,9/805/0 stats maxHP/attack,maxHP/magic=33/23,28/14 foesHP=0,0
pattern trainer=855 turn=4 foePP=32,0 foeAtkDef=6,6 CarlAtk=6 foeLevel=8
support PP=40,37 Carl-defense=6 enemy-attack=6,6
party action uses=3,40 / 0,37
frame=20708 map=34.1 pos=9,5 flags=3
party=2 HP=11/33,19/28 battle=0 battlers=4 outcome=1 PP=3,0 trial=1 donut-ability=0
persistent PP=3,0 status=0,0
growth level/xp/item=9/495/0,9/805/0 stats maxHP/attack,maxHP/magic=33/23,28/14 foesHP=0,0
PASS flag 37 1
pattern trainer=855 turn=4 foePP=32,0 foeAtkDef=6,6 CarlAtk=6 foeLevel=8
support PP=40,37 Carl-defense=6 enemy-attack=6,6
party action uses=3,40 / 0,37
frame=20709 map=34.1 pos=9,5 flags=3
party=2 HP=11/33,19/28 battle=0 battlers=4 outcome=1 PP=3,0 trial=1 donut-ability=0
persistent PP=3,0 status=0,0
growth level/xp/item=9/495/0,9/805/0 stats maxHP/attack,maxHP/magic=33/23,28/14 foesHP=0,0
pattern trainer=855 turn=4 foePP=32,0 foeAtkDef=6,6 CarlAtk=6 foeLevel=8
support PP=40,37 Carl-defense=6 enemy-attack=6,6
party action uses=3,40 / 0,37
frame=20829 map=34.1 pos=9,5 flags=3
party=2 HP=11/33,19/28 battle=0 battlers=4 outcome=1 PP=3,0 trial=1 donut-ability=0
persistent PP=3,0 status=0,0
growth level/xp/item=9/495/0,9/805/0 stats maxHP/attack,maxHP/magic=33/23,28/14 foesHP=0,0
pattern trainer=855 turn=4 foePP=32,0 foeAtkDef=6,6 CarlAtk=6 foeLevel=8
support PP=40,37 Carl-defense=6 enemy-attack=6,6
party action uses=3,40 / 0,37
frame=20865 map=34.1 pos=11,5 flags=3
party=2 HP=11/33,19/28 battle=0 battlers=4 outcome=1 PP=3,0 trial=1 donut-ability=0
persistent PP=3,0 status=0,0
growth level/xp/item=9/495/0,9/805/0 stats maxHP/attack,maxHP/magic=33/23,28/14 foesHP=0,0
pattern trainer=855 turn=4 foePP=32,0 foeAtkDef=6,6 CarlAtk=6 foeLevel=8
support PP=40,37 Carl-defense=6 enemy-attack=6,6
party action uses=3,40 / 0,37
frame=20905 map=34.1 pos=11,5 flags=3
party=2 HP=11/33,19/28 battle=0 battlers=4 outcome=1 PP=3,0 trial=1 donut-ability=0
persistent PP=3,0 status=0,0
growth level/xp/item=9/495/0,9/805/0 stats maxHP/attack,maxHP/magic=33/23,28/14 foesHP=0,0
pattern trainer=855 turn=4 foePP=32,0 foeAtkDef=6,6 CarlAtk=6 foeLevel=8
support PP=40,37 Carl-defense=6 enemy-attack=6,6
party action uses=3,40 / 0,37
frame=20941 map=34.1 pos=11,7 flags=3
party=2 HP=11/33,19/28 battle=0 battlers=4 outcome=1 PP=3,0 trial=1 donut-ability=0
persistent PP=3,0 status=0,0
growth level/xp/item=9/495/0,9/805/0 stats maxHP/attack,maxHP/magic=33/23,28/14 foesHP=0,0
pattern trainer=855 turn=4 foePP=32,0 foeAtkDef=6,6 CarlAtk=6 foeLevel=8
support PP=40,37 Carl-defense=6 enemy-attack=6,6
party action uses=3,40 / 0,37
frame=20981 map=34.1 pos=11,7 flags=3
party=2 HP=11/33,19/28 battle=0 battlers=4 outcome=1 PP=3,0 trial=1 donut-ability=0
persistent PP=3,0 status=0,0
growth level/xp/item=9/495/0,9/805/0 stats maxHP/attack,maxHP/magic=33/23,28/14 foesHP=0,0
pattern trainer=855 turn=4 foePP=32,0 foeAtkDef=6,6 CarlAtk=6 foeLevel=8
support PP=40,37 Carl-defense=6 enemy-attack=6,6
party action uses=3,40 / 0,37
frame=20981 map=34.1 pos=11,7 flags=3
party=2 HP=11/33,19/28 battle=0 battlers=4 outcome=1 PP=3,0 trial=1 donut-ability=0
persistent PP=3,0 status=0,0
growth level/xp/item=9/495/0,9/805/0 stats maxHP/attack,maxHP/magic=33/23,28/14 foesHP=0,0
pattern trainer=855 turn=4 foePP=32,0 foeAtkDef=6,6 CarlAtk=6 foeLevel=8
support PP=40,37 Carl-defense=6 enemy-attack=6,6
party action uses=3,40 / 0,37
PASS expect 34 1 11 7 3
frame=20982 map=34.1 pos=11,7 flags=3
party=2 HP=11/33,19/28 battle=0 battlers=4 outcome=1 PP=3,0 trial=1 donut-ability=0
persistent PP=3,0 status=0,0
growth level/xp/item=9/495/0,9/805/0 stats maxHP/attack,maxHP/magic=33/23,28/14 foesHP=0,0
pattern trainer=855 turn=4 foePP=32,0 foeAtkDef=6,6 CarlAtk=6 foeLevel=8
support PP=40,37 Carl-defense=6 enemy-attack=6,6
party action uses=3,40 / 0,37
frame=21382 map=34.1 pos=11,7 flags=3
party=2 HP=11/33,19/28 battle=0 battlers=4 outcome=1 PP=3,0 trial=1 donut-ability=0
persistent PP=3,0 status=0,0
growth level/xp/item=9/495/0,9/805/0 stats maxHP/attack,maxHP/magic=33/23,28/14 foesHP=0,0
pattern trainer=855 turn=4 foePP=32,0 foeAtkDef=6,6 CarlAtk=6 foeLevel=8
support PP=40,37 Carl-defense=6 enemy-attack=6,6
party action uses=3,40 / 0,37
frame=21382 map=34.1 pos=11,7 flags=3
party=2 HP=11/33,19/28 battle=0 battlers=4 outcome=1 PP=3,0 trial=1 donut-ability=0
persistent PP=3,0 status=0,0
growth level/xp/item=9/495/0,9/805/0 stats maxHP/attack,maxHP/magic=33/23,28/14 foesHP=0,0
PASS flag 39 1
pattern trainer=855 turn=4 foePP=32,0 foeAtkDef=6,6 CarlAtk=6 foeLevel=8
support PP=40,37 Carl-defense=6 enemy-attack=6,6
party action uses=3,40 / 0,37
frame=21383 map=34.1 pos=11,7 flags=3
party=2 HP=11/33,19/28 battle=0 battlers=4 outcome=1 PP=3,0 trial=1 donut-ability=0
persistent PP=3,0 status=0,0
growth level/xp/item=9/495/0,9/805/0 stats maxHP/attack,maxHP/magic=33/23,28/14 foesHP=0,0
pattern trainer=855 turn=4 foePP=32,0 foeAtkDef=6,6 CarlAtk=6 foeLevel=8
support PP=40,37 Carl-defense=6 enemy-attack=6,6
party action uses=3,40 / 0,37
frame=21503 map=34.1 pos=11,7 flags=3
party=2 HP=11/33,19/28 battle=0 battlers=4 outcome=1 PP=3,0 trial=1 donut-ability=0
persistent PP=3,0 status=0,0
growth level/xp/item=9/495/0,9/805/0 stats maxHP/attack,maxHP/magic=33/23,28/14 foesHP=0,0
pattern trainer=855 turn=4 foePP=32,0 foeAtkDef=6,6 CarlAtk=6 foeLevel=8
support PP=40,37 Carl-defense=6 enemy-attack=6,6
party action uses=3,40 / 0,37
frame=21504 map=34.1 pos=11,7 flags=3
party=2 HP=11/33,19/28 battle=0 battlers=4 outcome=1 PP=3,0 trial=1 donut-ability=0
persistent PP=3,0 status=0,0
growth level/xp/item=9/495/0,9/805/0 stats maxHP/attack,maxHP/magic=33/23,28/14 foesHP=0,0
pattern trainer=855 turn=4 foePP=32,0 foeAtkDef=6,6 CarlAtk=6 foeLevel=8
support PP=40,37 Carl-defense=6 enemy-attack=6,6
party action uses=3,40 / 0,37
frame=21904 map=34.1 pos=11,7 flags=3
party=2 HP=11/33,19/28 battle=0 battlers=4 outcome=1 PP=3,0 trial=1 donut-ability=0
persistent PP=3,0 status=0,0
growth level/xp/item=9/495/0,9/805/0 stats maxHP/attack,maxHP/magic=33/23,28/14 foesHP=0,0
pattern trainer=855 turn=4 foePP=32,0 foeAtkDef=6,6 CarlAtk=6 foeLevel=8
support PP=40,37 Carl-defense=6 enemy-attack=6,6
party action uses=3,40 / 0,37
frame=21904 map=34.1 pos=11,7 flags=3
party=2 HP=11/33,19/28 battle=0 battlers=4 outcome=1 PP=3,0 trial=1 donut-ability=0
persistent PP=3,0 status=0,0
growth level/xp/item=9/495/0,9/805/0 stats maxHP/attack,maxHP/magic=33/23,28/14 foesHP=0,0
PASS flag 39 1
pattern trainer=855 turn=4 foePP=32,0 foeAtkDef=6,6 CarlAtk=6 foeLevel=8
support PP=40,37 Carl-defense=6 enemy-attack=6,6
party action uses=3,40 / 0,37
frame=21905 map=34.1 pos=11,7 flags=3
party=2 HP=11/33,19/28 battle=0 battlers=4 outcome=1 PP=3,0 trial=1 donut-ability=0
persistent PP=3,0 status=0,0
growth level/xp/item=9/495/0,9/805/0 stats maxHP/attack,maxHP/magic=33/23,28/14 foesHP=0,0
pattern trainer=855 turn=4 foePP=32,0 foeAtkDef=6,6 CarlAtk=6 foeLevel=8
support PP=40,37 Carl-defense=6 enemy-attack=6,6
party action uses=3,40 / 0,37
frame=22025 map=34.1 pos=11,7 flags=3
party=2 HP=11/33,19/28 battle=0 battlers=4 outcome=1 PP=3,0 trial=1 donut-ability=0
persistent PP=3,0 status=0,0
growth level/xp/item=9/495/0,9/805/0 stats maxHP/attack,maxHP/magic=33/23,28/14 foesHP=0,0
pattern trainer=855 turn=4 foePP=32,0 foeAtkDef=6,6 CarlAtk=6 foeLevel=8
support PP=40,37 Carl-defense=6 enemy-attack=6,6
party action uses=3,40 / 0,37
frame=22026 map=34.1 pos=11,7 flags=3
party=2 HP=11/33,19/28 battle=0 battlers=4 outcome=1 PP=3,0 trial=1 donut-ability=0
persistent PP=3,0 status=0,0
growth level/xp/item=9/495/0,9/805/0 stats maxHP/attack,maxHP/magic=33/23,28/14 foesHP=0,0
pattern trainer=855 turn=4 foePP=32,0 foeAtkDef=6,6 CarlAtk=6 foeLevel=8
support PP=40,37 Carl-defense=6 enemy-attack=6,6
party action uses=3,40 / 0,37
frame=22146 map=34.1 pos=11,7 flags=3
party=2 HP=11/33,19/28 battle=0 battlers=4 outcome=1 PP=3,0 trial=1 donut-ability=0
persistent PP=3,0 status=0,0
growth level/xp/item=9/495/0,9/805/0 stats maxHP/attack,maxHP/magic=33/23,28/14 foesHP=0,0
pattern trainer=855 turn=4 foePP=32,0 foeAtkDef=6,6 CarlAtk=6 foeLevel=8
support PP=40,37 Carl-defense=6 enemy-attack=6,6
party action uses=3,40 / 0,37
frame=22147 map=34.1 pos=11,7 flags=3
party=2 HP=11/33,19/28 battle=0 battlers=4 outcome=1 PP=3,0 trial=1 donut-ability=0
persistent PP=3,0 status=0,0
growth level/xp/item=9/495/0,9/805/0 stats maxHP/attack,maxHP/magic=33/23,28/14 foesHP=0,0
pattern trainer=855 turn=4 foePP=32,0 foeAtkDef=6,6 CarlAtk=6 foeLevel=8
support PP=40,37 Carl-defense=6 enemy-attack=6,6
party action uses=3,40 / 0,37
frame=22167 map=34.1 pos=11,7 flags=3
party=2 HP=11/33,19/28 battle=0 battlers=4 outcome=1 PP=3,0 trial=1 donut-ability=0
persistent PP=3,0 status=0,0
growth level/xp/item=9/495/0,9/805/0 stats maxHP/attack,maxHP/magic=33/23,28/14 foesHP=0,0
pattern trainer=855 turn=4 foePP=32,0 foeAtkDef=6,6 CarlAtk=6 foeLevel=8
support PP=40,37 Carl-defense=6 enemy-attack=6,6
party action uses=3,40 / 0,37
frame=22168 map=34.1 pos=11,7 flags=3
party=2 HP=11/33,19/28 battle=0 battlers=4 outcome=1 PP=3,0 trial=1 donut-ability=0
persistent PP=3,0 status=0,0
growth level/xp/item=9/495/0,9/805/0 stats maxHP/attack,maxHP/magic=33/23,28/14 foesHP=0,0
pattern trainer=855 turn=4 foePP=32,0 foeAtkDef=6,6 CarlAtk=6 foeLevel=8
support PP=40,37 Carl-defense=6 enemy-attack=6,6
party action uses=3,40 / 0,37
frame=22348 map=34.1 pos=11,7 flags=3
party=2 HP=11/33,19/28 battle=0 battlers=4 outcome=1 PP=3,0 trial=1 donut-ability=0
persistent PP=3,0 status=0,0
growth level/xp/item=9/495/0,9/805/0 stats maxHP/attack,maxHP/magic=33/23,28/14 foesHP=0,0
pattern trainer=855 turn=4 foePP=32,0 foeAtkDef=6,6 CarlAtk=6 foeLevel=8
support PP=40,37 Carl-defense=6 enemy-attack=6,6
party action uses=3,40 / 0,37
frame=22349 map=34.1 pos=11,7 flags=3
party=2 HP=11/33,19/28 battle=0 battlers=4 outcome=1 PP=3,0 trial=1 donut-ability=0
persistent PP=3,0 status=0,0
growth level/xp/item=9/495/0,9/805/0 stats maxHP/attack,maxHP/magic=33/23,28/14 foesHP=0,0
pattern trainer=855 turn=4 foePP=32,0 foeAtkDef=6,6 CarlAtk=6 foeLevel=8
support PP=40,37 Carl-defense=6 enemy-attack=6,6
party action uses=3,40 / 0,37
frame=22469 map=34.1 pos=11,7 flags=3
party=2 HP=11/33,19/28 battle=0 battlers=4 outcome=1 PP=3,0 trial=1 donut-ability=0
persistent PP=3,0 status=0,0
growth level/xp/item=9/495/0,9/805/0 stats maxHP/attack,maxHP/magic=33/23,28/14 foesHP=0,0
pattern trainer=855 turn=4 foePP=32,0 foeAtkDef=6,6 CarlAtk=6 foeLevel=8
support PP=40,37 Carl-defense=6 enemy-attack=6,6
party action uses=3,40 / 0,37
frame=22470 map=34.1 pos=11,7 flags=3
party=2 HP=11/33,19/28 battle=0 battlers=4 outcome=1 PP=3,0 trial=1 donut-ability=0
persistent PP=3,0 status=0,0
growth level/xp/item=9/495/0,9/805/0 stats maxHP/attack,maxHP/magic=33/23,28/14 foesHP=0,0
pattern trainer=855 turn=4 foePP=32,0 foeAtkDef=6,6 CarlAtk=6 foeLevel=8
support PP=40,37 Carl-defense=6 enemy-attack=6,6
party action uses=3,40 / 0,37
frame=22650 map=34.1 pos=11,7 flags=3
party=2 HP=11/33,19/28 battle=0 battlers=4 outcome=1 PP=3,0 trial=1 donut-ability=0
persistent PP=3,0 status=0,0
growth level/xp/item=9/495/0,9/805/0 stats maxHP/attack,maxHP/magic=33/23,28/14 foesHP=0,0
pattern trainer=855 turn=4 foePP=32,0 foeAtkDef=6,6 CarlAtk=6 foeLevel=8
support PP=40,37 Carl-defense=6 enemy-attack=6,6
party action uses=3,40 / 0,37
frame=22651 map=34.1 pos=11,7 flags=3
party=2 HP=11/33,19/28 battle=0 battlers=4 outcome=1 PP=3,0 trial=1 donut-ability=0
persistent PP=3,0 status=0,0
growth level/xp/item=9/495/0,9/805/0 stats maxHP/attack,maxHP/magic=33/23,28/14 foesHP=0,0
pattern trainer=855 turn=4 foePP=32,0 foeAtkDef=6,6 CarlAtk=6 foeLevel=8
support PP=40,37 Carl-defense=6 enemy-attack=6,6
party action uses=3,40 / 0,37
frame=22691 map=34.1 pos=11,7 flags=3
party=2 HP=11/33,19/28 battle=0 battlers=4 outcome=1 PP=3,0 trial=1 donut-ability=0
persistent PP=3,0 status=0,0
growth level/xp/item=9/495/0,9/805/0 stats maxHP/attack,maxHP/magic=33/23,28/14 foesHP=0,0
pattern trainer=855 turn=4 foePP=32,0 foeAtkDef=6,6 CarlAtk=6 foeLevel=8
support PP=40,37 Carl-defense=6 enemy-attack=6,6
party action uses=3,40 / 0,37
frame=22692 map=34.1 pos=11,7 flags=3
party=2 HP=11/33,28/28 battle=0 battlers=4 outcome=1 PP=3,0 trial=1 donut-ability=0
persistent PP=3,0 status=0,0
growth level/xp/item=9/495/0,9/805/0 stats maxHP/attack,maxHP/magic=33/23,28/14 foesHP=0,0
pattern trainer=855 turn=4 foePP=32,0 foeAtkDef=6,6 CarlAtk=6 foeLevel=8
support PP=40,37 Carl-defense=6 enemy-attack=6,6
party action uses=3,40 / 0,37
frame=23092 map=34.1 pos=11,7 flags=3
party=2 HP=11/33,28/28 battle=0 battlers=4 outcome=1 PP=3,0 trial=1 donut-ability=0
persistent PP=3,0 status=0,0
growth level/xp/item=9/495/0,9/805/0 stats maxHP/attack,maxHP/magic=33/23,28/14 foesHP=0,0
pattern trainer=855 turn=4 foePP=32,0 foeAtkDef=6,6 CarlAtk=6 foeLevel=8
support PP=40,37 Carl-defense=6 enemy-attack=6,6
party action uses=3,40 / 0,37
frame=23093 map=34.1 pos=11,7 flags=3
party=2 HP=11/33,28/28 battle=0 battlers=4 outcome=1 PP=3,0 trial=1 donut-ability=0
persistent PP=3,0 status=0,0
growth level/xp/item=9/495/0,9/805/0 stats maxHP/attack,maxHP/magic=33/23,28/14 foesHP=0,0
pattern trainer=855 turn=4 foePP=32,0 foeAtkDef=6,6 CarlAtk=6 foeLevel=8
support PP=40,37 Carl-defense=6 enemy-attack=6,6
party action uses=3,40 / 0,37
frame=23273 map=34.1 pos=11,7 flags=3
party=2 HP=11/33,28/28 battle=0 battlers=4 outcome=1 PP=3,0 trial=1 donut-ability=0
persistent PP=3,0 status=0,0
growth level/xp/item=9/495/0,9/805/0 stats maxHP/attack,maxHP/magic=33/23,28/14 foesHP=0,0
pattern trainer=855 turn=4 foePP=32,0 foeAtkDef=6,6 CarlAtk=6 foeLevel=8
support PP=40,37 Carl-defense=6 enemy-attack=6,6
party action uses=3,40 / 0,37
frame=23274 map=34.1 pos=11,7 flags=3
party=2 HP=11/33,28/28 battle=0 battlers=4 outcome=1 PP=3,0 trial=1 donut-ability=0
persistent PP=3,0 status=0,0
growth level/xp/item=9/495/0,9/805/0 stats maxHP/attack,maxHP/magic=33/23,28/14 foesHP=0,0
pattern trainer=855 turn=4 foePP=32,0 foeAtkDef=6,6 CarlAtk=6 foeLevel=8
support PP=40,37 Carl-defense=6 enemy-attack=6,6
party action uses=3,40 / 0,37
frame=23394 map=34.1 pos=11,7 flags=3
party=2 HP=11/33,28/28 battle=0 battlers=4 outcome=1 PP=3,0 trial=1 donut-ability=0
persistent PP=3,0 status=0,0
growth level/xp/item=9/495/0,9/805/0 stats maxHP/attack,maxHP/magic=33/23,28/14 foesHP=0,0
pattern trainer=855 turn=4 foePP=32,0 foeAtkDef=6,6 CarlAtk=6 foeLevel=8
support PP=40,37 Carl-defense=6 enemy-attack=6,6
party action uses=3,40 / 0,37
frame=23395 map=34.1 pos=11,7 flags=3
party=2 HP=11/33,28/28 battle=0 battlers=4 outcome=1 PP=3,0 trial=1 donut-ability=0
persistent PP=3,0 status=0,0
growth level/xp/item=9/495/0,9/805/0 stats maxHP/attack,maxHP/magic=33/23,28/14 foesHP=0,0
pattern trainer=855 turn=4 foePP=32,0 foeAtkDef=6,6 CarlAtk=6 foeLevel=8
support PP=40,37 Carl-defense=6 enemy-attack=6,6
party action uses=3,40 / 0,37
frame=23575 map=34.1 pos=11,7 flags=3
party=2 HP=11/33,28/28 battle=0 battlers=4 outcome=1 PP=3,0 trial=1 donut-ability=0
persistent PP=3,0 status=0,0
growth level/xp/item=9/495/0,9/805/0 stats maxHP/attack,maxHP/magic=33/23,28/14 foesHP=0,0
pattern trainer=855 turn=4 foePP=32,0 foeAtkDef=6,6 CarlAtk=6 foeLevel=8
support PP=40,37 Carl-defense=6 enemy-attack=6,6
party action uses=3,40 / 0,37
frame=23576 map=34.1 pos=11,7 flags=3
party=2 HP=11/33,28/28 battle=0 battlers=4 outcome=1 PP=3,0 trial=1 donut-ability=0
persistent PP=3,0 status=0,0
growth level/xp/item=9/495/0,9/805/0 stats maxHP/attack,maxHP/magic=33/23,28/14 foesHP=0,0
pattern trainer=855 turn=4 foePP=32,0 foeAtkDef=6,6 CarlAtk=6 foeLevel=8
support PP=40,37 Carl-defense=6 enemy-attack=6,6
party action uses=3,40 / 0,37
frame=23876 map=34.1 pos=11,7 flags=3
party=2 HP=11/33,28/28 battle=0 battlers=4 outcome=1 PP=3,0 trial=1 donut-ability=0
persistent PP=3,0 status=0,0
growth level/xp/item=9/495/0,9/805/0 stats maxHP/attack,maxHP/magic=33/23,28/14 foesHP=0,0
pattern trainer=855 turn=4 foePP=32,0 foeAtkDef=6,6 CarlAtk=6 foeLevel=8
support PP=40,37 Carl-defense=6 enemy-attack=6,6
party action uses=3,40 / 0,37
frame=23877 map=34.1 pos=11,7 flags=3
party=2 HP=11/33,28/28 battle=0 battlers=4 outcome=1 PP=3,0 trial=1 donut-ability=0
persistent PP=3,0 status=0,0
growth level/xp/item=9/495/0,9/805/0 stats maxHP/attack,maxHP/magic=33/23,28/14 foesHP=0,0
pattern trainer=855 turn=4 foePP=32,0 foeAtkDef=6,6 CarlAtk=6 foeLevel=8
support PP=40,37 Carl-defense=6 enemy-attack=6,6
party action uses=3,40 / 0,37
frame=24057 map=34.1 pos=11,7 flags=3
party=2 HP=11/33,28/28 battle=0 battlers=4 outcome=1 PP=3,0 trial=1 donut-ability=0
persistent PP=3,0 status=0,0
growth level/xp/item=9/495/0,9/805/0 stats maxHP/attack,maxHP/magic=33/23,28/14 foesHP=0,0
pattern trainer=855 turn=4 foePP=32,0 foeAtkDef=6,6 CarlAtk=6 foeLevel=8
support PP=40,37 Carl-defense=6 enemy-attack=6,6
party action uses=3,40 / 0,37
frame=24058 map=34.1 pos=11,7 flags=3
party=2 HP=11/33,28/28 battle=0 battlers=4 outcome=1 PP=3,0 trial=1 donut-ability=0
persistent PP=3,0 status=0,0
growth level/xp/item=9/495/0,9/805/0 stats maxHP/attack,maxHP/magic=33/23,28/14 foesHP=0,0
pattern trainer=855 turn=4 foePP=32,0 foeAtkDef=6,6 CarlAtk=6 foeLevel=8
support PP=40,37 Carl-defense=6 enemy-attack=6,6
party action uses=3,40 / 0,37
frame=24238 map=34.1 pos=11,7 flags=3
party=2 HP=11/33,28/28 battle=0 battlers=4 outcome=1 PP=3,0 trial=1 donut-ability=0
persistent PP=3,0 status=0,0
growth level/xp/item=9/495/0,9/805/0 stats maxHP/attack,maxHP/magic=33/23,28/14 foesHP=0,0
pattern trainer=855 turn=4 foePP=32,0 foeAtkDef=6,6 CarlAtk=6 foeLevel=8
support PP=40,37 Carl-defense=6 enemy-attack=6,6
party action uses=3,40 / 0,37
frame=24239 map=34.1 pos=11,7 flags=3
party=2 HP=11/33,28/28 battle=0 battlers=4 outcome=1 PP=3,0 trial=1 donut-ability=0
persistent PP=3,0 status=0,0
growth level/xp/item=9/495/0,9/805/0 stats maxHP/attack,maxHP/magic=33/23,28/14 foesHP=0,0
pattern trainer=855 turn=4 foePP=32,0 foeAtkDef=6,6 CarlAtk=6 foeLevel=8
support PP=40,37 Carl-defense=6 enemy-attack=6,6
party action uses=3,40 / 0,37
frame=24419 map=34.1 pos=11,7 flags=3
party=2 HP=11/33,28/28 battle=0 battlers=4 outcome=1 PP=3,0 trial=1 donut-ability=0
persistent PP=3,0 status=0,0
growth level/xp/item=9/495/0,9/805/0 stats maxHP/attack,maxHP/magic=33/23,28/14 foesHP=0,0
pattern trainer=855 turn=4 foePP=32,0 foeAtkDef=6,6 CarlAtk=6 foeLevel=8
support PP=40,37 Carl-defense=6 enemy-attack=6,6
party action uses=3,40 / 0,37
frame=24420 map=34.1 pos=11,7 flags=3
party=2 HP=11/33,28/28 battle=0 battlers=4 outcome=1 PP=3,0 trial=1 donut-ability=0
persistent PP=3,0 status=0,0
growth level/xp/item=9/495/0,9/805/0 stats maxHP/attack,maxHP/magic=33/23,28/14 foesHP=0,0
pattern trainer=855 turn=4 foePP=32,0 foeAtkDef=6,6 CarlAtk=6 foeLevel=8
support PP=40,37 Carl-defense=6 enemy-attack=6,6
party action uses=3,40 / 0,37
frame=24600 map=34.1 pos=11,7 flags=3
party=2 HP=11/33,28/28 battle=0 battlers=4 outcome=1 PP=3,0 trial=1 donut-ability=0
persistent PP=3,0 status=0,0
growth level/xp/item=9/495/0,9/805/0 stats maxHP/attack,maxHP/magic=33/23,28/14 foesHP=0,0
pattern trainer=855 turn=4 foePP=32,0 foeAtkDef=6,6 CarlAtk=6 foeLevel=8
support PP=40,37 Carl-defense=6 enemy-attack=6,6
party action uses=3,40 / 0,37
frame=24600 map=34.1 pos=11,7 flags=3
party=2 HP=11/33,28/28 battle=0 battlers=4 outcome=1 PP=3,0 trial=1 donut-ability=0
persistent PP=3,0 status=0,0
growth level/xp/item=9/495/0,9/805/0 stats maxHP/attack,maxHP/magic=33/23,28/14 foesHP=0,0
pattern trainer=855 turn=4 foePP=32,0 foeAtkDef=6,6 CarlAtk=6 foeLevel=8
support PP=40,37 Carl-defense=6 enemy-attack=6,6
party action uses=3,40 / 0,37
PASS expect 34 1 11 7 3
frame=24600 map=34.1 pos=11,7 flags=3
party=2 HP=11/33,28/28 battle=0 battlers=4 outcome=1 PP=3,0 trial=1 donut-ability=0
persistent PP=3,0 status=0,0
growth level/xp/item=9/495/0,9/805/0 stats maxHP/attack,maxHP/magic=33/23,28/14 foesHP=0,0
pattern trainer=855 turn=4 foePP=32,0 foeAtkDef=6,6 CarlAtk=6 foeLevel=8
support PP=40,37 Carl-defense=6 enemy-attack=6,6
party action uses=3,40 / 0,37
PASS expect 34 1 11 7 3
frame=24600 map=34.1 pos=11,7 flags=3
party=2 HP=11/33,28/28 battle=0 battlers=4 outcome=1 PP=3,0 trial=1 donut-ability=0
persistent PP=3,0 status=0,0
growth level/xp/item=9/495/0,9/805/0 stats maxHP/attack,maxHP/magic=33/23,28/14 foesHP=0,0
PASS flag 36 1
pattern trainer=855 turn=4 foePP=32,0 foeAtkDef=6,6 CarlAtk=6 foeLevel=8
support PP=40,37 Carl-defense=6 enemy-attack=6,6
party action uses=3,40 / 0,37
frame=24600 map=34.1 pos=11,7 flags=3
party=2 HP=11/33,28/28 battle=0 battlers=4 outcome=1 PP=3,0 trial=1 donut-ability=0
persistent PP=3,0 status=0,0
growth level/xp/item=9/495/0,9/805/0 stats maxHP/attack,maxHP/magic=33/23,28/14 foesHP=0,0
PASS flag 37 1
pattern trainer=855 turn=4 foePP=32,0 foeAtkDef=6,6 CarlAtk=6 foeLevel=8
support PP=40,37 Carl-defense=6 enemy-attack=6,6
party action uses=3,40 / 0,37
frame=24600 map=34.1 pos=11,7 flags=3
party=2 HP=11/33,28/28 battle=0 battlers=4 outcome=1 PP=3,0 trial=1 donut-ability=0
persistent PP=3,0 status=0,0
growth level/xp/item=9/495/0,9/805/0 stats maxHP/attack,maxHP/magic=33/23,28/14 foesHP=0,0
PASS flag 38 1
pattern trainer=855 turn=4 foePP=32,0 foeAtkDef=6,6 CarlAtk=6 foeLevel=8
support PP=40,37 Carl-defense=6 enemy-attack=6,6
party action uses=3,40 / 0,37
frame=24600 map=34.1 pos=11,7 flags=3
party=2 HP=11/33,28/28 battle=0 battlers=4 outcome=1 PP=3,0 trial=1 donut-ability=0
persistent PP=3,0 status=0,0
growth level/xp/item=9/495/0,9/805/0 stats maxHP/attack,maxHP/magic=33/23,28/14 foesHP=0,0
PASS flag 39 1
pattern trainer=855 turn=4 foePP=32,0 foeAtkDef=6,6 CarlAtk=6 foeLevel=8
support PP=40,37 Carl-defense=6 enemy-attack=6,6
party action uses=3,40 / 0,37
frame=24601 map=34.1 pos=11,7 flags=3
party=2 HP=11/33,28/28 battle=0 battlers=4 outcome=1 PP=3,0 trial=1 donut-ability=0
persistent PP=3,0 status=0,0
growth level/xp/item=9/495/0,9/805/0 stats maxHP/attack,maxHP/magic=33/23,28/14 foesHP=0,0
pattern trainer=855 turn=4 foePP=32,0 foeAtkDef=6,6 CarlAtk=6 foeLevel=8
support PP=40,37 Carl-defense=6 enemy-attack=6,6
party action uses=3,40 / 0,37
frame=25001 map=34.1 pos=11,7 flags=3
party=2 HP=11/33,28/28 battle=0 battlers=4 outcome=1 PP=3,0 trial=1 donut-ability=0
persistent PP=3,0 status=0,0
growth level/xp/item=9/495/0,9/805/0 stats maxHP/attack,maxHP/magic=33/23,28/14 foesHP=0,0
pattern trainer=855 turn=4 foePP=32,0 foeAtkDef=6,6 CarlAtk=6 foeLevel=8
support PP=40,37 Carl-defense=6 enemy-attack=6,6
party action uses=3,40 / 0,37
frame=25001 map=34.1 pos=11,7 flags=3
party=2 HP=11/33,28/28 battle=0 battlers=4 outcome=1 PP=3,0 trial=1 donut-ability=0
persistent PP=3,0 status=0,0
growth level/xp/item=9/495/0,9/805/0 stats maxHP/attack,maxHP/magic=33/23,28/14 foesHP=0,0
PASS flag 39 1
pattern trainer=855 turn=4 foePP=32,0 foeAtkDef=6,6 CarlAtk=6 foeLevel=8
support PP=40,37 Carl-defense=6 enemy-attack=6,6
party action uses=3,40 / 0,37
frame=25002 map=34.1 pos=11,7 flags=3
party=2 HP=11/33,28/28 battle=0 battlers=4 outcome=1 PP=3,0 trial=1 donut-ability=0
persistent PP=3,0 status=0,0
growth level/xp/item=9/495/0,9/805/0 stats maxHP/attack,maxHP/magic=33/23,28/14 foesHP=0,0
pattern trainer=855 turn=4 foePP=32,0 foeAtkDef=6,6 CarlAtk=6 foeLevel=8
support PP=40,37 Carl-defense=6 enemy-attack=6,6
party action uses=3,40 / 0,37
frame=25122 map=34.1 pos=11,7 flags=3
party=2 HP=11/33,28/28 battle=0 battlers=4 outcome=1 PP=3,0 trial=1 donut-ability=0
persistent PP=3,0 status=0,0
growth level/xp/item=9/495/0,9/805/0 stats maxHP/attack,maxHP/magic=33/23,28/14 foesHP=0,0
pattern trainer=855 turn=4 foePP=32,0 foeAtkDef=6,6 CarlAtk=6 foeLevel=8
support PP=40,37 Carl-defense=6 enemy-attack=6,6
party action uses=3,40 / 0,37
frame=25174 map=34.1 pos=11,4 flags=3
party=2 HP=11/33,28/28 battle=0 battlers=4 outcome=1 PP=3,0 trial=1 donut-ability=0
persistent PP=3,0 status=0,0
growth level/xp/item=9/495/0,9/805/0 stats maxHP/attack,maxHP/magic=33/23,28/14 foesHP=0,0
pattern trainer=855 turn=4 foePP=32,0 foeAtkDef=6,6 CarlAtk=6 foeLevel=8
support PP=40,37 Carl-defense=6 enemy-attack=6,6
party action uses=3,40 / 0,37
frame=25214 map=34.1 pos=11,4 flags=3
party=2 HP=11/33,28/28 battle=0 battlers=4 outcome=1 PP=3,0 trial=1 donut-ability=0
persistent PP=3,0 status=0,0
growth level/xp/item=9/495/0,9/805/0 stats maxHP/attack,maxHP/magic=33/23,28/14 foesHP=0,0
pattern trainer=855 turn=4 foePP=32,0 foeAtkDef=6,6 CarlAtk=6 foeLevel=8
support PP=40,37 Carl-defense=6 enemy-attack=6,6
party action uses=3,40 / 0,37
frame=25234 map=34.1 pos=12,4 flags=3
party=2 HP=11/33,28/28 battle=0 battlers=4 outcome=1 PP=3,0 trial=1 donut-ability=0
persistent PP=3,0 status=0,0
growth level/xp/item=9/495/0,9/805/0 stats maxHP/attack,maxHP/magic=33/23,28/14 foesHP=0,0
pattern trainer=855 turn=4 foePP=32,0 foeAtkDef=6,6 CarlAtk=6 foeLevel=8
support PP=40,37 Carl-defense=6 enemy-attack=6,6
party action uses=3,40 / 0,37
frame=25414 map=34.0 pos=12,4 flags=3
party=2 HP=11/33,28/28 battle=0 battlers=4 outcome=1 PP=3,0 trial=1 donut-ability=0
persistent PP=3,0 status=0,0
growth level/xp/item=9/495/0,9/805/0 stats maxHP/attack,maxHP/magic=33/23,28/14 foesHP=0,0
pattern trainer=855 turn=4 foePP=32,0 foeAtkDef=6,6 CarlAtk=6 foeLevel=8
support PP=40,37 Carl-defense=6 enemy-attack=6,6
party action uses=3,40 / 0,37
frame=25414 map=34.0 pos=12,4 flags=3
party=2 HP=11/33,28/28 battle=0 battlers=4 outcome=1 PP=3,0 trial=1 donut-ability=0
persistent PP=3,0 status=0,0
growth level/xp/item=9/495/0,9/805/0 stats maxHP/attack,maxHP/magic=33/23,28/14 foesHP=0,0
pattern trainer=855 turn=4 foePP=32,0 foeAtkDef=6,6 CarlAtk=6 foeLevel=8
support PP=40,37 Carl-defense=6 enemy-attack=6,6
party action uses=3,40 / 0,37
PASS expect 34 0 12 4 3
frame=25482 map=34.0 pos=12,8 flags=3
party=2 HP=11/33,28/28 battle=0 battlers=4 outcome=1 PP=3,0 trial=1 donut-ability=0
persistent PP=3,0 status=0,0
growth level/xp/item=9/495/0,9/805/0 stats maxHP/attack,maxHP/magic=33/23,28/14 foesHP=0,0
pattern trainer=855 turn=4 foePP=32,0 foeAtkDef=6,6 CarlAtk=6 foeLevel=8
support PP=40,37 Carl-defense=6 enemy-attack=6,6
party action uses=3,40 / 0,37
frame=25522 map=34.0 pos=12,8 flags=3
party=2 HP=11/33,28/28 battle=0 battlers=4 outcome=1 PP=3,0 trial=1 donut-ability=0
persistent PP=3,0 status=0,0
growth level/xp/item=9/495/0,9/805/0 stats maxHP/attack,maxHP/magic=33/23,28/14 foesHP=0,0
pattern trainer=855 turn=4 foePP=32,0 foeAtkDef=6,6 CarlAtk=6 foeLevel=8
support PP=40,37 Carl-defense=6 enemy-attack=6,6
party action uses=3,40 / 0,37
frame=25558 map=34.0 pos=10,8 flags=3
party=2 HP=11/33,28/28 battle=0 battlers=4 outcome=1 PP=3,0 trial=1 donut-ability=0
persistent PP=3,0 status=0,0
growth level/xp/item=9/495/0,9/805/0 stats maxHP/attack,maxHP/magic=33/23,28/14 foesHP=0,0
pattern trainer=855 turn=4 foePP=32,0 foeAtkDef=6,6 CarlAtk=6 foeLevel=8
support PP=40,37 Carl-defense=6 enemy-attack=6,6
party action uses=3,40 / 0,37
frame=25598 map=34.0 pos=10,8 flags=3
party=2 HP=11/33,28/28 battle=0 battlers=4 outcome=1 PP=3,0 trial=1 donut-ability=0
persistent PP=3,0 status=0,0
growth level/xp/item=9/495/0,9/805/0 stats maxHP/attack,maxHP/magic=33/23,28/14 foesHP=0,0
pattern trainer=855 turn=4 foePP=32,0 foeAtkDef=6,6 CarlAtk=6 foeLevel=8
support PP=40,37 Carl-defense=6 enemy-attack=6,6
party action uses=3,40 / 0,37
frame=25599 map=34.0 pos=10,8 flags=3
party=2 HP=11/33,28/28 battle=0 battlers=4 outcome=1 PP=3,0 trial=1 donut-ability=0
persistent PP=3,0 status=0,0
growth level/xp/item=9/495/0,9/805/0 stats maxHP/attack,maxHP/magic=33/23,28/14 foesHP=0,0
pattern trainer=855 turn=4 foePP=32,0 foeAtkDef=6,6 CarlAtk=6 foeLevel=8
support PP=40,37 Carl-defense=6 enemy-attack=6,6
party action uses=3,40 / 0,37
frame=25639 map=34.0 pos=10,8 flags=3
party=2 HP=11/33,28/28 battle=0 battlers=4 outcome=1 PP=3,0 trial=1 donut-ability=0
persistent PP=3,0 status=0,0
growth level/xp/item=9/495/0,9/805/0 stats maxHP/attack,maxHP/magic=33/23,28/14 foesHP=0,0
pattern trainer=855 turn=4 foePP=32,0 foeAtkDef=6,6 CarlAtk=6 foeLevel=8
support PP=40,37 Carl-defense=6 enemy-attack=6,6
party action uses=3,40 / 0,37
frame=25639 map=34.0 pos=10,8 flags=3
party=2 HP=11/33,28/28 battle=0 battlers=4 outcome=1 PP=3,0 trial=1 donut-ability=0
persistent PP=3,0 status=0,0
growth level/xp/item=9/495/0,9/805/0 stats maxHP/attack,maxHP/magic=33/23,28/14 foesHP=0,0
pattern trainer=855 turn=4 foePP=32,0 foeAtkDef=6,6 CarlAtk=6 foeLevel=8
support PP=40,37 Carl-defense=6 enemy-attack=6,6
party action uses=3,40 / 0,37
PASS expect 34 0 10 8 3
frame=25640 map=34.0 pos=10,8 flags=3
party=2 HP=11/33,28/28 battle=0 battlers=4 outcome=1 PP=3,0 trial=1 donut-ability=0
persistent PP=3,0 status=0,0
growth level/xp/item=9/495/0,9/805/0 stats maxHP/attack,maxHP/magic=33/23,28/14 foesHP=0,0
pattern trainer=855 turn=4 foePP=32,0 foeAtkDef=6,6 CarlAtk=6 foeLevel=8
support PP=40,37 Carl-defense=6 enemy-attack=6,6
party action uses=3,40 / 0,37
frame=26040 map=34.0 pos=10,8 flags=3
party=2 HP=11/33,28/28 battle=0 battlers=4 outcome=1 PP=3,0 trial=1 donut-ability=0
persistent PP=3,0 status=0,0
growth level/xp/item=9/495/0,9/805/0 stats maxHP/attack,maxHP/magic=33/23,28/14 foesHP=0,0
pattern trainer=855 turn=4 foePP=32,0 foeAtkDef=6,6 CarlAtk=6 foeLevel=8
support PP=40,37 Carl-defense=6 enemy-attack=6,6
party action uses=3,40 / 0,37
frame=26040 map=34.0 pos=10,8 flags=3
party=2 HP=11/33,28/28 battle=0 battlers=4 outcome=1 PP=3,0 trial=1 donut-ability=0
persistent PP=3,0 status=0,0
growth level/xp/item=9/495/0,9/805/0 stats maxHP/attack,maxHP/magic=33/23,28/14 foesHP=0,0
PASS flag 38 1
pattern trainer=855 turn=4 foePP=32,0 foeAtkDef=6,6 CarlAtk=6 foeLevel=8
support PP=40,37 Carl-defense=6 enemy-attack=6,6
party action uses=3,40 / 0,37
frame=26041 map=34.0 pos=10,8 flags=3
party=2 HP=11/33,28/28 battle=0 battlers=4 outcome=1 PP=3,0 trial=1 donut-ability=0
persistent PP=3,0 status=0,0
growth level/xp/item=9/495/0,9/805/0 stats maxHP/attack,maxHP/magic=33/23,28/14 foesHP=0,0
pattern trainer=855 turn=4 foePP=32,0 foeAtkDef=6,6 CarlAtk=6 foeLevel=8
support PP=40,37 Carl-defense=6 enemy-attack=6,6
party action uses=3,40 / 0,37
frame=26161 map=34.0 pos=10,8 flags=3
party=2 HP=11/33,28/28 battle=0 battlers=4 outcome=1 PP=3,0 trial=1 donut-ability=0
persistent PP=3,0 status=0,0
growth level/xp/item=9/495/0,9/805/0 stats maxHP/attack,maxHP/magic=33/23,28/14 foesHP=0,0
pattern trainer=855 turn=4 foePP=32,0 foeAtkDef=6,6 CarlAtk=6 foeLevel=8
support PP=40,37 Carl-defense=6 enemy-attack=6,6
party action uses=3,40 / 0,37
frame=26261 map=34.0 pos=4,8 flags=3
party=2 HP=11/33,28/28 battle=0 battlers=4 outcome=1 PP=3,0 trial=1 donut-ability=0
persistent PP=3,0 status=0,0
growth level/xp/item=9/495/0,9/805/0 stats maxHP/attack,maxHP/magic=33/23,28/14 foesHP=0,0
pattern trainer=855 turn=4 foePP=32,0 foeAtkDef=6,6 CarlAtk=6 foeLevel=8
support PP=40,37 Carl-defense=6 enemy-attack=6,6
party action uses=3,40 / 0,37
frame=26301 map=34.0 pos=4,8 flags=3
party=2 HP=11/33,28/28 battle=0 battlers=4 outcome=1 PP=3,0 trial=1 donut-ability=0
persistent PP=3,0 status=0,0
growth level/xp/item=9/495/0,9/805/0 stats maxHP/attack,maxHP/magic=33/23,28/14 foesHP=0,0
pattern trainer=855 turn=4 foePP=32,0 foeAtkDef=6,6 CarlAtk=6 foeLevel=8
support PP=40,37 Carl-defense=6 enemy-attack=6,6
party action uses=3,40 / 0,37
frame=26337 map=34.0 pos=4,6 flags=3
party=2 HP=11/33,28/28 battle=0 battlers=4 outcome=1 PP=3,0 trial=1 donut-ability=0
persistent PP=3,0 status=0,0
growth level/xp/item=9/495/0,9/805/0 stats maxHP/attack,maxHP/magic=33/23,28/14 foesHP=0,0
pattern trainer=855 turn=4 foePP=32,0 foeAtkDef=6,6 CarlAtk=6 foeLevel=8
support PP=40,37 Carl-defense=6 enemy-attack=6,6
party action uses=3,40 / 0,37
frame=26377 map=34.0 pos=4,6 flags=3
party=2 HP=11/33,28/28 battle=0 battlers=4 outcome=1 PP=3,0 trial=1 donut-ability=0
persistent PP=3,0 status=0,0
growth level/xp/item=9/495/0,9/805/0 stats maxHP/attack,maxHP/magic=33/23,28/14 foesHP=0,0
pattern trainer=855 turn=4 foePP=32,0 foeAtkDef=6,6 CarlAtk=6 foeLevel=8
support PP=40,37 Carl-defense=6 enemy-attack=6,6
party action uses=3,40 / 0,37
frame=26377 map=34.0 pos=4,6 flags=3
party=2 HP=11/33,28/28 battle=0 battlers=4 outcome=1 PP=3,0 trial=1 donut-ability=0
persistent PP=3,0 status=0,0
growth level/xp/item=9/495/0,9/805/0 stats maxHP/attack,maxHP/magic=33/23,28/14 foesHP=0,0
pattern trainer=855 turn=4 foePP=32,0 foeAtkDef=6,6 CarlAtk=6 foeLevel=8
support PP=40,37 Carl-defense=6 enemy-attack=6,6
party action uses=3,40 / 0,37
PASS expect 34 0 4 6 3
frame=26378 map=34.0 pos=4,6 flags=3
party=2 HP=11/33,28/28 battle=0 battlers=4 outcome=1 PP=3,0 trial=1 donut-ability=0
persistent PP=3,0 status=0,0
growth level/xp/item=9/495/0,9/805/0 stats maxHP/attack,maxHP/magic=33/23,28/14 foesHP=0,0
pattern trainer=855 turn=4 foePP=32,0 foeAtkDef=6,6 CarlAtk=6 foeLevel=8
support PP=40,37 Carl-defense=6 enemy-attack=6,6
party action uses=3,40 / 0,37
frame=26778 map=34.0 pos=4,6 flags=3
party=2 HP=11/33,28/28 battle=0 battlers=4 outcome=1 PP=3,0 trial=1 donut-ability=0
persistent PP=3,0 status=0,0
growth level/xp/item=9/495/0,9/805/0 stats maxHP/attack,maxHP/magic=33/23,28/14 foesHP=0,0
pattern trainer=855 turn=4 foePP=32,0 foeAtkDef=6,6 CarlAtk=6 foeLevel=8
support PP=40,37 Carl-defense=6 enemy-attack=6,6
party action uses=3,40 / 0,37
frame=26778 map=34.0 pos=4,6 flags=3
party=2 HP=11/33,28/28 battle=0 battlers=4 outcome=1 PP=3,0 trial=1 donut-ability=0
persistent PP=3,0 status=0,0
growth level/xp/item=9/495/0,9/805/0 stats maxHP/attack,maxHP/magic=33/23,28/14 foesHP=0,0
PASS flag 36 1
pattern trainer=855 turn=4 foePP=32,0 foeAtkDef=6,6 CarlAtk=6 foeLevel=8
support PP=40,37 Carl-defense=6 enemy-attack=6,6
party action uses=3,40 / 0,37
frame=26779 map=34.0 pos=4,6 flags=3
party=2 HP=11/33,28/28 battle=0 battlers=4 outcome=1 PP=3,0 trial=1 donut-ability=0
persistent PP=3,0 status=0,0
growth level/xp/item=9/495/0,9/805/0 stats maxHP/attack,maxHP/magic=33/23,28/14 foesHP=0,0
pattern trainer=855 turn=4 foePP=32,0 foeAtkDef=6,6 CarlAtk=6 foeLevel=8
support PP=40,37 Carl-defense=6 enemy-attack=6,6
party action uses=3,40 / 0,37
frame=26899 map=34.0 pos=4,6 flags=3
party=2 HP=11/33,28/28 battle=0 battlers=4 outcome=1 PP=3,0 trial=1 donut-ability=0
persistent PP=3,0 status=0,0
growth level/xp/item=9/495/0,9/805/0 stats maxHP/attack,maxHP/magic=33/23,28/14 foesHP=0,0
pattern trainer=855 turn=4 foePP=32,0 foeAtkDef=6,6 CarlAtk=6 foeLevel=8
support PP=40,37 Carl-defense=6 enemy-attack=6,6
party action uses=3,40 / 0,37
frame=26935 map=34.0 pos=4,8 flags=3
party=2 HP=11/33,28/28 battle=0 battlers=4 outcome=1 PP=3,0 trial=1 donut-ability=0
persistent PP=3,0 status=0,0
growth level/xp/item=9/495/0,9/805/0 stats maxHP/attack,maxHP/magic=33/23,28/14 foesHP=0,0
pattern trainer=855 turn=4 foePP=32,0 foeAtkDef=6,6 CarlAtk=6 foeLevel=8
support PP=40,37 Carl-defense=6 enemy-attack=6,6
party action uses=3,40 / 0,37
frame=26975 map=34.0 pos=4,8 flags=3
party=2 HP=11/33,28/28 battle=0 battlers=4 outcome=1 PP=3,0 trial=1 donut-ability=0
persistent PP=3,0 status=0,0
growth level/xp/item=9/495/0,9/805/0 stats maxHP/attack,maxHP/magic=33/23,28/14 foesHP=0,0
pattern trainer=855 turn=4 foePP=32,0 foeAtkDef=6,6 CarlAtk=6 foeLevel=8
support PP=40,37 Carl-defense=6 enemy-attack=6,6
party action uses=3,40 / 0,37
frame=27107 map=34.0 pos=12,8 flags=3
party=2 HP=11/33,28/28 battle=0 battlers=4 outcome=1 PP=3,0 trial=1 donut-ability=0
persistent PP=3,0 status=0,0
growth level/xp/item=9/495/0,9/805/0 stats maxHP/attack,maxHP/magic=33/23,28/14 foesHP=0,0
pattern trainer=855 turn=4 foePP=32,0 foeAtkDef=6,6 CarlAtk=6 foeLevel=8
support PP=40,37 Carl-defense=6 enemy-attack=6,6
party action uses=3,40 / 0,37
frame=27147 map=34.0 pos=12,8 flags=3
party=2 HP=11/33,28/28 battle=0 battlers=4 outcome=1 PP=3,0 trial=1 donut-ability=0
persistent PP=3,0 status=0,0
growth level/xp/item=9/495/0,9/805/0 stats maxHP/attack,maxHP/magic=33/23,28/14 foesHP=0,0
pattern trainer=855 turn=4 foePP=32,0 foeAtkDef=6,6 CarlAtk=6 foeLevel=8
support PP=40,37 Carl-defense=6 enemy-attack=6,6
party action uses=3,40 / 0,37
frame=27215 map=34.0 pos=12,4 flags=3
party=2 HP=11/33,28/28 battle=0 battlers=4 outcome=1 PP=3,0 trial=1 donut-ability=0
persistent PP=3,0 status=0,0
growth level/xp/item=9/495/0,9/805/0 stats maxHP/attack,maxHP/magic=33/23,28/14 foesHP=0,0
pattern trainer=855 turn=4 foePP=32,0 foeAtkDef=6,6 CarlAtk=6 foeLevel=8
support PP=40,37 Carl-defense=6 enemy-attack=6,6
party action uses=3,40 / 0,37
frame=27395 map=34.1 pos=12,4 flags=3
party=2 HP=11/33,28/28 battle=0 battlers=4 outcome=1 PP=3,0 trial=1 donut-ability=0
persistent PP=3,0 status=0,0
growth level/xp/item=9/495/0,9/805/0 stats maxHP/attack,maxHP/magic=33/23,28/14 foesHP=0,0
pattern trainer=855 turn=4 foePP=32,0 foeAtkDef=6,6 CarlAtk=6 foeLevel=8
support PP=40,37 Carl-defense=6 enemy-attack=6,6
party action uses=3,40 / 0,37
frame=27395 map=34.1 pos=12,4 flags=3
party=2 HP=11/33,28/28 battle=0 battlers=4 outcome=1 PP=3,0 trial=1 donut-ability=0
persistent PP=3,0 status=0,0
growth level/xp/item=9/495/0,9/805/0 stats maxHP/attack,maxHP/magic=33/23,28/14 foesHP=0,0
pattern trainer=855 turn=4 foePP=32,0 foeAtkDef=6,6 CarlAtk=6 foeLevel=8
support PP=40,37 Carl-defense=6 enemy-attack=6,6
party action uses=3,40 / 0,37
PASS expect 34 1 12 4 3
frame=27415 map=34.1 pos=11,4 flags=3
party=2 HP=11/33,28/28 battle=0 battlers=4 outcome=1 PP=3,0 trial=1 donut-ability=0
persistent PP=3,0 status=0,0
growth level/xp/item=9/495/0,9/805/0 stats maxHP/attack,maxHP/magic=33/23,28/14 foesHP=0,0
pattern trainer=855 turn=4 foePP=32,0 foeAtkDef=6,6 CarlAtk=6 foeLevel=8
support PP=40,37 Carl-defense=6 enemy-attack=6,6
party action uses=3,40 / 0,37
frame=27455 map=34.1 pos=11,4 flags=3
party=2 HP=11/33,28/28 battle=0 battlers=4 outcome=1 PP=3,0 trial=1 donut-ability=0
persistent PP=3,0 status=0,0
growth level/xp/item=9/495/0,9/805/0 stats maxHP/attack,maxHP/magic=33/23,28/14 foesHP=0,0
pattern trainer=855 turn=4 foePP=32,0 foeAtkDef=6,6 CarlAtk=6 foeLevel=8
support PP=40,37 Carl-defense=6 enemy-attack=6,6
party action uses=3,40 / 0,37
frame=27507 map=34.1 pos=11,7 flags=3
party=2 HP=11/33,28/28 battle=0 battlers=4 outcome=1 PP=3,0 trial=1 donut-ability=0
persistent PP=3,0 status=0,0
growth level/xp/item=9/495/0,9/805/0 stats maxHP/attack,maxHP/magic=33/23,28/14 foesHP=0,0
pattern trainer=855 turn=4 foePP=32,0 foeAtkDef=6,6 CarlAtk=6 foeLevel=8
support PP=40,37 Carl-defense=6 enemy-attack=6,6
party action uses=3,40 / 0,37
frame=27547 map=34.1 pos=11,7 flags=3
party=2 HP=11/33,28/28 battle=0 battlers=4 outcome=1 PP=3,0 trial=1 donut-ability=0
persistent PP=3,0 status=0,0
growth level/xp/item=9/495/0,9/805/0 stats maxHP/attack,maxHP/magic=33/23,28/14 foesHP=0,0
pattern trainer=855 turn=4 foePP=32,0 foeAtkDef=6,6 CarlAtk=6 foeLevel=8
support PP=40,37 Carl-defense=6 enemy-attack=6,6
party action uses=3,40 / 0,37
frame=27547 map=34.1 pos=11,7 flags=3
party=2 HP=11/33,28/28 battle=0 battlers=4 outcome=1 PP=3,0 trial=1 donut-ability=0
persistent PP=3,0 status=0,0
growth level/xp/item=9/495/0,9/805/0 stats maxHP/attack,maxHP/magic=33/23,28/14 foesHP=0,0
pattern trainer=855 turn=4 foePP=32,0 foeAtkDef=6,6 CarlAtk=6 foeLevel=8
support PP=40,37 Carl-defense=6 enemy-attack=6,6
party action uses=3,40 / 0,37
PASS expect 34 1 11 7 3
frame=27548 map=34.1 pos=11,7 flags=3
party=2 HP=11/33,28/28 battle=0 battlers=4 outcome=1 PP=3,0 trial=1 donut-ability=0
persistent PP=3,0 status=0,0
growth level/xp/item=9/495/0,9/805/0 stats maxHP/attack,maxHP/magic=33/23,28/14 foesHP=0,0
pattern trainer=855 turn=4 foePP=32,0 foeAtkDef=6,6 CarlAtk=6 foeLevel=8
support PP=40,37 Carl-defense=6 enemy-attack=6,6
party action uses=3,40 / 0,37
frame=27948 map=34.1 pos=11,7 flags=3
party=2 HP=11/33,28/28 battle=0 battlers=4 outcome=1 PP=3,0 trial=1 donut-ability=0
persistent PP=3,0 status=0,0
growth level/xp/item=9/495/0,9/805/0 stats maxHP/attack,maxHP/magic=33/23,28/14 foesHP=0,0
pattern trainer=855 turn=4 foePP=32,0 foeAtkDef=6,6 CarlAtk=6 foeLevel=8
support PP=40,37 Carl-defense=6 enemy-attack=6,6
party action uses=3,40 / 0,37
frame=27948 map=34.1 pos=11,7 flags=3
party=2 HP=11/33,28/28 battle=0 battlers=4 outcome=1 PP=3,0 trial=1 donut-ability=0
persistent PP=3,0 status=0,0
growth level/xp/item=9/495/0,9/805/0 stats maxHP/attack,maxHP/magic=33/23,28/14 foesHP=0,0
PASS flag 39 1
pattern trainer=855 turn=4 foePP=32,0 foeAtkDef=6,6 CarlAtk=6 foeLevel=8
support PP=40,37 Carl-defense=6 enemy-attack=6,6
party action uses=3,40 / 0,37
frame=27949 map=34.1 pos=11,7 flags=3
party=2 HP=11/33,28/28 battle=0 battlers=4 outcome=1 PP=3,0 trial=1 donut-ability=0
persistent PP=3,0 status=0,0
growth level/xp/item=9/495/0,9/805/0 stats maxHP/attack,maxHP/magic=33/23,28/14 foesHP=0,0
pattern trainer=855 turn=4 foePP=32,0 foeAtkDef=6,6 CarlAtk=6 foeLevel=8
support PP=40,37 Carl-defense=6 enemy-attack=6,6
party action uses=3,40 / 0,37
frame=28069 map=34.1 pos=11,7 flags=3
party=2 HP=11/33,28/28 battle=0 battlers=4 outcome=1 PP=3,0 trial=1 donut-ability=0
persistent PP=3,0 status=0,0
growth level/xp/item=9/495/0,9/805/0 stats maxHP/attack,maxHP/magic=33/23,28/14 foesHP=0,0
pattern trainer=855 turn=4 foePP=32,0 foeAtkDef=6,6 CarlAtk=6 foeLevel=8
support PP=40,37 Carl-defense=6 enemy-attack=6,6
party action uses=3,40 / 0,37
frame=28185 map=34.1 pos=4,7 flags=3
party=2 HP=11/33,28/28 battle=0 battlers=4 outcome=1 PP=3,0 trial=1 donut-ability=0
persistent PP=3,0 status=0,0
growth level/xp/item=9/495/0,9/805/0 stats maxHP/attack,maxHP/magic=33/23,28/14 foesHP=0,0
pattern trainer=855 turn=4 foePP=32,0 foeAtkDef=6,6 CarlAtk=6 foeLevel=8
support PP=40,37 Carl-defense=6 enemy-attack=6,6
party action uses=3,40 / 0,37
frame=28225 map=34.1 pos=4,7 flags=3
party=2 HP=11/33,28/28 battle=0 battlers=4 outcome=1 PP=3,0 trial=1 donut-ability=0
persistent PP=3,0 status=0,0
growth level/xp/item=9/495/0,9/805/0 stats maxHP/attack,maxHP/magic=33/23,28/14 foesHP=0,0
pattern trainer=855 turn=4 foePP=32,0 foeAtkDef=6,6 CarlAtk=6 foeLevel=8
support PP=40,37 Carl-defense=6 enemy-attack=6,6
party action uses=3,40 / 0,37
frame=28226 map=34.1 pos=4,7 flags=3
party=2 HP=11/33,28/28 battle=0 battlers=4 outcome=1 PP=3,0 trial=1 donut-ability=0
persistent PP=3,0 status=0,0
growth level/xp/item=9/495/0,9/805/0 stats maxHP/attack,maxHP/magic=33/23,28/14 foesHP=0,0
pattern trainer=855 turn=4 foePP=32,0 foeAtkDef=6,6 CarlAtk=6 foeLevel=8
support PP=40,37 Carl-defense=6 enemy-attack=6,6
party action uses=3,40 / 0,37
frame=28266 map=34.1 pos=4,7 flags=3
party=2 HP=11/33,28/28 battle=0 battlers=4 outcome=1 PP=3,0 trial=1 donut-ability=0
persistent PP=3,0 status=0,0
growth level/xp/item=9/495/0,9/805/0 stats maxHP/attack,maxHP/magic=33/23,28/14 foesHP=0,0
pattern trainer=855 turn=4 foePP=32,0 foeAtkDef=6,6 CarlAtk=6 foeLevel=8
support PP=40,37 Carl-defense=6 enemy-attack=6,6
party action uses=3,40 / 0,37
frame=28266 map=34.1 pos=4,7 flags=3
party=2 HP=11/33,28/28 battle=0 battlers=4 outcome=1 PP=3,0 trial=1 donut-ability=0
persistent PP=3,0 status=0,0
growth level/xp/item=9/495/0,9/805/0 stats maxHP/attack,maxHP/magic=33/23,28/14 foesHP=0,0
pattern trainer=855 turn=4 foePP=32,0 foeAtkDef=6,6 CarlAtk=6 foeLevel=8
support PP=40,37 Carl-defense=6 enemy-attack=6,6
party action uses=3,40 / 0,37
PASS expect 34 1 4 7 3
frame=28267 map=34.1 pos=4,7 flags=3
party=2 HP=11/33,28/28 battle=0 battlers=4 outcome=1 PP=3,0 trial=1 donut-ability=0
persistent PP=3,0 status=0,0
growth level/xp/item=9/495/0,9/805/0 stats maxHP/attack,maxHP/magic=33/23,28/14 foesHP=0,0
pattern trainer=855 turn=4 foePP=32,0 foeAtkDef=6,6 CarlAtk=6 foeLevel=8
support PP=40,37 Carl-defense=6 enemy-attack=6,6
party action uses=3,40 / 0,37
frame=28667 map=34.1 pos=4,7 flags=3
party=2 HP=11/33,28/28 battle=0 battlers=4 outcome=1 PP=3,0 trial=1 donut-ability=0
persistent PP=3,0 status=0,0
growth level/xp/item=9/495/0,9/805/0 stats maxHP/attack,maxHP/magic=33/23,28/14 foesHP=0,0
pattern trainer=855 turn=4 foePP=32,0 foeAtkDef=6,6 CarlAtk=6 foeLevel=8
support PP=40,37 Carl-defense=6 enemy-attack=6,6
party action uses=3,40 / 0,37
frame=28668 map=34.1 pos=4,7 flags=3
party=2 HP=11/33,28/28 battle=0 battlers=4 outcome=1 PP=3,0 trial=1 donut-ability=0
persistent PP=3,0 status=0,0
growth level/xp/item=9/495/0,9/805/0 stats maxHP/attack,maxHP/magic=33/23,28/14 foesHP=0,0
pattern trainer=855 turn=4 foePP=32,0 foeAtkDef=6,6 CarlAtk=6 foeLevel=8
support PP=40,37 Carl-defense=6 enemy-attack=6,6
party action uses=3,40 / 0,37
frame=29068 map=34.1 pos=4,7 flags=3
party=2 HP=11/33,28/28 battle=0 battlers=4 outcome=1 PP=3,0 trial=1 donut-ability=0
persistent PP=3,0 status=0,0
growth level/xp/item=9/495/0,9/805/0 stats maxHP/attack,maxHP/magic=33/23,28/14 foesHP=0,0
pattern trainer=855 turn=4 foePP=32,0 foeAtkDef=6,6 CarlAtk=6 foeLevel=8
support PP=40,37 Carl-defense=6 enemy-attack=6,6
party action uses=3,40 / 0,37
frame=29069 map=34.1 pos=4,7 flags=3
party=2 HP=11/33,28/28 battle=0 battlers=4 outcome=1 PP=3,0 trial=1 donut-ability=0
persistent PP=3,0 status=0,0
growth level/xp/item=9/495/0,9/805/0 stats maxHP/attack,maxHP/magic=33/23,28/14 foesHP=0,0
pattern trainer=855 turn=4 foePP=32,0 foeAtkDef=6,6 CarlAtk=6 foeLevel=8
support PP=40,37 Carl-defense=6 enemy-attack=6,6
party action uses=3,40 / 0,37
frame=29469 map=34.1 pos=4,7 flags=7
party=2 HP=33/33,28/28 battle=0 battlers=4 outcome=1 PP=3,0 trial=1 donut-ability=0
persistent PP=8,2 status=0,0
growth level/xp/item=9/495/0,9/805/0 stats maxHP/attack,maxHP/magic=33/23,28/14 foesHP=0,0
pattern trainer=855 turn=4 foePP=32,0 foeAtkDef=6,6 CarlAtk=6 foeLevel=8
support PP=40,37 Carl-defense=6 enemy-attack=6,6
party action uses=8,40 / 2,40
frame=29470 map=34.1 pos=4,7 flags=7
party=2 HP=33/33,28/28 battle=0 battlers=4 outcome=1 PP=3,0 trial=1 donut-ability=0
persistent PP=8,2 status=0,0
growth level/xp/item=9/495/0,9/805/0 stats maxHP/attack,maxHP/magic=33/23,28/14 foesHP=0,0
pattern trainer=855 turn=4 foePP=32,0 foeAtkDef=6,6 CarlAtk=6 foeLevel=8
support PP=40,37 Carl-defense=6 enemy-attack=6,6
party action uses=8,40 / 2,40
frame=29870 map=34.1 pos=4,7 flags=7
party=2 HP=33/33,28/28 battle=0 battlers=4 outcome=1 PP=3,0 trial=1 donut-ability=0
persistent PP=8,2 status=0,0
growth level/xp/item=9/495/0,9/805/0 stats maxHP/attack,maxHP/magic=33/23,28/14 foesHP=0,0
pattern trainer=855 turn=4 foePP=32,0 foeAtkDef=6,6 CarlAtk=6 foeLevel=8
support PP=40,37 Carl-defense=6 enemy-attack=6,6
party action uses=8,40 / 2,40
frame=29871 map=34.1 pos=4,7 flags=7
party=2 HP=33/33,28/28 battle=0 battlers=4 outcome=1 PP=3,0 trial=1 donut-ability=0
persistent PP=8,2 status=0,0
growth level/xp/item=9/495/0,9/805/0 stats maxHP/attack,maxHP/magic=33/23,28/14 foesHP=0,0
pattern trainer=855 turn=4 foePP=32,0 foeAtkDef=6,6 CarlAtk=6 foeLevel=8
support PP=40,37 Carl-defense=6 enemy-attack=6,6
party action uses=8,40 / 2,40
frame=30271 map=34.1 pos=4,7 flags=7
party=2 HP=33/33,28/28 battle=0 battlers=4 outcome=1 PP=3,0 trial=1 donut-ability=0
persistent PP=8,2 status=0,0
growth level/xp/item=9/495/0,9/805/0 stats maxHP/attack,maxHP/magic=33/23,28/14 foesHP=0,0
pattern trainer=855 turn=4 foePP=32,0 foeAtkDef=6,6 CarlAtk=6 foeLevel=8
support PP=40,37 Carl-defense=6 enemy-attack=6,6
party action uses=8,40 / 2,40
frame=30272 map=34.1 pos=4,7 flags=7
party=2 HP=33/33,28/28 battle=0 battlers=4 outcome=1 PP=3,0 trial=1 donut-ability=0
persistent PP=8,2 status=0,0
growth level/xp/item=9/495/0,9/805/0 stats maxHP/attack,maxHP/magic=33/23,28/14 foesHP=0,0
pattern trainer=855 turn=4 foePP=32,0 foeAtkDef=6,6 CarlAtk=6 foeLevel=8
support PP=40,37 Carl-defense=6 enemy-attack=6,6
party action uses=8,40 / 2,40
frame=30392 map=34.1 pos=4,7 flags=7
party=2 HP=33/33,28/28 battle=0 battlers=4 outcome=1 PP=3,0 trial=1 donut-ability=0
persistent PP=8,2 status=0,0
growth level/xp/item=9/495/0,9/805/0 stats maxHP/attack,maxHP/magic=33/23,28/14 foesHP=0,0
pattern trainer=855 turn=4 foePP=32,0 foeAtkDef=6,6 CarlAtk=6 foeLevel=8
support PP=40,37 Carl-defense=6 enemy-attack=6,6
party action uses=8,40 / 2,40
frame=30392 map=34.1 pos=4,7 flags=7
party=2 HP=33/33,28/28 battle=0 battlers=4 outcome=1 PP=3,0 trial=1 donut-ability=0
persistent PP=8,2 status=0,0
growth level/xp/item=9/495/0,9/805/0 stats maxHP/attack,maxHP/magic=33/23,28/14 foesHP=0,0
pattern trainer=855 turn=4 foePP=32,0 foeAtkDef=6,6 CarlAtk=6 foeLevel=8
support PP=40,37 Carl-defense=6 enemy-attack=6,6
party action uses=8,40 / 2,40
PASS expect 34 1 4 7 7
frame=30392 map=34.1 pos=4,7 flags=7
party=2 HP=33/33,28/28 battle=0 battlers=4 outcome=1 PP=3,0 trial=1 donut-ability=0
persistent PP=8,2 status=0,0
growth level/xp/item=9/495/0,9/805/0 stats maxHP/attack,maxHP/magic=33/23,28/14 foesHP=0,0
PASS flag 46 0
pattern trainer=855 turn=4 foePP=32,0 foeAtkDef=6,6 CarlAtk=6 foeLevel=8
support PP=40,37 Carl-defense=6 enemy-attack=6,6
party action uses=8,40 / 2,40
frame=30412 map=34.1 pos=3,7 flags=7
party=2 HP=33/33,28/28 battle=0 battlers=4 outcome=1 PP=3,0 trial=1 donut-ability=0
persistent PP=8,2 status=0,0
growth level/xp/item=9/495/0,9/805/0 stats maxHP/attack,maxHP/magic=33/23,28/14 foesHP=0,0
pattern trainer=855 turn=4 foePP=32,0 foeAtkDef=6,6 CarlAtk=6 foeLevel=8
support PP=40,37 Carl-defense=6 enemy-attack=6,6
party action uses=8,40 / 2,40
frame=30452 map=34.1 pos=3,7 flags=7
party=2 HP=33/33,28/28 battle=0 battlers=4 outcome=1 PP=3,0 trial=1 donut-ability=0
persistent PP=8,2 status=0,0
growth level/xp/item=9/495/0,9/805/0 stats maxHP/attack,maxHP/magic=33/23,28/14 foesHP=0,0
pattern trainer=855 turn=4 foePP=32,0 foeAtkDef=6,6 CarlAtk=6 foeLevel=8
support PP=40,37 Carl-defense=6 enemy-attack=6,6
party action uses=8,40 / 2,40
frame=30504 map=34.1 pos=3,4 flags=7
party=2 HP=33/33,28/28 battle=0 battlers=4 outcome=1 PP=3,0 trial=1 donut-ability=0
persistent PP=8,2 status=0,0
growth level/xp/item=9/495/0,9/805/0 stats maxHP/attack,maxHP/magic=33/23,28/14 foesHP=0,0
pattern trainer=855 turn=4 foePP=32,0 foeAtkDef=6,6 CarlAtk=6 foeLevel=8
support PP=40,37 Carl-defense=6 enemy-attack=6,6
party action uses=8,40 / 2,40
frame=30544 map=34.1 pos=3,4 flags=7
party=2 HP=33/33,28/28 battle=0 battlers=4 outcome=1 PP=3,0 trial=1 donut-ability=0
persistent PP=8,2 status=0,0
growth level/xp/item=9/495/0,9/805/0 stats maxHP/attack,maxHP/magic=33/23,28/14 foesHP=0,0
pattern trainer=855 turn=4 foePP=32,0 foeAtkDef=6,6 CarlAtk=6 foeLevel=8
support PP=40,37 Carl-defense=6 enemy-attack=6,6
party action uses=8,40 / 2,40
frame=30564 map=34.1 pos=2,4 flags=7
party=2 HP=33/33,28/28 battle=0 battlers=4 outcome=1 PP=3,0 trial=1 donut-ability=0
persistent PP=8,2 status=0,0
growth level/xp/item=9/495/0,9/805/0 stats maxHP/attack,maxHP/magic=33/23,28/14 foesHP=0,0
pattern trainer=855 turn=4 foePP=32,0 foeAtkDef=6,6 CarlAtk=6 foeLevel=8
support PP=40,37 Carl-defense=6 enemy-attack=6,6
party action uses=8,40 / 2,40
frame=30604 map=34.2 pos=2,4 flags=7
party=2 HP=33/33,28/28 battle=0 battlers=4 outcome=1 PP=3,0 trial=1 donut-ability=0
persistent PP=8,2 status=0,0
growth level/xp/item=9/495/0,9/805/0 stats maxHP/attack,maxHP/magic=33/23,28/14 foesHP=0,0
pattern trainer=855 turn=4 foePP=32,0 foeAtkDef=6,6 CarlAtk=6 foeLevel=8
support PP=40,37 Carl-defense=6 enemy-attack=6,6
party action uses=8,40 / 2,40
frame=30784 map=34.2 pos=2,4 flags=7
party=2 HP=33/33,28/28 battle=0 battlers=4 outcome=1 PP=3,0 trial=1 donut-ability=0
persistent PP=8,2 status=0,0
growth level/xp/item=9/495/0,9/805/0 stats maxHP/attack,maxHP/magic=33/23,28/14 foesHP=0,0
pattern trainer=855 turn=4 foePP=32,0 foeAtkDef=6,6 CarlAtk=6 foeLevel=8
support PP=40,37 Carl-defense=6 enemy-attack=6,6
party action uses=8,40 / 2,40
frame=30784 map=34.2 pos=2,4 flags=7
party=2 HP=33/33,28/28 battle=0 battlers=4 outcome=1 PP=3,0 trial=1 donut-ability=0
persistent PP=8,2 status=0,0
growth level/xp/item=9/495/0,9/805/0 stats maxHP/attack,maxHP/magic=33/23,28/14 foesHP=0,0
pattern trainer=855 turn=4 foePP=32,0 foeAtkDef=6,6 CarlAtk=6 foeLevel=8
support PP=40,37 Carl-defense=6 enemy-attack=6,6
party action uses=8,40 / 2,40
PASS expect 34 2 2 4 7
frame=30820 map=34.2 pos=4,4 flags=7
party=2 HP=33/33,28/28 battle=0 battlers=4 outcome=1 PP=3,0 trial=1 donut-ability=0
persistent PP=8,2 status=0,0
growth level/xp/item=9/495/0,9/805/0 stats maxHP/attack,maxHP/magic=33/23,28/14 foesHP=0,0
pattern trainer=855 turn=4 foePP=32,0 foeAtkDef=6,6 CarlAtk=6 foeLevel=8
support PP=40,37 Carl-defense=6 enemy-attack=6,6
party action uses=8,40 / 2,40
frame=30860 map=34.2 pos=4,4 flags=7
party=2 HP=33/33,28/28 battle=0 battlers=4 outcome=1 PP=3,0 trial=1 donut-ability=0
persistent PP=8,2 status=0,0
growth level/xp/item=9/495/0,9/805/0 stats maxHP/attack,maxHP/magic=33/23,28/14 foesHP=0,0
pattern trainer=855 turn=4 foePP=32,0 foeAtkDef=6,6 CarlAtk=6 foeLevel=8
support PP=40,37 Carl-defense=6 enemy-attack=6,6
party action uses=8,40 / 2,40
frame=30896 map=34.2 pos=4,6 flags=7
party=2 HP=33/33,28/28 battle=0 battlers=4 outcome=1 PP=3,0 trial=1 donut-ability=0
persistent PP=8,2 status=0,0
growth level/xp/item=9/495/0,9/805/0 stats maxHP/attack,maxHP/magic=33/23,28/14 foesHP=0,0
pattern trainer=855 turn=4 foePP=32,0 foeAtkDef=6,6 CarlAtk=6 foeLevel=8
support PP=40,37 Carl-defense=6 enemy-attack=6,6
party action uses=8,40 / 2,40
frame=30936 map=34.2 pos=4,6 flags=7
party=2 HP=33/33,28/28 battle=0 battlers=4 outcome=1 PP=3,0 trial=1 donut-ability=0
persistent PP=8,2 status=0,0
growth level/xp/item=9/495/0,9/805/0 stats maxHP/attack,maxHP/magic=33/23,28/14 foesHP=0,0
pattern trainer=855 turn=4 foePP=32,0 foeAtkDef=6,6 CarlAtk=6 foeLevel=8
support PP=40,37 Carl-defense=6 enemy-attack=6,6
party action uses=8,40 / 2,40
frame=30936 map=34.2 pos=4,6 flags=7
party=2 HP=33/33,28/28 battle=0 battlers=4 outcome=1 PP=3,0 trial=1 donut-ability=0
persistent PP=8,2 status=0,0
growth level/xp/item=9/495/0,9/805/0 stats maxHP/attack,maxHP/magic=33/23,28/14 foesHP=0,0
pattern trainer=855 turn=4 foePP=32,0 foeAtkDef=6,6 CarlAtk=6 foeLevel=8
support PP=40,37 Carl-defense=6 enemy-attack=6,6
party action uses=8,40 / 2,40
PASS expect 34 2 4 6 7
frame=30937 map=34.2 pos=4,6 flags=7
party=2 HP=33/33,28/28 battle=0 battlers=4 outcome=1 PP=3,0 trial=1 donut-ability=0
persistent PP=8,2 status=0,0
growth level/xp/item=9/495/0,9/805/0 stats maxHP/attack,maxHP/magic=33/23,28/14 foesHP=0,0
pattern trainer=855 turn=4 foePP=32,0 foeAtkDef=6,6 CarlAtk=6 foeLevel=8
support PP=40,37 Carl-defense=6 enemy-attack=6,6
party action uses=8,40 / 2,40
frame=31337 map=34.2 pos=4,6 flags=7
party=2 HP=33/33,28/28 battle=0 battlers=4 outcome=1 PP=3,0 trial=1 donut-ability=0
persistent PP=8,2 status=0,0
growth level/xp/item=9/495/0,9/805/0 stats maxHP/attack,maxHP/magic=33/23,28/14 foesHP=0,0
pattern trainer=855 turn=4 foePP=32,0 foeAtkDef=6,6 CarlAtk=6 foeLevel=8
support PP=40,37 Carl-defense=6 enemy-attack=6,6
party action uses=8,40 / 2,40
frame=31338 map=34.2 pos=4,6 flags=7
party=2 HP=33/33,28/28 battle=0 battlers=4 outcome=1 PP=3,0 trial=1 donut-ability=0
persistent PP=8,2 status=0,0
growth level/xp/item=9/495/0,9/805/0 stats maxHP/attack,maxHP/magic=33/23,28/14 foesHP=0,0
pattern trainer=855 turn=4 foePP=32,0 foeAtkDef=6,6 CarlAtk=6 foeLevel=8
support PP=40,37 Carl-defense=6 enemy-attack=6,6
party action uses=8,40 / 2,40
frame=31738 map=34.2 pos=4,6 flags=7
party=2 HP=33/33,28/28 battle=0 battlers=4 outcome=1 PP=3,0 trial=1 donut-ability=0
persistent PP=8,2 status=0,0
growth level/xp/item=9/495/0,9/805/0 stats maxHP/attack,maxHP/magic=33/23,28/14 foesHP=0,0
pattern trainer=855 turn=4 foePP=32,0 foeAtkDef=6,6 CarlAtk=6 foeLevel=8
support PP=40,37 Carl-defense=6 enemy-attack=6,6
party action uses=8,40 / 2,40
frame=31739 map=34.2 pos=4,6 flags=7
party=2 HP=33/33,28/28 battle=0 battlers=4 outcome=1 PP=3,0 trial=1 donut-ability=0
persistent PP=8,2 status=0,0
growth level/xp/item=9/495/0,9/805/0 stats maxHP/attack,maxHP/magic=33/23,28/14 foesHP=0,0
pattern trainer=855 turn=4 foePP=32,0 foeAtkDef=6,6 CarlAtk=6 foeLevel=8
support PP=40,37 Carl-defense=6 enemy-attack=6,6
party action uses=8,40 / 2,40
frame=32139 map=34.2 pos=4,6 flags=7
party=2 HP=33/33,28/28 battle=0 battlers=4 outcome=1 PP=3,0 trial=1 donut-ability=0
persistent PP=8,2 status=0,0
growth level/xp/item=9/495/0,9/805/0 stats maxHP/attack,maxHP/magic=33/23,28/14 foesHP=0,0
pattern trainer=855 turn=4 foePP=32,0 foeAtkDef=6,6 CarlAtk=6 foeLevel=8
support PP=40,37 Carl-defense=6 enemy-attack=6,6
party action uses=8,40 / 2,40
frame=32139 map=34.2 pos=4,6 flags=7
party=2 HP=33/33,28/28 battle=0 battlers=4 outcome=1 PP=3,0 trial=1 donut-ability=0
persistent PP=8,2 status=0,0
growth level/xp/item=9/495/0,9/805/0 stats maxHP/attack,maxHP/magic=33/23,28/14 foesHP=0,0
PASS flag 41 1
pattern trainer=855 turn=4 foePP=32,0 foeAtkDef=6,6 CarlAtk=6 foeLevel=8
support PP=40,37 Carl-defense=6 enemy-attack=6,6
party action uses=8,40 / 2,40
frame=32139 map=34.2 pos=4,6 flags=7
party=2 HP=33/33,28/28 battle=0 battlers=4 outcome=1 PP=3,0 trial=1 donut-ability=0
persistent PP=8,2 status=0,0
growth level/xp/item=9/495/0,9/805/0 stats maxHP/attack,maxHP/magic=33/23,28/14 foesHP=0,0
PASS flag 42 0
pattern trainer=855 turn=4 foePP=32,0 foeAtkDef=6,6 CarlAtk=6 foeLevel=8
support PP=40,37 Carl-defense=6 enemy-attack=6,6
party action uses=8,40 / 2,40
frame=32139 map=34.2 pos=4,6 flags=7
party=2 HP=33/33,28/28 battle=0 battlers=4 outcome=1 PP=3,0 trial=1 donut-ability=0
persistent PP=8,2 status=0,0
growth level/xp/item=9/495/0,9/805/0 stats maxHP/attack,maxHP/magic=33/23,28/14 foesHP=0,0
PASS flag 43 0
pattern trainer=855 turn=4 foePP=32,0 foeAtkDef=6,6 CarlAtk=6 foeLevel=8
support PP=40,37 Carl-defense=6 enemy-attack=6,6
party action uses=8,40 / 2,40
frame=32139 map=34.2 pos=4,6 flags=7
party=2 HP=33/33,28/28 battle=0 battlers=4 outcome=1 PP=3,0 trial=1 donut-ability=0
persistent PP=8,2 status=0,0
growth level/xp/item=9/495/0,9/805/0 stats maxHP/attack,maxHP/magic=33/23,28/14 foesHP=0,0
PASS flag 40 0
pattern trainer=855 turn=4 foePP=32,0 foeAtkDef=6,6 CarlAtk=6 foeLevel=8
support PP=40,37 Carl-defense=6 enemy-attack=6,6
party action uses=8,40 / 2,40
frame=32140 map=34.2 pos=4,6 flags=7
party=2 HP=33/33,28/28 battle=0 battlers=4 outcome=1 PP=3,0 trial=1 donut-ability=0
persistent PP=8,2 status=0,0
growth level/xp/item=9/495/0,9/805/0 stats maxHP/attack,maxHP/magic=33/23,28/14 foesHP=0,0
pattern trainer=855 turn=4 foePP=32,0 foeAtkDef=6,6 CarlAtk=6 foeLevel=8
support PP=40,37 Carl-defense=6 enemy-attack=6,6
party action uses=8,40 / 2,40
frame=32260 map=34.2 pos=4,6 flags=7
party=2 HP=33/33,28/28 battle=0 battlers=4 outcome=1 PP=3,0 trial=1 donut-ability=0
persistent PP=8,2 status=0,0
growth level/xp/item=9/495/0,9/805/0 stats maxHP/attack,maxHP/magic=33/23,28/14 foesHP=0,0
pattern trainer=855 turn=4 foePP=32,0 foeAtkDef=6,6 CarlAtk=6 foeLevel=8
support PP=40,37 Carl-defense=6 enemy-attack=6,6
party action uses=8,40 / 2,40
frame=32296 map=34.2 pos=2,6 flags=7
party=2 HP=33/33,28/28 battle=0 battlers=4 outcome=1 PP=3,0 trial=1 donut-ability=0
persistent PP=8,2 status=0,0
growth level/xp/item=9/495/0,9/805/0 stats maxHP/attack,maxHP/magic=33/23,28/14 foesHP=0,0
pattern trainer=855 turn=4 foePP=32,0 foeAtkDef=6,6 CarlAtk=6 foeLevel=8
support PP=40,37 Carl-defense=6 enemy-attack=6,6
party action uses=8,40 / 2,40
frame=32336 map=34.2 pos=2,6 flags=7
party=2 HP=33/33,28/28 battle=0 battlers=4 outcome=1 PP=3,0 trial=1 donut-ability=0
persistent PP=8,2 status=0,0
growth level/xp/item=9/495/0,9/805/0 stats maxHP/attack,maxHP/magic=33/23,28/14 foesHP=0,0
pattern trainer=855 turn=4 foePP=32,0 foeAtkDef=6,6 CarlAtk=6 foeLevel=8
support PP=40,37 Carl-defense=6 enemy-attack=6,6
party action uses=8,40 / 2,40
frame=32336 map=34.2 pos=2,6 flags=7
party=2 HP=33/33,28/28 battle=0 battlers=4 outcome=1 PP=3,0 trial=1 donut-ability=0
persistent PP=8,2 status=0,0
growth level/xp/item=9/495/0,9/805/0 stats maxHP/attack,maxHP/magic=33/23,28/14 foesHP=0,0
pattern trainer=855 turn=4 foePP=32,0 foeAtkDef=6,6 CarlAtk=6 foeLevel=8
support PP=40,37 Carl-defense=6 enemy-attack=6,6
party action uses=8,40 / 2,40
PASS expect 34 2 2 6 7
frame=32388 map=34.2 pos=2,9 flags=7
party=2 HP=33/33,28/28 battle=0 battlers=4 outcome=1 PP=3,0 trial=1 donut-ability=0
persistent PP=8,2 status=0,0
growth level/xp/item=9/495/0,9/805/0 stats maxHP/attack,maxHP/magic=33/23,28/14 foesHP=0,0
pattern trainer=855 turn=4 foePP=32,0 foeAtkDef=6,6 CarlAtk=6 foeLevel=8
support PP=40,37 Carl-defense=6 enemy-attack=6,6
party action uses=8,40 / 2,40
frame=32428 map=34.3 pos=2,4 flags=7
party=2 HP=33/33,28/28 battle=0 battlers=4 outcome=1 PP=3,0 trial=1 donut-ability=0
persistent PP=8,2 status=0,0
growth level/xp/item=9/495/0,9/805/0 stats maxHP/attack,maxHP/magic=33/23,28/14 foesHP=0,0
pattern trainer=855 turn=4 foePP=32,0 foeAtkDef=6,6 CarlAtk=6 foeLevel=8
support PP=40,37 Carl-defense=6 enemy-attack=6,6
party action uses=8,40 / 2,40
frame=32608 map=34.3 pos=2,4 flags=7
party=2 HP=33/33,28/28 battle=0 battlers=4 outcome=1 PP=3,0 trial=1 donut-ability=0
persistent PP=8,2 status=0,0
growth level/xp/item=9/495/0,9/805/0 stats maxHP/attack,maxHP/magic=33/23,28/14 foesHP=0,0
pattern trainer=855 turn=4 foePP=32,0 foeAtkDef=6,6 CarlAtk=6 foeLevel=8
support PP=40,37 Carl-defense=6 enemy-attack=6,6
party action uses=8,40 / 2,40
frame=32608 map=34.3 pos=2,4 flags=7
party=2 HP=33/33,28/28 battle=0 battlers=4 outcome=1 PP=3,0 trial=1 donut-ability=0
persistent PP=8,2 status=0,0
growth level/xp/item=9/495/0,9/805/0 stats maxHP/attack,maxHP/magic=33/23,28/14 foesHP=0,0
pattern trainer=855 turn=4 foePP=32,0 foeAtkDef=6,6 CarlAtk=6 foeLevel=8
support PP=40,37 Carl-defense=6 enemy-attack=6,6
party action uses=8,40 / 2,40
PASS expect 34 3 2 4 7
frame=32772 map=34.3 pos=12,4 flags=7
party=2 HP=33/33,28/28 battle=0 battlers=4 outcome=1 PP=3,0 trial=1 donut-ability=0
persistent PP=8,2 status=0,0
growth level/xp/item=9/495/0,9/805/0 stats maxHP/attack,maxHP/magic=33/23,28/14 foesHP=0,0
pattern trainer=855 turn=4 foePP=32,0 foeAtkDef=6,6 CarlAtk=6 foeLevel=8
support PP=40,37 Carl-defense=6 enemy-attack=6,6
party action uses=8,40 / 2,40
frame=32812 map=34.4 pos=2,4 flags=7
party=2 HP=33/33,28/28 battle=0 battlers=4 outcome=1 PP=3,0 trial=1 donut-ability=0
persistent PP=8,2 status=0,0
growth level/xp/item=9/495/0,9/805/0 stats maxHP/attack,maxHP/magic=33/23,28/14 foesHP=0,0
pattern trainer=855 turn=4 foePP=32,0 foeAtkDef=6,6 CarlAtk=6 foeLevel=8
support PP=40,37 Carl-defense=6 enemy-attack=6,6
party action uses=8,40 / 2,40
frame=32992 map=34.4 pos=2,4 flags=7
party=2 HP=33/33,28/28 battle=0 battlers=4 outcome=1 PP=3,0 trial=1 donut-ability=0
persistent PP=8,2 status=0,0
growth level/xp/item=9/495/0,9/805/0 stats maxHP/attack,maxHP/magic=33/23,28/14 foesHP=0,0
pattern trainer=855 turn=4 foePP=32,0 foeAtkDef=6,6 CarlAtk=6 foeLevel=8
support PP=40,37 Carl-defense=6 enemy-attack=6,6
party action uses=8,40 / 2,40
frame=32992 map=34.4 pos=2,4 flags=7
party=2 HP=33/33,28/28 battle=0 battlers=4 outcome=1 PP=3,0 trial=1 donut-ability=0
persistent PP=8,2 status=0,0
growth level/xp/item=9/495/0,9/805/0 stats maxHP/attack,maxHP/magic=33/23,28/14 foesHP=0,0
pattern trainer=855 turn=4 foePP=32,0 foeAtkDef=6,6 CarlAtk=6 foeLevel=8
support PP=40,37 Carl-defense=6 enemy-attack=6,6
party action uses=8,40 / 2,40
PASS expect 34 4 2 4 7
frame=33076 map=34.4 pos=8,4 flags=7
party=2 HP=33/33,28/28 battle=0 battlers=4 outcome=1 PP=3,0 trial=1 donut-ability=0
persistent PP=8,2 status=0,0
growth level/xp/item=9/495/0,9/805/0 stats maxHP/attack,maxHP/magic=33/23,28/14 foesHP=0,0
pattern trainer=855 turn=4 foePP=32,0 foeAtkDef=6,6 CarlAtk=6 foeLevel=8
support PP=40,37 Carl-defense=6 enemy-attack=6,6
party action uses=8,40 / 2,40
frame=33116 map=34.4 pos=8,4 flags=7
party=2 HP=33/33,28/28 battle=0 battlers=4 outcome=1 PP=3,0 trial=1 donut-ability=0
persistent PP=8,2 status=0,0
growth level/xp/item=9/495/0,9/805/0 stats maxHP/attack,maxHP/magic=33/23,28/14 foesHP=0,0
pattern trainer=855 turn=4 foePP=32,0 foeAtkDef=6,6 CarlAtk=6 foeLevel=8
support PP=40,37 Carl-defense=6 enemy-attack=6,6
party action uses=8,40 / 2,40
frame=33136 map=34.4 pos=8,5 flags=7
party=2 HP=33/33,28/28 battle=0 battlers=4 outcome=1 PP=3,0 trial=1 donut-ability=0
persistent PP=8,2 status=0,0
growth level/xp/item=9/495/0,9/805/0 stats maxHP/attack,maxHP/magic=33/23,28/14 foesHP=0,0
pattern trainer=855 turn=4 foePP=32,0 foeAtkDef=6,6 CarlAtk=6 foeLevel=8
support PP=40,37 Carl-defense=6 enemy-attack=6,6
party action uses=8,40 / 2,40
frame=33176 map=34.4 pos=8,5 flags=7
party=2 HP=33/33,28/28 battle=0 battlers=4 outcome=1 PP=3,0 trial=1 donut-ability=0
persistent PP=8,2 status=0,0
growth level/xp/item=9/495/0,9/805/0 stats maxHP/attack,maxHP/magic=33/23,28/14 foesHP=0,0
pattern trainer=855 turn=4 foePP=32,0 foeAtkDef=6,6 CarlAtk=6 foeLevel=8
support PP=40,37 Carl-defense=6 enemy-attack=6,6
party action uses=8,40 / 2,40
frame=33176 map=34.4 pos=8,5 flags=7
party=2 HP=33/33,28/28 battle=0 battlers=4 outcome=1 PP=3,0 trial=1 donut-ability=0
persistent PP=8,2 status=0,0
growth level/xp/item=9/495/0,9/805/0 stats maxHP/attack,maxHP/magic=33/23,28/14 foesHP=0,0
pattern trainer=855 turn=4 foePP=32,0 foeAtkDef=6,6 CarlAtk=6 foeLevel=8
support PP=40,37 Carl-defense=6 enemy-attack=6,6
party action uses=8,40 / 2,40
PASS expect 34 4 8 5 7
frame=33177 map=34.4 pos=8,5 flags=7
party=2 HP=33/33,28/28 battle=0 battlers=4 outcome=1 PP=3,0 trial=1 donut-ability=0
persistent PP=8,2 status=0,0
growth level/xp/item=9/495/0,9/805/0 stats maxHP/attack,maxHP/magic=33/23,28/14 foesHP=0,0
pattern trainer=855 turn=4 foePP=32,0 foeAtkDef=6,6 CarlAtk=6 foeLevel=8
support PP=40,37 Carl-defense=6 enemy-attack=6,6
party action uses=8,40 / 2,40
frame=33577 map=34.4 pos=8,5 flags=7
party=2 HP=33/33,28/28 battle=0 battlers=4 outcome=1 PP=3,0 trial=1 donut-ability=0
persistent PP=8,2 status=0,0
growth level/xp/item=9/495/0,9/805/0 stats maxHP/attack,maxHP/magic=33/23,28/14 foesHP=0,0
pattern trainer=855 turn=4 foePP=32,0 foeAtkDef=6,6 CarlAtk=6 foeLevel=8
support PP=40,37 Carl-defense=6 enemy-attack=6,6
party action uses=8,40 / 2,40
frame=33577 map=34.4 pos=8,5 flags=7
party=2 HP=33/33,28/28 battle=0 battlers=4 outcome=1 PP=3,0 trial=1 donut-ability=0
persistent PP=8,2 status=0,0
growth level/xp/item=9/495/0,9/805/0 stats maxHP/attack,maxHP/magic=33/23,28/14 foesHP=0,0
PASS flag 47 0
pattern trainer=855 turn=4 foePP=32,0 foeAtkDef=6,6 CarlAtk=6 foeLevel=8
support PP=40,37 Carl-defense=6 enemy-attack=6,6
party action uses=8,40 / 2,40
frame=33577 map=34.4 pos=8,5 flags=7
party=2 HP=33/33,28/28 battle=0 battlers=4 outcome=1 PP=3,0 trial=1 donut-ability=0
persistent PP=8,2 status=0,0
growth level/xp/item=9/495/0,9/805/0 stats maxHP/attack,maxHP/magic=33/23,28/14 foesHP=0,0
PASS flag 48 0
pattern trainer=855 turn=4 foePP=32,0 foeAtkDef=6,6 CarlAtk=6 foeLevel=8
support PP=40,37 Carl-defense=6 enemy-attack=6,6
party action uses=8,40 / 2,40
frame=33578 map=34.4 pos=8,5 flags=7
party=2 HP=33/33,28/28 battle=0 battlers=4 outcome=1 PP=3,0 trial=1 donut-ability=0
persistent PP=8,2 status=0,0
growth level/xp/item=9/495/0,9/805/0 stats maxHP/attack,maxHP/magic=33/23,28/14 foesHP=0,0
pattern trainer=855 turn=4 foePP=32,0 foeAtkDef=6,6 CarlAtk=6 foeLevel=8
support PP=40,37 Carl-defense=6 enemy-attack=6,6
party action uses=8,40 / 2,40
frame=33698 map=34.4 pos=8,5 flags=7
party=2 HP=33/33,28/28 battle=0 battlers=4 outcome=1 PP=3,0 trial=1 donut-ability=0
persistent PP=8,2 status=0,0
growth level/xp/item=9/495/0,9/805/0 stats maxHP/attack,maxHP/magic=33/23,28/14 foesHP=0,0
pattern trainer=855 turn=4 foePP=32,0 foeAtkDef=6,6 CarlAtk=6 foeLevel=8
support PP=40,37 Carl-defense=6 enemy-attack=6,6
party action uses=8,40 / 2,40
frame=33766 map=34.4 pos=12,5 flags=7
party=2 HP=33/33,28/28 battle=0 battlers=4 outcome=1 PP=3,0 trial=1 donut-ability=0
persistent PP=8,2 status=0,0
growth level/xp/item=9/495/0,9/805/0 stats maxHP/attack,maxHP/magic=33/23,28/14 foesHP=0,0
pattern trainer=855 turn=4 foePP=32,0 foeAtkDef=6,6 CarlAtk=6 foeLevel=8
support PP=40,37 Carl-defense=6 enemy-attack=6,6
party action uses=8,40 / 2,40
frame=33806 map=34.4 pos=12,5 flags=7
party=2 HP=33/33,28/28 battle=0 battlers=4 outcome=1 PP=3,0 trial=1 donut-ability=0
persistent PP=8,2 status=0,0
growth level/xp/item=9/495/0,9/805/0 stats maxHP/attack,maxHP/magic=33/23,28/14 foesHP=0,0
pattern trainer=855 turn=4 foePP=32,0 foeAtkDef=6,6 CarlAtk=6 foeLevel=8
support PP=40,37 Carl-defense=6 enemy-attack=6,6
party action uses=8,40 / 2,40
frame=33806 map=34.4 pos=12,5 flags=7
party=2 HP=33/33,28/28 battle=0 battlers=4 outcome=1 PP=3,0 trial=1 donut-ability=0
persistent PP=8,2 status=0,0
growth level/xp/item=9/495/0,9/805/0 stats maxHP/attack,maxHP/magic=33/23,28/14 foesHP=0,0
pattern trainer=855 turn=4 foePP=32,0 foeAtkDef=6,6 CarlAtk=6 foeLevel=8
support PP=40,37 Carl-defense=6 enemy-attack=6,6
party action uses=8,40 / 2,40
PASS expect 34 4 12 5 7
frame=33807 map=34.4 pos=12,5 flags=7
party=2 HP=33/33,28/28 battle=0 battlers=4 outcome=1 PP=3,0 trial=1 donut-ability=0
persistent PP=8,2 status=0,0
growth level/xp/item=9/495/0,9/805/0 stats maxHP/attack,maxHP/magic=33/23,28/14 foesHP=0,0
pattern trainer=855 turn=4 foePP=32,0 foeAtkDef=6,6 CarlAtk=6 foeLevel=8
support PP=40,37 Carl-defense=6 enemy-attack=6,6
party action uses=8,40 / 2,40
frame=33847 map=34.4 pos=12,5 flags=7
party=2 HP=33/33,28/28 battle=0 battlers=4 outcome=1 PP=3,0 trial=1 donut-ability=0
persistent PP=8,2 status=0,0
growth level/xp/item=9/495/0,9/805/0 stats maxHP/attack,maxHP/magic=33/23,28/14 foesHP=0,0
pattern trainer=855 turn=4 foePP=32,0 foeAtkDef=6,6 CarlAtk=6 foeLevel=8
support PP=40,37 Carl-defense=6 enemy-attack=6,6
party action uses=8,40 / 2,40
frame=33848 map=34.4 pos=12,5 flags=7
party=2 HP=33/33,28/28 battle=0 battlers=4 outcome=1 PP=3,0 trial=1 donut-ability=0
persistent PP=8,2 status=0,0
growth level/xp/item=9/495/0,9/805/0 stats maxHP/attack,maxHP/magic=33/23,28/14 foesHP=0,0
pattern trainer=855 turn=4 foePP=32,0 foeAtkDef=6,6 CarlAtk=6 foeLevel=8
support PP=40,37 Carl-defense=6 enemy-attack=6,6
party action uses=8,40 / 2,40
frame=34248 map=34.4 pos=12,5 flags=7
party=2 HP=33/33,28/28 battle=0 battlers=4 outcome=1 PP=3,0 trial=1 donut-ability=0
persistent PP=8,2 status=0,0
growth level/xp/item=9/495/0,9/805/0 stats maxHP/attack,maxHP/magic=33/23,28/14 foesHP=0,0
pattern trainer=855 turn=4 foePP=32,0 foeAtkDef=6,6 CarlAtk=6 foeLevel=8
support PP=40,37 Carl-defense=6 enemy-attack=6,6
party action uses=8,40 / 2,40
frame=34248 map=34.4 pos=12,5 flags=7
party=2 HP=33/33,28/28 battle=0 battlers=4 outcome=1 PP=3,0 trial=1 donut-ability=0
persistent PP=8,2 status=0,0
growth level/xp/item=9/495/0,9/805/0 stats maxHP/attack,maxHP/magic=33/23,28/14 foesHP=0,0
PASS flag 48 0
pattern trainer=855 turn=4 foePP=32,0 foeAtkDef=6,6 CarlAtk=6 foeLevel=8
support PP=40,37 Carl-defense=6 enemy-attack=6,6
party action uses=8,40 / 2,40
frame=34249 map=34.4 pos=12,5 flags=7
party=2 HP=33/33,28/28 battle=0 battlers=4 outcome=1 PP=3,0 trial=1 donut-ability=0
persistent PP=8,2 status=0,0
growth level/xp/item=9/495/0,9/805/0 stats maxHP/attack,maxHP/magic=33/23,28/14 foesHP=0,0
pattern trainer=855 turn=4 foePP=32,0 foeAtkDef=6,6 CarlAtk=6 foeLevel=8
support PP=40,37 Carl-defense=6 enemy-attack=6,6
party action uses=8,40 / 2,40
frame=34369 map=34.4 pos=12,5 flags=7
party=2 HP=33/33,28/28 battle=0 battlers=4 outcome=1 PP=3,0 trial=1 donut-ability=0
persistent PP=8,2 status=0,0
growth level/xp/item=9/495/0,9/805/0 stats maxHP/attack,maxHP/magic=33/23,28/14 foesHP=0,0
pattern trainer=855 turn=4 foePP=32,0 foeAtkDef=6,6 CarlAtk=6 foeLevel=8
support PP=40,37 Carl-defense=6 enemy-attack=6,6
party action uses=8,40 / 2,40
frame=34533 map=34.4 pos=2,5 flags=7
party=2 HP=33/33,28/28 battle=0 battlers=4 outcome=1 PP=3,0 trial=1 donut-ability=0
persistent PP=8,2 status=0,0
growth level/xp/item=9/495/0,9/805/0 stats maxHP/attack,maxHP/magic=33/23,28/14 foesHP=0,0
pattern trainer=855 turn=4 foePP=32,0 foeAtkDef=6,6 CarlAtk=6 foeLevel=8
support PP=40,37 Carl-defense=6 enemy-attack=6,6
party action uses=8,40 / 2,40
frame=34573 map=34.4 pos=2,5 flags=7
party=2 HP=33/33,28/28 battle=0 battlers=4 outcome=1 PP=3,0 trial=1 donut-ability=0
persistent PP=8,2 status=0,0
growth level/xp/item=9/495/0,9/805/0 stats maxHP/attack,maxHP/magic=33/23,28/14 foesHP=0,0
pattern trainer=855 turn=4 foePP=32,0 foeAtkDef=6,6 CarlAtk=6 foeLevel=8
support PP=40,37 Carl-defense=6 enemy-attack=6,6
party action uses=8,40 / 2,40
frame=34593 map=34.4 pos=2,4 flags=7
party=2 HP=33/33,28/28 battle=0 battlers=4 outcome=1 PP=3,0 trial=1 donut-ability=0
persistent PP=8,2 status=0,0
growth level/xp/item=9/495/0,9/805/0 stats maxHP/attack,maxHP/magic=33/23,28/14 foesHP=0,0
pattern trainer=855 turn=4 foePP=32,0 foeAtkDef=6,6 CarlAtk=6 foeLevel=8
support PP=40,37 Carl-defense=6 enemy-attack=6,6
party action uses=8,40 / 2,40
frame=34633 map=34.3 pos=12,4 flags=7
party=2 HP=33/33,28/28 battle=0 battlers=4 outcome=1 PP=3,0 trial=1 donut-ability=0
persistent PP=8,2 status=0,0
growth level/xp/item=9/495/0,9/805/0 stats maxHP/attack,maxHP/magic=33/23,28/14 foesHP=0,0
pattern trainer=855 turn=4 foePP=32,0 foeAtkDef=6,6 CarlAtk=6 foeLevel=8
support PP=40,37 Carl-defense=6 enemy-attack=6,6
party action uses=8,40 / 2,40
frame=34813 map=34.3 pos=12,4 flags=7
party=2 HP=33/33,28/28 battle=0 battlers=4 outcome=1 PP=3,0 trial=1 donut-ability=0
persistent PP=8,2 status=0,0
growth level/xp/item=9/495/0,9/805/0 stats maxHP/attack,maxHP/magic=33/23,28/14 foesHP=0,0
pattern trainer=855 turn=4 foePP=32,0 foeAtkDef=6,6 CarlAtk=6 foeLevel=8
support PP=40,37 Carl-defense=6 enemy-attack=6,6
party action uses=8,40 / 2,40
frame=34813 map=34.3 pos=12,4 flags=7
party=2 HP=33/33,28/28 battle=0 battlers=4 outcome=1 PP=3,0 trial=1 donut-ability=0
persistent PP=8,2 status=0,0
growth level/xp/item=9/495/0,9/805/0 stats maxHP/attack,maxHP/magic=33/23,28/14 foesHP=0,0
pattern trainer=855 turn=4 foePP=32,0 foeAtkDef=6,6 CarlAtk=6 foeLevel=8
support PP=40,37 Carl-defense=6 enemy-attack=6,6
party action uses=8,40 / 2,40
PASS expect 34 3 12 4 7
frame=34929 map=34.3 pos=5,4 flags=7
party=2 HP=33/33,28/28 battle=0 battlers=4 outcome=1 PP=3,0 trial=1 donut-ability=0
persistent PP=8,2 status=0,0
growth level/xp/item=9/495/0,9/805/0 stats maxHP/attack,maxHP/magic=33/23,28/14 foesHP=0,0
pattern trainer=855 turn=4 foePP=32,0 foeAtkDef=6,6 CarlAtk=6 foeLevel=8
support PP=40,37 Carl-defense=6 enemy-attack=6,6
party action uses=8,40 / 2,40
frame=34969 map=34.3 pos=5,4 flags=7
party=2 HP=33/33,28/28 battle=0 battlers=4 outcome=1 PP=3,0 trial=1 donut-ability=0
persistent PP=8,2 status=0,0
growth level/xp/item=9/495/0,9/805/0 stats maxHP/attack,maxHP/magic=33/23,28/14 foesHP=0,0
pattern trainer=855 turn=4 foePP=32,0 foeAtkDef=6,6 CarlAtk=6 foeLevel=8
support PP=40,37 Carl-defense=6 enemy-attack=6,6
party action uses=8,40 / 2,40
frame=34989 map=34.3 pos=5,5 flags=7
party=2 HP=33/33,28/28 battle=0 battlers=4 outcome=1 PP=3,0 trial=1 donut-ability=0
persistent PP=8,2 status=0,0
growth level/xp/item=9/495/0,9/805/0 stats maxHP/attack,maxHP/magic=33/23,28/14 foesHP=0,0
pattern trainer=855 turn=4 foePP=32,0 foeAtkDef=6,6 CarlAtk=6 foeLevel=8
support PP=40,37 Carl-defense=6 enemy-attack=6,6
party action uses=8,40 / 2,40
frame=35029 map=34.3 pos=5,5 flags=7
party=2 HP=33/33,28/28 battle=0 battlers=4 outcome=1 PP=3,0 trial=1 donut-ability=0
persistent PP=8,2 status=0,0
growth level/xp/item=9/495/0,9/805/0 stats maxHP/attack,maxHP/magic=33/23,28/14 foesHP=0,0
pattern trainer=855 turn=4 foePP=32,0 foeAtkDef=6,6 CarlAtk=6 foeLevel=8
support PP=40,37 Carl-defense=6 enemy-attack=6,6
party action uses=8,40 / 2,40
frame=35029 map=34.3 pos=5,5 flags=7
party=2 HP=33/33,28/28 battle=0 battlers=4 outcome=1 PP=3,0 trial=1 donut-ability=0
persistent PP=8,2 status=0,0
growth level/xp/item=9/495/0,9/805/0 stats maxHP/attack,maxHP/magic=33/23,28/14 foesHP=0,0
pattern trainer=855 turn=4 foePP=32,0 foeAtkDef=6,6 CarlAtk=6 foeLevel=8
support PP=40,37 Carl-defense=6 enemy-attack=6,6
party action uses=8,40 / 2,40
PASS expect 34 3 5 5 7
frame=35029 map=34.3 pos=5,5 flags=7
party=2 HP=33/33,28/28 battle=0 battlers=4 outcome=1 PP=3,0 trial=1 donut-ability=0
persistent PP=8,2 status=0,0
growth level/xp/item=9/495/0,9/805/0 stats maxHP/attack,maxHP/magic=33/23,28/14 foesHP=0,0
PASS flag 2136 0
pattern trainer=855 turn=4 foePP=32,0 foeAtkDef=6,6 CarlAtk=6 foeLevel=8
support PP=40,37 Carl-defense=6 enemy-attack=6,6
party action uses=8,40 / 2,40
frame=35029 map=34.3 pos=5,5 flags=7
party=2 HP=33/33,28/28 battle=0 battlers=4 outcome=1 PP=3,0 trial=1 donut-ability=0
persistent PP=8,2 status=0,0
growth level/xp/item=9/495/0,9/805/0 stats maxHP/attack,maxHP/magic=33/23,28/14 foesHP=0,0
PASS flag 2137 0
pattern trainer=855 turn=4 foePP=32,0 foeAtkDef=6,6 CarlAtk=6 foeLevel=8
support PP=40,37 Carl-defense=6 enemy-attack=6,6
party action uses=8,40 / 2,40
frame=35029 map=34.3 pos=5,5 flags=7
party=2 HP=33/33,28/28 battle=0 battlers=4 outcome=1 PP=3,0 trial=1 donut-ability=0
persistent PP=8,2 status=0,0
growth level/xp/item=9/495/0,9/805/0 stats maxHP/attack,maxHP/magic=33/23,28/14 foesHP=0,0
pattern trainer=855 turn=4 foePP=32,0 foeAtkDef=6,6 CarlAtk=6 foeLevel=8
support PP=40,37 Carl-defense=6 enemy-attack=6,6
party action uses=8,40 / 2,40
PASS expect 34 3 5 5 7
frame=35029 map=34.3 pos=5,5 flags=7
party=2 HP=33/33,28/28 battle=0 battlers=4 outcome=1 PP=3,0 trial=1 donut-ability=0
persistent PP=8,2 status=0,0
growth level/xp/item=9/495/0,9/805/0 stats maxHP/attack,maxHP/magic=33/23,28/14 foesHP=0,0
pattern trainer=855 turn=4 foePP=32,0 foeAtkDef=6,6 CarlAtk=6 foeLevel=8
support PP=40,37 Carl-defense=6 enemy-attack=6,6
party action uses=8,40 / 2,40
PASS duo healthy
frame=35030 map=34.3 pos=5,5 flags=7
party=2 HP=33/33,28/28 battle=0 battlers=4 outcome=1 PP=3,0 trial=1 donut-ability=0
persistent PP=8,2 status=0,0
growth level/xp/item=9/495/0,9/805/0 stats maxHP/attack,maxHP/magic=33/23,28/14 foesHP=0,0
pattern trainer=856 turn=4 foePP=32,0 foeAtkDef=6,6 CarlAtk=6 foeLevel=8
support PP=40,37 Carl-defense=6 enemy-attack=6,6
party action uses=8,40 / 2,40
frame=35430 map=34.3 pos=5,5 flags=7
party=2 HP=33/33,28/28 battle=0 battlers=4 outcome=1 PP=3,0 trial=1 donut-ability=0
persistent PP=8,2 status=0,0
growth level/xp/item=9/495/0,9/805/0 stats maxHP/attack,maxHP/magic=33/23,28/14 foesHP=0,0
pattern trainer=856 turn=4 foePP=32,0 foeAtkDef=6,6 CarlAtk=6 foeLevel=8
support PP=40,37 Carl-defense=6 enemy-attack=6,6
party action uses=8,40 / 2,40
frame=35431 map=34.3 pos=5,5 flags=7
party=2 HP=33/33,28/28 battle=0 battlers=4 outcome=1 PP=3,0 trial=1 donut-ability=0
persistent PP=8,2 status=0,0
growth level/xp/item=9/495/0,9/805/0 stats maxHP/attack,maxHP/magic=33/23,28/14 foesHP=0,0
pattern trainer=856 turn=4 foePP=32,0 foeAtkDef=6,6 CarlAtk=6 foeLevel=8
support PP=40,37 Carl-defense=6 enemy-attack=6,6
party action uses=8,40 / 2,40
frame=35831 map=34.3 pos=5,5 flags=7
party=2 HP=33/33,28/28 battle=0 battlers=4 outcome=1 PP=3,0 trial=1 donut-ability=0
persistent PP=8,2 status=0,0
growth level/xp/item=9/495/0,9/805/0 stats maxHP/attack,maxHP/magic=33/23,28/14 foesHP=0,0
pattern trainer=856 turn=4 foePP=32,0 foeAtkDef=6,6 CarlAtk=6 foeLevel=8
support PP=40,37 Carl-defense=6 enemy-attack=6,6
party action uses=8,40 / 2,40
frame=35832 map=34.3 pos=5,5 flags=7
party=2 HP=33/33,28/28 battle=0 battlers=4 outcome=1 PP=3,0 trial=1 donut-ability=0
persistent PP=8,2 status=0,0
growth level/xp/item=9/495/0,9/805/0 stats maxHP/attack,maxHP/magic=33/23,28/14 foesHP=0,0
pattern trainer=856 turn=4 foePP=32,0 foeAtkDef=6,6 CarlAtk=6 foeLevel=8
support PP=40,37 Carl-defense=6 enemy-attack=6,6
party action uses=8,40 / 2,40
frame=36732 map=34.3 pos=5,5 flags=7
party=2 HP=33/33,28/28 battle=1 battlers=4 outcome=0 PP=8,2 trial=1 donut-ability=0
persistent PP=8,2 status=0,0
growth level/xp/item=9/495/0,9/805/0 stats maxHP/attack,maxHP/magic=33/23,28/14 foesHP=29,24
pattern trainer=856 turn=0 foePP=35,40 foeAtkDef=6,6 CarlAtk=6 foeLevel=9
support PP=40,40 Carl-defense=6 enemy-attack=6,6
party action uses=8,40 / 2,40
frame=36733 map=34.3 pos=5,5 flags=7
party=2 HP=33/33,28/28 battle=1 battlers=4 outcome=0 PP=8,2 trial=1 donut-ability=0
persistent PP=8,2 status=0,0
growth level/xp/item=9/495/0,9/805/0 stats maxHP/attack,maxHP/magic=33/23,28/14 foesHP=29,24
pattern trainer=856 turn=0 foePP=35,40 foeAtkDef=6,6 CarlAtk=6 foeLevel=9
support PP=40,40 Carl-defense=6 enemy-attack=6,6
party action uses=8,40 / 2,40
frame=37333 map=34.3 pos=5,5 flags=7
party=2 HP=33/33,28/28 battle=1 battlers=4 outcome=0 PP=8,2 trial=1 donut-ability=0
persistent PP=8,2 status=0,0
growth level/xp/item=9/495/0,9/805/0 stats maxHP/attack,maxHP/magic=33/23,28/14 foesHP=29,24
pattern trainer=856 turn=0 foePP=35,40 foeAtkDef=6,6 CarlAtk=6 foeLevel=9
support PP=40,40 Carl-defense=6 enemy-attack=6,6
party action uses=8,40 / 2,40
frame=37334 map=34.3 pos=5,5 flags=7
party=2 HP=33/33,28/28 battle=1 battlers=4 outcome=0 PP=8,2 trial=1 donut-ability=0
persistent PP=8,2 status=0,0
growth level/xp/item=9/495/0,9/805/0 stats maxHP/attack,maxHP/magic=33/23,28/14 foesHP=29,24
pattern trainer=856 turn=0 foePP=35,40 foeAtkDef=6,6 CarlAtk=6 foeLevel=9
support PP=40,40 Carl-defense=6 enemy-attack=6,6
party action uses=8,40 / 2,40
frame=37934 map=34.3 pos=5,5 flags=7
party=2 HP=33/33,28/28 battle=1 battlers=4 outcome=0 PP=8,2 trial=1 donut-ability=0
persistent PP=8,2 status=0,0
growth level/xp/item=9/495/0,9/805/0 stats maxHP/attack,maxHP/magic=33/23,28/14 foesHP=29,24
pattern trainer=856 turn=0 foePP=35,40 foeAtkDef=6,6 CarlAtk=6 foeLevel=9
support PP=40,40 Carl-defense=6 enemy-attack=6,6
party action uses=8,40 / 2,40
pilot frame=37934 turn=0 actor=0 menu=2 selection=1 key=16
pilot turn=0 HP=33,28 foeHP=29,24 foeAtk=6 foeDef=6 CarlAtk=6
pilot frame=37946 turn=0 actor=0 menu=2 selection=1 key=1
pilot frame=37958 turn=0 actor=2 menu=1 selection=0 key=1
pilot frame=37970 turn=0 actor=2 menu=2 selection=1 key=16
pilot frame=37982 turn=0 actor=2 menu=2 selection=1 key=1
pilot turn=1 HP=30,28 foeHP=29,24 foeAtk=5 foeDef=7 CarlAtk=6
pilot frame=39698 turn=1 actor=0 menu=1 selection=0 key=1
pilot frame=39710 turn=1 actor=0 menu=2 selection=1 key=1
pilot frame=39722 turn=1 actor=2 menu=1 selection=0 key=1
pilot frame=39734 turn=1 actor=2 menu=2 selection=1 key=1
pilot turn=2 HP=27,25 foeHP=29,24 foeAtk=4 foeDef=7 CarlAtk=6
pilot frame=41198 turn=2 actor=0 menu=1 selection=0 key=1
pilot frame=41210 turn=2 actor=0 menu=2 selection=0 key=32
pilot frame=41222 turn=2 actor=0 menu=2 selection=0 key=1
pilot frame=41234 turn=2 actor=0 menu=3 selection=1 key=1
pilot frame=41246 turn=2 actor=2 menu=1 selection=0 key=1
pilot frame=41258 turn=2 actor=2 menu=2 selection=1 key=1
pilot turn=3 HP=27,22 foeHP=24,24 foeAtk=3 foeDef=7 CarlAtk=6
pilot frame=42602 turn=3 actor=0 menu=1 selection=0 key=1
pilot frame=42614 turn=3 actor=0 menu=2 selection=0 key=1
pilot frame=42626 turn=3 actor=0 menu=3 selection=1 key=1
pilot frame=42638 turn=3 actor=2 menu=1 selection=0 key=1
pilot frame=42650 turn=3 actor=2 menu=2 selection=0 key=32
pilot frame=42662 turn=3 actor=2 menu=2 selection=0 key=1
pilot turn=4 HP=21,22 foeHP=16,21 foeAtk=3 foeDef=7 CarlAtk=6
pilot frame=43550 turn=4 actor=0 menu=1 selection=0 key=1
pilot frame=43562 turn=4 actor=0 menu=2 selection=0 key=1
pilot frame=43574 turn=4 actor=0 menu=3 selection=1 key=1
pilot frame=43586 turn=4 actor=2 menu=1 selection=0 key=1
pilot frame=43598 turn=4 actor=2 menu=2 selection=0 key=1
pilot turn=5 HP=17,19 foeHP=8,17 foeAtk=3 foeDef=7 CarlAtk=6
pilot frame=44486 turn=5 actor=0 menu=1 selection=0 key=1
pilot frame=44498 turn=5 actor=0 menu=2 selection=0 key=1
pilot frame=44510 turn=5 actor=0 menu=3 selection=1 key=1
pilot frame=44522 turn=5 actor=2 menu=1 selection=0 key=1
pilot frame=44534 turn=5 actor=2 menu=2 selection=1 key=16
pilot frame=44546 turn=5 actor=2 menu=2 selection=1 key=1
pilot turn=6 HP=14,16 foeHP=3,17 foeAtk=2 foeDef=7 CarlAtk=6
pilot frame=45794 turn=6 actor=0 menu=1 selection=0 key=1
pilot frame=45806 turn=6 actor=0 menu=2 selection=0 key=1
pilot frame=45818 turn=6 actor=0 menu=3 selection=1 key=1
pilot frame=45830 turn=6 actor=2 menu=1 selection=0 key=1
pilot frame=45842 turn=6 actor=2 menu=2 selection=1 key=1
pilot turn=7 HP=14,13 foeHP=0,17 foeAtk=6 foeDef=6 CarlAtk=6
pilot frame=47690 turn=7 actor=0 menu=1 selection=0 key=1
pilot frame=47702 turn=7 actor=0 menu=2 selection=0 key=1
pilot frame=47714 turn=7 actor=0 menu=3 selection=3 key=1
pilot frame=47726 turn=7 actor=2 menu=1 selection=0 key=1
pilot frame=47738 turn=7 actor=2 menu=2 selection=1 key=1
pilot turn=8 HP=14,10 foeHP=0,6 foeAtk=6 foeDef=6 CarlAtk=6
pilot frame=48554 turn=8 actor=0 menu=1 selection=0 key=1
pilot frame=48566 turn=8 actor=0 menu=2 selection=0 key=1
pilot frame=48578 turn=8 actor=0 menu=3 selection=3 key=1
pilot frame=48590 turn=8 actor=2 menu=1 selection=0 key=1
pilot frame=48602 turn=8 actor=2 menu=2 selection=1 key=1
pilot completed policy=defensive frames=12208 outcome=1 incapacitation=0
frame=50382 map=34.3 pos=5,5 flags=7
party=2 HP=14/36,10/28 battle=0 battlers=4 outcome=1 PP=1,0 trial=1 donut-ability=0
persistent PP=1,0 status=0,0
growth level/xp/item=10/627/0,9/937/0 stats maxHP/attack,maxHP/magic=36/25,28/14 foesHP=0,0
pattern trainer=856 turn=8 foePP=29,39 foeAtkDef=6,6 CarlAtk=6 foeLevel=9
support PP=38,33 Carl-defense=8 enemy-attack=6,6
party action uses=1,38 / 0,33
frame=50383 map=34.3 pos=5,5 flags=7
party=2 HP=14/36,10/28 battle=0 battlers=4 outcome=1 PP=1,0 trial=1 donut-ability=0
persistent PP=1,0 status=0,0
growth level/xp/item=10/627/0,9/937/0 stats maxHP/attack,maxHP/magic=36/25,28/14 foesHP=0,0
pattern trainer=856 turn=8 foePP=29,39 foeAtkDef=6,6 CarlAtk=6 foeLevel=9
support PP=38,33 Carl-defense=8 enemy-attack=6,6
party action uses=1,38 / 0,33
frame=50783 map=34.3 pos=5,5 flags=7
party=2 HP=14/36,10/28 battle=0 battlers=4 outcome=1 PP=1,0 trial=1 donut-ability=0
persistent PP=1,0 status=0,0
growth level/xp/item=10/627/0,9/937/0 stats maxHP/attack,maxHP/magic=36/25,28/14 foesHP=0,0
pattern trainer=856 turn=8 foePP=29,39 foeAtkDef=6,6 CarlAtk=6 foeLevel=9
support PP=38,33 Carl-defense=8 enemy-attack=6,6
party action uses=1,38 / 0,33
frame=50784 map=34.3 pos=5,5 flags=7
party=2 HP=14/36,10/28 battle=0 battlers=4 outcome=1 PP=1,0 trial=1 donut-ability=0
persistent PP=1,0 status=0,0
growth level/xp/item=10/627/0,9/937/0 stats maxHP/attack,maxHP/magic=36/25,28/14 foesHP=0,0
pattern trainer=856 turn=8 foePP=29,39 foeAtkDef=6,6 CarlAtk=6 foeLevel=9
support PP=38,33 Carl-defense=8 enemy-attack=6,6
party action uses=1,38 / 0,33
frame=51184 map=34.3 pos=5,5 flags=7
party=2 HP=14/36,10/28 battle=0 battlers=4 outcome=1 PP=1,0 trial=1 donut-ability=0
persistent PP=1,0 status=0,0
growth level/xp/item=10/627/0,9/937/0 stats maxHP/attack,maxHP/magic=36/25,28/14 foesHP=0,0
pattern trainer=856 turn=8 foePP=29,39 foeAtkDef=6,6 CarlAtk=6 foeLevel=9
support PP=38,33 Carl-defense=8 enemy-attack=6,6
party action uses=1,38 / 0,33
frame=51185 map=34.3 pos=5,5 flags=7
party=2 HP=14/36,10/28 battle=0 battlers=4 outcome=1 PP=1,0 trial=1 donut-ability=0
persistent PP=1,0 status=0,0
growth level/xp/item=10/627/0,9/937/0 stats maxHP/attack,maxHP/magic=36/25,28/14 foesHP=0,0
pattern trainer=856 turn=8 foePP=29,39 foeAtkDef=6,6 CarlAtk=6 foeLevel=9
support PP=38,33 Carl-defense=8 enemy-attack=6,6
party action uses=1,38 / 0,33
frame=51585 map=34.3 pos=5,5 flags=7
party=2 HP=14/36,10/28 battle=0 battlers=4 outcome=1 PP=1,0 trial=1 donut-ability=0
persistent PP=1,0 status=0,0
growth level/xp/item=10/627/0,9/937/0 stats maxHP/attack,maxHP/magic=36/25,28/14 foesHP=0,0
pattern trainer=856 turn=8 foePP=29,39 foeAtkDef=6,6 CarlAtk=6 foeLevel=9
support PP=38,33 Carl-defense=8 enemy-attack=6,6
party action uses=1,38 / 0,33
frame=51585 map=34.3 pos=5,5 flags=7
party=2 HP=14/36,10/28 battle=0 battlers=4 outcome=1 PP=1,0 trial=1 donut-ability=0
persistent PP=1,0 status=0,0
growth level/xp/item=10/627/0,9/937/0 stats maxHP/attack,maxHP/magic=36/25,28/14 foesHP=0,0
PASS flag 2136 1
pattern trainer=856 turn=8 foePP=29,39 foeAtkDef=6,6 CarlAtk=6 foeLevel=9
support PP=38,33 Carl-defense=8 enemy-attack=6,6
party action uses=1,38 / 0,33
frame=51585 map=34.3 pos=5,5 flags=7
party=2 HP=14/36,10/28 battle=0 battlers=4 outcome=1 PP=1,0 trial=1 donut-ability=0
persistent PP=1,0 status=0,0
growth level/xp/item=10/627/0,9/937/0 stats maxHP/attack,maxHP/magic=36/25,28/14 foesHP=0,0
PASS flag 2137 0
pattern trainer=856 turn=8 foePP=29,39 foeAtkDef=6,6 CarlAtk=6 foeLevel=9
support PP=38,33 Carl-defense=8 enemy-attack=6,6
party action uses=1,38 / 0,33
frame=51586 map=34.3 pos=5,5 flags=7
party=2 HP=14/36,10/28 battle=0 battlers=4 outcome=1 PP=1,0 trial=1 donut-ability=0
persistent PP=1,0 status=0,0
growth level/xp/item=10/627/0,9/937/0 stats maxHP/attack,maxHP/magic=36/25,28/14 foesHP=0,0
pattern trainer=856 turn=8 foePP=29,39 foeAtkDef=6,6 CarlAtk=6 foeLevel=9
support PP=38,33 Carl-defense=8 enemy-attack=6,6
party action uses=1,38 / 0,33
frame=51986 map=34.3 pos=5,5 flags=7
party=2 HP=14/36,10/28 battle=0 battlers=4 outcome=1 PP=1,0 trial=1 donut-ability=0
persistent PP=1,0 status=0,0
growth level/xp/item=10/627/0,9/937/0 stats maxHP/attack,maxHP/magic=36/25,28/14 foesHP=0,0
pattern trainer=856 turn=8 foePP=29,39 foeAtkDef=6,6 CarlAtk=6 foeLevel=9
support PP=38,33 Carl-defense=8 enemy-attack=6,6
party action uses=1,38 / 0,33
frame=51986 map=34.3 pos=5,5 flags=7
party=2 HP=14/36,10/28 battle=0 battlers=4 outcome=1 PP=1,0 trial=1 donut-ability=0
persistent PP=1,0 status=0,0
growth level/xp/item=10/627/0,9/937/0 stats maxHP/attack,maxHP/magic=36/25,28/14 foesHP=0,0
PASS flag 2136 1
pattern trainer=856 turn=8 foePP=29,39 foeAtkDef=6,6 CarlAtk=6 foeLevel=9
support PP=38,33 Carl-defense=8 enemy-attack=6,6
party action uses=1,38 / 0,33
frame=51987 map=34.3 pos=5,5 flags=7
party=2 HP=14/36,10/28 battle=0 battlers=4 outcome=1 PP=1,0 trial=1 donut-ability=0
persistent PP=1,0 status=0,0
growth level/xp/item=10/627/0,9/937/0 stats maxHP/attack,maxHP/magic=36/25,28/14 foesHP=0,0
pattern trainer=856 turn=8 foePP=29,39 foeAtkDef=6,6 CarlAtk=6 foeLevel=9
support PP=38,33 Carl-defense=8 enemy-attack=6,6
party action uses=1,38 / 0,33
frame=52107 map=34.3 pos=5,5 flags=7
party=2 HP=14/36,10/28 battle=0 battlers=4 outcome=1 PP=1,0 trial=1 donut-ability=0
persistent PP=1,0 status=0,0
growth level/xp/item=10/627/0,9/937/0 stats maxHP/attack,maxHP/magic=36/25,28/14 foesHP=0,0
pattern trainer=856 turn=8 foePP=29,39 foeAtkDef=6,6 CarlAtk=6 foeLevel=9
support PP=38,33 Carl-defense=8 enemy-attack=6,6
party action uses=1,38 / 0,33
frame=52107 map=34.3 pos=5,5 flags=7
party=2 HP=14/36,10/28 battle=0 battlers=4 outcome=1 PP=1,0 trial=1 donut-ability=0
persistent PP=1,0 status=0,0
growth level/xp/item=10/627/0,9/937/0 stats maxHP/attack,maxHP/magic=36/25,28/14 foesHP=0,0
pattern trainer=856 turn=8 foePP=29,39 foeAtkDef=6,6 CarlAtk=6 foeLevel=9
support PP=38,33 Carl-defense=8 enemy-attack=6,6
party action uses=1,38 / 0,33
PASS expect 34 3 5 5 7
frame=52107 map=34.3 pos=5,5 flags=7
party=2 HP=14/36,10/28 battle=0 battlers=4 outcome=1 PP=1,0 trial=1 donut-ability=0
persistent PP=1,0 status=0,0
growth level/xp/item=10/627/0,9/937/0 stats maxHP/attack,maxHP/magic=36/25,28/14 foesHP=0,0
PASS flag 2136 1
pattern trainer=856 turn=8 foePP=29,39 foeAtkDef=6,6 CarlAtk=6 foeLevel=9
support PP=38,33 Carl-defense=8 enemy-attack=6,6
party action uses=1,38 / 0,33
frame=52107 map=34.3 pos=5,5 flags=7
party=2 HP=14/36,10/28 battle=0 battlers=4 outcome=1 PP=1,0 trial=1 donut-ability=0
persistent PP=1,0 status=0,0
growth level/xp/item=10/627/0,9/937/0 stats maxHP/attack,maxHP/magic=36/25,28/14 foesHP=0,0
PASS flag 2137 0
pattern trainer=856 turn=8 foePP=29,39 foeAtkDef=6,6 CarlAtk=6 foeLevel=9
support PP=38,33 Carl-defense=8 enemy-attack=6,6
party action uses=1,38 / 0,33
frame=52127 map=34.3 pos=5,4 flags=7
party=2 HP=14/36,10/28 battle=0 battlers=4 outcome=1 PP=1,0 trial=1 donut-ability=0
persistent PP=1,0 status=0,0
growth level/xp/item=10/627/0,9/937/0 stats maxHP/attack,maxHP/magic=36/25,28/14 foesHP=0,0
pattern trainer=856 turn=8 foePP=29,39 foeAtkDef=6,6 CarlAtk=6 foeLevel=9
support PP=38,33 Carl-defense=8 enemy-attack=6,6
party action uses=1,38 / 0,33
frame=52167 map=34.3 pos=5,4 flags=7
party=2 HP=14/36,10/28 battle=0 battlers=4 outcome=1 PP=1,0 trial=1 donut-ability=0
persistent PP=1,0 status=0,0
growth level/xp/item=10/627/0,9/937/0 stats maxHP/attack,maxHP/magic=36/25,28/14 foesHP=0,0
pattern trainer=856 turn=8 foePP=29,39 foeAtkDef=6,6 CarlAtk=6 foeLevel=9
support PP=38,33 Carl-defense=8 enemy-attack=6,6
party action uses=1,38 / 0,33
frame=52219 map=34.3 pos=2,4 flags=7
party=2 HP=14/36,10/28 battle=0 battlers=4 outcome=1 PP=1,0 trial=1 donut-ability=0
persistent PP=1,0 status=0,0
growth level/xp/item=10/627/0,9/937/0 stats maxHP/attack,maxHP/magic=36/25,28/14 foesHP=0,0
pattern trainer=856 turn=8 foePP=29,39 foeAtkDef=6,6 CarlAtk=6 foeLevel=9
support PP=38,33 Carl-defense=8 enemy-attack=6,6
party action uses=1,38 / 0,33
frame=52259 map=34.2 pos=2,9 flags=7
party=2 HP=14/36,10/28 battle=0 battlers=4 outcome=1 PP=1,0 trial=1 donut-ability=0
persistent PP=1,0 status=0,0
growth level/xp/item=10/627/0,9/937/0 stats maxHP/attack,maxHP/magic=36/25,28/14 foesHP=0,0
pattern trainer=856 turn=8 foePP=29,39 foeAtkDef=6,6 CarlAtk=6 foeLevel=9
support PP=38,33 Carl-defense=8 enemy-attack=6,6
party action uses=1,38 / 0,33
frame=52439 map=34.2 pos=2,9 flags=7
party=2 HP=14/36,10/28 battle=0 battlers=4 outcome=1 PP=1,0 trial=1 donut-ability=0
persistent PP=1,0 status=0,0
growth level/xp/item=10/627/0,9/937/0 stats maxHP/attack,maxHP/magic=36/25,28/14 foesHP=0,0
pattern trainer=856 turn=8 foePP=29,39 foeAtkDef=6,6 CarlAtk=6 foeLevel=9
support PP=38,33 Carl-defense=8 enemy-attack=6,6
party action uses=1,38 / 0,33
frame=52439 map=34.2 pos=2,9 flags=7
party=2 HP=14/36,10/28 battle=0 battlers=4 outcome=1 PP=1,0 trial=1 donut-ability=0
persistent PP=1,0 status=0,0
growth level/xp/item=10/627/0,9/937/0 stats maxHP/attack,maxHP/magic=36/25,28/14 foesHP=0,0
pattern trainer=856 turn=8 foePP=29,39 foeAtkDef=6,6 CarlAtk=6 foeLevel=9
support PP=38,33 Carl-defense=8 enemy-attack=6,6
party action uses=1,38 / 0,33
PASS expect 34 2 2 9 7
frame=52523 map=34.2 pos=2,4 flags=7
party=2 HP=14/36,10/28 battle=0 battlers=4 outcome=1 PP=1,0 trial=1 donut-ability=0
persistent PP=1,0 status=0,0
growth level/xp/item=10/627/0,9/937/0 stats maxHP/attack,maxHP/magic=36/25,28/14 foesHP=0,0
pattern trainer=856 turn=8 foePP=29,39 foeAtkDef=6,6 CarlAtk=6 foeLevel=9
support PP=38,33 Carl-defense=8 enemy-attack=6,6
party action uses=1,38 / 0,33
frame=52563 map=34.1 pos=2,4 flags=7
party=2 HP=14/36,10/28 battle=0 battlers=4 outcome=1 PP=1,0 trial=1 donut-ability=0
persistent PP=1,0 status=0,0
growth level/xp/item=10/627/0,9/937/0 stats maxHP/attack,maxHP/magic=36/25,28/14 foesHP=0,0
pattern trainer=856 turn=8 foePP=29,39 foeAtkDef=6,6 CarlAtk=6 foeLevel=9
support PP=38,33 Carl-defense=8 enemy-attack=6,6
party action uses=1,38 / 0,33
frame=52743 map=34.1 pos=2,4 flags=7
party=2 HP=14/36,10/28 battle=0 battlers=4 outcome=1 PP=1,0 trial=1 donut-ability=0
persistent PP=1,0 status=0,0
growth level/xp/item=10/627/0,9/937/0 stats maxHP/attack,maxHP/magic=36/25,28/14 foesHP=0,0
pattern trainer=856 turn=8 foePP=29,39 foeAtkDef=6,6 CarlAtk=6 foeLevel=9
support PP=38,33 Carl-defense=8 enemy-attack=6,6
party action uses=1,38 / 0,33
frame=52743 map=34.1 pos=2,4 flags=7
party=2 HP=14/36,10/28 battle=0 battlers=4 outcome=1 PP=1,0 trial=1 donut-ability=0
persistent PP=1,0 status=0,0
growth level/xp/item=10/627/0,9/937/0 stats maxHP/attack,maxHP/magic=36/25,28/14 foesHP=0,0
pattern trainer=856 turn=8 foePP=29,39 foeAtkDef=6,6 CarlAtk=6 foeLevel=9
support PP=38,33 Carl-defense=8 enemy-attack=6,6
party action uses=1,38 / 0,33
PASS expect 34 1 2 4 7
frame=52763 map=34.1 pos=3,4 flags=7
party=2 HP=14/36,10/28 battle=0 battlers=4 outcome=1 PP=1,0 trial=1 donut-ability=0
persistent PP=1,0 status=0,0
growth level/xp/item=10/627/0,9/937/0 stats maxHP/attack,maxHP/magic=36/25,28/14 foesHP=0,0
pattern trainer=856 turn=8 foePP=29,39 foeAtkDef=6,6 CarlAtk=6 foeLevel=9
support PP=38,33 Carl-defense=8 enemy-attack=6,6
party action uses=1,38 / 0,33
frame=52803 map=34.1 pos=3,4 flags=7
party=2 HP=14/36,10/28 battle=0 battlers=4 outcome=1 PP=1,0 trial=1 donut-ability=0
persistent PP=1,0 status=0,0
growth level/xp/item=10/627/0,9/937/0 stats maxHP/attack,maxHP/magic=36/25,28/14 foesHP=0,0
pattern trainer=856 turn=8 foePP=29,39 foeAtkDef=6,6 CarlAtk=6 foeLevel=9
support PP=38,33 Carl-defense=8 enemy-attack=6,6
party action uses=1,38 / 0,33
frame=52855 map=34.1 pos=3,7 flags=7
party=2 HP=14/36,10/28 battle=0 battlers=4 outcome=1 PP=1,0 trial=1 donut-ability=0
persistent PP=1,0 status=0,0
growth level/xp/item=10/627/0,9/937/0 stats maxHP/attack,maxHP/magic=36/25,28/14 foesHP=0,0
pattern trainer=856 turn=8 foePP=29,39 foeAtkDef=6,6 CarlAtk=6 foeLevel=9
support PP=38,33 Carl-defense=8 enemy-attack=6,6
party action uses=1,38 / 0,33
frame=52895 map=34.1 pos=3,7 flags=7
party=2 HP=14/36,10/28 battle=0 battlers=4 outcome=1 PP=1,0 trial=1 donut-ability=0
persistent PP=1,0 status=0,0
growth level/xp/item=10/627/0,9/937/0 stats maxHP/attack,maxHP/magic=36/25,28/14 foesHP=0,0
pattern trainer=856 turn=8 foePP=29,39 foeAtkDef=6,6 CarlAtk=6 foeLevel=9
support PP=38,33 Carl-defense=8 enemy-attack=6,6
party action uses=1,38 / 0,33
frame=52915 map=34.1 pos=4,7 flags=7
party=2 HP=14/36,10/28 battle=0 battlers=4 outcome=1 PP=1,0 trial=1 donut-ability=0
persistent PP=1,0 status=0,0
growth level/xp/item=10/627/0,9/937/0 stats maxHP/attack,maxHP/magic=36/25,28/14 foesHP=0,0
pattern trainer=856 turn=8 foePP=29,39 foeAtkDef=6,6 CarlAtk=6 foeLevel=9
support PP=38,33 Carl-defense=8 enemy-attack=6,6
party action uses=1,38 / 0,33
frame=52955 map=34.1 pos=4,7 flags=7
party=2 HP=14/36,10/28 battle=0 battlers=4 outcome=1 PP=1,0 trial=1 donut-ability=0
persistent PP=1,0 status=0,0
growth level/xp/item=10/627/0,9/937/0 stats maxHP/attack,maxHP/magic=36/25,28/14 foesHP=0,0
pattern trainer=856 turn=8 foePP=29,39 foeAtkDef=6,6 CarlAtk=6 foeLevel=9
support PP=38,33 Carl-defense=8 enemy-attack=6,6
party action uses=1,38 / 0,33
frame=52956 map=34.1 pos=4,7 flags=7
party=2 HP=14/36,10/28 battle=0 battlers=4 outcome=1 PP=1,0 trial=1 donut-ability=0
persistent PP=1,0 status=0,0
growth level/xp/item=10/627/0,9/937/0 stats maxHP/attack,maxHP/magic=36/25,28/14 foesHP=0,0
pattern trainer=856 turn=8 foePP=29,39 foeAtkDef=6,6 CarlAtk=6 foeLevel=9
support PP=38,33 Carl-defense=8 enemy-attack=6,6
party action uses=1,38 / 0,33
frame=52996 map=34.1 pos=4,7 flags=7
party=2 HP=14/36,10/28 battle=0 battlers=4 outcome=1 PP=1,0 trial=1 donut-ability=0
persistent PP=1,0 status=0,0
growth level/xp/item=10/627/0,9/937/0 stats maxHP/attack,maxHP/magic=36/25,28/14 foesHP=0,0
pattern trainer=856 turn=8 foePP=29,39 foeAtkDef=6,6 CarlAtk=6 foeLevel=9
support PP=38,33 Carl-defense=8 enemy-attack=6,6
party action uses=1,38 / 0,33
frame=52997 map=34.1 pos=4,7 flags=7
party=2 HP=14/36,10/28 battle=0 battlers=4 outcome=1 PP=1,0 trial=1 donut-ability=0
persistent PP=1,0 status=0,0
growth level/xp/item=10/627/0,9/937/0 stats maxHP/attack,maxHP/magic=36/25,28/14 foesHP=0,0
pattern trainer=856 turn=8 foePP=29,39 foeAtkDef=6,6 CarlAtk=6 foeLevel=9
support PP=38,33 Carl-defense=8 enemy-attack=6,6
party action uses=1,38 / 0,33
frame=53397 map=34.1 pos=4,7 flags=7
party=2 HP=36/36,28/28 battle=0 battlers=4 outcome=1 PP=1,0 trial=1 donut-ability=0
persistent PP=8,2 status=0,0
growth level/xp/item=10/627/0,9/937/0 stats maxHP/attack,maxHP/magic=36/25,28/14 foesHP=0,0
pattern trainer=856 turn=8 foePP=29,39 foeAtkDef=6,6 CarlAtk=6 foeLevel=9
support PP=38,33 Carl-defense=8 enemy-attack=6,6
party action uses=8,40 / 2,40
frame=53398 map=34.1 pos=4,7 flags=7
party=2 HP=36/36,28/28 battle=0 battlers=4 outcome=1 PP=1,0 trial=1 donut-ability=0
persistent PP=8,2 status=0,0
growth level/xp/item=10/627/0,9/937/0 stats maxHP/attack,maxHP/magic=36/25,28/14 foesHP=0,0
pattern trainer=856 turn=8 foePP=29,39 foeAtkDef=6,6 CarlAtk=6 foeLevel=9
support PP=38,33 Carl-defense=8 enemy-attack=6,6
party action uses=8,40 / 2,40
frame=53798 map=34.1 pos=4,7 flags=7
party=2 HP=36/36,28/28 battle=0 battlers=4 outcome=1 PP=1,0 trial=1 donut-ability=0
persistent PP=8,2 status=0,0
growth level/xp/item=10/627/0,9/937/0 stats maxHP/attack,maxHP/magic=36/25,28/14 foesHP=0,0
pattern trainer=856 turn=8 foePP=29,39 foeAtkDef=6,6 CarlAtk=6 foeLevel=9
support PP=38,33 Carl-defense=8 enemy-attack=6,6
party action uses=8,40 / 2,40
frame=53799 map=34.1 pos=4,7 flags=7
party=2 HP=36/36,28/28 battle=0 battlers=4 outcome=1 PP=1,0 trial=1 donut-ability=0
persistent PP=8,2 status=0,0
growth level/xp/item=10/627/0,9/937/0 stats maxHP/attack,maxHP/magic=36/25,28/14 foesHP=0,0
pattern trainer=856 turn=8 foePP=29,39 foeAtkDef=6,6 CarlAtk=6 foeLevel=9
support PP=38,33 Carl-defense=8 enemy-attack=6,6
party action uses=8,40 / 2,40
frame=54199 map=34.1 pos=4,7 flags=7
party=2 HP=36/36,28/28 battle=0 battlers=4 outcome=1 PP=1,0 trial=1 donut-ability=0
persistent PP=8,2 status=0,0
growth level/xp/item=10/627/0,9/937/0 stats maxHP/attack,maxHP/magic=36/25,28/14 foesHP=0,0
pattern trainer=856 turn=8 foePP=29,39 foeAtkDef=6,6 CarlAtk=6 foeLevel=9
support PP=38,33 Carl-defense=8 enemy-attack=6,6
party action uses=8,40 / 2,40
frame=54200 map=34.1 pos=4,7 flags=7
party=2 HP=36/36,28/28 battle=0 battlers=4 outcome=1 PP=1,0 trial=1 donut-ability=0
persistent PP=8,2 status=0,0
growth level/xp/item=10/627/0,9/937/0 stats maxHP/attack,maxHP/magic=36/25,28/14 foesHP=0,0
pattern trainer=856 turn=8 foePP=29,39 foeAtkDef=6,6 CarlAtk=6 foeLevel=9
support PP=38,33 Carl-defense=8 enemy-attack=6,6
party action uses=8,40 / 2,40
frame=54320 map=34.1 pos=4,7 flags=7
party=2 HP=36/36,28/28 battle=0 battlers=4 outcome=1 PP=1,0 trial=1 donut-ability=0
persistent PP=8,2 status=0,0
growth level/xp/item=10/627/0,9/937/0 stats maxHP/attack,maxHP/magic=36/25,28/14 foesHP=0,0
pattern trainer=856 turn=8 foePP=29,39 foeAtkDef=6,6 CarlAtk=6 foeLevel=9
support PP=38,33 Carl-defense=8 enemy-attack=6,6
party action uses=8,40 / 2,40
frame=54340 map=34.1 pos=3,7 flags=7
party=2 HP=36/36,28/28 battle=0 battlers=4 outcome=1 PP=1,0 trial=1 donut-ability=0
persistent PP=8,2 status=0,0
growth level/xp/item=10/627/0,9/937/0 stats maxHP/attack,maxHP/magic=36/25,28/14 foesHP=0,0
pattern trainer=856 turn=8 foePP=29,39 foeAtkDef=6,6 CarlAtk=6 foeLevel=9
support PP=38,33 Carl-defense=8 enemy-attack=6,6
party action uses=8,40 / 2,40
frame=54380 map=34.1 pos=3,7 flags=7
party=2 HP=36/36,28/28 battle=0 battlers=4 outcome=1 PP=1,0 trial=1 donut-ability=0
persistent PP=8,2 status=0,0
growth level/xp/item=10/627/0,9/937/0 stats maxHP/attack,maxHP/magic=36/25,28/14 foesHP=0,0
pattern trainer=856 turn=8 foePP=29,39 foeAtkDef=6,6 CarlAtk=6 foeLevel=9
support PP=38,33 Carl-defense=8 enemy-attack=6,6
party action uses=8,40 / 2,40
frame=54432 map=34.1 pos=3,4 flags=7
party=2 HP=36/36,28/28 battle=0 battlers=4 outcome=1 PP=1,0 trial=1 donut-ability=0
persistent PP=8,2 status=0,0
growth level/xp/item=10/627/0,9/937/0 stats maxHP/attack,maxHP/magic=36/25,28/14 foesHP=0,0
pattern trainer=856 turn=8 foePP=29,39 foeAtkDef=6,6 CarlAtk=6 foeLevel=9
support PP=38,33 Carl-defense=8 enemy-attack=6,6
party action uses=8,40 / 2,40
frame=54472 map=34.1 pos=3,4 flags=7
party=2 HP=36/36,28/28 battle=0 battlers=4 outcome=1 PP=1,0 trial=1 donut-ability=0
persistent PP=8,2 status=0,0
growth level/xp/item=10/627/0,9/937/0 stats maxHP/attack,maxHP/magic=36/25,28/14 foesHP=0,0
pattern trainer=856 turn=8 foePP=29,39 foeAtkDef=6,6 CarlAtk=6 foeLevel=9
support PP=38,33 Carl-defense=8 enemy-attack=6,6
party action uses=8,40 / 2,40
frame=54492 map=34.1 pos=2,4 flags=7
party=2 HP=36/36,28/28 battle=0 battlers=4 outcome=1 PP=1,0 trial=1 donut-ability=0
persistent PP=8,2 status=0,0
growth level/xp/item=10/627/0,9/937/0 stats maxHP/attack,maxHP/magic=36/25,28/14 foesHP=0,0
pattern trainer=856 turn=8 foePP=29,39 foeAtkDef=6,6 CarlAtk=6 foeLevel=9
support PP=38,33 Carl-defense=8 enemy-attack=6,6
party action uses=8,40 / 2,40
frame=54532 map=34.2 pos=2,4 flags=7
party=2 HP=36/36,28/28 battle=0 battlers=4 outcome=1 PP=1,0 trial=1 donut-ability=0
persistent PP=8,2 status=0,0
growth level/xp/item=10/627/0,9/937/0 stats maxHP/attack,maxHP/magic=36/25,28/14 foesHP=0,0
pattern trainer=856 turn=8 foePP=29,39 foeAtkDef=6,6 CarlAtk=6 foeLevel=9
support PP=38,33 Carl-defense=8 enemy-attack=6,6
party action uses=8,40 / 2,40
frame=54712 map=34.2 pos=2,4 flags=7
party=2 HP=36/36,28/28 battle=0 battlers=4 outcome=1 PP=1,0 trial=1 donut-ability=0
persistent PP=8,2 status=0,0
growth level/xp/item=10/627/0,9/937/0 stats maxHP/attack,maxHP/magic=36/25,28/14 foesHP=0,0
pattern trainer=856 turn=8 foePP=29,39 foeAtkDef=6,6 CarlAtk=6 foeLevel=9
support PP=38,33 Carl-defense=8 enemy-attack=6,6
party action uses=8,40 / 2,40
frame=54796 map=34.2 pos=2,9 flags=7
party=2 HP=36/36,28/28 battle=0 battlers=4 outcome=1 PP=1,0 trial=1 donut-ability=0
persistent PP=8,2 status=0,0
growth level/xp/item=10/627/0,9/937/0 stats maxHP/attack,maxHP/magic=36/25,28/14 foesHP=0,0
pattern trainer=856 turn=8 foePP=29,39 foeAtkDef=6,6 CarlAtk=6 foeLevel=9
support PP=38,33 Carl-defense=8 enemy-attack=6,6
party action uses=8,40 / 2,40
frame=54836 map=34.3 pos=2,4 flags=7
party=2 HP=36/36,28/28 battle=0 battlers=4 outcome=1 PP=1,0 trial=1 donut-ability=0
persistent PP=8,2 status=0,0
growth level/xp/item=10/627/0,9/937/0 stats maxHP/attack,maxHP/magic=36/25,28/14 foesHP=0,0
pattern trainer=856 turn=8 foePP=29,39 foeAtkDef=6,6 CarlAtk=6 foeLevel=9
support PP=38,33 Carl-defense=8 enemy-attack=6,6
party action uses=8,40 / 2,40
frame=55016 map=34.3 pos=2,4 flags=7
party=2 HP=36/36,28/28 battle=0 battlers=4 outcome=1 PP=1,0 trial=1 donut-ability=0
persistent PP=8,2 status=0,0
growth level/xp/item=10/627/0,9/937/0 stats maxHP/attack,maxHP/magic=36/25,28/14 foesHP=0,0
pattern trainer=856 turn=8 foePP=29,39 foeAtkDef=6,6 CarlAtk=6 foeLevel=9
support PP=38,33 Carl-defense=8 enemy-attack=6,6
party action uses=8,40 / 2,40
frame=55016 map=34.3 pos=2,4 flags=7
party=2 HP=36/36,28/28 battle=0 battlers=4 outcome=1 PP=1,0 trial=1 donut-ability=0
persistent PP=8,2 status=0,0
growth level/xp/item=10/627/0,9/937/0 stats maxHP/attack,maxHP/magic=36/25,28/14 foesHP=0,0
pattern trainer=856 turn=8 foePP=29,39 foeAtkDef=6,6 CarlAtk=6 foeLevel=9
support PP=38,33 Carl-defense=8 enemy-attack=6,6
party action uses=8,40 / 2,40
PASS expect 34 3 2 4 7
frame=55148 map=34.3 pos=10,4 flags=7
party=2 HP=36/36,28/28 battle=0 battlers=4 outcome=1 PP=1,0 trial=1 donut-ability=0
persistent PP=8,2 status=0,0
growth level/xp/item=10/627/0,9/937/0 stats maxHP/attack,maxHP/magic=36/25,28/14 foesHP=0,0
pattern trainer=856 turn=8 foePP=29,39 foeAtkDef=6,6 CarlAtk=6 foeLevel=9
support PP=38,33 Carl-defense=8 enemy-attack=6,6
party action uses=8,40 / 2,40
frame=55188 map=34.3 pos=10,4 flags=7
party=2 HP=36/36,28/28 battle=0 battlers=4 outcome=1 PP=1,0 trial=1 donut-ability=0
persistent PP=8,2 status=0,0
growth level/xp/item=10/627/0,9/937/0 stats maxHP/attack,maxHP/magic=36/25,28/14 foesHP=0,0
pattern trainer=856 turn=8 foePP=29,39 foeAtkDef=6,6 CarlAtk=6 foeLevel=9
support PP=38,33 Carl-defense=8 enemy-attack=6,6
party action uses=8,40 / 2,40
frame=55208 map=34.3 pos=10,5 flags=7
party=2 HP=36/36,28/28 battle=0 battlers=4 outcome=1 PP=1,0 trial=1 donut-ability=0
persistent PP=8,2 status=0,0
growth level/xp/item=10/627/0,9/937/0 stats maxHP/attack,maxHP/magic=36/25,28/14 foesHP=0,0
pattern trainer=856 turn=8 foePP=29,39 foeAtkDef=6,6 CarlAtk=6 foeLevel=9
support PP=38,33 Carl-defense=8 enemy-attack=6,6
party action uses=8,40 / 2,40
frame=55248 map=34.3 pos=10,5 flags=7
party=2 HP=36/36,28/28 battle=0 battlers=4 outcome=1 PP=1,0 trial=1 donut-ability=0
persistent PP=8,2 status=0,0
growth level/xp/item=10/627/0,9/937/0 stats maxHP/attack,maxHP/magic=36/25,28/14 foesHP=0,0
pattern trainer=856 turn=8 foePP=29,39 foeAtkDef=6,6 CarlAtk=6 foeLevel=9
support PP=38,33 Carl-defense=8 enemy-attack=6,6
party action uses=8,40 / 2,40
frame=55248 map=34.3 pos=10,5 flags=7
party=2 HP=36/36,28/28 battle=0 battlers=4 outcome=1 PP=1,0 trial=1 donut-ability=0
persistent PP=8,2 status=0,0
growth level/xp/item=10/627/0,9/937/0 stats maxHP/attack,maxHP/magic=36/25,28/14 foesHP=0,0
pattern trainer=856 turn=8 foePP=29,39 foeAtkDef=6,6 CarlAtk=6 foeLevel=9
support PP=38,33 Carl-defense=8 enemy-attack=6,6
party action uses=8,40 / 2,40
PASS expect 34 3 10 5 7
frame=55248 map=34.3 pos=10,5 flags=7
party=2 HP=36/36,28/28 battle=0 battlers=4 outcome=1 PP=1,0 trial=1 donut-ability=0
persistent PP=8,2 status=0,0
growth level/xp/item=10/627/0,9/937/0 stats maxHP/attack,maxHP/magic=36/25,28/14 foesHP=0,0
pattern trainer=856 turn=8 foePP=29,39 foeAtkDef=6,6 CarlAtk=6 foeLevel=9
support PP=38,33 Carl-defense=8 enemy-attack=6,6
party action uses=8,40 / 2,40
PASS expect 34 3 10 5 7
frame=55248 map=34.3 pos=10,5 flags=7
party=2 HP=36/36,28/28 battle=0 battlers=4 outcome=1 PP=1,0 trial=1 donut-ability=0
persistent PP=8,2 status=0,0
growth level/xp/item=10/627/0,9/937/0 stats maxHP/attack,maxHP/magic=36/25,28/14 foesHP=0,0
pattern trainer=856 turn=8 foePP=29,39 foeAtkDef=6,6 CarlAtk=6 foeLevel=9
support PP=38,33 Carl-defense=8 enemy-attack=6,6
party action uses=8,40 / 2,40
PASS duo healthy
frame=55249 map=34.3 pos=10,5 flags=7
party=2 HP=36/36,28/28 battle=0 battlers=4 outcome=1 PP=1,0 trial=1 donut-ability=0
persistent PP=8,2 status=0,0
growth level/xp/item=10/627/0,9/937/0 stats maxHP/attack,maxHP/magic=36/25,28/14 foesHP=0,0
pattern trainer=857 turn=8 foePP=29,39 foeAtkDef=6,6 CarlAtk=6 foeLevel=9
support PP=38,33 Carl-defense=8 enemy-attack=6,6
party action uses=8,40 / 2,40
frame=55649 map=34.3 pos=10,5 flags=7
party=2 HP=36/36,28/28 battle=0 battlers=4 outcome=1 PP=1,0 trial=1 donut-ability=0
persistent PP=8,2 status=0,0
growth level/xp/item=10/627/0,9/937/0 stats maxHP/attack,maxHP/magic=36/25,28/14 foesHP=0,0
pattern trainer=857 turn=8 foePP=29,39 foeAtkDef=6,6 CarlAtk=6 foeLevel=9
support PP=38,33 Carl-defense=8 enemy-attack=6,6
party action uses=8,40 / 2,40
frame=55650 map=34.3 pos=10,5 flags=7
party=2 HP=36/36,28/28 battle=0 battlers=4 outcome=1 PP=1,0 trial=1 donut-ability=0
persistent PP=8,2 status=0,0
growth level/xp/item=10/627/0,9/937/0 stats maxHP/attack,maxHP/magic=36/25,28/14 foesHP=0,0
pattern trainer=857 turn=8 foePP=29,39 foeAtkDef=6,6 CarlAtk=6 foeLevel=9
support PP=38,33 Carl-defense=8 enemy-attack=6,6
party action uses=8,40 / 2,40
frame=56050 map=34.3 pos=10,5 flags=7
party=2 HP=36/36,28/28 battle=0 battlers=4 outcome=1 PP=1,0 trial=1 donut-ability=0
persistent PP=8,2 status=0,0
growth level/xp/item=10/627/0,9/937/0 stats maxHP/attack,maxHP/magic=36/25,28/14 foesHP=0,0
pattern trainer=857 turn=8 foePP=29,39 foeAtkDef=6,6 CarlAtk=6 foeLevel=9
support PP=38,33 Carl-defense=8 enemy-attack=6,6
party action uses=8,40 / 2,40
frame=56051 map=34.3 pos=10,5 flags=7
party=2 HP=36/36,28/28 battle=0 battlers=4 outcome=1 PP=1,0 trial=1 donut-ability=0
persistent PP=8,2 status=0,0
growth level/xp/item=10/627/0,9/937/0 stats maxHP/attack,maxHP/magic=36/25,28/14 foesHP=0,0
pattern trainer=857 turn=8 foePP=29,39 foeAtkDef=6,6 CarlAtk=6 foeLevel=9
support PP=38,33 Carl-defense=8 enemy-attack=6,6
party action uses=8,40 / 2,40
frame=56951 map=34.3 pos=10,5 flags=7
party=2 HP=36/36,28/28 battle=1 battlers=4 outcome=0 PP=8,2 trial=1 donut-ability=0
persistent PP=8,2 status=0,0
growth level/xp/item=10/627/0,9/937/0 stats maxHP/attack,maxHP/magic=36/25,28/14 foesHP=30,25
pattern trainer=857 turn=0 foePP=35,40 foeAtkDef=6,6 CarlAtk=6 foeLevel=9
support PP=40,40 Carl-defense=6 enemy-attack=6,6
party action uses=8,40 / 2,40
frame=56952 map=34.3 pos=10,5 flags=7
party=2 HP=36/36,28/28 battle=1 battlers=4 outcome=0 PP=8,2 trial=1 donut-ability=0
persistent PP=8,2 status=0,0
growth level/xp/item=10/627/0,9/937/0 stats maxHP/attack,maxHP/magic=36/25,28/14 foesHP=30,25
pattern trainer=857 turn=0 foePP=35,40 foeAtkDef=6,6 CarlAtk=6 foeLevel=9
support PP=40,40 Carl-defense=6 enemy-attack=6,6
party action uses=8,40 / 2,40
frame=57552 map=34.3 pos=10,5 flags=7
party=2 HP=36/36,28/28 battle=1 battlers=4 outcome=0 PP=8,2 trial=1 donut-ability=0
persistent PP=8,2 status=0,0
growth level/xp/item=10/627/0,9/937/0 stats maxHP/attack,maxHP/magic=36/25,28/14 foesHP=30,25
pattern trainer=857 turn=0 foePP=35,40 foeAtkDef=6,6 CarlAtk=6 foeLevel=9
support PP=40,40 Carl-defense=6 enemy-attack=6,6
party action uses=8,40 / 2,40
frame=57553 map=34.3 pos=10,5 flags=7
party=2 HP=36/36,28/28 battle=1 battlers=4 outcome=0 PP=8,2 trial=1 donut-ability=0
persistent PP=8,2 status=0,0
growth level/xp/item=10/627/0,9/937/0 stats maxHP/attack,maxHP/magic=36/25,28/14 foesHP=30,25
pattern trainer=857 turn=0 foePP=35,40 foeAtkDef=6,6 CarlAtk=6 foeLevel=9
support PP=40,40 Carl-defense=6 enemy-attack=6,6
party action uses=8,40 / 2,40
frame=58153 map=34.3 pos=10,5 flags=7
party=2 HP=36/36,28/28 battle=1 battlers=4 outcome=0 PP=8,2 trial=1 donut-ability=0
persistent PP=8,2 status=0,0
growth level/xp/item=10/627/0,9/937/0 stats maxHP/attack,maxHP/magic=36/25,28/14 foesHP=30,25
pattern trainer=857 turn=0 foePP=35,40 foeAtkDef=6,6 CarlAtk=6 foeLevel=9
support PP=40,40 Carl-defense=6 enemy-attack=6,6
party action uses=8,40 / 2,40
pilot frame=58153 turn=0 actor=0 menu=1 selection=0 key=1
pilot turn=0 HP=36,28 foeHP=30,25 foeAtk=6 foeDef=6 CarlAtk=6
pilot frame=58165 turn=0 actor=0 menu=2 selection=0 key=1
pilot frame=58177 turn=0 actor=0 menu=3 selection=1 key=1
pilot frame=58189 turn=0 actor=2 menu=1 selection=0 key=1
pilot frame=58201 turn=0 actor=2 menu=2 selection=0 key=1
pilot turn=1 HP=36,23 foeHP=13,22 foeAtk=6 foeDef=6 CarlAtk=5
pilot frame=59533 turn=1 actor=0 menu=1 selection=0 key=1
pilot frame=59545 turn=1 actor=0 menu=2 selection=0 key=1
pilot frame=59557 turn=1 actor=0 menu=3 selection=1 key=1
pilot frame=59569 turn=1 actor=2 menu=1 selection=0 key=1
pilot frame=59581 turn=1 actor=2 menu=2 selection=0 key=1
pilot turn=2 HP=36,20 foeHP=0,19 foeAtk=6 foeDef=6 CarlAtk=5
pilot frame=61033 turn=2 actor=0 menu=1 selection=0 key=1
pilot frame=61045 turn=2 actor=0 menu=2 selection=0 key=1
pilot frame=61057 turn=2 actor=0 menu=3 selection=3 key=1
pilot frame=61069 turn=2 actor=2 menu=1 selection=0 key=1
pilot frame=61081 turn=2 actor=2 menu=2 selection=1 key=16
pilot frame=61093 turn=2 actor=2 menu=2 selection=1 key=1
pilot turn=3 HP=33,20 foeHP=0,13 foeAtk=6 foeDef=6 CarlAtk=5
pilot frame=61897 turn=3 actor=0 menu=1 selection=0 key=1
pilot frame=61909 turn=3 actor=0 menu=2 selection=0 key=1
pilot frame=61921 turn=3 actor=0 menu=3 selection=3 key=1
pilot frame=61933 turn=3 actor=2 menu=1 selection=0 key=1
pilot frame=61945 turn=3 actor=2 menu=2 selection=1 key=1
pilot turn=4 HP=33,17 foeHP=0,6 foeAtk=6 foeDef=6 CarlAtk=5
pilot frame=62749 turn=4 actor=0 menu=1 selection=0 key=1
pilot frame=62761 turn=4 actor=0 menu=2 selection=0 key=1
pilot frame=62773 turn=4 actor=0 menu=3 selection=3 key=1
pilot frame=62785 turn=4 actor=2 menu=1 selection=0 key=1
pilot frame=62797 turn=4 actor=2 menu=2 selection=1 key=1
pilot completed policy=offensive frames=6736 outcome=1 incapacitation=0
frame=65129 map=34.3 pos=10,5 flags=7
party=2 HP=35/38,17/30 battle=0 battlers=4 outcome=1 PP=3,0 trial=1 donut-ability=0
persistent PP=3,0 status=0,0
growth level/xp/item=11/748/0,10/1058/0 stats maxHP/attack,maxHP/magic=38/26,30/15 foesHP=0,0
pattern trainer=857 turn=4 foePP=35,39 foeAtkDef=6,6 CarlAtk=5 foeLevel=9
support PP=40,37 Carl-defense=6 enemy-attack=6,6
party action uses=3,40 / 0,37
frame=65130 map=34.3 pos=10,5 flags=7
party=2 HP=35/38,17/30 battle=0 battlers=4 outcome=1 PP=3,0 trial=1 donut-ability=0
persistent PP=3,0 status=0,0
growth level/xp/item=11/748/0,10/1058/0 stats maxHP/attack,maxHP/magic=38/26,30/15 foesHP=0,0
pattern trainer=857 turn=4 foePP=35,39 foeAtkDef=6,6 CarlAtk=5 foeLevel=9
support PP=40,37 Carl-defense=6 enemy-attack=6,6
party action uses=3,40 / 0,37
frame=65530 map=34.3 pos=10,5 flags=7
party=2 HP=35/38,17/30 battle=0 battlers=4 outcome=1 PP=3,0 trial=1 donut-ability=0
persistent PP=3,0 status=0,0
growth level/xp/item=11/748/0,10/1058/0 stats maxHP/attack,maxHP/magic=38/26,30/15 foesHP=0,0
pattern trainer=857 turn=4 foePP=35,39 foeAtkDef=6,6 CarlAtk=5 foeLevel=9
support PP=40,37 Carl-defense=6 enemy-attack=6,6
party action uses=3,40 / 0,37
frame=65531 map=34.3 pos=10,5 flags=7
party=2 HP=35/38,17/30 battle=0 battlers=4 outcome=1 PP=3,0 trial=1 donut-ability=0
persistent PP=3,0 status=0,0
growth level/xp/item=11/748/0,10/1058/0 stats maxHP/attack,maxHP/magic=38/26,30/15 foesHP=0,0
pattern trainer=857 turn=4 foePP=35,39 foeAtkDef=6,6 CarlAtk=5 foeLevel=9
support PP=40,37 Carl-defense=6 enemy-attack=6,6
party action uses=3,40 / 0,37
frame=65931 map=34.3 pos=10,5 flags=7
party=2 HP=35/38,17/30 battle=0 battlers=4 outcome=1 PP=3,0 trial=1 donut-ability=0
persistent PP=3,0 status=0,0
growth level/xp/item=11/748/0,10/1058/0 stats maxHP/attack,maxHP/magic=38/26,30/15 foesHP=0,0
pattern trainer=857 turn=4 foePP=35,39 foeAtkDef=6,6 CarlAtk=5 foeLevel=9
support PP=40,37 Carl-defense=6 enemy-attack=6,6
party action uses=3,40 / 0,37
frame=65932 map=34.3 pos=10,5 flags=7
party=2 HP=35/38,17/30 battle=0 battlers=4 outcome=1 PP=3,0 trial=1 donut-ability=0
persistent PP=3,0 status=0,0
growth level/xp/item=11/748/0,10/1058/0 stats maxHP/attack,maxHP/magic=38/26,30/15 foesHP=0,0
pattern trainer=857 turn=4 foePP=35,39 foeAtkDef=6,6 CarlAtk=5 foeLevel=9
support PP=40,37 Carl-defense=6 enemy-attack=6,6
party action uses=3,40 / 0,37
frame=66332 map=34.3 pos=10,5 flags=7
party=2 HP=35/38,17/30 battle=0 battlers=4 outcome=1 PP=3,0 trial=1 donut-ability=0
persistent PP=3,0 status=0,0
growth level/xp/item=11/748/0,10/1058/0 stats maxHP/attack,maxHP/magic=38/26,30/15 foesHP=0,0
pattern trainer=857 turn=4 foePP=35,39 foeAtkDef=6,6 CarlAtk=5 foeLevel=9
support PP=40,37 Carl-defense=6 enemy-attack=6,6
party action uses=3,40 / 0,37
frame=66333 map=34.3 pos=10,5 flags=7
party=2 HP=35/38,17/30 battle=0 battlers=4 outcome=1 PP=3,0 trial=1 donut-ability=0
persistent PP=3,0 status=0,0
growth level/xp/item=11/748/0,10/1058/0 stats maxHP/attack,maxHP/magic=38/26,30/15 foesHP=0,0
pattern trainer=857 turn=4 foePP=35,39 foeAtkDef=6,6 CarlAtk=5 foeLevel=9
support PP=40,37 Carl-defense=6 enemy-attack=6,6
party action uses=3,40 / 0,37
frame=66453 map=34.3 pos=10,5 flags=7
party=2 HP=35/38,17/30 battle=0 battlers=4 outcome=1 PP=3,0 trial=1 donut-ability=0
persistent PP=3,0 status=0,0
growth level/xp/item=11/748/0,10/1058/0 stats maxHP/attack,maxHP/magic=38/26,30/15 foesHP=0,0
pattern trainer=857 turn=4 foePP=35,39 foeAtkDef=6,6 CarlAtk=5 foeLevel=9
support PP=40,37 Carl-defense=6 enemy-attack=6,6
party action uses=3,40 / 0,37
frame=66453 map=34.3 pos=10,5 flags=7
party=2 HP=35/38,17/30 battle=0 battlers=4 outcome=1 PP=3,0 trial=1 donut-ability=0
persistent PP=3,0 status=0,0
growth level/xp/item=11/748/0,10/1058/0 stats maxHP/attack,maxHP/magic=38/26,30/15 foesHP=0,0
PASS flag 2136 1
pattern trainer=857 turn=4 foePP=35,39 foeAtkDef=6,6 CarlAtk=5 foeLevel=9
support PP=40,37 Carl-defense=6 enemy-attack=6,6
party action uses=3,40 / 0,37
frame=66453 map=34.3 pos=10,5 flags=7
party=2 HP=35/38,17/30 battle=0 battlers=4 outcome=1 PP=3,0 trial=1 donut-ability=0
persistent PP=3,0 status=0,0
growth level/xp/item=11/748/0,10/1058/0 stats maxHP/attack,maxHP/magic=38/26,30/15 foesHP=0,0
PASS flag 2137 1
pattern trainer=857 turn=4 foePP=35,39 foeAtkDef=6,6 CarlAtk=5 foeLevel=9
support PP=40,37 Carl-defense=6 enemy-attack=6,6
party action uses=3,40 / 0,37
frame=66453 map=34.3 pos=10,5 flags=7
party=2 HP=35/38,17/30 battle=0 battlers=4 outcome=1 PP=3,0 trial=1 donut-ability=0
persistent PP=3,0 status=0,0
growth level/xp/item=11/748/0,10/1058/0 stats maxHP/attack,maxHP/magic=38/26,30/15 foesHP=0,0
PASS flag 47 0
pattern trainer=857 turn=4 foePP=35,39 foeAtkDef=6,6 CarlAtk=5 foeLevel=9
support PP=40,37 Carl-defense=6 enemy-attack=6,6
party action uses=3,40 / 0,37
frame=66454 map=34.3 pos=10,5 flags=7
party=2 HP=35/38,17/30 battle=0 battlers=4 outcome=1 PP=3,0 trial=1 donut-ability=0
persistent PP=3,0 status=0,0
growth level/xp/item=11/748/0,10/1058/0 stats maxHP/attack,maxHP/magic=38/26,30/15 foesHP=0,0
pattern trainer=857 turn=4 foePP=35,39 foeAtkDef=6,6 CarlAtk=5 foeLevel=9
support PP=40,37 Carl-defense=6 enemy-attack=6,6
party action uses=3,40 / 0,37
frame=66854 map=34.3 pos=10,5 flags=7
party=2 HP=35/38,17/30 battle=0 battlers=4 outcome=1 PP=3,0 trial=1 donut-ability=0
persistent PP=3,0 status=0,0
growth level/xp/item=11/748/0,10/1058/0 stats maxHP/attack,maxHP/magic=38/26,30/15 foesHP=0,0
pattern trainer=857 turn=4 foePP=35,39 foeAtkDef=6,6 CarlAtk=5 foeLevel=9
support PP=40,37 Carl-defense=6 enemy-attack=6,6
party action uses=3,40 / 0,37
frame=66855 map=34.3 pos=10,5 flags=7
party=2 HP=35/38,17/30 battle=0 battlers=4 outcome=1 PP=3,0 trial=1 donut-ability=0
persistent PP=3,0 status=0,0
growth level/xp/item=11/748/0,10/1058/0 stats maxHP/attack,maxHP/magic=38/26,30/15 foesHP=0,0
pattern trainer=857 turn=4 foePP=35,39 foeAtkDef=6,6 CarlAtk=5 foeLevel=9
support PP=40,37 Carl-defense=6 enemy-attack=6,6
party action uses=3,40 / 0,37
frame=66975 map=34.3 pos=10,5 flags=7
party=2 HP=35/38,17/30 battle=0 battlers=4 outcome=1 PP=3,0 trial=1 donut-ability=0
persistent PP=3,0 status=0,0
growth level/xp/item=11/748/0,10/1058/0 stats maxHP/attack,maxHP/magic=38/26,30/15 foesHP=0,0
pattern trainer=857 turn=4 foePP=35,39 foeAtkDef=6,6 CarlAtk=5 foeLevel=9
support PP=40,37 Carl-defense=6 enemy-attack=6,6
party action uses=3,40 / 0,37
frame=66975 map=34.3 pos=10,5 flags=7
party=2 HP=35/38,17/30 battle=0 battlers=4 outcome=1 PP=3,0 trial=1 donut-ability=0
persistent PP=3,0 status=0,0
growth level/xp/item=11/748/0,10/1058/0 stats maxHP/attack,maxHP/magic=38/26,30/15 foesHP=0,0
pattern trainer=857 turn=4 foePP=35,39 foeAtkDef=6,6 CarlAtk=5 foeLevel=9
support PP=40,37 Carl-defense=6 enemy-attack=6,6
party action uses=3,40 / 0,37
PASS expect 34 3 10 5 7
frame=66975 map=34.3 pos=10,5 flags=7
party=2 HP=35/38,17/30 battle=0 battlers=4 outcome=1 PP=3,0 trial=1 donut-ability=0
persistent PP=3,0 status=0,0
growth level/xp/item=11/748/0,10/1058/0 stats maxHP/attack,maxHP/magic=38/26,30/15 foesHP=0,0
PASS flag 2136 1
pattern trainer=857 turn=4 foePP=35,39 foeAtkDef=6,6 CarlAtk=5 foeLevel=9
support PP=40,37 Carl-defense=6 enemy-attack=6,6
party action uses=3,40 / 0,37
frame=66975 map=34.3 pos=10,5 flags=7
party=2 HP=35/38,17/30 battle=0 battlers=4 outcome=1 PP=3,0 trial=1 donut-ability=0
persistent PP=3,0 status=0,0
growth level/xp/item=11/748/0,10/1058/0 stats maxHP/attack,maxHP/magic=38/26,30/15 foesHP=0,0
PASS flag 2137 1
pattern trainer=857 turn=4 foePP=35,39 foeAtkDef=6,6 CarlAtk=5 foeLevel=9
support PP=40,37 Carl-defense=6 enemy-attack=6,6
party action uses=3,40 / 0,37
frame=66995 map=34.3 pos=10,4 flags=7
party=2 HP=35/38,17/30 battle=0 battlers=4 outcome=1 PP=3,0 trial=1 donut-ability=0
persistent PP=3,0 status=0,0
growth level/xp/item=11/748/0,10/1058/0 stats maxHP/attack,maxHP/magic=38/26,30/15 foesHP=0,0
pattern trainer=857 turn=4 foePP=35,39 foeAtkDef=6,6 CarlAtk=5 foeLevel=9
support PP=40,37 Carl-defense=6 enemy-attack=6,6
party action uses=3,40 / 0,37
frame=67035 map=34.3 pos=10,4 flags=7
party=2 HP=35/38,17/30 battle=0 battlers=4 outcome=1 PP=3,0 trial=1 donut-ability=0
persistent PP=3,0 status=0,0
growth level/xp/item=11/748/0,10/1058/0 stats maxHP/attack,maxHP/magic=38/26,30/15 foesHP=0,0
pattern trainer=857 turn=4 foePP=35,39 foeAtkDef=6,6 CarlAtk=5 foeLevel=9
support PP=40,37 Carl-defense=6 enemy-attack=6,6
party action uses=3,40 / 0,37
frame=67167 map=34.3 pos=2,4 flags=7
party=2 HP=35/38,17/30 battle=0 battlers=4 outcome=1 PP=3,0 trial=1 donut-ability=0
persistent PP=3,0 status=0,0
growth level/xp/item=11/748/0,10/1058/0 stats maxHP/attack,maxHP/magic=38/26,30/15 foesHP=0,0
pattern trainer=857 turn=4 foePP=35,39 foeAtkDef=6,6 CarlAtk=5 foeLevel=9
support PP=40,37 Carl-defense=6 enemy-attack=6,6
party action uses=3,40 / 0,37
frame=67207 map=34.2 pos=2,9 flags=7
party=2 HP=35/38,17/30 battle=0 battlers=4 outcome=1 PP=3,0 trial=1 donut-ability=0
persistent PP=3,0 status=0,0
growth level/xp/item=11/748/0,10/1058/0 stats maxHP/attack,maxHP/magic=38/26,30/15 foesHP=0,0
pattern trainer=857 turn=4 foePP=35,39 foeAtkDef=6,6 CarlAtk=5 foeLevel=9
support PP=40,37 Carl-defense=6 enemy-attack=6,6
party action uses=3,40 / 0,37
frame=67387 map=34.2 pos=2,9 flags=7
party=2 HP=35/38,17/30 battle=0 battlers=4 outcome=1 PP=3,0 trial=1 donut-ability=0
persistent PP=3,0 status=0,0
growth level/xp/item=11/748/0,10/1058/0 stats maxHP/attack,maxHP/magic=38/26,30/15 foesHP=0,0
pattern trainer=857 turn=4 foePP=35,39 foeAtkDef=6,6 CarlAtk=5 foeLevel=9
support PP=40,37 Carl-defense=6 enemy-attack=6,6
party action uses=3,40 / 0,37
frame=67387 map=34.2 pos=2,9 flags=7
party=2 HP=35/38,17/30 battle=0 battlers=4 outcome=1 PP=3,0 trial=1 donut-ability=0
persistent PP=3,0 status=0,0
growth level/xp/item=11/748/0,10/1058/0 stats maxHP/attack,maxHP/magic=38/26,30/15 foesHP=0,0
pattern trainer=857 turn=4 foePP=35,39 foeAtkDef=6,6 CarlAtk=5 foeLevel=9
support PP=40,37 Carl-defense=6 enemy-attack=6,6
party action uses=3,40 / 0,37
PASS expect 34 2 2 9 7
frame=67471 map=34.2 pos=2,4 flags=7
party=2 HP=35/38,17/30 battle=0 battlers=4 outcome=1 PP=3,0 trial=1 donut-ability=0
persistent PP=3,0 status=0,0
growth level/xp/item=11/748/0,10/1058/0 stats maxHP/attack,maxHP/magic=38/26,30/15 foesHP=0,0
pattern trainer=857 turn=4 foePP=35,39 foeAtkDef=6,6 CarlAtk=5 foeLevel=9
support PP=40,37 Carl-defense=6 enemy-attack=6,6
party action uses=3,40 / 0,37
frame=67511 map=34.1 pos=2,4 flags=7
party=2 HP=35/38,17/30 battle=0 battlers=4 outcome=1 PP=3,0 trial=1 donut-ability=0
persistent PP=3,0 status=0,0
growth level/xp/item=11/748/0,10/1058/0 stats maxHP/attack,maxHP/magic=38/26,30/15 foesHP=0,0
pattern trainer=857 turn=4 foePP=35,39 foeAtkDef=6,6 CarlAtk=5 foeLevel=9
support PP=40,37 Carl-defense=6 enemy-attack=6,6
party action uses=3,40 / 0,37
frame=67691 map=34.1 pos=2,4 flags=7
party=2 HP=35/38,17/30 battle=0 battlers=4 outcome=1 PP=3,0 trial=1 donut-ability=0
persistent PP=3,0 status=0,0
growth level/xp/item=11/748/0,10/1058/0 stats maxHP/attack,maxHP/magic=38/26,30/15 foesHP=0,0
pattern trainer=857 turn=4 foePP=35,39 foeAtkDef=6,6 CarlAtk=5 foeLevel=9
support PP=40,37 Carl-defense=6 enemy-attack=6,6
party action uses=3,40 / 0,37
frame=67691 map=34.1 pos=2,4 flags=7
party=2 HP=35/38,17/30 battle=0 battlers=4 outcome=1 PP=3,0 trial=1 donut-ability=0
persistent PP=3,0 status=0,0
growth level/xp/item=11/748/0,10/1058/0 stats maxHP/attack,maxHP/magic=38/26,30/15 foesHP=0,0
pattern trainer=857 turn=4 foePP=35,39 foeAtkDef=6,6 CarlAtk=5 foeLevel=9
support PP=40,37 Carl-defense=6 enemy-attack=6,6
party action uses=3,40 / 0,37
PASS expect 34 1 2 4 7
frame=67711 map=34.1 pos=3,4 flags=7
party=2 HP=35/38,17/30 battle=0 battlers=4 outcome=1 PP=3,0 trial=1 donut-ability=0
persistent PP=3,0 status=0,0
growth level/xp/item=11/748/0,10/1058/0 stats maxHP/attack,maxHP/magic=38/26,30/15 foesHP=0,0
pattern trainer=857 turn=4 foePP=35,39 foeAtkDef=6,6 CarlAtk=5 foeLevel=9
support PP=40,37 Carl-defense=6 enemy-attack=6,6
party action uses=3,40 / 0,37
frame=67751 map=34.1 pos=3,4 flags=7
party=2 HP=35/38,17/30 battle=0 battlers=4 outcome=1 PP=3,0 trial=1 donut-ability=0
persistent PP=3,0 status=0,0
growth level/xp/item=11/748/0,10/1058/0 stats maxHP/attack,maxHP/magic=38/26,30/15 foesHP=0,0
pattern trainer=857 turn=4 foePP=35,39 foeAtkDef=6,6 CarlAtk=5 foeLevel=9
support PP=40,37 Carl-defense=6 enemy-attack=6,6
party action uses=3,40 / 0,37
frame=67803 map=34.1 pos=3,7 flags=7
party=2 HP=35/38,17/30 battle=0 battlers=4 outcome=1 PP=3,0 trial=1 donut-ability=0
persistent PP=3,0 status=0,0
growth level/xp/item=11/748/0,10/1058/0 stats maxHP/attack,maxHP/magic=38/26,30/15 foesHP=0,0
pattern trainer=857 turn=4 foePP=35,39 foeAtkDef=6,6 CarlAtk=5 foeLevel=9
support PP=40,37 Carl-defense=6 enemy-attack=6,6
party action uses=3,40 / 0,37
frame=67843 map=34.1 pos=3,7 flags=7
party=2 HP=35/38,17/30 battle=0 battlers=4 outcome=1 PP=3,0 trial=1 donut-ability=0
persistent PP=3,0 status=0,0
growth level/xp/item=11/748/0,10/1058/0 stats maxHP/attack,maxHP/magic=38/26,30/15 foesHP=0,0
pattern trainer=857 turn=4 foePP=35,39 foeAtkDef=6,6 CarlAtk=5 foeLevel=9
support PP=40,37 Carl-defense=6 enemy-attack=6,6
party action uses=3,40 / 0,37
frame=67863 map=34.1 pos=4,7 flags=7
party=2 HP=35/38,17/30 battle=0 battlers=4 outcome=1 PP=3,0 trial=1 donut-ability=0
persistent PP=3,0 status=0,0
growth level/xp/item=11/748/0,10/1058/0 stats maxHP/attack,maxHP/magic=38/26,30/15 foesHP=0,0
pattern trainer=857 turn=4 foePP=35,39 foeAtkDef=6,6 CarlAtk=5 foeLevel=9
support PP=40,37 Carl-defense=6 enemy-attack=6,6
party action uses=3,40 / 0,37
frame=67903 map=34.1 pos=4,7 flags=7
party=2 HP=35/38,17/30 battle=0 battlers=4 outcome=1 PP=3,0 trial=1 donut-ability=0
persistent PP=3,0 status=0,0
growth level/xp/item=11/748/0,10/1058/0 stats maxHP/attack,maxHP/magic=38/26,30/15 foesHP=0,0
pattern trainer=857 turn=4 foePP=35,39 foeAtkDef=6,6 CarlAtk=5 foeLevel=9
support PP=40,37 Carl-defense=6 enemy-attack=6,6
party action uses=3,40 / 0,37
frame=67904 map=34.1 pos=4,7 flags=7
party=2 HP=35/38,17/30 battle=0 battlers=4 outcome=1 PP=3,0 trial=1 donut-ability=0
persistent PP=3,0 status=0,0
growth level/xp/item=11/748/0,10/1058/0 stats maxHP/attack,maxHP/magic=38/26,30/15 foesHP=0,0
pattern trainer=857 turn=4 foePP=35,39 foeAtkDef=6,6 CarlAtk=5 foeLevel=9
support PP=40,37 Carl-defense=6 enemy-attack=6,6
party action uses=3,40 / 0,37
frame=67944 map=34.1 pos=4,7 flags=7
party=2 HP=35/38,17/30 battle=0 battlers=4 outcome=1 PP=3,0 trial=1 donut-ability=0
persistent PP=3,0 status=0,0
growth level/xp/item=11/748/0,10/1058/0 stats maxHP/attack,maxHP/magic=38/26,30/15 foesHP=0,0
pattern trainer=857 turn=4 foePP=35,39 foeAtkDef=6,6 CarlAtk=5 foeLevel=9
support PP=40,37 Carl-defense=6 enemy-attack=6,6
party action uses=3,40 / 0,37
frame=67945 map=34.1 pos=4,7 flags=7
party=2 HP=35/38,17/30 battle=0 battlers=4 outcome=1 PP=3,0 trial=1 donut-ability=0
persistent PP=3,0 status=0,0
growth level/xp/item=11/748/0,10/1058/0 stats maxHP/attack,maxHP/magic=38/26,30/15 foesHP=0,0
pattern trainer=857 turn=4 foePP=35,39 foeAtkDef=6,6 CarlAtk=5 foeLevel=9
support PP=40,37 Carl-defense=6 enemy-attack=6,6
party action uses=3,40 / 0,37
frame=68345 map=34.1 pos=4,7 flags=7
party=2 HP=38/38,30/30 battle=0 battlers=4 outcome=1 PP=3,0 trial=1 donut-ability=0
persistent PP=8,2 status=0,0
growth level/xp/item=11/748/0,10/1058/0 stats maxHP/attack,maxHP/magic=38/26,30/15 foesHP=0,0
pattern trainer=857 turn=4 foePP=35,39 foeAtkDef=6,6 CarlAtk=5 foeLevel=9
support PP=40,37 Carl-defense=6 enemy-attack=6,6
party action uses=8,40 / 2,40
frame=68346 map=34.1 pos=4,7 flags=7
party=2 HP=38/38,30/30 battle=0 battlers=4 outcome=1 PP=3,0 trial=1 donut-ability=0
persistent PP=8,2 status=0,0
growth level/xp/item=11/748/0,10/1058/0 stats maxHP/attack,maxHP/magic=38/26,30/15 foesHP=0,0
pattern trainer=857 turn=4 foePP=35,39 foeAtkDef=6,6 CarlAtk=5 foeLevel=9
support PP=40,37 Carl-defense=6 enemy-attack=6,6
party action uses=8,40 / 2,40
frame=68746 map=34.1 pos=4,7 flags=7
party=2 HP=38/38,30/30 battle=0 battlers=4 outcome=1 PP=3,0 trial=1 donut-ability=0
persistent PP=8,2 status=0,0
growth level/xp/item=11/748/0,10/1058/0 stats maxHP/attack,maxHP/magic=38/26,30/15 foesHP=0,0
pattern trainer=857 turn=4 foePP=35,39 foeAtkDef=6,6 CarlAtk=5 foeLevel=9
support PP=40,37 Carl-defense=6 enemy-attack=6,6
party action uses=8,40 / 2,40
frame=68747 map=34.1 pos=4,7 flags=7
party=2 HP=38/38,30/30 battle=0 battlers=4 outcome=1 PP=3,0 trial=1 donut-ability=0
persistent PP=8,2 status=0,0
growth level/xp/item=11/748/0,10/1058/0 stats maxHP/attack,maxHP/magic=38/26,30/15 foesHP=0,0
pattern trainer=857 turn=4 foePP=35,39 foeAtkDef=6,6 CarlAtk=5 foeLevel=9
support PP=40,37 Carl-defense=6 enemy-attack=6,6
party action uses=8,40 / 2,40
frame=69147 map=34.1 pos=4,7 flags=7
party=2 HP=38/38,30/30 battle=0 battlers=4 outcome=1 PP=3,0 trial=1 donut-ability=0
persistent PP=8,2 status=0,0
growth level/xp/item=11/748/0,10/1058/0 stats maxHP/attack,maxHP/magic=38/26,30/15 foesHP=0,0
pattern trainer=857 turn=4 foePP=35,39 foeAtkDef=6,6 CarlAtk=5 foeLevel=9
support PP=40,37 Carl-defense=6 enemy-attack=6,6
party action uses=8,40 / 2,40
frame=69148 map=34.1 pos=4,7 flags=7
party=2 HP=38/38,30/30 battle=0 battlers=4 outcome=1 PP=3,0 trial=1 donut-ability=0
persistent PP=8,2 status=0,0
growth level/xp/item=11/748/0,10/1058/0 stats maxHP/attack,maxHP/magic=38/26,30/15 foesHP=0,0
pattern trainer=857 turn=4 foePP=35,39 foeAtkDef=6,6 CarlAtk=5 foeLevel=9
support PP=40,37 Carl-defense=6 enemy-attack=6,6
party action uses=8,40 / 2,40
frame=69268 map=34.1 pos=4,7 flags=7
party=2 HP=38/38,30/30 battle=0 battlers=4 outcome=1 PP=3,0 trial=1 donut-ability=0
persistent PP=8,2 status=0,0
growth level/xp/item=11/748/0,10/1058/0 stats maxHP/attack,maxHP/magic=38/26,30/15 foesHP=0,0
pattern trainer=857 turn=4 foePP=35,39 foeAtkDef=6,6 CarlAtk=5 foeLevel=9
support PP=40,37 Carl-defense=6 enemy-attack=6,6
party action uses=8,40 / 2,40
frame=69288 map=34.1 pos=3,7 flags=7
party=2 HP=38/38,30/30 battle=0 battlers=4 outcome=1 PP=3,0 trial=1 donut-ability=0
persistent PP=8,2 status=0,0
growth level/xp/item=11/748/0,10/1058/0 stats maxHP/attack,maxHP/magic=38/26,30/15 foesHP=0,0
pattern trainer=857 turn=4 foePP=35,39 foeAtkDef=6,6 CarlAtk=5 foeLevel=9
support PP=40,37 Carl-defense=6 enemy-attack=6,6
party action uses=8,40 / 2,40
frame=69328 map=34.1 pos=3,7 flags=7
party=2 HP=38/38,30/30 battle=0 battlers=4 outcome=1 PP=3,0 trial=1 donut-ability=0
persistent PP=8,2 status=0,0
growth level/xp/item=11/748/0,10/1058/0 stats maxHP/attack,maxHP/magic=38/26,30/15 foesHP=0,0
pattern trainer=857 turn=4 foePP=35,39 foeAtkDef=6,6 CarlAtk=5 foeLevel=9
support PP=40,37 Carl-defense=6 enemy-attack=6,6
party action uses=8,40 / 2,40
frame=69380 map=34.1 pos=3,4 flags=7
party=2 HP=38/38,30/30 battle=0 battlers=4 outcome=1 PP=3,0 trial=1 donut-ability=0
persistent PP=8,2 status=0,0
growth level/xp/item=11/748/0,10/1058/0 stats maxHP/attack,maxHP/magic=38/26,30/15 foesHP=0,0
pattern trainer=857 turn=4 foePP=35,39 foeAtkDef=6,6 CarlAtk=5 foeLevel=9
support PP=40,37 Carl-defense=6 enemy-attack=6,6
party action uses=8,40 / 2,40
frame=69420 map=34.1 pos=3,4 flags=7
party=2 HP=38/38,30/30 battle=0 battlers=4 outcome=1 PP=3,0 trial=1 donut-ability=0
persistent PP=8,2 status=0,0
growth level/xp/item=11/748/0,10/1058/0 stats maxHP/attack,maxHP/magic=38/26,30/15 foesHP=0,0
pattern trainer=857 turn=4 foePP=35,39 foeAtkDef=6,6 CarlAtk=5 foeLevel=9
support PP=40,37 Carl-defense=6 enemy-attack=6,6
party action uses=8,40 / 2,40
frame=69440 map=34.1 pos=2,4 flags=7
party=2 HP=38/38,30/30 battle=0 battlers=4 outcome=1 PP=3,0 trial=1 donut-ability=0
persistent PP=8,2 status=0,0
growth level/xp/item=11/748/0,10/1058/0 stats maxHP/attack,maxHP/magic=38/26,30/15 foesHP=0,0
pattern trainer=857 turn=4 foePP=35,39 foeAtkDef=6,6 CarlAtk=5 foeLevel=9
support PP=40,37 Carl-defense=6 enemy-attack=6,6
party action uses=8,40 / 2,40
frame=69480 map=34.2 pos=2,4 flags=7
party=2 HP=38/38,30/30 battle=0 battlers=4 outcome=1 PP=3,0 trial=1 donut-ability=0
persistent PP=8,2 status=0,0
growth level/xp/item=11/748/0,10/1058/0 stats maxHP/attack,maxHP/magic=38/26,30/15 foesHP=0,0
pattern trainer=857 turn=4 foePP=35,39 foeAtkDef=6,6 CarlAtk=5 foeLevel=9
support PP=40,37 Carl-defense=6 enemy-attack=6,6
party action uses=8,40 / 2,40
frame=69660 map=34.2 pos=2,4 flags=7
party=2 HP=38/38,30/30 battle=0 battlers=4 outcome=1 PP=3,0 trial=1 donut-ability=0
persistent PP=8,2 status=0,0
growth level/xp/item=11/748/0,10/1058/0 stats maxHP/attack,maxHP/magic=38/26,30/15 foesHP=0,0
pattern trainer=857 turn=4 foePP=35,39 foeAtkDef=6,6 CarlAtk=5 foeLevel=9
support PP=40,37 Carl-defense=6 enemy-attack=6,6
party action uses=8,40 / 2,40
frame=69744 map=34.2 pos=2,9 flags=7
party=2 HP=38/38,30/30 battle=0 battlers=4 outcome=1 PP=3,0 trial=1 donut-ability=0
persistent PP=8,2 status=0,0
growth level/xp/item=11/748/0,10/1058/0 stats maxHP/attack,maxHP/magic=38/26,30/15 foesHP=0,0
pattern trainer=857 turn=4 foePP=35,39 foeAtkDef=6,6 CarlAtk=5 foeLevel=9
support PP=40,37 Carl-defense=6 enemy-attack=6,6
party action uses=8,40 / 2,40
frame=69784 map=34.3 pos=2,4 flags=7
party=2 HP=38/38,30/30 battle=0 battlers=4 outcome=1 PP=3,0 trial=1 donut-ability=0
persistent PP=8,2 status=0,0
growth level/xp/item=11/748/0,10/1058/0 stats maxHP/attack,maxHP/magic=38/26,30/15 foesHP=0,0
pattern trainer=857 turn=4 foePP=35,39 foeAtkDef=6,6 CarlAtk=5 foeLevel=9
support PP=40,37 Carl-defense=6 enemy-attack=6,6
party action uses=8,40 / 2,40
frame=69964 map=34.3 pos=2,4 flags=7
party=2 HP=38/38,30/30 battle=0 battlers=4 outcome=1 PP=3,0 trial=1 donut-ability=0
persistent PP=8,2 status=0,0
growth level/xp/item=11/748/0,10/1058/0 stats maxHP/attack,maxHP/magic=38/26,30/15 foesHP=0,0
pattern trainer=857 turn=4 foePP=35,39 foeAtkDef=6,6 CarlAtk=5 foeLevel=9
support PP=40,37 Carl-defense=6 enemy-attack=6,6
party action uses=8,40 / 2,40
frame=70128 map=34.3 pos=12,4 flags=7
party=2 HP=38/38,30/30 battle=0 battlers=4 outcome=1 PP=3,0 trial=1 donut-ability=0
persistent PP=8,2 status=0,0
growth level/xp/item=11/748/0,10/1058/0 stats maxHP/attack,maxHP/magic=38/26,30/15 foesHP=0,0
pattern trainer=857 turn=4 foePP=35,39 foeAtkDef=6,6 CarlAtk=5 foeLevel=9
support PP=40,37 Carl-defense=6 enemy-attack=6,6
party action uses=8,40 / 2,40
frame=70168 map=34.4 pos=2,4 flags=7
party=2 HP=38/38,30/30 battle=0 battlers=4 outcome=1 PP=3,0 trial=1 donut-ability=0
persistent PP=8,2 status=0,0
growth level/xp/item=11/748/0,10/1058/0 stats maxHP/attack,maxHP/magic=38/26,30/15 foesHP=0,0
pattern trainer=857 turn=4 foePP=35,39 foeAtkDef=6,6 CarlAtk=5 foeLevel=9
support PP=40,37 Carl-defense=6 enemy-attack=6,6
party action uses=8,40 / 2,40
frame=70348 map=34.4 pos=2,4 flags=7
party=2 HP=38/38,30/30 battle=0 battlers=4 outcome=1 PP=3,0 trial=1 donut-ability=0
persistent PP=8,2 status=0,0
growth level/xp/item=11/748/0,10/1058/0 stats maxHP/attack,maxHP/magic=38/26,30/15 foesHP=0,0
pattern trainer=857 turn=4 foePP=35,39 foeAtkDef=6,6 CarlAtk=5 foeLevel=9
support PP=40,37 Carl-defense=6 enemy-attack=6,6
party action uses=8,40 / 2,40
frame=70348 map=34.4 pos=2,4 flags=7
party=2 HP=38/38,30/30 battle=0 battlers=4 outcome=1 PP=3,0 trial=1 donut-ability=0
persistent PP=8,2 status=0,0
growth level/xp/item=11/748/0,10/1058/0 stats maxHP/attack,maxHP/magic=38/26,30/15 foesHP=0,0
pattern trainer=857 turn=4 foePP=35,39 foeAtkDef=6,6 CarlAtk=5 foeLevel=9
support PP=40,37 Carl-defense=6 enemy-attack=6,6
party action uses=8,40 / 2,40
PASS expect 34 4 2 4 7
frame=70432 map=34.4 pos=8,4 flags=7
party=2 HP=38/38,30/30 battle=0 battlers=4 outcome=1 PP=3,0 trial=1 donut-ability=0
persistent PP=8,2 status=0,0
growth level/xp/item=11/748/0,10/1058/0 stats maxHP/attack,maxHP/magic=38/26,30/15 foesHP=0,0
pattern trainer=857 turn=4 foePP=35,39 foeAtkDef=6,6 CarlAtk=5 foeLevel=9
support PP=40,37 Carl-defense=6 enemy-attack=6,6
party action uses=8,40 / 2,40
frame=70472 map=34.4 pos=8,4 flags=7
party=2 HP=38/38,30/30 battle=0 battlers=4 outcome=1 PP=3,0 trial=1 donut-ability=0
persistent PP=8,2 status=0,0
growth level/xp/item=11/748/0,10/1058/0 stats maxHP/attack,maxHP/magic=38/26,30/15 foesHP=0,0
pattern trainer=857 turn=4 foePP=35,39 foeAtkDef=6,6 CarlAtk=5 foeLevel=9
support PP=40,37 Carl-defense=6 enemy-attack=6,6
party action uses=8,40 / 2,40
frame=70492 map=34.4 pos=8,5 flags=7
party=2 HP=38/38,30/30 battle=0 battlers=4 outcome=1 PP=3,0 trial=1 donut-ability=0
persistent PP=8,2 status=0,0
growth level/xp/item=11/748/0,10/1058/0 stats maxHP/attack,maxHP/magic=38/26,30/15 foesHP=0,0
pattern trainer=857 turn=4 foePP=35,39 foeAtkDef=6,6 CarlAtk=5 foeLevel=9
support PP=40,37 Carl-defense=6 enemy-attack=6,6
party action uses=8,40 / 2,40
frame=70532 map=34.4 pos=8,5 flags=7
party=2 HP=38/38,30/30 battle=0 battlers=4 outcome=1 PP=3,0 trial=1 donut-ability=0
persistent PP=8,2 status=0,0
growth level/xp/item=11/748/0,10/1058/0 stats maxHP/attack,maxHP/magic=38/26,30/15 foesHP=0,0
pattern trainer=857 turn=4 foePP=35,39 foeAtkDef=6,6 CarlAtk=5 foeLevel=9
support PP=40,37 Carl-defense=6 enemy-attack=6,6
party action uses=8,40 / 2,40
frame=70532 map=34.4 pos=8,5 flags=7
party=2 HP=38/38,30/30 battle=0 battlers=4 outcome=1 PP=3,0 trial=1 donut-ability=0
persistent PP=8,2 status=0,0
growth level/xp/item=11/748/0,10/1058/0 stats maxHP/attack,maxHP/magic=38/26,30/15 foesHP=0,0
pattern trainer=857 turn=4 foePP=35,39 foeAtkDef=6,6 CarlAtk=5 foeLevel=9
support PP=40,37 Carl-defense=6 enemy-attack=6,6
party action uses=8,40 / 2,40
PASS expect 34 4 8 5 7
frame=70532 map=34.4 pos=8,5 flags=7
party=2 HP=38/38,30/30 battle=0 battlers=4 outcome=1 PP=3,0 trial=1 donut-ability=0
persistent PP=8,2 status=0,0
growth level/xp/item=11/748/0,10/1058/0 stats maxHP/attack,maxHP/magic=38/26,30/15 foesHP=0,0
PASS flag 46 0
pattern trainer=857 turn=4 foePP=35,39 foeAtkDef=6,6 CarlAtk=5 foeLevel=9
support PP=40,37 Carl-defense=6 enemy-attack=6,6
party action uses=8,40 / 2,40
frame=70532 map=34.4 pos=8,5 flags=7
party=2 HP=38/38,30/30 battle=0 battlers=4 outcome=1 PP=3,0 trial=1 donut-ability=0
persistent PP=8,2 status=0,0
growth level/xp/item=11/748/0,10/1058/0 stats maxHP/attack,maxHP/magic=38/26,30/15 foesHP=0,0
PASS flag 47 0
pattern trainer=857 turn=4 foePP=35,39 foeAtkDef=6,6 CarlAtk=5 foeLevel=9
support PP=40,37 Carl-defense=6 enemy-attack=6,6
party action uses=8,40 / 2,40
frame=70532 map=34.4 pos=8,5 flags=7
party=2 HP=38/38,30/30 battle=0 battlers=4 outcome=1 PP=3,0 trial=1 donut-ability=0
persistent PP=8,2 status=0,0
growth level/xp/item=11/748/0,10/1058/0 stats maxHP/attack,maxHP/magic=38/26,30/15 foesHP=0,0
pattern trainer=857 turn=4 foePP=35,39 foeAtkDef=6,6 CarlAtk=5 foeLevel=9
support PP=40,37 Carl-defense=6 enemy-attack=6,6
party action uses=8,40 / 2,40
PASS expect 34 4 8 5 7
frame=70532 map=34.4 pos=8,5 flags=7
party=2 HP=38/38,30/30 battle=0 battlers=4 outcome=1 PP=3,0 trial=1 donut-ability=0
persistent PP=8,2 status=0,0
growth level/xp/item=11/748/0,10/1058/0 stats maxHP/attack,maxHP/magic=38/26,30/15 foesHP=0,0
PASS flag 46 0
pattern trainer=857 turn=4 foePP=35,39 foeAtkDef=6,6 CarlAtk=5 foeLevel=9
support PP=40,37 Carl-defense=6 enemy-attack=6,6
party action uses=8,40 / 2,40
frame=70532 map=34.4 pos=8,5 flags=7
party=2 HP=38/38,30/30 battle=0 battlers=4 outcome=1 PP=3,0 trial=1 donut-ability=0
persistent PP=8,2 status=0,0
growth level/xp/item=11/748/0,10/1058/0 stats maxHP/attack,maxHP/magic=38/26,30/15 foesHP=0,0
PASS flag 47 0
pattern trainer=857 turn=4 foePP=35,39 foeAtkDef=6,6 CarlAtk=5 foeLevel=9
support PP=40,37 Carl-defense=6 enemy-attack=6,6
party action uses=8,40 / 2,40
frame=70632 map=34.4 pos=2,5 flags=7
party=2 HP=38/38,30/30 battle=0 battlers=4 outcome=1 PP=3,0 trial=1 donut-ability=0
persistent PP=8,2 status=0,0
growth level/xp/item=11/748/0,10/1058/0 stats maxHP/attack,maxHP/magic=38/26,30/15 foesHP=0,0
pattern trainer=857 turn=4 foePP=35,39 foeAtkDef=6,6 CarlAtk=5 foeLevel=9
support PP=40,37 Carl-defense=6 enemy-attack=6,6
party action uses=8,40 / 2,40
frame=70672 map=34.4 pos=2,5 flags=7
party=2 HP=38/38,30/30 battle=0 battlers=4 outcome=1 PP=3,0 trial=1 donut-ability=0
persistent PP=8,2 status=0,0
growth level/xp/item=11/748/0,10/1058/0 stats maxHP/attack,maxHP/magic=38/26,30/15 foesHP=0,0
pattern trainer=857 turn=4 foePP=35,39 foeAtkDef=6,6 CarlAtk=5 foeLevel=9
support PP=40,37 Carl-defense=6 enemy-attack=6,6
party action uses=8,40 / 2,40
frame=70692 map=34.4 pos=2,4 flags=7
party=2 HP=38/38,30/30 battle=0 battlers=4 outcome=1 PP=3,0 trial=1 donut-ability=0
persistent PP=8,2 status=0,0
growth level/xp/item=11/748/0,10/1058/0 stats maxHP/attack,maxHP/magic=38/26,30/15 foesHP=0,0
pattern trainer=857 turn=4 foePP=35,39 foeAtkDef=6,6 CarlAtk=5 foeLevel=9
support PP=40,37 Carl-defense=6 enemy-attack=6,6
party action uses=8,40 / 2,40
frame=70732 map=34.3 pos=12,4 flags=7
party=2 HP=38/38,30/30 battle=0 battlers=4 outcome=1 PP=3,0 trial=1 donut-ability=0
persistent PP=8,2 status=0,0
growth level/xp/item=11/748/0,10/1058/0 stats maxHP/attack,maxHP/magic=38/26,30/15 foesHP=0,0
pattern trainer=857 turn=4 foePP=35,39 foeAtkDef=6,6 CarlAtk=5 foeLevel=9
support PP=40,37 Carl-defense=6 enemy-attack=6,6
party action uses=8,40 / 2,40
frame=70912 map=34.3 pos=12,4 flags=7
party=2 HP=38/38,30/30 battle=0 battlers=4 outcome=1 PP=3,0 trial=1 donut-ability=0
persistent PP=8,2 status=0,0
growth level/xp/item=11/748/0,10/1058/0 stats maxHP/attack,maxHP/magic=38/26,30/15 foesHP=0,0
pattern trainer=857 turn=4 foePP=35,39 foeAtkDef=6,6 CarlAtk=5 foeLevel=9
support PP=40,37 Carl-defense=6 enemy-attack=6,6
party action uses=8,40 / 2,40
frame=70912 map=34.3 pos=12,4 flags=7
party=2 HP=38/38,30/30 battle=0 battlers=4 outcome=1 PP=3,0 trial=1 donut-ability=0
persistent PP=8,2 status=0,0
growth level/xp/item=11/748/0,10/1058/0 stats maxHP/attack,maxHP/magic=38/26,30/15 foesHP=0,0
pattern trainer=857 turn=4 foePP=35,39 foeAtkDef=6,6 CarlAtk=5 foeLevel=9
support PP=40,37 Carl-defense=6 enemy-attack=6,6
party action uses=8,40 / 2,40
PASS expect 34 3 12 4 7
frame=71076 map=34.3 pos=2,4 flags=7
party=2 HP=38/38,30/30 battle=0 battlers=4 outcome=1 PP=3,0 trial=1 donut-ability=0
persistent PP=8,2 status=0,0
growth level/xp/item=11/748/0,10/1058/0 stats maxHP/attack,maxHP/magic=38/26,30/15 foesHP=0,0
pattern trainer=857 turn=4 foePP=35,39 foeAtkDef=6,6 CarlAtk=5 foeLevel=9
support PP=40,37 Carl-defense=6 enemy-attack=6,6
party action uses=8,40 / 2,40
frame=71116 map=34.2 pos=2,9 flags=7
party=2 HP=38/38,30/30 battle=0 battlers=4 outcome=1 PP=3,0 trial=1 donut-ability=0
persistent PP=8,2 status=0,0
growth level/xp/item=11/748/0,10/1058/0 stats maxHP/attack,maxHP/magic=38/26,30/15 foesHP=0,0
pattern trainer=857 turn=4 foePP=35,39 foeAtkDef=6,6 CarlAtk=5 foeLevel=9
support PP=40,37 Carl-defense=6 enemy-attack=6,6
party action uses=8,40 / 2,40
frame=71296 map=34.2 pos=2,9 flags=7
party=2 HP=38/38,30/30 battle=0 battlers=4 outcome=1 PP=3,0 trial=1 donut-ability=0
persistent PP=8,2 status=0,0
growth level/xp/item=11/748/0,10/1058/0 stats maxHP/attack,maxHP/magic=38/26,30/15 foesHP=0,0
pattern trainer=857 turn=4 foePP=35,39 foeAtkDef=6,6 CarlAtk=5 foeLevel=9
support PP=40,37 Carl-defense=6 enemy-attack=6,6
party action uses=8,40 / 2,40
frame=71296 map=34.2 pos=2,9 flags=7
party=2 HP=38/38,30/30 battle=0 battlers=4 outcome=1 PP=3,0 trial=1 donut-ability=0
persistent PP=8,2 status=0,0
growth level/xp/item=11/748/0,10/1058/0 stats maxHP/attack,maxHP/magic=38/26,30/15 foesHP=0,0
pattern trainer=857 turn=4 foePP=35,39 foeAtkDef=6,6 CarlAtk=5 foeLevel=9
support PP=40,37 Carl-defense=6 enemy-attack=6,6
party action uses=8,40 / 2,40
PASS expect 34 2 2 9 7
frame=71348 map=34.2 pos=2,6 flags=7
party=2 HP=38/38,30/30 battle=0 battlers=4 outcome=1 PP=3,0 trial=1 donut-ability=0
persistent PP=8,2 status=0,0
growth level/xp/item=11/748/0,10/1058/0 stats maxHP/attack,maxHP/magic=38/26,30/15 foesHP=0,0
pattern trainer=857 turn=4 foePP=35,39 foeAtkDef=6,6 CarlAtk=5 foeLevel=9
support PP=40,37 Carl-defense=6 enemy-attack=6,6
party action uses=8,40 / 2,40
frame=71388 map=34.2 pos=2,6 flags=7
party=2 HP=38/38,30/30 battle=0 battlers=4 outcome=1 PP=3,0 trial=1 donut-ability=0
persistent PP=8,2 status=0,0
growth level/xp/item=11/748/0,10/1058/0 stats maxHP/attack,maxHP/magic=38/26,30/15 foesHP=0,0
pattern trainer=857 turn=4 foePP=35,39 foeAtkDef=6,6 CarlAtk=5 foeLevel=9
support PP=40,37 Carl-defense=6 enemy-attack=6,6
party action uses=8,40 / 2,40
frame=71456 map=34.2 pos=6,6 flags=7
party=2 HP=38/38,30/30 battle=0 battlers=4 outcome=1 PP=3,0 trial=1 donut-ability=0
persistent PP=8,2 status=0,0
growth level/xp/item=11/748/0,10/1058/0 stats maxHP/attack,maxHP/magic=38/26,30/15 foesHP=0,0
pattern trainer=857 turn=4 foePP=35,39 foeAtkDef=6,6 CarlAtk=5 foeLevel=9
support PP=40,37 Carl-defense=6 enemy-attack=6,6
party action uses=8,40 / 2,40
frame=71496 map=34.2 pos=6,6 flags=7
party=2 HP=38/38,30/30 battle=0 battlers=4 outcome=1 PP=3,0 trial=1 donut-ability=0
persistent PP=8,2 status=0,0
growth level/xp/item=11/748/0,10/1058/0 stats maxHP/attack,maxHP/magic=38/26,30/15 foesHP=0,0
pattern trainer=857 turn=4 foePP=35,39 foeAtkDef=6,6 CarlAtk=5 foeLevel=9
support PP=40,37 Carl-defense=6 enemy-attack=6,6
party action uses=8,40 / 2,40
frame=71516 map=34.2 pos=6,7 flags=7
party=2 HP=38/38,30/30 battle=0 battlers=4 outcome=1 PP=3,0 trial=1 donut-ability=0
persistent PP=8,2 status=0,0
growth level/xp/item=11/748/0,10/1058/0 stats maxHP/attack,maxHP/magic=38/26,30/15 foesHP=0,0
pattern trainer=857 turn=4 foePP=35,39 foeAtkDef=6,6 CarlAtk=5 foeLevel=9
support PP=40,37 Carl-defense=6 enemy-attack=6,6
party action uses=8,40 / 2,40
frame=71556 map=34.2 pos=6,7 flags=7
party=2 HP=38/38,30/30 battle=0 battlers=4 outcome=1 PP=3,0 trial=1 donut-ability=0
persistent PP=8,2 status=0,0
growth level/xp/item=11/748/0,10/1058/0 stats maxHP/attack,maxHP/magic=38/26,30/15 foesHP=0,0
pattern trainer=857 turn=4 foePP=35,39 foeAtkDef=6,6 CarlAtk=5 foeLevel=9
support PP=40,37 Carl-defense=6 enemy-attack=6,6
party action uses=8,40 / 2,40
frame=71556 map=34.2 pos=6,7 flags=7
party=2 HP=38/38,30/30 battle=0 battlers=4 outcome=1 PP=3,0 trial=1 donut-ability=0
persistent PP=8,2 status=0,0
growth level/xp/item=11/748/0,10/1058/0 stats maxHP/attack,maxHP/magic=38/26,30/15 foesHP=0,0
pattern trainer=857 turn=4 foePP=35,39 foeAtkDef=6,6 CarlAtk=5 foeLevel=9
support PP=40,37 Carl-defense=6 enemy-attack=6,6
party action uses=8,40 / 2,40
PASS expect 34 2 6 7 7
frame=71557 map=34.2 pos=6,7 flags=7
party=2 HP=38/38,30/30 battle=0 battlers=4 outcome=1 PP=3,0 trial=1 donut-ability=0
persistent PP=8,2 status=0,0
growth level/xp/item=11/748/0,10/1058/0 stats maxHP/attack,maxHP/magic=38/26,30/15 foesHP=0,0
pattern trainer=857 turn=4 foePP=35,39 foeAtkDef=6,6 CarlAtk=5 foeLevel=9
support PP=40,37 Carl-defense=6 enemy-attack=6,6
party action uses=8,40 / 2,40
frame=71957 map=34.2 pos=6,7 flags=7
party=2 HP=38/38,30/30 battle=0 battlers=4 outcome=1 PP=3,0 trial=1 donut-ability=0
persistent PP=8,2 status=0,0
growth level/xp/item=11/748/0,10/1058/0 stats maxHP/attack,maxHP/magic=38/26,30/15 foesHP=0,0
pattern trainer=857 turn=4 foePP=35,39 foeAtkDef=6,6 CarlAtk=5 foeLevel=9
support PP=40,37 Carl-defense=6 enemy-attack=6,6
party action uses=8,40 / 2,40
frame=71958 map=34.2 pos=6,7 flags=7
party=2 HP=38/38,30/30 battle=0 battlers=4 outcome=1 PP=3,0 trial=1 donut-ability=0
persistent PP=8,2 status=0,0
growth level/xp/item=11/748/0,10/1058/0 stats maxHP/attack,maxHP/magic=38/26,30/15 foesHP=0,0
pattern trainer=857 turn=4 foePP=35,39 foeAtkDef=6,6 CarlAtk=5 foeLevel=9
support PP=40,37 Carl-defense=6 enemy-attack=6,6
party action uses=8,40 / 2,40
frame=72358 map=34.2 pos=6,7 flags=7
party=2 HP=38/38,30/30 battle=0 battlers=4 outcome=1 PP=3,0 trial=1 donut-ability=0
persistent PP=8,2 status=0,0
growth level/xp/item=11/748/0,10/1058/0 stats maxHP/attack,maxHP/magic=38/26,30/15 foesHP=0,0
pattern trainer=857 turn=4 foePP=35,39 foeAtkDef=6,6 CarlAtk=5 foeLevel=9
support PP=40,37 Carl-defense=6 enemy-attack=6,6
party action uses=8,40 / 2,40
frame=72359 map=34.2 pos=6,7 flags=7
party=2 HP=38/38,30/30 battle=0 battlers=4 outcome=1 PP=3,0 trial=1 donut-ability=0
persistent PP=8,2 status=0,0
growth level/xp/item=11/748/0,10/1058/0 stats maxHP/attack,maxHP/magic=38/26,30/15 foesHP=0,0
pattern trainer=857 turn=4 foePP=35,39 foeAtkDef=6,6 CarlAtk=5 foeLevel=9
support PP=40,37 Carl-defense=6 enemy-attack=6,6
party action uses=8,40 / 2,40
frame=72759 map=34.2 pos=6,7 flags=7
party=2 HP=38/38,30/30 battle=0 battlers=4 outcome=1 PP=3,0 trial=1 donut-ability=0
persistent PP=8,2 status=0,0
growth level/xp/item=11/748/0,10/1058/0 stats maxHP/attack,maxHP/magic=38/26,30/15 foesHP=0,0
pattern trainer=857 turn=4 foePP=35,39 foeAtkDef=6,6 CarlAtk=5 foeLevel=9
support PP=40,37 Carl-defense=6 enemy-attack=6,6
party action uses=8,40 / 2,40
frame=72760 map=34.2 pos=6,7 flags=7
party=2 HP=38/38,30/30 battle=0 battlers=4 outcome=1 PP=3,0 trial=1 donut-ability=0
persistent PP=8,2 status=0,0
growth level/xp/item=11/748/0,10/1058/0 stats maxHP/attack,maxHP/magic=38/26,30/15 foesHP=0,0
pattern trainer=857 turn=4 foePP=35,39 foeAtkDef=6,6 CarlAtk=5 foeLevel=9
support PP=40,37 Carl-defense=6 enemy-attack=6,6
party action uses=8,40 / 2,40
frame=72880 map=34.2 pos=6,7 flags=7
party=2 HP=38/38,30/30 battle=0 battlers=4 outcome=1 PP=3,0 trial=1 donut-ability=0
persistent PP=8,2 status=0,0
growth level/xp/item=11/748/0,10/1058/0 stats maxHP/attack,maxHP/magic=38/26,30/15 foesHP=0,0
pattern trainer=857 turn=4 foePP=35,39 foeAtkDef=6,6 CarlAtk=5 foeLevel=9
support PP=40,37 Carl-defense=6 enemy-attack=6,6
party action uses=8,40 / 2,40
frame=72996 map=34.2 pos=13,7 flags=7
party=2 HP=38/38,30/30 battle=0 battlers=4 outcome=1 PP=3,0 trial=1 donut-ability=0
persistent PP=8,2 status=0,0
growth level/xp/item=11/748/0,10/1058/0 stats maxHP/attack,maxHP/magic=38/26,30/15 foesHP=0,0
pattern trainer=857 turn=4 foePP=35,39 foeAtkDef=6,6 CarlAtk=5 foeLevel=9
support PP=40,37 Carl-defense=6 enemy-attack=6,6
party action uses=8,40 / 2,40
frame=73036 map=34.2 pos=13,7 flags=7
party=2 HP=38/38,30/30 battle=0 battlers=4 outcome=1 PP=3,0 trial=1 donut-ability=0
persistent PP=8,2 status=0,0
growth level/xp/item=11/748/0,10/1058/0 stats maxHP/attack,maxHP/magic=38/26,30/15 foesHP=0,0
pattern trainer=857 turn=4 foePP=35,39 foeAtkDef=6,6 CarlAtk=5 foeLevel=9
support PP=40,37 Carl-defense=6 enemy-attack=6,6
party action uses=8,40 / 2,40
frame=73037 map=34.2 pos=13,7 flags=7
party=2 HP=38/38,30/30 battle=0 battlers=4 outcome=1 PP=3,0 trial=1 donut-ability=0
persistent PP=8,2 status=0,0
growth level/xp/item=11/748/0,10/1058/0 stats maxHP/attack,maxHP/magic=38/26,30/15 foesHP=0,0
pattern trainer=857 turn=4 foePP=35,39 foeAtkDef=6,6 CarlAtk=5 foeLevel=9
support PP=40,37 Carl-defense=6 enemy-attack=6,6
party action uses=8,40 / 2,40
frame=73077 map=34.2 pos=13,7 flags=7
party=2 HP=38/38,30/30 battle=0 battlers=4 outcome=1 PP=3,0 trial=1 donut-ability=0
persistent PP=8,2 status=0,0
growth level/xp/item=11/748/0,10/1058/0 stats maxHP/attack,maxHP/magic=38/26,30/15 foesHP=0,0
pattern trainer=857 turn=4 foePP=35,39 foeAtkDef=6,6 CarlAtk=5 foeLevel=9
support PP=40,37 Carl-defense=6 enemy-attack=6,6
party action uses=8,40 / 2,40
frame=73078 map=34.2 pos=13,7 flags=7
party=2 HP=38/38,30/30 battle=0 battlers=4 outcome=1 PP=3,0 trial=1 donut-ability=0
persistent PP=8,2 status=0,0
growth level/xp/item=11/748/0,10/1058/0 stats maxHP/attack,maxHP/magic=38/26,30/15 foesHP=0,0
pattern trainer=857 turn=4 foePP=35,39 foeAtkDef=6,6 CarlAtk=5 foeLevel=9
support PP=40,37 Carl-defense=6 enemy-attack=6,6
party action uses=8,40 / 2,40
frame=73478 map=34.2 pos=13,7 flags=7
party=2 HP=38/38,30/30 battle=0 battlers=4 outcome=1 PP=3,0 trial=1 donut-ability=0
persistent PP=8,2 status=0,0
growth level/xp/item=11/748/0,10/1058/0 stats maxHP/attack,maxHP/magic=38/26,30/15 foesHP=0,0
pattern trainer=857 turn=4 foePP=35,39 foeAtkDef=6,6 CarlAtk=5 foeLevel=9
support PP=40,37 Carl-defense=6 enemy-attack=6,6
party action uses=8,40 / 2,40
frame=73479 map=34.2 pos=13,7 flags=7
party=2 HP=38/38,30/30 battle=0 battlers=4 outcome=1 PP=3,0 trial=1 donut-ability=0
persistent PP=8,2 status=0,0
growth level/xp/item=11/748/0,10/1058/0 stats maxHP/attack,maxHP/magic=38/26,30/15 foesHP=0,0
pattern trainer=857 turn=4 foePP=35,39 foeAtkDef=6,6 CarlAtk=5 foeLevel=9
support PP=40,37 Carl-defense=6 enemy-attack=6,6
party action uses=8,40 / 2,40
frame=74079 map=34.2 pos=13,7 flags=7
party=2 HP=38/38,30/30 battle=0 battlers=4 outcome=1 PP=3,0 trial=1 donut-ability=0
persistent PP=8,2 status=0,0
growth level/xp/item=11/748/0,10/1058/0 stats maxHP/attack,maxHP/magic=38/26,30/15 foesHP=0,0
pattern trainer=857 turn=4 foePP=35,39 foeAtkDef=6,6 CarlAtk=5 foeLevel=9
support PP=40,37 Carl-defense=6 enemy-attack=6,6
party action uses=8,40 / 2,40
frame=74079 map=34.2 pos=13,7 flags=7
party=2 HP=38/38,30/30 battle=0 battlers=4 outcome=1 PP=3,0 trial=1 donut-ability=0
persistent PP=8,2 status=0,0
growth level/xp/item=11/748/0,10/1058/0 stats maxHP/attack,maxHP/magic=38/26,30/15 foesHP=0,0
PASS flag 46 1
pattern trainer=857 turn=4 foePP=35,39 foeAtkDef=6,6 CarlAtk=5 foeLevel=9
support PP=40,37 Carl-defense=6 enemy-attack=6,6
party action uses=8,40 / 2,40
frame=74080 map=34.2 pos=13,7 flags=7
party=2 HP=38/38,30/30 battle=0 battlers=4 outcome=1 PP=3,0 trial=1 donut-ability=0
persistent PP=8,2 status=0,0
growth level/xp/item=11/748/0,10/1058/0 stats maxHP/attack,maxHP/magic=38/26,30/15 foesHP=0,0
pattern trainer=857 turn=4 foePP=35,39 foeAtkDef=6,6 CarlAtk=5 foeLevel=9
support PP=40,37 Carl-defense=6 enemy-attack=6,6
party action uses=8,40 / 2,40
frame=74480 map=34.2 pos=13,7 flags=7
party=2 HP=38/38,30/30 battle=0 battlers=4 outcome=1 PP=3,0 trial=1 donut-ability=0
persistent PP=8,2 status=0,0
growth level/xp/item=11/748/0,10/1058/0 stats maxHP/attack,maxHP/magic=38/26,30/15 foesHP=0,0
pattern trainer=857 turn=4 foePP=35,39 foeAtkDef=6,6 CarlAtk=5 foeLevel=9
support PP=40,37 Carl-defense=6 enemy-attack=6,6
party action uses=8,40 / 2,40
frame=74481 map=34.2 pos=13,7 flags=7
party=2 HP=38/38,30/30 battle=0 battlers=4 outcome=1 PP=3,0 trial=1 donut-ability=0
persistent PP=8,2 status=0,0
growth level/xp/item=11/748/0,10/1058/0 stats maxHP/attack,maxHP/magic=38/26,30/15 foesHP=0,0
pattern trainer=857 turn=4 foePP=35,39 foeAtkDef=6,6 CarlAtk=5 foeLevel=9
support PP=40,37 Carl-defense=6 enemy-attack=6,6
party action uses=8,40 / 2,40
frame=74601 map=34.2 pos=13,7 flags=7
party=2 HP=38/38,30/30 battle=0 battlers=4 outcome=1 PP=3,0 trial=1 donut-ability=0
persistent PP=8,2 status=0,0
growth level/xp/item=11/748/0,10/1058/0 stats maxHP/attack,maxHP/magic=38/26,30/15 foesHP=0,0
pattern trainer=857 turn=4 foePP=35,39 foeAtkDef=6,6 CarlAtk=5 foeLevel=9
support PP=40,37 Carl-defense=6 enemy-attack=6,6
party action uses=8,40 / 2,40
frame=74621 map=34.2 pos=12,7 flags=7
party=2 HP=38/38,30/30 battle=0 battlers=4 outcome=1 PP=3,0 trial=1 donut-ability=0
persistent PP=8,2 status=0,0
growth level/xp/item=11/748/0,10/1058/0 stats maxHP/attack,maxHP/magic=38/26,30/15 foesHP=0,0
pattern trainer=857 turn=4 foePP=35,39 foeAtkDef=6,6 CarlAtk=5 foeLevel=9
support PP=40,37 Carl-defense=6 enemy-attack=6,6
party action uses=8,40 / 2,40
frame=74661 map=34.2 pos=12,7 flags=7
party=2 HP=38/38,30/30 battle=0 battlers=4 outcome=1 PP=3,0 trial=1 donut-ability=0
persistent PP=8,2 status=0,0
growth level/xp/item=11/748/0,10/1058/0 stats maxHP/attack,maxHP/magic=38/26,30/15 foesHP=0,0
pattern trainer=857 turn=4 foePP=35,39 foeAtkDef=6,6 CarlAtk=5 foeLevel=9
support PP=40,37 Carl-defense=6 enemy-attack=6,6
party action uses=8,40 / 2,40
frame=74697 map=34.2 pos=12,9 flags=7
party=2 HP=38/38,30/30 battle=0 battlers=4 outcome=1 PP=3,0 trial=1 donut-ability=0
persistent PP=8,2 status=0,0
growth level/xp/item=11/748/0,10/1058/0 stats maxHP/attack,maxHP/magic=38/26,30/15 foesHP=0,0
pattern trainer=857 turn=4 foePP=35,39 foeAtkDef=6,6 CarlAtk=5 foeLevel=9
support PP=40,37 Carl-defense=6 enemy-attack=6,6
party action uses=8,40 / 2,40
frame=74737 map=34.2 pos=12,9 flags=7
party=2 HP=38/38,30/30 battle=0 battlers=4 outcome=1 PP=3,0 trial=1 donut-ability=0
persistent PP=8,2 status=0,0
growth level/xp/item=11/748/0,10/1058/0 stats maxHP/attack,maxHP/magic=38/26,30/15 foesHP=0,0
pattern trainer=857 turn=4 foePP=35,39 foeAtkDef=6,6 CarlAtk=5 foeLevel=9
support PP=40,37 Carl-defense=6 enemy-attack=6,6
party action uses=8,40 / 2,40
frame=74901 map=34.2 pos=2,9 flags=7
party=2 HP=38/38,30/30 battle=0 battlers=4 outcome=1 PP=3,0 trial=1 donut-ability=0
persistent PP=8,2 status=0,0
growth level/xp/item=11/748/0,10/1058/0 stats maxHP/attack,maxHP/magic=38/26,30/15 foesHP=0,0
pattern trainer=857 turn=4 foePP=35,39 foeAtkDef=6,6 CarlAtk=5 foeLevel=9
support PP=40,37 Carl-defense=6 enemy-attack=6,6
party action uses=8,40 / 2,40
frame=74941 map=34.3 pos=2,4 flags=7
party=2 HP=38/38,30/30 battle=0 battlers=4 outcome=1 PP=3,0 trial=1 donut-ability=0
persistent PP=8,2 status=0,0
growth level/xp/item=11/748/0,10/1058/0 stats maxHP/attack,maxHP/magic=38/26,30/15 foesHP=0,0
pattern trainer=857 turn=4 foePP=35,39 foeAtkDef=6,6 CarlAtk=5 foeLevel=9
support PP=40,37 Carl-defense=6 enemy-attack=6,6
party action uses=8,40 / 2,40
frame=75121 map=34.3 pos=2,4 flags=7
party=2 HP=38/38,30/30 battle=0 battlers=4 outcome=1 PP=3,0 trial=1 donut-ability=0
persistent PP=8,2 status=0,0
growth level/xp/item=11/748/0,10/1058/0 stats maxHP/attack,maxHP/magic=38/26,30/15 foesHP=0,0
pattern trainer=857 turn=4 foePP=35,39 foeAtkDef=6,6 CarlAtk=5 foeLevel=9
support PP=40,37 Carl-defense=6 enemy-attack=6,6
party action uses=8,40 / 2,40
frame=75121 map=34.3 pos=2,4 flags=7
party=2 HP=38/38,30/30 battle=0 battlers=4 outcome=1 PP=3,0 trial=1 donut-ability=0
persistent PP=8,2 status=0,0
growth level/xp/item=11/748/0,10/1058/0 stats maxHP/attack,maxHP/magic=38/26,30/15 foesHP=0,0
pattern trainer=857 turn=4 foePP=35,39 foeAtkDef=6,6 CarlAtk=5 foeLevel=9
support PP=40,37 Carl-defense=6 enemy-attack=6,6
party action uses=8,40 / 2,40
PASS expect 34 3 2 4 7
frame=75285 map=34.3 pos=12,4 flags=7
party=2 HP=38/38,30/30 battle=0 battlers=4 outcome=1 PP=3,0 trial=1 donut-ability=0
persistent PP=8,2 status=0,0
growth level/xp/item=11/748/0,10/1058/0 stats maxHP/attack,maxHP/magic=38/26,30/15 foesHP=0,0
pattern trainer=857 turn=4 foePP=35,39 foeAtkDef=6,6 CarlAtk=5 foeLevel=9
support PP=40,37 Carl-defense=6 enemy-attack=6,6
party action uses=8,40 / 2,40
frame=75325 map=34.4 pos=2,4 flags=7
party=2 HP=38/38,30/30 battle=0 battlers=4 outcome=1 PP=3,0 trial=1 donut-ability=0
persistent PP=8,2 status=0,0
growth level/xp/item=11/748/0,10/1058/0 stats maxHP/attack,maxHP/magic=38/26,30/15 foesHP=0,0
pattern trainer=857 turn=4 foePP=35,39 foeAtkDef=6,6 CarlAtk=5 foeLevel=9
support PP=40,37 Carl-defense=6 enemy-attack=6,6
party action uses=8,40 / 2,40
frame=75505 map=34.4 pos=2,4 flags=7
party=2 HP=38/38,30/30 battle=0 battlers=4 outcome=1 PP=3,0 trial=1 donut-ability=0
persistent PP=8,2 status=0,0
growth level/xp/item=11/748/0,10/1058/0 stats maxHP/attack,maxHP/magic=38/26,30/15 foesHP=0,0
pattern trainer=857 turn=4 foePP=35,39 foeAtkDef=6,6 CarlAtk=5 foeLevel=9
support PP=40,37 Carl-defense=6 enemy-attack=6,6
party action uses=8,40 / 2,40
frame=75505 map=34.4 pos=2,4 flags=7
party=2 HP=38/38,30/30 battle=0 battlers=4 outcome=1 PP=3,0 trial=1 donut-ability=0
persistent PP=8,2 status=0,0
growth level/xp/item=11/748/0,10/1058/0 stats maxHP/attack,maxHP/magic=38/26,30/15 foesHP=0,0
pattern trainer=857 turn=4 foePP=35,39 foeAtkDef=6,6 CarlAtk=5 foeLevel=9
support PP=40,37 Carl-defense=6 enemy-attack=6,6
party action uses=8,40 / 2,40
PASS expect 34 4 2 4 7
frame=75589 map=34.4 pos=8,4 flags=7
party=2 HP=38/38,30/30 battle=0 battlers=4 outcome=1 PP=3,0 trial=1 donut-ability=0
persistent PP=8,2 status=0,0
growth level/xp/item=11/748/0,10/1058/0 stats maxHP/attack,maxHP/magic=38/26,30/15 foesHP=0,0
pattern trainer=857 turn=4 foePP=35,39 foeAtkDef=6,6 CarlAtk=5 foeLevel=9
support PP=40,37 Carl-defense=6 enemy-attack=6,6
party action uses=8,40 / 2,40
frame=75629 map=34.4 pos=8,4 flags=7
party=2 HP=38/38,30/30 battle=0 battlers=4 outcome=1 PP=3,0 trial=1 donut-ability=0
persistent PP=8,2 status=0,0
growth level/xp/item=11/748/0,10/1058/0 stats maxHP/attack,maxHP/magic=38/26,30/15 foesHP=0,0
pattern trainer=857 turn=4 foePP=35,39 foeAtkDef=6,6 CarlAtk=5 foeLevel=9
support PP=40,37 Carl-defense=6 enemy-attack=6,6
party action uses=8,40 / 2,40
frame=75649 map=34.4 pos=8,5 flags=7
party=2 HP=38/38,30/30 battle=0 battlers=4 outcome=1 PP=3,0 trial=1 donut-ability=0
persistent PP=8,2 status=0,0
growth level/xp/item=11/748/0,10/1058/0 stats maxHP/attack,maxHP/magic=38/26,30/15 foesHP=0,0
pattern trainer=857 turn=4 foePP=35,39 foeAtkDef=6,6 CarlAtk=5 foeLevel=9
support PP=40,37 Carl-defense=6 enemy-attack=6,6
party action uses=8,40 / 2,40
frame=75689 map=34.4 pos=8,5 flags=7
party=2 HP=38/38,30/30 battle=0 battlers=4 outcome=1 PP=3,0 trial=1 donut-ability=0
persistent PP=8,2 status=0,0
growth level/xp/item=11/748/0,10/1058/0 stats maxHP/attack,maxHP/magic=38/26,30/15 foesHP=0,0
pattern trainer=857 turn=4 foePP=35,39 foeAtkDef=6,6 CarlAtk=5 foeLevel=9
support PP=40,37 Carl-defense=6 enemy-attack=6,6
party action uses=8,40 / 2,40
frame=75689 map=34.4 pos=8,5 flags=7
party=2 HP=38/38,30/30 battle=0 battlers=4 outcome=1 PP=3,0 trial=1 donut-ability=0
persistent PP=8,2 status=0,0
growth level/xp/item=11/748/0,10/1058/0 stats maxHP/attack,maxHP/magic=38/26,30/15 foesHP=0,0
pattern trainer=857 turn=4 foePP=35,39 foeAtkDef=6,6 CarlAtk=5 foeLevel=9
support PP=40,37 Carl-defense=6 enemy-attack=6,6
party action uses=8,40 / 2,40
PASS expect 34 4 8 5 7
frame=75689 map=34.4 pos=8,5 flags=7
party=2 HP=38/38,30/30 battle=0 battlers=4 outcome=1 PP=3,0 trial=1 donut-ability=0
persistent PP=8,2 status=0,0
growth level/xp/item=11/748/0,10/1058/0 stats maxHP/attack,maxHP/magic=38/26,30/15 foesHP=0,0
PASS flag 40 0
pattern trainer=857 turn=4 foePP=35,39 foeAtkDef=6,6 CarlAtk=5 foeLevel=9
support PP=40,37 Carl-defense=6 enemy-attack=6,6
party action uses=8,40 / 2,40
frame=75689 map=34.4 pos=8,5 flags=7
party=2 HP=38/38,30/30 battle=0 battlers=4 outcome=1 PP=3,0 trial=1 donut-ability=0
persistent PP=8,2 status=0,0
growth level/xp/item=11/748/0,10/1058/0 stats maxHP/attack,maxHP/magic=38/26,30/15 foesHP=0,0
PASS flag 43 0
pattern trainer=857 turn=4 foePP=35,39 foeAtkDef=6,6 CarlAtk=5 foeLevel=9
support PP=40,37 Carl-defense=6 enemy-attack=6,6
party action uses=8,40 / 2,40
frame=75689 map=34.4 pos=8,5 flags=7
party=2 HP=38/38,30/30 battle=0 battlers=4 outcome=1 PP=3,0 trial=1 donut-ability=0
persistent PP=8,2 status=0,0
growth level/xp/item=11/748/0,10/1058/0 stats maxHP/attack,maxHP/magic=38/26,30/15 foesHP=0,0
PASS flag 47 0
pattern trainer=857 turn=4 foePP=35,39 foeAtkDef=6,6 CarlAtk=5 foeLevel=9
support PP=40,37 Carl-defense=6 enemy-attack=6,6
party action uses=8,40 / 2,40
frame=75689 map=34.4 pos=8,5 flags=7
party=2 HP=38/38,30/30 battle=0 battlers=4 outcome=1 PP=3,0 trial=1 donut-ability=0
persistent PP=8,2 status=0,0
growth level/xp/item=11/748/0,10/1058/0 stats maxHP/attack,maxHP/magic=38/26,30/15 foesHP=0,0
pattern trainer=857 turn=4 foePP=35,39 foeAtkDef=6,6 CarlAtk=5 foeLevel=9
support PP=40,37 Carl-defense=6 enemy-attack=6,6
party action uses=8,40 / 2,40
PASS expect 34 4 8 5 7
frame=75689 map=34.4 pos=8,5 flags=7
party=2 HP=38/38,30/30 battle=0 battlers=4 outcome=1 PP=3,0 trial=1 donut-ability=0
persistent PP=8,2 status=0,0
growth level/xp/item=11/748/0,10/1058/0 stats maxHP/attack,maxHP/magic=38/26,30/15 foesHP=0,0
PASS flag 46 1
pattern trainer=857 turn=4 foePP=35,39 foeAtkDef=6,6 CarlAtk=5 foeLevel=9
support PP=40,37 Carl-defense=6 enemy-attack=6,6
party action uses=8,40 / 2,40
frame=75689 map=34.4 pos=8,5 flags=7
party=2 HP=38/38,30/30 battle=0 battlers=4 outcome=1 PP=3,0 trial=1 donut-ability=0
persistent PP=8,2 status=0,0
growth level/xp/item=11/748/0,10/1058/0 stats maxHP/attack,maxHP/magic=38/26,30/15 foesHP=0,0
PASS flag 47 0
pattern trainer=857 turn=4 foePP=35,39 foeAtkDef=6,6 CarlAtk=5 foeLevel=9
support PP=40,37 Carl-defense=6 enemy-attack=6,6
party action uses=8,40 / 2,40
frame=75690 map=34.4 pos=8,5 flags=7
party=2 HP=38/38,30/30 battle=0 battlers=4 outcome=1 PP=3,0 trial=1 donut-ability=0
persistent PP=8,2 status=0,0
growth level/xp/item=11/748/0,10/1058/0 stats maxHP/attack,maxHP/magic=38/26,30/15 foesHP=0,0
pattern trainer=859 turn=4 foePP=35,39 foeAtkDef=6,6 CarlAtk=5 foeLevel=9
support PP=40,37 Carl-defense=6 enemy-attack=6,6
party action uses=8,40 / 2,40
frame=76090 map=34.4 pos=8,5 flags=7
party=2 HP=38/38,30/30 battle=0 battlers=4 outcome=1 PP=3,0 trial=1 donut-ability=0
persistent PP=8,2 status=0,0
growth level/xp/item=11/748/0,10/1058/0 stats maxHP/attack,maxHP/magic=38/26,30/15 foesHP=0,0
pattern trainer=859 turn=4 foePP=35,39 foeAtkDef=6,6 CarlAtk=5 foeLevel=9
support PP=40,37 Carl-defense=6 enemy-attack=6,6
party action uses=8,40 / 2,40
frame=76091 map=34.4 pos=8,5 flags=7
party=2 HP=38/38,30/30 battle=0 battlers=4 outcome=1 PP=3,0 trial=1 donut-ability=0
persistent PP=8,2 status=0,0
growth level/xp/item=11/748/0,10/1058/0 stats maxHP/attack,maxHP/magic=38/26,30/15 foesHP=0,0
pattern trainer=859 turn=4 foePP=35,39 foeAtkDef=6,6 CarlAtk=5 foeLevel=9
support PP=40,37 Carl-defense=6 enemy-attack=6,6
party action uses=8,40 / 2,40
frame=76491 map=34.4 pos=8,5 flags=7
party=2 HP=38/38,30/30 battle=0 battlers=4 outcome=1 PP=3,0 trial=1 donut-ability=0
persistent PP=8,2 status=0,0
growth level/xp/item=11/748/0,10/1058/0 stats maxHP/attack,maxHP/magic=38/26,30/15 foesHP=0,0
pattern trainer=859 turn=4 foePP=35,39 foeAtkDef=6,6 CarlAtk=5 foeLevel=9
support PP=40,37 Carl-defense=6 enemy-attack=6,6
party action uses=8,40 / 2,40
frame=76492 map=34.4 pos=8,5 flags=7
party=2 HP=38/38,30/30 battle=0 battlers=4 outcome=1 PP=3,0 trial=1 donut-ability=0
persistent PP=8,2 status=0,0
growth level/xp/item=11/748/0,10/1058/0 stats maxHP/attack,maxHP/magic=38/26,30/15 foesHP=0,0
pattern trainer=859 turn=4 foePP=35,39 foeAtkDef=6,6 CarlAtk=5 foeLevel=9
support PP=40,37 Carl-defense=6 enemy-attack=6,6
party action uses=8,40 / 2,40
frame=77392 map=34.4 pos=8,5 flags=7
party=2 HP=38/38,30/30 battle=1 battlers=4 outcome=0 PP=8,2 trial=1 donut-ability=0
persistent PP=8,2 status=0,0
growth level/xp/item=11/748/0,10/1058/0 stats maxHP/attack,maxHP/magic=38/26,30/15 foesHP=36,28
pattern trainer=859 turn=0 foePP=40,40 foeAtkDef=6,6 CarlAtk=6 foeLevel=10
support PP=40,40 Carl-defense=6 enemy-attack=6,6
party action uses=8,40 / 2,40
frame=77393 map=34.4 pos=8,5 flags=7
party=2 HP=38/38,30/30 battle=1 battlers=4 outcome=0 PP=8,2 trial=1 donut-ability=0
persistent PP=8,2 status=0,0
growth level/xp/item=11/748/0,10/1058/0 stats maxHP/attack,maxHP/magic=38/26,30/15 foesHP=36,28
pattern trainer=859 turn=0 foePP=40,40 foeAtkDef=6,6 CarlAtk=6 foeLevel=10
support PP=40,40 Carl-defense=6 enemy-attack=6,6
party action uses=8,40 / 2,40
frame=77993 map=34.4 pos=8,5 flags=7
party=2 HP=38/38,30/30 battle=1 battlers=4 outcome=0 PP=8,2 trial=1 donut-ability=0
persistent PP=8,2 status=0,0
growth level/xp/item=11/748/0,10/1058/0 stats maxHP/attack,maxHP/magic=38/26,30/15 foesHP=36,28
pattern trainer=859 turn=0 foePP=40,40 foeAtkDef=6,6 CarlAtk=6 foeLevel=10
support PP=40,40 Carl-defense=6 enemy-attack=6,6
party action uses=8,40 / 2,40
frame=77994 map=34.4 pos=8,5 flags=7
party=2 HP=38/38,30/30 battle=1 battlers=4 outcome=0 PP=8,2 trial=1 donut-ability=0
persistent PP=8,2 status=0,0
growth level/xp/item=11/748/0,10/1058/0 stats maxHP/attack,maxHP/magic=38/26,30/15 foesHP=36,28
pattern trainer=859 turn=0 foePP=40,40 foeAtkDef=6,6 CarlAtk=6 foeLevel=10
support PP=40,40 Carl-defense=6 enemy-attack=6,6
party action uses=8,40 / 2,40
frame=78594 map=34.4 pos=8,5 flags=7
party=2 HP=38/38,30/30 battle=1 battlers=4 outcome=0 PP=8,2 trial=1 donut-ability=0
persistent PP=8,2 status=0,0
growth level/xp/item=11/748/0,10/1058/0 stats maxHP/attack,maxHP/magic=38/26,30/15 foesHP=36,28
pattern trainer=859 turn=0 foePP=40,40 foeAtkDef=6,6 CarlAtk=6 foeLevel=10
support PP=40,40 Carl-defense=6 enemy-attack=6,6
party action uses=8,40 / 2,40
pilot frame=78594 turn=0 actor=0 menu=1 selection=0 key=1
pilot turn=0 HP=38,30 foeHP=36,28 foeAtk=6 foeDef=6 CarlAtk=6
pilot frame=78606 turn=0 actor=0 menu=2 selection=0 key=1
pilot frame=78618 turn=0 actor=0 menu=3 selection=1 key=1
pilot frame=78630 turn=0 actor=2 menu=1 selection=0 key=1
pilot frame=78642 turn=0 actor=2 menu=2 selection=0 key=1
pilot turn=1 HP=38,24 foeHP=22,22 foeAtk=7 foeDef=6 CarlAtk=6
pilot frame=79806 turn=1 actor=0 menu=1 selection=0 key=1
pilot frame=79818 turn=1 actor=0 menu=2 selection=0 key=1
pilot frame=79830 turn=1 actor=0 menu=3 selection=1 key=1
pilot frame=79842 turn=1 actor=2 menu=1 selection=0 key=1
pilot frame=79854 turn=1 actor=2 menu=2 selection=0 key=1
pilot turn=2 HP=18,19 foeHP=9,16 foeAtk=7 foeDef=6 CarlAtk=6
pilot frame=80754 turn=2 actor=0 menu=1 selection=0 key=1
pilot frame=80766 turn=2 actor=0 menu=2 selection=0 key=1
pilot frame=80778 turn=2 actor=0 menu=3 selection=1 key=1
pilot frame=80790 turn=2 actor=2 menu=1 selection=0 key=1
pilot frame=80802 turn=2 actor=2 menu=2 selection=1 key=16
pilot frame=80814 turn=2 actor=2 menu=2 selection=1 key=1
pilot turn=3 HP=8,19 foeHP=0,16 foeAtk=6 foeDef=6 CarlAtk=6
pilot frame=82446 turn=3 actor=0 menu=1 selection=0 key=1
pilot frame=82458 turn=3 actor=0 menu=2 selection=0 key=1
pilot frame=82470 turn=3 actor=0 menu=3 selection=3 key=1
pilot frame=82482 turn=3 actor=2 menu=1 selection=0 key=1
pilot frame=82494 turn=3 actor=2 menu=2 selection=1 key=1
pilot turn=4 HP=8,16 foeHP=0,2 foeAtk=6 foeDef=6 CarlAtk=6
pilot frame=83298 turn=4 actor=0 menu=1 selection=0 key=1
pilot frame=83310 turn=4 actor=0 menu=2 selection=0 key=1
pilot frame=83322 turn=4 actor=0 menu=3 selection=3 key=1
pilot frame=83334 turn=4 actor=2 menu=1 selection=0 key=1
pilot frame=83346 turn=4 actor=2 menu=2 selection=1 key=1
pilot completed policy=offensive frames=6327 outcome=1 incapacitation=0
frame=85161 map=34.4 pos=8,5 flags=7
party=2 HP=8/38,16/30 battle=0 battlers=4 outcome=1 PP=3,0 trial=1 donut-ability=0
persistent PP=3,0 status=0,0
growth level/xp/item=11/940/0,10/1250/0 stats maxHP/attack,maxHP/magic=38/26,30/15 foesHP=0,0
pattern trainer=859 turn=4 foePP=39,39 foeAtkDef=6,6 CarlAtk=6 foeLevel=10
support PP=40,37 Carl-defense=6 enemy-attack=6,6
party action uses=3,40 / 0,37
frame=85162 map=34.4 pos=8,5 flags=7
party=2 HP=8/38,16/30 battle=0 battlers=4 outcome=1 PP=3,0 trial=1 donut-ability=0
persistent PP=3,0 status=0,0
growth level/xp/item=11/940/0,10/1250/0 stats maxHP/attack,maxHP/magic=38/26,30/15 foesHP=0,0
pattern trainer=859 turn=4 foePP=39,39 foeAtkDef=6,6 CarlAtk=6 foeLevel=10
support PP=40,37 Carl-defense=6 enemy-attack=6,6
party action uses=3,40 / 0,37
frame=85562 map=34.4 pos=8,5 flags=7
party=2 HP=8/38,16/30 battle=0 battlers=4 outcome=1 PP=3,0 trial=1 donut-ability=0
persistent PP=3,0 status=0,0
growth level/xp/item=11/940/0,10/1250/0 stats maxHP/attack,maxHP/magic=38/26,30/15 foesHP=0,0
pattern trainer=859 turn=4 foePP=39,39 foeAtkDef=6,6 CarlAtk=6 foeLevel=10
support PP=40,37 Carl-defense=6 enemy-attack=6,6
party action uses=3,40 / 0,37
frame=85563 map=34.4 pos=8,5 flags=7
party=2 HP=8/38,16/30 battle=0 battlers=4 outcome=1 PP=3,0 trial=1 donut-ability=0
persistent PP=3,0 status=0,0
growth level/xp/item=11/940/0,10/1250/0 stats maxHP/attack,maxHP/magic=38/26,30/15 foesHP=0,0
pattern trainer=859 turn=4 foePP=39,39 foeAtkDef=6,6 CarlAtk=6 foeLevel=10
support PP=40,37 Carl-defense=6 enemy-attack=6,6
party action uses=3,40 / 0,37
frame=85963 map=34.4 pos=8,5 flags=7
party=2 HP=8/38,16/30 battle=0 battlers=4 outcome=1 PP=3,0 trial=1 donut-ability=0
persistent PP=3,0 status=0,0
growth level/xp/item=11/940/0,10/1250/0 stats maxHP/attack,maxHP/magic=38/26,30/15 foesHP=0,0
pattern trainer=859 turn=4 foePP=39,39 foeAtkDef=6,6 CarlAtk=6 foeLevel=10
support PP=40,37 Carl-defense=6 enemy-attack=6,6
party action uses=3,40 / 0,37
frame=85964 map=34.4 pos=8,5 flags=7
party=2 HP=8/38,16/30 battle=0 battlers=4 outcome=1 PP=3,0 trial=1 donut-ability=0
persistent PP=3,0 status=0,0
growth level/xp/item=11/940/0,10/1250/0 stats maxHP/attack,maxHP/magic=38/26,30/15 foesHP=0,0
pattern trainer=859 turn=4 foePP=39,39 foeAtkDef=6,6 CarlAtk=6 foeLevel=10
support PP=40,37 Carl-defense=6 enemy-attack=6,6
party action uses=3,40 / 0,37
frame=86364 map=34.4 pos=8,5 flags=7
party=2 HP=8/38,16/30 battle=0 battlers=4 outcome=1 PP=3,0 trial=1 donut-ability=0
persistent PP=3,0 status=0,0
growth level/xp/item=11/940/0,10/1250/0 stats maxHP/attack,maxHP/magic=38/26,30/15 foesHP=0,0
pattern trainer=859 turn=4 foePP=39,39 foeAtkDef=6,6 CarlAtk=6 foeLevel=10
support PP=40,37 Carl-defense=6 enemy-attack=6,6
party action uses=3,40 / 0,37
frame=86365 map=34.4 pos=8,5 flags=7
party=2 HP=8/38,16/30 battle=0 battlers=4 outcome=1 PP=3,0 trial=1 donut-ability=0
persistent PP=3,0 status=0,0
growth level/xp/item=11/940/0,10/1250/0 stats maxHP/attack,maxHP/magic=38/26,30/15 foesHP=0,0
pattern trainer=859 turn=4 foePP=39,39 foeAtkDef=6,6 CarlAtk=6 foeLevel=10
support PP=40,37 Carl-defense=6 enemy-attack=6,6
party action uses=3,40 / 0,37
frame=86485 map=34.4 pos=8,5 flags=7
party=2 HP=8/38,16/30 battle=0 battlers=4 outcome=1 PP=3,0 trial=1 donut-ability=0
persistent PP=3,0 status=0,0
growth level/xp/item=11/940/0,10/1250/0 stats maxHP/attack,maxHP/magic=38/26,30/15 foesHP=0,0
pattern trainer=859 turn=4 foePP=39,39 foeAtkDef=6,6 CarlAtk=6 foeLevel=10
support PP=40,37 Carl-defense=6 enemy-attack=6,6
party action uses=3,40 / 0,37
frame=86485 map=34.4 pos=8,5 flags=7
party=2 HP=8/38,16/30 battle=0 battlers=4 outcome=1 PP=3,0 trial=1 donut-ability=0
persistent PP=3,0 status=0,0
growth level/xp/item=11/940/0,10/1250/0 stats maxHP/attack,maxHP/magic=38/26,30/15 foesHP=0,0
PASS flag 47 1
pattern trainer=859 turn=4 foePP=39,39 foeAtkDef=6,6 CarlAtk=6 foeLevel=10
support PP=40,37 Carl-defense=6 enemy-attack=6,6
party action uses=3,40 / 0,37
frame=86485 map=34.4 pos=8,5 flags=7
party=2 HP=8/38,16/30 battle=0 battlers=4 outcome=1 PP=3,0 trial=1 donut-ability=0
persistent PP=3,0 status=0,0
growth level/xp/item=11/940/0,10/1250/0 stats maxHP/attack,maxHP/magic=38/26,30/15 foesHP=0,0
PASS flag 48 0
pattern trainer=859 turn=4 foePP=39,39 foeAtkDef=6,6 CarlAtk=6 foeLevel=10
support PP=40,37 Carl-defense=6 enemy-attack=6,6
party action uses=3,40 / 0,37
frame=86485 map=34.4 pos=8,5 flags=7
party=2 HP=8/38,16/30 battle=0 battlers=4 outcome=1 PP=3,0 trial=1 donut-ability=0
persistent PP=3,0 status=0,0
growth level/xp/item=11/940/0,10/1250/0 stats maxHP/attack,maxHP/magic=38/26,30/15 foesHP=0,0
PASS flag 2138 0
pattern trainer=859 turn=4 foePP=39,39 foeAtkDef=6,6 CarlAtk=6 foeLevel=10
support PP=40,37 Carl-defense=6 enemy-attack=6,6
party action uses=3,40 / 0,37
frame=86485 map=34.4 pos=8,5 flags=7
party=2 HP=8/38,16/30 battle=0 battlers=4 outcome=1 PP=3,0 trial=1 donut-ability=0
persistent PP=3,0 status=0,0
growth level/xp/item=11/940/0,10/1250/0 stats maxHP/attack,maxHP/magic=38/26,30/15 foesHP=0,0
PASS flag 2139 1
pattern trainer=859 turn=4 foePP=39,39 foeAtkDef=6,6 CarlAtk=6 foeLevel=10
support PP=40,37 Carl-defense=6 enemy-attack=6,6
party action uses=3,40 / 0,37
frame=86486 map=34.4 pos=8,5 flags=7
party=2 HP=8/38,16/30 battle=0 battlers=4 outcome=1 PP=3,0 trial=1 donut-ability=0
persistent PP=3,0 status=0,0
growth level/xp/item=11/940/0,10/1250/0 stats maxHP/attack,maxHP/magic=38/26,30/15 foesHP=0,0
pattern trainer=859 turn=4 foePP=39,39 foeAtkDef=6,6 CarlAtk=6 foeLevel=10
support PP=40,37 Carl-defense=6 enemy-attack=6,6
party action uses=3,40 / 0,37
frame=86886 map=34.4 pos=8,5 flags=7
party=2 HP=8/38,16/30 battle=0 battlers=4 outcome=1 PP=3,0 trial=1 donut-ability=0
persistent PP=3,0 status=0,0
growth level/xp/item=11/940/0,10/1250/0 stats maxHP/attack,maxHP/magic=38/26,30/15 foesHP=0,0
pattern trainer=859 turn=4 foePP=39,39 foeAtkDef=6,6 CarlAtk=6 foeLevel=10
support PP=40,37 Carl-defense=6 enemy-attack=6,6
party action uses=3,40 / 0,37
frame=86887 map=34.4 pos=8,5 flags=7
party=2 HP=8/38,16/30 battle=0 battlers=4 outcome=1 PP=3,0 trial=1 donut-ability=0
persistent PP=3,0 status=0,0
growth level/xp/item=11/940/0,10/1250/0 stats maxHP/attack,maxHP/magic=38/26,30/15 foesHP=0,0
pattern trainer=859 turn=4 foePP=39,39 foeAtkDef=6,6 CarlAtk=6 foeLevel=10
support PP=40,37 Carl-defense=6 enemy-attack=6,6
party action uses=3,40 / 0,37
frame=87007 map=34.4 pos=8,5 flags=7
party=2 HP=8/38,16/30 battle=0 battlers=4 outcome=1 PP=3,0 trial=1 donut-ability=0
persistent PP=3,0 status=0,0
growth level/xp/item=11/940/0,10/1250/0 stats maxHP/attack,maxHP/magic=38/26,30/15 foesHP=0,0
pattern trainer=859 turn=4 foePP=39,39 foeAtkDef=6,6 CarlAtk=6 foeLevel=10
support PP=40,37 Carl-defense=6 enemy-attack=6,6
party action uses=3,40 / 0,37
frame=87007 map=34.4 pos=8,5 flags=7
party=2 HP=8/38,16/30 battle=0 battlers=4 outcome=1 PP=3,0 trial=1 donut-ability=0
persistent PP=3,0 status=0,0
growth level/xp/item=11/940/0,10/1250/0 stats maxHP/attack,maxHP/magic=38/26,30/15 foesHP=0,0
pattern trainer=859 turn=4 foePP=39,39 foeAtkDef=6,6 CarlAtk=6 foeLevel=10
support PP=40,37 Carl-defense=6 enemy-attack=6,6
party action uses=3,40 / 0,37
PASS expect 34 4 8 5 7
frame=87007 map=34.4 pos=8,5 flags=7
party=2 HP=8/38,16/30 battle=0 battlers=4 outcome=1 PP=3,0 trial=1 donut-ability=0
persistent PP=3,0 status=0,0
growth level/xp/item=11/940/0,10/1250/0 stats maxHP/attack,maxHP/magic=38/26,30/15 foesHP=0,0
PASS flag 46 1
pattern trainer=859 turn=4 foePP=39,39 foeAtkDef=6,6 CarlAtk=6 foeLevel=10
support PP=40,37 Carl-defense=6 enemy-attack=6,6
party action uses=3,40 / 0,37
frame=87007 map=34.4 pos=8,5 flags=7
party=2 HP=8/38,16/30 battle=0 battlers=4 outcome=1 PP=3,0 trial=1 donut-ability=0
persistent PP=3,0 status=0,0
growth level/xp/item=11/940/0,10/1250/0 stats maxHP/attack,maxHP/magic=38/26,30/15 foesHP=0,0
PASS flag 47 1
pattern trainer=859 turn=4 foePP=39,39 foeAtkDef=6,6 CarlAtk=6 foeLevel=10
support PP=40,37 Carl-defense=6 enemy-attack=6,6
party action uses=3,40 / 0,37
frame=87007 map=34.4 pos=8,5 flags=7
party=2 HP=8/38,16/30 battle=0 battlers=4 outcome=1 PP=3,0 trial=1 donut-ability=0
persistent PP=3,0 status=0,0
growth level/xp/item=11/940/0,10/1250/0 stats maxHP/attack,maxHP/magic=38/26,30/15 foesHP=0,0
PASS flag 48 0
pattern trainer=859 turn=4 foePP=39,39 foeAtkDef=6,6 CarlAtk=6 foeLevel=10
support PP=40,37 Carl-defense=6 enemy-attack=6,6
party action uses=3,40 / 0,37
frame=87007 map=34.4 pos=8,5 flags=7
party=2 HP=8/38,16/30 battle=0 battlers=4 outcome=1 PP=3,0 trial=1 donut-ability=0
persistent PP=3,0 status=0,0
growth level/xp/item=11/940/0,10/1250/0 stats maxHP/attack,maxHP/magic=38/26,30/15 foesHP=0,0
PASS flag 2138 0
pattern trainer=859 turn=4 foePP=39,39 foeAtkDef=6,6 CarlAtk=6 foeLevel=10
support PP=40,37 Carl-defense=6 enemy-attack=6,6
party action uses=3,40 / 0,37
frame=87007 map=34.4 pos=8,5 flags=7
party=2 HP=8/38,16/30 battle=0 battlers=4 outcome=1 PP=3,0 trial=1 donut-ability=0
persistent PP=3,0 status=0,0
growth level/xp/item=11/940/0,10/1250/0 stats maxHP/attack,maxHP/magic=38/26,30/15 foesHP=0,0
PASS flag 2139 1
pattern trainer=859 turn=4 foePP=39,39 foeAtkDef=6,6 CarlAtk=6 foeLevel=10
support PP=40,37 Carl-defense=6 enemy-attack=6,6
party action uses=3,40 / 0,37
frame=87075 map=34.4 pos=12,5 flags=7
party=2 HP=8/38,16/30 battle=0 battlers=4 outcome=1 PP=3,0 trial=1 donut-ability=0
persistent PP=3,0 status=0,0
growth level/xp/item=11/940/0,10/1250/0 stats maxHP/attack,maxHP/magic=38/26,30/15 foesHP=0,0
pattern trainer=859 turn=4 foePP=39,39 foeAtkDef=6,6 CarlAtk=6 foeLevel=10
support PP=40,37 Carl-defense=6 enemy-attack=6,6
party action uses=3,40 / 0,37
frame=87115 map=34.4 pos=12,5 flags=7
party=2 HP=8/38,16/30 battle=0 battlers=4 outcome=1 PP=3,0 trial=1 donut-ability=0
persistent PP=3,0 status=0,0
growth level/xp/item=11/940/0,10/1250/0 stats maxHP/attack,maxHP/magic=38/26,30/15 foesHP=0,0
pattern trainer=859 turn=4 foePP=39,39 foeAtkDef=6,6 CarlAtk=6 foeLevel=10
support PP=40,37 Carl-defense=6 enemy-attack=6,6
party action uses=3,40 / 0,37
frame=87116 map=34.4 pos=12,5 flags=7
party=2 HP=8/38,16/30 battle=0 battlers=4 outcome=1 PP=3,0 trial=1 donut-ability=0
persistent PP=3,0 status=0,0
growth level/xp/item=11/940/0,10/1250/0 stats maxHP/attack,maxHP/magic=38/26,30/15 foesHP=0,0
pattern trainer=859 turn=4 foePP=39,39 foeAtkDef=6,6 CarlAtk=6 foeLevel=10
support PP=40,37 Carl-defense=6 enemy-attack=6,6
party action uses=3,40 / 0,37
frame=87156 map=34.4 pos=12,5 flags=7
party=2 HP=8/38,16/30 battle=0 battlers=4 outcome=1 PP=3,0 trial=1 donut-ability=0
persistent PP=3,0 status=0,0
growth level/xp/item=11/940/0,10/1250/0 stats maxHP/attack,maxHP/magic=38/26,30/15 foesHP=0,0
pattern trainer=859 turn=4 foePP=39,39 foeAtkDef=6,6 CarlAtk=6 foeLevel=10
support PP=40,37 Carl-defense=6 enemy-attack=6,6
party action uses=3,40 / 0,37
frame=87157 map=34.4 pos=12,5 flags=7
party=2 HP=8/38,16/30 battle=0 battlers=4 outcome=1 PP=3,0 trial=1 donut-ability=0
persistent PP=3,0 status=0,0
growth level/xp/item=11/940/0,10/1250/0 stats maxHP/attack,maxHP/magic=38/26,30/15 foesHP=0,0
pattern trainer=859 turn=4 foePP=39,39 foeAtkDef=6,6 CarlAtk=6 foeLevel=10
support PP=40,37 Carl-defense=6 enemy-attack=6,6
party action uses=3,40 / 0,37
frame=87557 map=34.4 pos=12,5 flags=7
party=2 HP=8/38,16/30 battle=0 battlers=4 outcome=1 PP=3,0 trial=1 donut-ability=0
persistent PP=3,0 status=0,0
growth level/xp/item=11/940/0,10/1250/0 stats maxHP/attack,maxHP/magic=38/26,30/15 foesHP=0,0
pattern trainer=859 turn=4 foePP=39,39 foeAtkDef=6,6 CarlAtk=6 foeLevel=10
support PP=40,37 Carl-defense=6 enemy-attack=6,6
party action uses=3,40 / 0,37
frame=87558 map=34.4 pos=12,5 flags=7
party=2 HP=8/38,16/30 battle=0 battlers=4 outcome=1 PP=3,0 trial=1 donut-ability=0
persistent PP=3,0 status=0,0
growth level/xp/item=11/940/0,10/1250/0 stats maxHP/attack,maxHP/magic=38/26,30/15 foesHP=0,0
pattern trainer=859 turn=4 foePP=39,39 foeAtkDef=6,6 CarlAtk=6 foeLevel=10
support PP=40,37 Carl-defense=6 enemy-attack=6,6
party action uses=3,40 / 0,37
frame=88158 map=34.5 pos=4,6 flags=7
party=2 HP=8/38,16/30 battle=0 battlers=4 outcome=1 PP=3,0 trial=1 donut-ability=0
persistent PP=3,0 status=0,0
growth level/xp/item=11/940/0,10/1250/0 stats maxHP/attack,maxHP/magic=38/26,30/15 foesHP=0,0
pattern trainer=859 turn=4 foePP=39,39 foeAtkDef=6,6 CarlAtk=6 foeLevel=10
support PP=40,37 Carl-defense=6 enemy-attack=6,6
party action uses=3,40 / 0,37
frame=88158 map=34.5 pos=4,6 flags=7
party=2 HP=8/38,16/30 battle=0 battlers=4 outcome=1 PP=3,0 trial=1 donut-ability=0
persistent PP=3,0 status=0,0
growth level/xp/item=11/940/0,10/1250/0 stats maxHP/attack,maxHP/magic=38/26,30/15 foesHP=0,0
pattern trainer=859 turn=4 foePP=39,39 foeAtkDef=6,6 CarlAtk=6 foeLevel=10
support PP=40,37 Carl-defense=6 enemy-attack=6,6
party action uses=3,40 / 0,37
PASS expect 34 5 4 6 7
frame=88158 map=34.5 pos=4,6 flags=7
party=2 HP=8/38,16/30 battle=0 battlers=4 outcome=1 PP=3,0 trial=1 donut-ability=0
persistent PP=3,0 status=0,0
growth level/xp/item=11/940/0,10/1250/0 stats maxHP/attack,maxHP/magic=38/26,30/15 foesHP=0,0
PASS flag 48 1
pattern trainer=859 turn=4 foePP=39,39 foeAtkDef=6,6 CarlAtk=6 foeLevel=10
support PP=40,37 Carl-defense=6 enemy-attack=6,6
party action uses=3,40 / 0,37
frame=88159 map=34.5 pos=4,6 flags=7
party=2 HP=8/38,16/30 battle=0 battlers=4 outcome=1 PP=3,0 trial=1 donut-ability=0
persistent PP=3,0 status=0,0
growth level/xp/item=11/940/0,10/1250/0 stats maxHP/attack,maxHP/magic=38/26,30/15 foesHP=0,0
pattern trainer=859 turn=4 foePP=39,39 foeAtkDef=6,6 CarlAtk=6 foeLevel=10
support PP=40,37 Carl-defense=6 enemy-attack=6,6
party action uses=3,40 / 0,37
frame=88559 map=34.5 pos=4,6 flags=7
party=2 HP=8/38,16/30 battle=0 battlers=4 outcome=1 PP=3,0 trial=1 donut-ability=0
persistent PP=3,0 status=0,0
growth level/xp/item=11/940/0,10/1250/0 stats maxHP/attack,maxHP/magic=38/26,30/15 foesHP=0,0
pattern trainer=859 turn=4 foePP=39,39 foeAtkDef=6,6 CarlAtk=6 foeLevel=10
support PP=40,37 Carl-defense=6 enemy-attack=6,6
party action uses=3,40 / 0,37
frame=88560 map=34.5 pos=4,6 flags=7
party=2 HP=8/38,16/30 battle=0 battlers=4 outcome=1 PP=3,0 trial=1 donut-ability=0
persistent PP=3,0 status=0,0
growth level/xp/item=11/940/0,10/1250/0 stats maxHP/attack,maxHP/magic=38/26,30/15 foesHP=0,0
pattern trainer=859 turn=4 foePP=39,39 foeAtkDef=6,6 CarlAtk=6 foeLevel=10
support PP=40,37 Carl-defense=6 enemy-attack=6,6
party action uses=3,40 / 0,37
frame=88960 map=34.5 pos=4,6 flags=7
party=2 HP=8/38,16/30 battle=0 battlers=4 outcome=1 PP=3,0 trial=1 donut-ability=0
persistent PP=3,0 status=0,0
growth level/xp/item=11/940/0,10/1250/0 stats maxHP/attack,maxHP/magic=38/26,30/15 foesHP=0,0
pattern trainer=859 turn=4 foePP=39,39 foeAtkDef=6,6 CarlAtk=6 foeLevel=10
support PP=40,37 Carl-defense=6 enemy-attack=6,6
party action uses=3,40 / 0,37
frame=88961 map=34.5 pos=4,6 flags=7
party=2 HP=8/38,16/30 battle=0 battlers=4 outcome=1 PP=3,0 trial=1 donut-ability=0
persistent PP=3,0 status=0,0
growth level/xp/item=11/940/0,10/1250/0 stats maxHP/attack,maxHP/magic=38/26,30/15 foesHP=0,0
pattern trainer=859 turn=4 foePP=39,39 foeAtkDef=6,6 CarlAtk=6 foeLevel=10
support PP=40,37 Carl-defense=6 enemy-attack=6,6
party action uses=3,40 / 0,37
frame=89081 map=34.5 pos=4,6 flags=7
party=2 HP=8/38,16/30 battle=0 battlers=4 outcome=1 PP=3,0 trial=1 donut-ability=0
persistent PP=3,0 status=0,0
growth level/xp/item=11/940/0,10/1250/0 stats maxHP/attack,maxHP/magic=38/26,30/15 foesHP=0,0
pattern trainer=859 turn=4 foePP=39,39 foeAtkDef=6,6 CarlAtk=6 foeLevel=10
support PP=40,37 Carl-defense=6 enemy-attack=6,6
party action uses=3,40 / 0,37
frame=89081 map=34.5 pos=4,6 flags=7
party=2 HP=8/38,16/30 battle=0 battlers=4 outcome=1 PP=3,0 trial=1 donut-ability=0
persistent PP=3,0 status=0,0
growth level/xp/item=11/940/0,10/1250/0 stats maxHP/attack,maxHP/magic=38/26,30/15 foesHP=0,0
pattern trainer=859 turn=4 foePP=39,39 foeAtkDef=6,6 CarlAtk=6 foeLevel=10
support PP=40,37 Carl-defense=6 enemy-attack=6,6
party action uses=3,40 / 0,37
PASS expect 34 5 4 6 7
frame=89081 map=34.5 pos=4,6 flags=7
party=2 HP=8/38,16/30 battle=0 battlers=4 outcome=1 PP=3,0 trial=1 donut-ability=0
persistent PP=3,0 status=0,0
growth level/xp/item=11/940/0,10/1250/0 stats maxHP/attack,maxHP/magic=38/26,30/15 foesHP=0,0
PASS flag 47 1
pattern trainer=859 turn=4 foePP=39,39 foeAtkDef=6,6 CarlAtk=6 foeLevel=10
support PP=40,37 Carl-defense=6 enemy-attack=6,6
party action uses=3,40 / 0,37
frame=89081 map=34.5 pos=4,6 flags=7
party=2 HP=8/38,16/30 battle=0 battlers=4 outcome=1 PP=3,0 trial=1 donut-ability=0
persistent PP=3,0 status=0,0
growth level/xp/item=11/940/0,10/1250/0 stats maxHP/attack,maxHP/magic=38/26,30/15 foesHP=0,0
PASS flag 48 1
pattern trainer=859 turn=4 foePP=39,39 foeAtkDef=6,6 CarlAtk=6 foeLevel=10
support PP=40,37 Carl-defense=6 enemy-attack=6,6
party action uses=3,40 / 0,37
frame=89081 map=34.5 pos=4,6 flags=7
party=2 HP=8/38,16/30 battle=0 battlers=4 outcome=1 PP=3,0 trial=1 donut-ability=0
persistent PP=3,0 status=0,0
growth level/xp/item=11/940/0,10/1250/0 stats maxHP/attack,maxHP/magic=38/26,30/15 foesHP=0,0
PASS flag 41 1
pattern trainer=859 turn=4 foePP=39,39 foeAtkDef=6,6 CarlAtk=6 foeLevel=10
support PP=40,37 Carl-defense=6 enemy-attack=6,6
party action uses=3,40 / 0,37
frame=89081 map=34.5 pos=4,6 flags=7
party=2 HP=8/38,16/30 battle=0 battlers=4 outcome=1 PP=3,0 trial=1 donut-ability=0
persistent PP=3,0 status=0,0
growth level/xp/item=11/940/0,10/1250/0 stats maxHP/attack,maxHP/magic=38/26,30/15 foesHP=0,0
PASS flag 42 0
pattern trainer=859 turn=4 foePP=39,39 foeAtkDef=6,6 CarlAtk=6 foeLevel=10
support PP=40,37 Carl-defense=6 enemy-attack=6,6
party action uses=3,40 / 0,37
frame=89081 map=34.5 pos=4,6 flags=7
party=2 HP=8/38,16/30 battle=0 battlers=4 outcome=1 PP=3,0 trial=1 donut-ability=0
persistent PP=3,0 status=0,0
growth level/xp/item=11/940/0,10/1250/0 stats maxHP/attack,maxHP/magic=38/26,30/15 foesHP=0,0
PASS flag 40 0
pattern trainer=859 turn=4 foePP=39,39 foeAtkDef=6,6 CarlAtk=6 foeLevel=10
support PP=40,37 Carl-defense=6 enemy-attack=6,6
party action uses=3,40 / 0,37
frame=89082 map=34.5 pos=4,6 flags=7
party=2 HP=8/38,16/30 battle=0 battlers=4 outcome=1 PP=3,0 trial=1 donut-ability=0
persistent PP=3,0 status=0,0
growth level/xp/item=11/940/0,10/1250/0 stats maxHP/attack,maxHP/magic=38/26,30/15 foesHP=0,0
pattern trainer=859 turn=4 foePP=39,39 foeAtkDef=6,6 CarlAtk=6 foeLevel=10
support PP=40,37 Carl-defense=6 enemy-attack=6,6
party action uses=3,40 / 0,37
frame=89202 map=34.5 pos=4,6 flags=7
party=2 HP=8/38,16/30 battle=0 battlers=4 outcome=1 PP=3,0 trial=1 donut-ability=0
persistent PP=3,0 status=0,0
growth level/xp/item=11/940/0,10/1250/0 stats maxHP/attack,maxHP/magic=38/26,30/15 foesHP=0,0
pattern trainer=859 turn=4 foePP=39,39 foeAtkDef=6,6 CarlAtk=6 foeLevel=10
support PP=40,37 Carl-defense=6 enemy-attack=6,6
party action uses=3,40 / 0,37
frame=89203 map=34.5 pos=4,6 flags=7
party=2 HP=8/38,16/30 battle=0 battlers=4 outcome=1 PP=3,0 trial=1 donut-ability=0
persistent PP=3,0 status=0,0
growth level/xp/item=11/940/0,10/1250/0 stats maxHP/attack,maxHP/magic=38/26,30/15 foesHP=0,0
pattern trainer=859 turn=4 foePP=39,39 foeAtkDef=6,6 CarlAtk=6 foeLevel=10
support PP=40,37 Carl-defense=6 enemy-attack=6,6
party action uses=3,40 / 0,37
frame=89223 map=34.5 pos=4,6 flags=7
party=2 HP=8/38,16/30 battle=0 battlers=4 outcome=1 PP=3,0 trial=1 donut-ability=0
persistent PP=3,0 status=0,0
growth level/xp/item=11/940/0,10/1250/0 stats maxHP/attack,maxHP/magic=38/26,30/15 foesHP=0,0
pattern trainer=859 turn=4 foePP=39,39 foeAtkDef=6,6 CarlAtk=6 foeLevel=10
support PP=40,37 Carl-defense=6 enemy-attack=6,6
party action uses=3,40 / 0,37
frame=89224 map=34.5 pos=4,6 flags=7
party=2 HP=8/38,16/30 battle=0 battlers=4 outcome=1 PP=3,0 trial=1 donut-ability=0
persistent PP=3,0 status=0,0
growth level/xp/item=11/940/0,10/1250/0 stats maxHP/attack,maxHP/magic=38/26,30/15 foesHP=0,0
pattern trainer=859 turn=4 foePP=39,39 foeAtkDef=6,6 CarlAtk=6 foeLevel=10
support PP=40,37 Carl-defense=6 enemy-attack=6,6
party action uses=3,40 / 0,37
frame=89384 map=34.5 pos=4,6 flags=7
party=2 HP=8/38,16/30 battle=0 battlers=4 outcome=1 PP=3,0 trial=1 donut-ability=0
persistent PP=3,0 status=0,0
growth level/xp/item=11/940/0,10/1250/0 stats maxHP/attack,maxHP/magic=38/26,30/15 foesHP=0,0
pattern trainer=859 turn=4 foePP=39,39 foeAtkDef=6,6 CarlAtk=6 foeLevel=10
support PP=40,37 Carl-defense=6 enemy-attack=6,6
party action uses=3,40 / 0,37
frame=89385 map=34.5 pos=4,6 flags=7
party=2 HP=8/38,16/30 battle=0 battlers=4 outcome=1 PP=3,0 trial=1 donut-ability=0
persistent PP=3,0 status=0,0
growth level/xp/item=11/940/0,10/1250/0 stats maxHP/attack,maxHP/magic=38/26,30/15 foesHP=0,0
pattern trainer=859 turn=4 foePP=39,39 foeAtkDef=6,6 CarlAtk=6 foeLevel=10
support PP=40,37 Carl-defense=6 enemy-attack=6,6
party action uses=3,40 / 0,37
frame=89985 map=34.5 pos=4,6 flags=7
party=2 HP=8/38,16/30 battle=0 battlers=4 outcome=1 PP=3,0 trial=1 donut-ability=0
persistent PP=3,0 status=0,0
growth level/xp/item=11/940/0,10/1250/0 stats maxHP/attack,maxHP/magic=38/26,30/15 foesHP=0,0
pattern trainer=859 turn=4 foePP=39,39 foeAtkDef=6,6 CarlAtk=6 foeLevel=10
support PP=40,37 Carl-defense=6 enemy-attack=6,6
party action uses=3,40 / 0,37
frame=89986 map=34.5 pos=4,6 flags=7
party=2 HP=8/38,16/30 battle=0 battlers=4 outcome=1 PP=3,0 trial=1 donut-ability=0
persistent PP=3,0 status=0,0
growth level/xp/item=11/940/0,10/1250/0 stats maxHP/attack,maxHP/magic=38/26,30/15 foesHP=0,0
pattern trainer=859 turn=4 foePP=39,39 foeAtkDef=6,6 CarlAtk=6 foeLevel=10
support PP=40,37 Carl-defense=6 enemy-attack=6,6
party action uses=3,40 / 0,37
frame=90586 map=34.5 pos=4,6 flags=7
party=2 HP=8/38,16/30 battle=0 battlers=4 outcome=1 PP=3,0 trial=1 donut-ability=0
persistent PP=3,0 status=0,0
growth level/xp/item=11/940/0,10/1250/0 stats maxHP/attack,maxHP/magic=38/26,30/15 foesHP=0,0
pattern trainer=859 turn=4 foePP=39,39 foeAtkDef=6,6 CarlAtk=6 foeLevel=10
support PP=40,37 Carl-defense=6 enemy-attack=6,6
party action uses=3,40 / 0,37
frame=90586 map=34.5 pos=4,6 flags=7
party=2 HP=8/38,16/30 battle=0 battlers=4 outcome=1 PP=3,0 trial=1 donut-ability=0
persistent PP=3,0 status=0,0
growth level/xp/item=11/940/0,10/1250/0 stats maxHP/attack,maxHP/magic=38/26,30/15 foesHP=0,0
pattern trainer=859 turn=4 foePP=39,39 foeAtkDef=6,6 CarlAtk=6 foeLevel=10
support PP=40,37 Carl-defense=6 enemy-attack=6,6
party action uses=3,40 / 0,37
PASS expect 34 5 4 6 7
result=0 assertions=127
