mGBA 0.10.5; 240x160; save=../motion.sav; read-only RAM diagnostics
frame=720 map=34.1 pos=4,7 flags=7
party=2 HP=33/33,28/28 battle=0 battlers=0 outcome=0 PP=0,0 trial=1 donut-ability=0
persistent PP=8,2 status=0,0
growth level/xp/item=9/495/0,9/805/0 stats maxHP/attack,maxHP/magic=33/23,28/14 foesHP=0,0
pattern trainer=0 turn=0 foePP=0,0 foeAtkDef=0,0 CarlAtk=0 foeLevel=0
support PP=0,0 Carl-defense=0 enemy-attack=0,0
party action uses=8,40 / 2,40
frame=721 map=34.1 pos=4,7 flags=7
party=2 HP=33/33,28/28 battle=0 battlers=0 outcome=0 PP=0,0 trial=1 donut-ability=0
persistent PP=8,2 status=0,0
growth level/xp/item=9/495/0,9/805/0 stats maxHP/attack,maxHP/magic=33/23,28/14 foesHP=0,0
pattern trainer=0 turn=0 foePP=0,0 foeAtkDef=0,0 CarlAtk=0 foeLevel=0
support PP=0,0 Carl-defense=0 enemy-attack=0,0
party action uses=8,40 / 2,40
frame=1081 map=34.1 pos=4,7 flags=7
party=2 HP=33/33,28/28 battle=0 battlers=0 outcome=0 PP=0,0 trial=1 donut-ability=0
persistent PP=8,2 status=0,0
growth level/xp/item=9/495/0,9/805/0 stats maxHP/attack,maxHP/magic=33/23,28/14 foesHP=0,0
pattern trainer=0 turn=0 foePP=0,0 foeAtkDef=0,0 CarlAtk=0 foeLevel=0
support PP=0,0 Carl-defense=0 enemy-attack=0,0
party action uses=8,40 / 2,40
frame=1082 map=34.1 pos=4,7 flags=7
party=2 HP=33/33,28/28 battle=0 battlers=0 outcome=0 PP=0,0 trial=1 donut-ability=0
persistent PP=8,2 status=0,0
growth level/xp/item=9/495/0,9/805/0 stats maxHP/attack,maxHP/magic=33/23,28/14 foesHP=0,0
pattern trainer=0 turn=0 foePP=0,0 foeAtkDef=0,0 CarlAtk=0 foeLevel=0
support PP=0,0 Carl-defense=0 enemy-attack=0,0
party action uses=8,40 / 2,40
frame=1262 map=34.1 pos=4,7 flags=7
party=2 HP=33/33,28/28 battle=0 battlers=0 outcome=0 PP=0,0 trial=1 donut-ability=0
persistent PP=8,2 status=0,0
growth level/xp/item=9/495/0,9/805/0 stats maxHP/attack,maxHP/magic=33/23,28/14 foesHP=0,0
pattern trainer=0 turn=0 foePP=0,0 foeAtkDef=0,0 CarlAtk=0 foeLevel=0
support PP=0,0 Carl-defense=0 enemy-attack=0,0
party action uses=8,40 / 2,40
frame=1263 map=34.1 pos=4,7 flags=7
party=2 HP=33/33,28/28 battle=0 battlers=0 outcome=0 PP=0,0 trial=1 donut-ability=0
persistent PP=8,2 status=0,0
growth level/xp/item=9/495/0,9/805/0 stats maxHP/attack,maxHP/magic=33/23,28/14 foesHP=0,0
pattern trainer=0 turn=0 foePP=0,0 foeAtkDef=0,0 CarlAtk=0 foeLevel=0
support PP=0,0 Carl-defense=0 enemy-attack=0,0
party action uses=8,40 / 2,40
frame=1443 map=34.1 pos=4,7 flags=7
party=2 HP=33/33,28/28 battle=0 battlers=0 outcome=0 PP=0,0 trial=1 donut-ability=0
persistent PP=8,2 status=0,0
growth level/xp/item=9/495/0,9/805/0 stats maxHP/attack,maxHP/magic=33/23,28/14 foesHP=0,0
pattern trainer=0 turn=0 foePP=0,0 foeAtkDef=0,0 CarlAtk=0 foeLevel=0
support PP=0,0 Carl-defense=0 enemy-attack=0,0
party action uses=8,40 / 2,40
frame=1444 map=34.1 pos=4,7 flags=7
party=2 HP=33/33,28/28 battle=0 battlers=0 outcome=0 PP=0,0 trial=1 donut-ability=0
persistent PP=8,2 status=0,0
growth level/xp/item=9/495/0,9/805/0 stats maxHP/attack,maxHP/magic=33/23,28/14 foesHP=0,0
pattern trainer=0 turn=0 foePP=0,0 foeAtkDef=0,0 CarlAtk=0 foeLevel=0
support PP=0,0 Carl-defense=0 enemy-attack=0,0
party action uses=8,40 / 2,40
frame=2044 map=34.1 pos=4,7 flags=7
party=2 HP=33/33,28/28 battle=0 battlers=0 outcome=0 PP=0,0 trial=1 donut-ability=0
persistent PP=8,2 status=0,0
growth level/xp/item=9/495/0,9/805/0 stats maxHP/attack,maxHP/magic=33/23,28/14 foesHP=0,0
pattern trainer=0 turn=0 foePP=0,0 foeAtkDef=0,0 CarlAtk=0 foeLevel=0
support PP=0,0 Carl-defense=0 enemy-attack=0,0
party action uses=8,40 / 2,40
frame=2044 map=34.1 pos=4,7 flags=7
party=2 HP=33/33,28/28 battle=0 battlers=0 outcome=0 PP=0,0 trial=1 donut-ability=0
persistent PP=8,2 status=0,0
growth level/xp/item=9/495/0,9/805/0 stats maxHP/attack,maxHP/magic=33/23,28/14 foesHP=0,0
pattern trainer=0 turn=0 foePP=0,0 foeAtkDef=0,0 CarlAtk=0 foeLevel=0
support PP=0,0 Carl-defense=0 enemy-attack=0,0
party action uses=8,40 / 2,40
PASS expect 34 1 4 7 7
frame=2045 map=34.1 pos=4,7 flags=7
party=2 HP=33/33,28/28 battle=0 battlers=0 outcome=0 PP=0,0 trial=1 donut-ability=0
persistent PP=8,2 status=0,0
growth level/xp/item=9/495/0,9/805/0 stats maxHP/attack,maxHP/magic=33/23,28/14 foesHP=0,0
pattern trainer=0 turn=0 foePP=0,0 foeAtkDef=0,0 CarlAtk=0 foeLevel=0
support PP=0,0 Carl-defense=0 enemy-attack=0,0
party action uses=8,40 / 2,40
frame=2046 map=34.1 pos=4,7 flags=7
party=2 HP=33/33,28/28 battle=0 battlers=0 outcome=0 PP=0,0 trial=1 donut-ability=0
persistent PP=8,2 status=0,0
growth level/xp/item=9/495/0,9/805/0 stats maxHP/attack,maxHP/magic=33/23,28/14 foesHP=0,0
pattern trainer=0 turn=0 foePP=0,0 foeAtkDef=0,0 CarlAtk=0 foeLevel=0
support PP=0,0 Carl-defense=0 enemy-attack=0,0
party action uses=8,40 / 2,40
frame=2047 map=34.1 pos=4,7 flags=7
party=2 HP=33/33,28/28 battle=0 battlers=0 outcome=0 PP=0,0 trial=1 donut-ability=0
persistent PP=8,2 status=0,0
growth level/xp/item=9/495/0,9/805/0 stats maxHP/attack,maxHP/magic=33/23,28/14 foesHP=0,0
pattern trainer=0 turn=0 foePP=0,0 foeAtkDef=0,0 CarlAtk=0 foeLevel=0
support PP=0,0 Carl-defense=0 enemy-attack=0,0
party action uses=8,40 / 2,40
frame=2048 map=34.1 pos=4,7 flags=7
party=2 HP=33/33,28/28 battle=0 battlers=0 outcome=0 PP=0,0 trial=1 donut-ability=0
persistent PP=8,2 status=0,0
growth level/xp/item=9/495/0,9/805/0 stats maxHP/attack,maxHP/magic=33/23,28/14 foesHP=0,0
pattern trainer=0 turn=0 foePP=0,0 foeAtkDef=0,0 CarlAtk=0 foeLevel=0
support PP=0,0 Carl-defense=0 enemy-attack=0,0
party action uses=8,40 / 2,40
frame=2049 map=34.1 pos=4,7 flags=7
party=2 HP=33/33,28/28 battle=0 battlers=0 outcome=0 PP=0,0 trial=1 donut-ability=0
persistent PP=8,2 status=0,0
growth level/xp/item=9/495/0,9/805/0 stats maxHP/attack,maxHP/magic=33/23,28/14 foesHP=0,0
pattern trainer=0 turn=0 foePP=0,0 foeAtkDef=0,0 CarlAtk=0 foeLevel=0
support PP=0,0 Carl-defense=0 enemy-attack=0,0
party action uses=8,40 / 2,40
frame=2050 map=34.1 pos=4,7 flags=7
party=2 HP=33/33,28/28 battle=0 battlers=0 outcome=0 PP=0,0 trial=1 donut-ability=0
persistent PP=8,2 status=0,0
growth level/xp/item=9/495/0,9/805/0 stats maxHP/attack,maxHP/magic=33/23,28/14 foesHP=0,0
pattern trainer=0 turn=0 foePP=0,0 foeAtkDef=0,0 CarlAtk=0 foeLevel=0
support PP=0,0 Carl-defense=0 enemy-attack=0,0
party action uses=8,40 / 2,40
frame=2051 map=34.1 pos=4,7 flags=7
party=2 HP=33/33,28/28 battle=0 battlers=0 outcome=0 PP=0,0 trial=1 donut-ability=0
persistent PP=8,2 status=0,0
growth level/xp/item=9/495/0,9/805/0 stats maxHP/attack,maxHP/magic=33/23,28/14 foesHP=0,0
pattern trainer=0 turn=0 foePP=0,0 foeAtkDef=0,0 CarlAtk=0 foeLevel=0
support PP=0,0 Carl-defense=0 enemy-attack=0,0
party action uses=8,40 / 2,40
frame=2052 map=34.1 pos=4,7 flags=7
party=2 HP=33/33,28/28 battle=0 battlers=0 outcome=0 PP=0,0 trial=1 donut-ability=0
persistent PP=8,2 status=0,0
growth level/xp/item=9/495/0,9/805/0 stats maxHP/attack,maxHP/magic=33/23,28/14 foesHP=0,0
pattern trainer=0 turn=0 foePP=0,0 foeAtkDef=0,0 CarlAtk=0 foeLevel=0
support PP=0,0 Carl-defense=0 enemy-attack=0,0
party action uses=8,40 / 2,40
frame=2053 map=34.1 pos=3,7 flags=7
party=2 HP=33/33,28/28 battle=0 battlers=0 outcome=0 PP=0,0 trial=1 donut-ability=0
persistent PP=8,2 status=0,0
growth level/xp/item=9/495/0,9/805/0 stats maxHP/attack,maxHP/magic=33/23,28/14 foesHP=0,0
pattern trainer=0 turn=0 foePP=0,0 foeAtkDef=0,0 CarlAtk=0 foeLevel=0
support PP=0,0 Carl-defense=0 enemy-attack=0,0
party action uses=8,40 / 2,40
frame=2054 map=34.1 pos=3,7 flags=7
party=2 HP=33/33,28/28 battle=0 battlers=0 outcome=0 PP=0,0 trial=1 donut-ability=0
persistent PP=8,2 status=0,0
growth level/xp/item=9/495/0,9/805/0 stats maxHP/attack,maxHP/magic=33/23,28/14 foesHP=0,0
pattern trainer=0 turn=0 foePP=0,0 foeAtkDef=0,0 CarlAtk=0 foeLevel=0
support PP=0,0 Carl-defense=0 enemy-attack=0,0
party action uses=8,40 / 2,40
frame=2055 map=34.1 pos=3,7 flags=7
party=2 HP=33/33,28/28 battle=0 battlers=0 outcome=0 PP=0,0 trial=1 donut-ability=0
persistent PP=8,2 status=0,0
growth level/xp/item=9/495/0,9/805/0 stats maxHP/attack,maxHP/magic=33/23,28/14 foesHP=0,0
pattern trainer=0 turn=0 foePP=0,0 foeAtkDef=0,0 CarlAtk=0 foeLevel=0
support PP=0,0 Carl-defense=0 enemy-attack=0,0
party action uses=8,40 / 2,40
frame=2056 map=34.1 pos=3,7 flags=7
party=2 HP=33/33,28/28 battle=0 battlers=0 outcome=0 PP=0,0 trial=1 donut-ability=0
persistent PP=8,2 status=0,0
growth level/xp/item=9/495/0,9/805/0 stats maxHP/attack,maxHP/magic=33/23,28/14 foesHP=0,0
pattern trainer=0 turn=0 foePP=0,0 foeAtkDef=0,0 CarlAtk=0 foeLevel=0
support PP=0,0 Carl-defense=0 enemy-attack=0,0
party action uses=8,40 / 2,40
frame=2057 map=34.1 pos=3,7 flags=7
party=2 HP=33/33,28/28 battle=0 battlers=0 outcome=0 PP=0,0 trial=1 donut-ability=0
persistent PP=8,2 status=0,0
growth level/xp/item=9/495/0,9/805/0 stats maxHP/attack,maxHP/magic=33/23,28/14 foesHP=0,0
pattern trainer=0 turn=0 foePP=0,0 foeAtkDef=0,0 CarlAtk=0 foeLevel=0
support PP=0,0 Carl-defense=0 enemy-attack=0,0
party action uses=8,40 / 2,40
frame=2058 map=34.1 pos=3,7 flags=7
party=2 HP=33/33,28/28 battle=0 battlers=0 outcome=0 PP=0,0 trial=1 donut-ability=0
persistent PP=8,2 status=0,0
growth level/xp/item=9/495/0,9/805/0 stats maxHP/attack,maxHP/magic=33/23,28/14 foesHP=0,0
pattern trainer=0 turn=0 foePP=0,0 foeAtkDef=0,0 CarlAtk=0 foeLevel=0
support PP=0,0 Carl-defense=0 enemy-attack=0,0
party action uses=8,40 / 2,40
frame=2059 map=34.1 pos=3,7 flags=7
party=2 HP=33/33,28/28 battle=0 battlers=0 outcome=0 PP=0,0 trial=1 donut-ability=0
persistent PP=8,2 status=0,0
growth level/xp/item=9/495/0,9/805/0 stats maxHP/attack,maxHP/magic=33/23,28/14 foesHP=0,0
pattern trainer=0 turn=0 foePP=0,0 foeAtkDef=0,0 CarlAtk=0 foeLevel=0
support PP=0,0 Carl-defense=0 enemy-attack=0,0
party action uses=8,40 / 2,40
frame=2060 map=34.1 pos=3,7 flags=7
party=2 HP=33/33,28/28 battle=0 battlers=0 outcome=0 PP=0,0 trial=1 donut-ability=0
persistent PP=8,2 status=0,0
growth level/xp/item=9/495/0,9/805/0 stats maxHP/attack,maxHP/magic=33/23,28/14 foesHP=0,0
pattern trainer=0 turn=0 foePP=0,0 foeAtkDef=0,0 CarlAtk=0 foeLevel=0
support PP=0,0 Carl-defense=0 enemy-attack=0,0
party action uses=8,40 / 2,40
frame=2061 map=34.1 pos=3,7 flags=7
party=2 HP=33/33,28/28 battle=0 battlers=0 outcome=0 PP=0,0 trial=1 donut-ability=0
persistent PP=8,2 status=0,0
growth level/xp/item=9/495/0,9/805/0 stats maxHP/attack,maxHP/magic=33/23,28/14 foesHP=0,0
pattern trainer=0 turn=0 foePP=0,0 foeAtkDef=0,0 CarlAtk=0 foeLevel=0
support PP=0,0 Carl-defense=0 enemy-attack=0,0
party action uses=8,40 / 2,40
frame=2062 map=34.1 pos=3,7 flags=7
party=2 HP=33/33,28/28 battle=0 battlers=0 outcome=0 PP=0,0 trial=1 donut-ability=0
persistent PP=8,2 status=0,0
growth level/xp/item=9/495/0,9/805/0 stats maxHP/attack,maxHP/magic=33/23,28/14 foesHP=0,0
pattern trainer=0 turn=0 foePP=0,0 foeAtkDef=0,0 CarlAtk=0 foeLevel=0
support PP=0,0 Carl-defense=0 enemy-attack=0,0
party action uses=8,40 / 2,40
frame=2063 map=34.1 pos=3,7 flags=7
party=2 HP=33/33,28/28 battle=0 battlers=0 outcome=0 PP=0,0 trial=1 donut-ability=0
persistent PP=8,2 status=0,0
growth level/xp/item=9/495/0,9/805/0 stats maxHP/attack,maxHP/magic=33/23,28/14 foesHP=0,0
pattern trainer=0 turn=0 foePP=0,0 foeAtkDef=0,0 CarlAtk=0 foeLevel=0
support PP=0,0 Carl-defense=0 enemy-attack=0,0
party action uses=8,40 / 2,40
frame=2064 map=34.1 pos=3,7 flags=7
party=2 HP=33/33,28/28 battle=0 battlers=0 outcome=0 PP=0,0 trial=1 donut-ability=0
persistent PP=8,2 status=0,0
growth level/xp/item=9/495/0,9/805/0 stats maxHP/attack,maxHP/magic=33/23,28/14 foesHP=0,0
pattern trainer=0 turn=0 foePP=0,0 foeAtkDef=0,0 CarlAtk=0 foeLevel=0
support PP=0,0 Carl-defense=0 enemy-attack=0,0
party action uses=8,40 / 2,40
frame=2065 map=34.1 pos=3,7 flags=7
party=2 HP=33/33,28/28 battle=0 battlers=0 outcome=0 PP=0,0 trial=1 donut-ability=0
persistent PP=8,2 status=0,0
growth level/xp/item=9/495/0,9/805/0 stats maxHP/attack,maxHP/magic=33/23,28/14 foesHP=0,0
pattern trainer=0 turn=0 foePP=0,0 foeAtkDef=0,0 CarlAtk=0 foeLevel=0
support PP=0,0 Carl-defense=0 enemy-attack=0,0
party action uses=8,40 / 2,40
frame=2066 map=34.1 pos=3,7 flags=7
party=2 HP=33/33,28/28 battle=0 battlers=0 outcome=0 PP=0,0 trial=1 donut-ability=0
persistent PP=8,2 status=0,0
growth level/xp/item=9/495/0,9/805/0 stats maxHP/attack,maxHP/magic=33/23,28/14 foesHP=0,0
pattern trainer=0 turn=0 foePP=0,0 foeAtkDef=0,0 CarlAtk=0 foeLevel=0
support PP=0,0 Carl-defense=0 enemy-attack=0,0
party action uses=8,40 / 2,40
frame=2067 map=34.1 pos=3,7 flags=7
party=2 HP=33/33,28/28 battle=0 battlers=0 outcome=0 PP=0,0 trial=1 donut-ability=0
persistent PP=8,2 status=0,0
growth level/xp/item=9/495/0,9/805/0 stats maxHP/attack,maxHP/magic=33/23,28/14 foesHP=0,0
pattern trainer=0 turn=0 foePP=0,0 foeAtkDef=0,0 CarlAtk=0 foeLevel=0
support PP=0,0 Carl-defense=0 enemy-attack=0,0
party action uses=8,40 / 2,40
frame=2068 map=34.1 pos=3,7 flags=7
party=2 HP=33/33,28/28 battle=0 battlers=0 outcome=0 PP=0,0 trial=1 donut-ability=0
persistent PP=8,2 status=0,0
growth level/xp/item=9/495/0,9/805/0 stats maxHP/attack,maxHP/magic=33/23,28/14 foesHP=0,0
pattern trainer=0 turn=0 foePP=0,0 foeAtkDef=0,0 CarlAtk=0 foeLevel=0
support PP=0,0 Carl-defense=0 enemy-attack=0,0
party action uses=8,40 / 2,40
frame=2069 map=34.1 pos=2,7 flags=7
party=2 HP=33/33,28/28 battle=0 battlers=0 outcome=0 PP=0,0 trial=1 donut-ability=0
persistent PP=8,2 status=0,0
growth level/xp/item=9/495/0,9/805/0 stats maxHP/attack,maxHP/magic=33/23,28/14 foesHP=0,0
pattern trainer=0 turn=0 foePP=0,0 foeAtkDef=0,0 CarlAtk=0 foeLevel=0
support PP=0,0 Carl-defense=0 enemy-attack=0,0
party action uses=8,40 / 2,40
frame=2070 map=34.1 pos=2,7 flags=7
party=2 HP=33/33,28/28 battle=0 battlers=0 outcome=0 PP=0,0 trial=1 donut-ability=0
persistent PP=8,2 status=0,0
growth level/xp/item=9/495/0,9/805/0 stats maxHP/attack,maxHP/magic=33/23,28/14 foesHP=0,0
pattern trainer=0 turn=0 foePP=0,0 foeAtkDef=0,0 CarlAtk=0 foeLevel=0
support PP=0,0 Carl-defense=0 enemy-attack=0,0
party action uses=8,40 / 2,40
frame=2071 map=34.1 pos=2,7 flags=7
party=2 HP=33/33,28/28 battle=0 battlers=0 outcome=0 PP=0,0 trial=1 donut-ability=0
persistent PP=8,2 status=0,0
growth level/xp/item=9/495/0,9/805/0 stats maxHP/attack,maxHP/magic=33/23,28/14 foesHP=0,0
pattern trainer=0 turn=0 foePP=0,0 foeAtkDef=0,0 CarlAtk=0 foeLevel=0
support PP=0,0 Carl-defense=0 enemy-attack=0,0
party action uses=8,40 / 2,40
frame=2072 map=34.1 pos=2,7 flags=7
party=2 HP=33/33,28/28 battle=0 battlers=0 outcome=0 PP=0,0 trial=1 donut-ability=0
persistent PP=8,2 status=0,0
growth level/xp/item=9/495/0,9/805/0 stats maxHP/attack,maxHP/magic=33/23,28/14 foesHP=0,0
pattern trainer=0 turn=0 foePP=0,0 foeAtkDef=0,0 CarlAtk=0 foeLevel=0
support PP=0,0 Carl-defense=0 enemy-attack=0,0
party action uses=8,40 / 2,40
frame=2073 map=34.1 pos=2,7 flags=7
party=2 HP=33/33,28/28 battle=0 battlers=0 outcome=0 PP=0,0 trial=1 donut-ability=0
persistent PP=8,2 status=0,0
growth level/xp/item=9/495/0,9/805/0 stats maxHP/attack,maxHP/magic=33/23,28/14 foesHP=0,0
pattern trainer=0 turn=0 foePP=0,0 foeAtkDef=0,0 CarlAtk=0 foeLevel=0
support PP=0,0 Carl-defense=0 enemy-attack=0,0
party action uses=8,40 / 2,40
frame=2074 map=34.1 pos=2,7 flags=7
party=2 HP=33/33,28/28 battle=0 battlers=0 outcome=0 PP=0,0 trial=1 donut-ability=0
persistent PP=8,2 status=0,0
growth level/xp/item=9/495/0,9/805/0 stats maxHP/attack,maxHP/magic=33/23,28/14 foesHP=0,0
pattern trainer=0 turn=0 foePP=0,0 foeAtkDef=0,0 CarlAtk=0 foeLevel=0
support PP=0,0 Carl-defense=0 enemy-attack=0,0
party action uses=8,40 / 2,40
frame=2075 map=34.1 pos=2,7 flags=7
party=2 HP=33/33,28/28 battle=0 battlers=0 outcome=0 PP=0,0 trial=1 donut-ability=0
persistent PP=8,2 status=0,0
growth level/xp/item=9/495/0,9/805/0 stats maxHP/attack,maxHP/magic=33/23,28/14 foesHP=0,0
pattern trainer=0 turn=0 foePP=0,0 foeAtkDef=0,0 CarlAtk=0 foeLevel=0
support PP=0,0 Carl-defense=0 enemy-attack=0,0
party action uses=8,40 / 2,40
frame=2076 map=34.1 pos=2,7 flags=7
party=2 HP=33/33,28/28 battle=0 battlers=0 outcome=0 PP=0,0 trial=1 donut-ability=0
persistent PP=8,2 status=0,0
growth level/xp/item=9/495/0,9/805/0 stats maxHP/attack,maxHP/magic=33/23,28/14 foesHP=0,0
pattern trainer=0 turn=0 foePP=0,0 foeAtkDef=0,0 CarlAtk=0 foeLevel=0
support PP=0,0 Carl-defense=0 enemy-attack=0,0
party action uses=8,40 / 2,40
frame=2077 map=34.1 pos=2,7 flags=7
party=2 HP=33/33,28/28 battle=0 battlers=0 outcome=0 PP=0,0 trial=1 donut-ability=0
persistent PP=8,2 status=0,0
growth level/xp/item=9/495/0,9/805/0 stats maxHP/attack,maxHP/magic=33/23,28/14 foesHP=0,0
pattern trainer=0 turn=0 foePP=0,0 foeAtkDef=0,0 CarlAtk=0 foeLevel=0
support PP=0,0 Carl-defense=0 enemy-attack=0,0
party action uses=8,40 / 2,40
frame=2078 map=34.1 pos=2,7 flags=7
party=2 HP=33/33,28/28 battle=0 battlers=0 outcome=0 PP=0,0 trial=1 donut-ability=0
persistent PP=8,2 status=0,0
growth level/xp/item=9/495/0,9/805/0 stats maxHP/attack,maxHP/magic=33/23,28/14 foesHP=0,0
pattern trainer=0 turn=0 foePP=0,0 foeAtkDef=0,0 CarlAtk=0 foeLevel=0
support PP=0,0 Carl-defense=0 enemy-attack=0,0
party action uses=8,40 / 2,40
frame=2079 map=34.1 pos=2,7 flags=7
party=2 HP=33/33,28/28 battle=0 battlers=0 outcome=0 PP=0,0 trial=1 donut-ability=0
persistent PP=8,2 status=0,0
growth level/xp/item=9/495/0,9/805/0 stats maxHP/attack,maxHP/magic=33/23,28/14 foesHP=0,0
pattern trainer=0 turn=0 foePP=0,0 foeAtkDef=0,0 CarlAtk=0 foeLevel=0
support PP=0,0 Carl-defense=0 enemy-attack=0,0
party action uses=8,40 / 2,40
frame=2080 map=34.1 pos=2,7 flags=7
party=2 HP=33/33,28/28 battle=0 battlers=0 outcome=0 PP=0,0 trial=1 donut-ability=0
persistent PP=8,2 status=0,0
growth level/xp/item=9/495/0,9/805/0 stats maxHP/attack,maxHP/magic=33/23,28/14 foesHP=0,0
pattern trainer=0 turn=0 foePP=0,0 foeAtkDef=0,0 CarlAtk=0 foeLevel=0
support PP=0,0 Carl-defense=0 enemy-attack=0,0
party action uses=8,40 / 2,40
frame=2081 map=34.1 pos=2,7 flags=7
party=2 HP=33/33,28/28 battle=0 battlers=0 outcome=0 PP=0,0 trial=1 donut-ability=0
persistent PP=8,2 status=0,0
growth level/xp/item=9/495/0,9/805/0 stats maxHP/attack,maxHP/magic=33/23,28/14 foesHP=0,0
pattern trainer=0 turn=0 foePP=0,0 foeAtkDef=0,0 CarlAtk=0 foeLevel=0
support PP=0,0 Carl-defense=0 enemy-attack=0,0
party action uses=8,40 / 2,40
frame=2082 map=34.1 pos=2,7 flags=7
party=2 HP=33/33,28/28 battle=0 battlers=0 outcome=0 PP=0,0 trial=1 donut-ability=0
persistent PP=8,2 status=0,0
growth level/xp/item=9/495/0,9/805/0 stats maxHP/attack,maxHP/magic=33/23,28/14 foesHP=0,0
pattern trainer=0 turn=0 foePP=0,0 foeAtkDef=0,0 CarlAtk=0 foeLevel=0
support PP=0,0 Carl-defense=0 enemy-attack=0,0
party action uses=8,40 / 2,40
frame=2083 map=34.1 pos=2,7 flags=7
party=2 HP=33/33,28/28 battle=0 battlers=0 outcome=0 PP=0,0 trial=1 donut-ability=0
persistent PP=8,2 status=0,0
growth level/xp/item=9/495/0,9/805/0 stats maxHP/attack,maxHP/magic=33/23,28/14 foesHP=0,0
pattern trainer=0 turn=0 foePP=0,0 foeAtkDef=0,0 CarlAtk=0 foeLevel=0
support PP=0,0 Carl-defense=0 enemy-attack=0,0
party action uses=8,40 / 2,40
frame=2084 map=34.1 pos=2,7 flags=7
party=2 HP=33/33,28/28 battle=0 battlers=0 outcome=0 PP=0,0 trial=1 donut-ability=0
persistent PP=8,2 status=0,0
growth level/xp/item=9/495/0,9/805/0 stats maxHP/attack,maxHP/magic=33/23,28/14 foesHP=0,0
pattern trainer=0 turn=0 foePP=0,0 foeAtkDef=0,0 CarlAtk=0 foeLevel=0
support PP=0,0 Carl-defense=0 enemy-attack=0,0
party action uses=8,40 / 2,40
frame=2085 map=34.1 pos=2,7 flags=7
party=2 HP=33/33,28/28 battle=0 battlers=0 outcome=0 PP=0,0 trial=1 donut-ability=0
persistent PP=8,2 status=0,0
growth level/xp/item=9/495/0,9/805/0 stats maxHP/attack,maxHP/magic=33/23,28/14 foesHP=0,0
pattern trainer=0 turn=0 foePP=0,0 foeAtkDef=0,0 CarlAtk=0 foeLevel=0
support PP=0,0 Carl-defense=0 enemy-attack=0,0
party action uses=8,40 / 2,40
frame=2086 map=34.1 pos=2,7 flags=7
party=2 HP=33/33,28/28 battle=0 battlers=0 outcome=0 PP=0,0 trial=1 donut-ability=0
persistent PP=8,2 status=0,0
growth level/xp/item=9/495/0,9/805/0 stats maxHP/attack,maxHP/magic=33/23,28/14 foesHP=0,0
pattern trainer=0 turn=0 foePP=0,0 foeAtkDef=0,0 CarlAtk=0 foeLevel=0
support PP=0,0 Carl-defense=0 enemy-attack=0,0
party action uses=8,40 / 2,40
frame=2087 map=34.1 pos=2,7 flags=7
party=2 HP=33/33,28/28 battle=0 battlers=0 outcome=0 PP=0,0 trial=1 donut-ability=0
persistent PP=8,2 status=0,0
growth level/xp/item=9/495/0,9/805/0 stats maxHP/attack,maxHP/magic=33/23,28/14 foesHP=0,0
pattern trainer=0 turn=0 foePP=0,0 foeAtkDef=0,0 CarlAtk=0 foeLevel=0
support PP=0,0 Carl-defense=0 enemy-attack=0,0
party action uses=8,40 / 2,40
frame=2088 map=34.1 pos=2,7 flags=7
party=2 HP=33/33,28/28 battle=0 battlers=0 outcome=0 PP=0,0 trial=1 donut-ability=0
persistent PP=8,2 status=0,0
growth level/xp/item=9/495/0,9/805/0 stats maxHP/attack,maxHP/magic=33/23,28/14 foesHP=0,0
pattern trainer=0 turn=0 foePP=0,0 foeAtkDef=0,0 CarlAtk=0 foeLevel=0
support PP=0,0 Carl-defense=0 enemy-attack=0,0
party action uses=8,40 / 2,40
frame=2089 map=34.1 pos=2,7 flags=7
party=2 HP=33/33,28/28 battle=0 battlers=0 outcome=0 PP=0,0 trial=1 donut-ability=0
persistent PP=8,2 status=0,0
growth level/xp/item=9/495/0,9/805/0 stats maxHP/attack,maxHP/magic=33/23,28/14 foesHP=0,0
pattern trainer=0 turn=0 foePP=0,0 foeAtkDef=0,0 CarlAtk=0 foeLevel=0
support PP=0,0 Carl-defense=0 enemy-attack=0,0
party action uses=8,40 / 2,40
frame=2090 map=34.1 pos=2,7 flags=7
party=2 HP=33/33,28/28 battle=0 battlers=0 outcome=0 PP=0,0 trial=1 donut-ability=0
persistent PP=8,2 status=0,0
growth level/xp/item=9/495/0,9/805/0 stats maxHP/attack,maxHP/magic=33/23,28/14 foesHP=0,0
pattern trainer=0 turn=0 foePP=0,0 foeAtkDef=0,0 CarlAtk=0 foeLevel=0
support PP=0,0 Carl-defense=0 enemy-attack=0,0
party action uses=8,40 / 2,40
frame=2091 map=34.1 pos=2,7 flags=7
party=2 HP=33/33,28/28 battle=0 battlers=0 outcome=0 PP=0,0 trial=1 donut-ability=0
persistent PP=8,2 status=0,0
growth level/xp/item=9/495/0,9/805/0 stats maxHP/attack,maxHP/magic=33/23,28/14 foesHP=0,0
pattern trainer=0 turn=0 foePP=0,0 foeAtkDef=0,0 CarlAtk=0 foeLevel=0
support PP=0,0 Carl-defense=0 enemy-attack=0,0
party action uses=8,40 / 2,40
frame=2092 map=34.1 pos=2,7 flags=7
party=2 HP=33/33,28/28 battle=0 battlers=0 outcome=0 PP=0,0 trial=1 donut-ability=0
persistent PP=8,2 status=0,0
growth level/xp/item=9/495/0,9/805/0 stats maxHP/attack,maxHP/magic=33/23,28/14 foesHP=0,0
pattern trainer=0 turn=0 foePP=0,0 foeAtkDef=0,0 CarlAtk=0 foeLevel=0
support PP=0,0 Carl-defense=0 enemy-attack=0,0
party action uses=8,40 / 2,40
frame=2093 map=34.1 pos=2,7 flags=7
party=2 HP=33/33,28/28 battle=0 battlers=0 outcome=0 PP=0,0 trial=1 donut-ability=0
persistent PP=8,2 status=0,0
growth level/xp/item=9/495/0,9/805/0 stats maxHP/attack,maxHP/magic=33/23,28/14 foesHP=0,0
pattern trainer=0 turn=0 foePP=0,0 foeAtkDef=0,0 CarlAtk=0 foeLevel=0
support PP=0,0 Carl-defense=0 enemy-attack=0,0
party action uses=8,40 / 2,40
frame=2094 map=34.1 pos=2,7 flags=7
party=2 HP=33/33,28/28 battle=0 battlers=0 outcome=0 PP=0,0 trial=1 donut-ability=0
persistent PP=8,2 status=0,0
growth level/xp/item=9/495/0,9/805/0 stats maxHP/attack,maxHP/magic=33/23,28/14 foesHP=0,0
pattern trainer=0 turn=0 foePP=0,0 foeAtkDef=0,0 CarlAtk=0 foeLevel=0
support PP=0,0 Carl-defense=0 enemy-attack=0,0
party action uses=8,40 / 2,40
frame=2095 map=34.1 pos=2,7 flags=7
party=2 HP=33/33,28/28 battle=0 battlers=0 outcome=0 PP=0,0 trial=1 donut-ability=0
persistent PP=8,2 status=0,0
growth level/xp/item=9/495/0,9/805/0 stats maxHP/attack,maxHP/magic=33/23,28/14 foesHP=0,0
pattern trainer=0 turn=0 foePP=0,0 foeAtkDef=0,0 CarlAtk=0 foeLevel=0
support PP=0,0 Carl-defense=0 enemy-attack=0,0
party action uses=8,40 / 2,40
frame=2096 map=34.1 pos=2,7 flags=7
party=2 HP=33/33,28/28 battle=0 battlers=0 outcome=0 PP=0,0 trial=1 donut-ability=0
persistent PP=8,2 status=0,0
growth level/xp/item=9/495/0,9/805/0 stats maxHP/attack,maxHP/magic=33/23,28/14 foesHP=0,0
pattern trainer=0 turn=0 foePP=0,0 foeAtkDef=0,0 CarlAtk=0 foeLevel=0
support PP=0,0 Carl-defense=0 enemy-attack=0,0
party action uses=8,40 / 2,40
frame=2097 map=34.1 pos=2,7 flags=7
party=2 HP=33/33,28/28 battle=0 battlers=0 outcome=0 PP=0,0 trial=1 donut-ability=0
persistent PP=8,2 status=0,0
growth level/xp/item=9/495/0,9/805/0 stats maxHP/attack,maxHP/magic=33/23,28/14 foesHP=0,0
pattern trainer=0 turn=0 foePP=0,0 foeAtkDef=0,0 CarlAtk=0 foeLevel=0
support PP=0,0 Carl-defense=0 enemy-attack=0,0
party action uses=8,40 / 2,40
frame=2098 map=34.1 pos=2,7 flags=7
party=2 HP=33/33,28/28 battle=0 battlers=0 outcome=0 PP=0,0 trial=1 donut-ability=0
persistent PP=8,2 status=0,0
growth level/xp/item=9/495/0,9/805/0 stats maxHP/attack,maxHP/magic=33/23,28/14 foesHP=0,0
pattern trainer=0 turn=0 foePP=0,0 foeAtkDef=0,0 CarlAtk=0 foeLevel=0
support PP=0,0 Carl-defense=0 enemy-attack=0,0
party action uses=8,40 / 2,40
frame=2099 map=34.1 pos=2,7 flags=7
party=2 HP=33/33,28/28 battle=0 battlers=0 outcome=0 PP=0,0 trial=1 donut-ability=0
persistent PP=8,2 status=0,0
growth level/xp/item=9/495/0,9/805/0 stats maxHP/attack,maxHP/magic=33/23,28/14 foesHP=0,0
pattern trainer=0 turn=0 foePP=0,0 foeAtkDef=0,0 CarlAtk=0 foeLevel=0
support PP=0,0 Carl-defense=0 enemy-attack=0,0
party action uses=8,40 / 2,40
frame=2100 map=34.1 pos=2,7 flags=7
party=2 HP=33/33,28/28 battle=0 battlers=0 outcome=0 PP=0,0 trial=1 donut-ability=0
persistent PP=8,2 status=0,0
growth level/xp/item=9/495/0,9/805/0 stats maxHP/attack,maxHP/magic=33/23,28/14 foesHP=0,0
pattern trainer=0 turn=0 foePP=0,0 foeAtkDef=0,0 CarlAtk=0 foeLevel=0
support PP=0,0 Carl-defense=0 enemy-attack=0,0
party action uses=8,40 / 2,40
frame=2101 map=34.1 pos=2,7 flags=7
party=2 HP=33/33,28/28 battle=0 battlers=0 outcome=0 PP=0,0 trial=1 donut-ability=0
persistent PP=8,2 status=0,0
growth level/xp/item=9/495/0,9/805/0 stats maxHP/attack,maxHP/magic=33/23,28/14 foesHP=0,0
pattern trainer=0 turn=0 foePP=0,0 foeAtkDef=0,0 CarlAtk=0 foeLevel=0
support PP=0,0 Carl-defense=0 enemy-attack=0,0
party action uses=8,40 / 2,40
frame=2102 map=34.1 pos=2,7 flags=7
party=2 HP=33/33,28/28 battle=0 battlers=0 outcome=0 PP=0,0 trial=1 donut-ability=0
persistent PP=8,2 status=0,0
growth level/xp/item=9/495/0,9/805/0 stats maxHP/attack,maxHP/magic=33/23,28/14 foesHP=0,0
pattern trainer=0 turn=0 foePP=0,0 foeAtkDef=0,0 CarlAtk=0 foeLevel=0
support PP=0,0 Carl-defense=0 enemy-attack=0,0
party action uses=8,40 / 2,40
frame=2103 map=34.1 pos=2,7 flags=7
party=2 HP=33/33,28/28 battle=0 battlers=0 outcome=0 PP=0,0 trial=1 donut-ability=0
persistent PP=8,2 status=0,0
growth level/xp/item=9/495/0,9/805/0 stats maxHP/attack,maxHP/magic=33/23,28/14 foesHP=0,0
pattern trainer=0 turn=0 foePP=0,0 foeAtkDef=0,0 CarlAtk=0 foeLevel=0
support PP=0,0 Carl-defense=0 enemy-attack=0,0
party action uses=8,40 / 2,40
frame=2104 map=34.1 pos=2,7 flags=7
party=2 HP=33/33,28/28 battle=0 battlers=0 outcome=0 PP=0,0 trial=1 donut-ability=0
persistent PP=8,2 status=0,0
growth level/xp/item=9/495/0,9/805/0 stats maxHP/attack,maxHP/magic=33/23,28/14 foesHP=0,0
pattern trainer=0 turn=0 foePP=0,0 foeAtkDef=0,0 CarlAtk=0 foeLevel=0
support PP=0,0 Carl-defense=0 enemy-attack=0,0
party action uses=8,40 / 2,40
frame=2105 map=34.1 pos=2,7 flags=7
party=2 HP=33/33,28/28 battle=0 battlers=0 outcome=0 PP=0,0 trial=1 donut-ability=0
persistent PP=8,2 status=0,0
growth level/xp/item=9/495/0,9/805/0 stats maxHP/attack,maxHP/magic=33/23,28/14 foesHP=0,0
pattern trainer=0 turn=0 foePP=0,0 foeAtkDef=0,0 CarlAtk=0 foeLevel=0
support PP=0,0 Carl-defense=0 enemy-attack=0,0
party action uses=8,40 / 2,40
frame=2106 map=34.1 pos=2,7 flags=7
party=2 HP=33/33,28/28 battle=0 battlers=0 outcome=0 PP=0,0 trial=1 donut-ability=0
persistent PP=8,2 status=0,0
growth level/xp/item=9/495/0,9/805/0 stats maxHP/attack,maxHP/magic=33/23,28/14 foesHP=0,0
pattern trainer=0 turn=0 foePP=0,0 foeAtkDef=0,0 CarlAtk=0 foeLevel=0
support PP=0,0 Carl-defense=0 enemy-attack=0,0
party action uses=8,40 / 2,40
frame=2107 map=34.1 pos=2,7 flags=7
party=2 HP=33/33,28/28 battle=0 battlers=0 outcome=0 PP=0,0 trial=1 donut-ability=0
persistent PP=8,2 status=0,0
growth level/xp/item=9/495/0,9/805/0 stats maxHP/attack,maxHP/magic=33/23,28/14 foesHP=0,0
pattern trainer=0 turn=0 foePP=0,0 foeAtkDef=0,0 CarlAtk=0 foeLevel=0
support PP=0,0 Carl-defense=0 enemy-attack=0,0
party action uses=8,40 / 2,40
frame=2108 map=34.1 pos=2,7 flags=7
party=2 HP=33/33,28/28 battle=0 battlers=0 outcome=0 PP=0,0 trial=1 donut-ability=0
persistent PP=8,2 status=0,0
growth level/xp/item=9/495/0,9/805/0 stats maxHP/attack,maxHP/magic=33/23,28/14 foesHP=0,0
pattern trainer=0 turn=0 foePP=0,0 foeAtkDef=0,0 CarlAtk=0 foeLevel=0
support PP=0,0 Carl-defense=0 enemy-attack=0,0
party action uses=8,40 / 2,40
frame=2109 map=34.1 pos=2,7 flags=7
party=2 HP=33/33,28/28 battle=0 battlers=0 outcome=0 PP=0,0 trial=1 donut-ability=0
persistent PP=8,2 status=0,0
growth level/xp/item=9/495/0,9/805/0 stats maxHP/attack,maxHP/magic=33/23,28/14 foesHP=0,0
pattern trainer=0 turn=0 foePP=0,0 foeAtkDef=0,0 CarlAtk=0 foeLevel=0
support PP=0,0 Carl-defense=0 enemy-attack=0,0
party action uses=8,40 / 2,40
frame=2110 map=34.1 pos=2,7 flags=7
party=2 HP=33/33,28/28 battle=0 battlers=0 outcome=0 PP=0,0 trial=1 donut-ability=0
persistent PP=8,2 status=0,0
growth level/xp/item=9/495/0,9/805/0 stats maxHP/attack,maxHP/magic=33/23,28/14 foesHP=0,0
pattern trainer=0 turn=0 foePP=0,0 foeAtkDef=0,0 CarlAtk=0 foeLevel=0
support PP=0,0 Carl-defense=0 enemy-attack=0,0
party action uses=8,40 / 2,40
frame=2111 map=34.1 pos=2,7 flags=7
party=2 HP=33/33,28/28 battle=0 battlers=0 outcome=0 PP=0,0 trial=1 donut-ability=0
persistent PP=8,2 status=0,0
growth level/xp/item=9/495/0,9/805/0 stats maxHP/attack,maxHP/magic=33/23,28/14 foesHP=0,0
pattern trainer=0 turn=0 foePP=0,0 foeAtkDef=0,0 CarlAtk=0 foeLevel=0
support PP=0,0 Carl-defense=0 enemy-attack=0,0
party action uses=8,40 / 2,40
frame=2112 map=34.1 pos=2,7 flags=7
party=2 HP=33/33,28/28 battle=0 battlers=0 outcome=0 PP=0,0 trial=1 donut-ability=0
persistent PP=8,2 status=0,0
growth level/xp/item=9/495/0,9/805/0 stats maxHP/attack,maxHP/magic=33/23,28/14 foesHP=0,0
pattern trainer=0 turn=0 foePP=0,0 foeAtkDef=0,0 CarlAtk=0 foeLevel=0
support PP=0,0 Carl-defense=0 enemy-attack=0,0
party action uses=8,40 / 2,40
frame=2113 map=34.1 pos=2,7 flags=7
party=2 HP=33/33,28/28 battle=0 battlers=0 outcome=0 PP=0,0 trial=1 donut-ability=0
persistent PP=8,2 status=0,0
growth level/xp/item=9/495/0,9/805/0 stats maxHP/attack,maxHP/magic=33/23,28/14 foesHP=0,0
pattern trainer=0 turn=0 foePP=0,0 foeAtkDef=0,0 CarlAtk=0 foeLevel=0
support PP=0,0 Carl-defense=0 enemy-attack=0,0
party action uses=8,40 / 2,40
frame=2114 map=34.1 pos=2,7 flags=7
party=2 HP=33/33,28/28 battle=0 battlers=0 outcome=0 PP=0,0 trial=1 donut-ability=0
persistent PP=8,2 status=0,0
growth level/xp/item=9/495/0,9/805/0 stats maxHP/attack,maxHP/magic=33/23,28/14 foesHP=0,0
pattern trainer=0 turn=0 foePP=0,0 foeAtkDef=0,0 CarlAtk=0 foeLevel=0
support PP=0,0 Carl-defense=0 enemy-attack=0,0
party action uses=8,40 / 2,40
frame=2115 map=34.1 pos=2,7 flags=7
party=2 HP=33/33,28/28 battle=0 battlers=0 outcome=0 PP=0,0 trial=1 donut-ability=0
persistent PP=8,2 status=0,0
growth level/xp/item=9/495/0,9/805/0 stats maxHP/attack,maxHP/magic=33/23,28/14 foesHP=0,0
pattern trainer=0 turn=0 foePP=0,0 foeAtkDef=0,0 CarlAtk=0 foeLevel=0
support PP=0,0 Carl-defense=0 enemy-attack=0,0
party action uses=8,40 / 2,40
frame=2116 map=34.1 pos=2,7 flags=7
party=2 HP=33/33,28/28 battle=0 battlers=0 outcome=0 PP=0,0 trial=1 donut-ability=0
persistent PP=8,2 status=0,0
growth level/xp/item=9/495/0,9/805/0 stats maxHP/attack,maxHP/magic=33/23,28/14 foesHP=0,0
pattern trainer=0 turn=0 foePP=0,0 foeAtkDef=0,0 CarlAtk=0 foeLevel=0
support PP=0,0 Carl-defense=0 enemy-attack=0,0
party action uses=8,40 / 2,40
frame=2117 map=34.1 pos=2,7 flags=7
party=2 HP=33/33,28/28 battle=0 battlers=0 outcome=0 PP=0,0 trial=1 donut-ability=0
persistent PP=8,2 status=0,0
growth level/xp/item=9/495/0,9/805/0 stats maxHP/attack,maxHP/magic=33/23,28/14 foesHP=0,0
pattern trainer=0 turn=0 foePP=0,0 foeAtkDef=0,0 CarlAtk=0 foeLevel=0
support PP=0,0 Carl-defense=0 enemy-attack=0,0
party action uses=8,40 / 2,40
frame=2118 map=34.1 pos=2,7 flags=7
party=2 HP=33/33,28/28 battle=0 battlers=0 outcome=0 PP=0,0 trial=1 donut-ability=0
persistent PP=8,2 status=0,0
growth level/xp/item=9/495/0,9/805/0 stats maxHP/attack,maxHP/magic=33/23,28/14 foesHP=0,0
pattern trainer=0 turn=0 foePP=0,0 foeAtkDef=0,0 CarlAtk=0 foeLevel=0
support PP=0,0 Carl-defense=0 enemy-attack=0,0
party action uses=8,40 / 2,40
frame=2119 map=34.1 pos=2,7 flags=7
party=2 HP=33/33,28/28 battle=0 battlers=0 outcome=0 PP=0,0 trial=1 donut-ability=0
persistent PP=8,2 status=0,0
growth level/xp/item=9/495/0,9/805/0 stats maxHP/attack,maxHP/magic=33/23,28/14 foesHP=0,0
pattern trainer=0 turn=0 foePP=0,0 foeAtkDef=0,0 CarlAtk=0 foeLevel=0
support PP=0,0 Carl-defense=0 enemy-attack=0,0
party action uses=8,40 / 2,40
frame=2120 map=34.1 pos=2,7 flags=7
party=2 HP=33/33,28/28 battle=0 battlers=0 outcome=0 PP=0,0 trial=1 donut-ability=0
persistent PP=8,2 status=0,0
growth level/xp/item=9/495/0,9/805/0 stats maxHP/attack,maxHP/magic=33/23,28/14 foesHP=0,0
pattern trainer=0 turn=0 foePP=0,0 foeAtkDef=0,0 CarlAtk=0 foeLevel=0
support PP=0,0 Carl-defense=0 enemy-attack=0,0
party action uses=8,40 / 2,40
frame=2120 map=34.1 pos=2,7 flags=7
party=2 HP=33/33,28/28 battle=0 battlers=0 outcome=0 PP=0,0 trial=1 donut-ability=0
persistent PP=8,2 status=0,0
growth level/xp/item=9/495/0,9/805/0 stats maxHP/attack,maxHP/magic=33/23,28/14 foesHP=0,0
pattern trainer=0 turn=0 foePP=0,0 foeAtkDef=0,0 CarlAtk=0 foeLevel=0
support PP=0,0 Carl-defense=0 enemy-attack=0,0
party action uses=8,40 / 2,40
PASS expect 34 1 2 7 7
frame=2121 map=34.1 pos=2,7 flags=7
party=2 HP=33/33,28/28 battle=0 battlers=0 outcome=0 PP=0,0 trial=1 donut-ability=0
persistent PP=8,2 status=0,0
growth level/xp/item=9/495/0,9/805/0 stats maxHP/attack,maxHP/magic=33/23,28/14 foesHP=0,0
pattern trainer=0 turn=0 foePP=0,0 foeAtkDef=0,0 CarlAtk=0 foeLevel=0
support PP=0,0 Carl-defense=0 enemy-attack=0,0
party action uses=8,40 / 2,40
frame=2122 map=34.1 pos=2,7 flags=7
party=2 HP=33/33,28/28 battle=0 battlers=0 outcome=0 PP=0,0 trial=1 donut-ability=0
persistent PP=8,2 status=0,0
growth level/xp/item=9/495/0,9/805/0 stats maxHP/attack,maxHP/magic=33/23,28/14 foesHP=0,0
pattern trainer=0 turn=0 foePP=0,0 foeAtkDef=0,0 CarlAtk=0 foeLevel=0
support PP=0,0 Carl-defense=0 enemy-attack=0,0
party action uses=8,40 / 2,40
frame=2123 map=34.1 pos=2,7 flags=7
party=2 HP=33/33,28/28 battle=0 battlers=0 outcome=0 PP=0,0 trial=1 donut-ability=0
persistent PP=8,2 status=0,0
growth level/xp/item=9/495/0,9/805/0 stats maxHP/attack,maxHP/magic=33/23,28/14 foesHP=0,0
pattern trainer=0 turn=0 foePP=0,0 foeAtkDef=0,0 CarlAtk=0 foeLevel=0
support PP=0,0 Carl-defense=0 enemy-attack=0,0
party action uses=8,40 / 2,40
frame=2124 map=34.1 pos=2,7 flags=7
party=2 HP=33/33,28/28 battle=0 battlers=0 outcome=0 PP=0,0 trial=1 donut-ability=0
persistent PP=8,2 status=0,0
growth level/xp/item=9/495/0,9/805/0 stats maxHP/attack,maxHP/magic=33/23,28/14 foesHP=0,0
pattern trainer=0 turn=0 foePP=0,0 foeAtkDef=0,0 CarlAtk=0 foeLevel=0
support PP=0,0 Carl-defense=0 enemy-attack=0,0
party action uses=8,40 / 2,40
frame=2125 map=34.1 pos=2,7 flags=7
party=2 HP=33/33,28/28 battle=0 battlers=0 outcome=0 PP=0,0 trial=1 donut-ability=0
persistent PP=8,2 status=0,0
growth level/xp/item=9/495/0,9/805/0 stats maxHP/attack,maxHP/magic=33/23,28/14 foesHP=0,0
pattern trainer=0 turn=0 foePP=0,0 foeAtkDef=0,0 CarlAtk=0 foeLevel=0
support PP=0,0 Carl-defense=0 enemy-attack=0,0
party action uses=8,40 / 2,40
frame=2126 map=34.1 pos=2,7 flags=7
party=2 HP=33/33,28/28 battle=0 battlers=0 outcome=0 PP=0,0 trial=1 donut-ability=0
persistent PP=8,2 status=0,0
growth level/xp/item=9/495/0,9/805/0 stats maxHP/attack,maxHP/magic=33/23,28/14 foesHP=0,0
pattern trainer=0 turn=0 foePP=0,0 foeAtkDef=0,0 CarlAtk=0 foeLevel=0
support PP=0,0 Carl-defense=0 enemy-attack=0,0
party action uses=8,40 / 2,40
frame=2127 map=34.1 pos=2,7 flags=7
party=2 HP=33/33,28/28 battle=0 battlers=0 outcome=0 PP=0,0 trial=1 donut-ability=0
persistent PP=8,2 status=0,0
growth level/xp/item=9/495/0,9/805/0 stats maxHP/attack,maxHP/magic=33/23,28/14 foesHP=0,0
pattern trainer=0 turn=0 foePP=0,0 foeAtkDef=0,0 CarlAtk=0 foeLevel=0
support PP=0,0 Carl-defense=0 enemy-attack=0,0
party action uses=8,40 / 2,40
frame=2128 map=34.1 pos=2,7 flags=7
party=2 HP=33/33,28/28 battle=0 battlers=0 outcome=0 PP=0,0 trial=1 donut-ability=0
persistent PP=8,2 status=0,0
growth level/xp/item=9/495/0,9/805/0 stats maxHP/attack,maxHP/magic=33/23,28/14 foesHP=0,0
pattern trainer=0 turn=0 foePP=0,0 foeAtkDef=0,0 CarlAtk=0 foeLevel=0
support PP=0,0 Carl-defense=0 enemy-attack=0,0
party action uses=8,40 / 2,40
frame=2129 map=34.1 pos=2,6 flags=7
party=2 HP=33/33,28/28 battle=0 battlers=0 outcome=0 PP=0,0 trial=1 donut-ability=0
persistent PP=8,2 status=0,0
growth level/xp/item=9/495/0,9/805/0 stats maxHP/attack,maxHP/magic=33/23,28/14 foesHP=0,0
pattern trainer=0 turn=0 foePP=0,0 foeAtkDef=0,0 CarlAtk=0 foeLevel=0
support PP=0,0 Carl-defense=0 enemy-attack=0,0
party action uses=8,40 / 2,40
frame=2130 map=34.1 pos=2,6 flags=7
party=2 HP=33/33,28/28 battle=0 battlers=0 outcome=0 PP=0,0 trial=1 donut-ability=0
persistent PP=8,2 status=0,0
growth level/xp/item=9/495/0,9/805/0 stats maxHP/attack,maxHP/magic=33/23,28/14 foesHP=0,0
pattern trainer=0 turn=0 foePP=0,0 foeAtkDef=0,0 CarlAtk=0 foeLevel=0
support PP=0,0 Carl-defense=0 enemy-attack=0,0
party action uses=8,40 / 2,40
frame=2131 map=34.1 pos=2,6 flags=7
party=2 HP=33/33,28/28 battle=0 battlers=0 outcome=0 PP=0,0 trial=1 donut-ability=0
persistent PP=8,2 status=0,0
growth level/xp/item=9/495/0,9/805/0 stats maxHP/attack,maxHP/magic=33/23,28/14 foesHP=0,0
pattern trainer=0 turn=0 foePP=0,0 foeAtkDef=0,0 CarlAtk=0 foeLevel=0
support PP=0,0 Carl-defense=0 enemy-attack=0,0
party action uses=8,40 / 2,40
frame=2132 map=34.1 pos=2,6 flags=7
party=2 HP=33/33,28/28 battle=0 battlers=0 outcome=0 PP=0,0 trial=1 donut-ability=0
persistent PP=8,2 status=0,0
growth level/xp/item=9/495/0,9/805/0 stats maxHP/attack,maxHP/magic=33/23,28/14 foesHP=0,0
pattern trainer=0 turn=0 foePP=0,0 foeAtkDef=0,0 CarlAtk=0 foeLevel=0
support PP=0,0 Carl-defense=0 enemy-attack=0,0
party action uses=8,40 / 2,40
frame=2133 map=34.1 pos=2,6 flags=7
party=2 HP=33/33,28/28 battle=0 battlers=0 outcome=0 PP=0,0 trial=1 donut-ability=0
persistent PP=8,2 status=0,0
growth level/xp/item=9/495/0,9/805/0 stats maxHP/attack,maxHP/magic=33/23,28/14 foesHP=0,0
pattern trainer=0 turn=0 foePP=0,0 foeAtkDef=0,0 CarlAtk=0 foeLevel=0
support PP=0,0 Carl-defense=0 enemy-attack=0,0
party action uses=8,40 / 2,40
frame=2134 map=34.1 pos=2,6 flags=7
party=2 HP=33/33,28/28 battle=0 battlers=0 outcome=0 PP=0,0 trial=1 donut-ability=0
persistent PP=8,2 status=0,0
growth level/xp/item=9/495/0,9/805/0 stats maxHP/attack,maxHP/magic=33/23,28/14 foesHP=0,0
pattern trainer=0 turn=0 foePP=0,0 foeAtkDef=0,0 CarlAtk=0 foeLevel=0
support PP=0,0 Carl-defense=0 enemy-attack=0,0
party action uses=8,40 / 2,40
frame=2135 map=34.1 pos=2,6 flags=7
party=2 HP=33/33,28/28 battle=0 battlers=0 outcome=0 PP=0,0 trial=1 donut-ability=0
persistent PP=8,2 status=0,0
growth level/xp/item=9/495/0,9/805/0 stats maxHP/attack,maxHP/magic=33/23,28/14 foesHP=0,0
pattern trainer=0 turn=0 foePP=0,0 foeAtkDef=0,0 CarlAtk=0 foeLevel=0
support PP=0,0 Carl-defense=0 enemy-attack=0,0
party action uses=8,40 / 2,40
frame=2136 map=34.1 pos=2,6 flags=7
party=2 HP=33/33,28/28 battle=0 battlers=0 outcome=0 PP=0,0 trial=1 donut-ability=0
persistent PP=8,2 status=0,0
growth level/xp/item=9/495/0,9/805/0 stats maxHP/attack,maxHP/magic=33/23,28/14 foesHP=0,0
pattern trainer=0 turn=0 foePP=0,0 foeAtkDef=0,0 CarlAtk=0 foeLevel=0
support PP=0,0 Carl-defense=0 enemy-attack=0,0
party action uses=8,40 / 2,40
frame=2137 map=34.1 pos=2,6 flags=7
party=2 HP=33/33,28/28 battle=0 battlers=0 outcome=0 PP=0,0 trial=1 donut-ability=0
persistent PP=8,2 status=0,0
growth level/xp/item=9/495/0,9/805/0 stats maxHP/attack,maxHP/magic=33/23,28/14 foesHP=0,0
pattern trainer=0 turn=0 foePP=0,0 foeAtkDef=0,0 CarlAtk=0 foeLevel=0
support PP=0,0 Carl-defense=0 enemy-attack=0,0
party action uses=8,40 / 2,40
frame=2138 map=34.1 pos=2,6 flags=7
party=2 HP=33/33,28/28 battle=0 battlers=0 outcome=0 PP=0,0 trial=1 donut-ability=0
persistent PP=8,2 status=0,0
growth level/xp/item=9/495/0,9/805/0 stats maxHP/attack,maxHP/magic=33/23,28/14 foesHP=0,0
pattern trainer=0 turn=0 foePP=0,0 foeAtkDef=0,0 CarlAtk=0 foeLevel=0
support PP=0,0 Carl-defense=0 enemy-attack=0,0
party action uses=8,40 / 2,40
frame=2139 map=34.1 pos=2,6 flags=7
party=2 HP=33/33,28/28 battle=0 battlers=0 outcome=0 PP=0,0 trial=1 donut-ability=0
persistent PP=8,2 status=0,0
growth level/xp/item=9/495/0,9/805/0 stats maxHP/attack,maxHP/magic=33/23,28/14 foesHP=0,0
pattern trainer=0 turn=0 foePP=0,0 foeAtkDef=0,0 CarlAtk=0 foeLevel=0
support PP=0,0 Carl-defense=0 enemy-attack=0,0
party action uses=8,40 / 2,40
frame=2140 map=34.1 pos=2,6 flags=7
party=2 HP=33/33,28/28 battle=0 battlers=0 outcome=0 PP=0,0 trial=1 donut-ability=0
persistent PP=8,2 status=0,0
growth level/xp/item=9/495/0,9/805/0 stats maxHP/attack,maxHP/magic=33/23,28/14 foesHP=0,0
pattern trainer=0 turn=0 foePP=0,0 foeAtkDef=0,0 CarlAtk=0 foeLevel=0
support PP=0,0 Carl-defense=0 enemy-attack=0,0
party action uses=8,40 / 2,40
frame=2141 map=34.1 pos=2,6 flags=7
party=2 HP=33/33,28/28 battle=0 battlers=0 outcome=0 PP=0,0 trial=1 donut-ability=0
persistent PP=8,2 status=0,0
growth level/xp/item=9/495/0,9/805/0 stats maxHP/attack,maxHP/magic=33/23,28/14 foesHP=0,0
pattern trainer=0 turn=0 foePP=0,0 foeAtkDef=0,0 CarlAtk=0 foeLevel=0
support PP=0,0 Carl-defense=0 enemy-attack=0,0
party action uses=8,40 / 2,40
frame=2142 map=34.1 pos=2,6 flags=7
party=2 HP=33/33,28/28 battle=0 battlers=0 outcome=0 PP=0,0 trial=1 donut-ability=0
persistent PP=8,2 status=0,0
growth level/xp/item=9/495/0,9/805/0 stats maxHP/attack,maxHP/magic=33/23,28/14 foesHP=0,0
pattern trainer=0 turn=0 foePP=0,0 foeAtkDef=0,0 CarlAtk=0 foeLevel=0
support PP=0,0 Carl-defense=0 enemy-attack=0,0
party action uses=8,40 / 2,40
frame=2143 map=34.1 pos=2,6 flags=7
party=2 HP=33/33,28/28 battle=0 battlers=0 outcome=0 PP=0,0 trial=1 donut-ability=0
persistent PP=8,2 status=0,0
growth level/xp/item=9/495/0,9/805/0 stats maxHP/attack,maxHP/magic=33/23,28/14 foesHP=0,0
pattern trainer=0 turn=0 foePP=0,0 foeAtkDef=0,0 CarlAtk=0 foeLevel=0
support PP=0,0 Carl-defense=0 enemy-attack=0,0
party action uses=8,40 / 2,40
frame=2144 map=34.1 pos=2,6 flags=7
party=2 HP=33/33,28/28 battle=0 battlers=0 outcome=0 PP=0,0 trial=1 donut-ability=0
persistent PP=8,2 status=0,0
growth level/xp/item=9/495/0,9/805/0 stats maxHP/attack,maxHP/magic=33/23,28/14 foesHP=0,0
pattern trainer=0 turn=0 foePP=0,0 foeAtkDef=0,0 CarlAtk=0 foeLevel=0
support PP=0,0 Carl-defense=0 enemy-attack=0,0
party action uses=8,40 / 2,40
frame=2145 map=34.1 pos=2,6 flags=7
party=2 HP=33/33,28/28 battle=0 battlers=0 outcome=0 PP=0,0 trial=1 donut-ability=0
persistent PP=8,2 status=0,0
growth level/xp/item=9/495/0,9/805/0 stats maxHP/attack,maxHP/magic=33/23,28/14 foesHP=0,0
pattern trainer=0 turn=0 foePP=0,0 foeAtkDef=0,0 CarlAtk=0 foeLevel=0
support PP=0,0 Carl-defense=0 enemy-attack=0,0
party action uses=8,40 / 2,40
frame=2146 map=34.1 pos=2,6 flags=7
party=2 HP=33/33,28/28 battle=0 battlers=0 outcome=0 PP=0,0 trial=1 donut-ability=0
persistent PP=8,2 status=0,0
growth level/xp/item=9/495/0,9/805/0 stats maxHP/attack,maxHP/magic=33/23,28/14 foesHP=0,0
pattern trainer=0 turn=0 foePP=0,0 foeAtkDef=0,0 CarlAtk=0 foeLevel=0
support PP=0,0 Carl-defense=0 enemy-attack=0,0
party action uses=8,40 / 2,40
frame=2147 map=34.1 pos=2,6 flags=7
party=2 HP=33/33,28/28 battle=0 battlers=0 outcome=0 PP=0,0 trial=1 donut-ability=0
persistent PP=8,2 status=0,0
growth level/xp/item=9/495/0,9/805/0 stats maxHP/attack,maxHP/magic=33/23,28/14 foesHP=0,0
pattern trainer=0 turn=0 foePP=0,0 foeAtkDef=0,0 CarlAtk=0 foeLevel=0
support PP=0,0 Carl-defense=0 enemy-attack=0,0
party action uses=8,40 / 2,40
frame=2148 map=34.1 pos=2,6 flags=7
party=2 HP=33/33,28/28 battle=0 battlers=0 outcome=0 PP=0,0 trial=1 donut-ability=0
persistent PP=8,2 status=0,0
growth level/xp/item=9/495/0,9/805/0 stats maxHP/attack,maxHP/magic=33/23,28/14 foesHP=0,0
pattern trainer=0 turn=0 foePP=0,0 foeAtkDef=0,0 CarlAtk=0 foeLevel=0
support PP=0,0 Carl-defense=0 enemy-attack=0,0
party action uses=8,40 / 2,40
frame=2149 map=34.1 pos=2,6 flags=7
party=2 HP=33/33,28/28 battle=0 battlers=0 outcome=0 PP=0,0 trial=1 donut-ability=0
persistent PP=8,2 status=0,0
growth level/xp/item=9/495/0,9/805/0 stats maxHP/attack,maxHP/magic=33/23,28/14 foesHP=0,0
pattern trainer=0 turn=0 foePP=0,0 foeAtkDef=0,0 CarlAtk=0 foeLevel=0
support PP=0,0 Carl-defense=0 enemy-attack=0,0
party action uses=8,40 / 2,40
frame=2150 map=34.1 pos=2,6 flags=7
party=2 HP=33/33,28/28 battle=0 battlers=0 outcome=0 PP=0,0 trial=1 donut-ability=0
persistent PP=8,2 status=0,0
growth level/xp/item=9/495/0,9/805/0 stats maxHP/attack,maxHP/magic=33/23,28/14 foesHP=0,0
pattern trainer=0 turn=0 foePP=0,0 foeAtkDef=0,0 CarlAtk=0 foeLevel=0
support PP=0,0 Carl-defense=0 enemy-attack=0,0
party action uses=8,40 / 2,40
frame=2151 map=34.1 pos=2,6 flags=7
party=2 HP=33/33,28/28 battle=0 battlers=0 outcome=0 PP=0,0 trial=1 donut-ability=0
persistent PP=8,2 status=0,0
growth level/xp/item=9/495/0,9/805/0 stats maxHP/attack,maxHP/magic=33/23,28/14 foesHP=0,0
pattern trainer=0 turn=0 foePP=0,0 foeAtkDef=0,0 CarlAtk=0 foeLevel=0
support PP=0,0 Carl-defense=0 enemy-attack=0,0
party action uses=8,40 / 2,40
frame=2152 map=34.1 pos=2,6 flags=7
party=2 HP=33/33,28/28 battle=0 battlers=0 outcome=0 PP=0,0 trial=1 donut-ability=0
persistent PP=8,2 status=0,0
growth level/xp/item=9/495/0,9/805/0 stats maxHP/attack,maxHP/magic=33/23,28/14 foesHP=0,0
pattern trainer=0 turn=0 foePP=0,0 foeAtkDef=0,0 CarlAtk=0 foeLevel=0
support PP=0,0 Carl-defense=0 enemy-attack=0,0
party action uses=8,40 / 2,40
frame=2153 map=34.1 pos=2,6 flags=7
party=2 HP=33/33,28/28 battle=0 battlers=0 outcome=0 PP=0,0 trial=1 donut-ability=0
persistent PP=8,2 status=0,0
growth level/xp/item=9/495/0,9/805/0 stats maxHP/attack,maxHP/magic=33/23,28/14 foesHP=0,0
pattern trainer=0 turn=0 foePP=0,0 foeAtkDef=0,0 CarlAtk=0 foeLevel=0
support PP=0,0 Carl-defense=0 enemy-attack=0,0
party action uses=8,40 / 2,40
frame=2154 map=34.1 pos=2,6 flags=7
party=2 HP=33/33,28/28 battle=0 battlers=0 outcome=0 PP=0,0 trial=1 donut-ability=0
persistent PP=8,2 status=0,0
growth level/xp/item=9/495/0,9/805/0 stats maxHP/attack,maxHP/magic=33/23,28/14 foesHP=0,0
pattern trainer=0 turn=0 foePP=0,0 foeAtkDef=0,0 CarlAtk=0 foeLevel=0
support PP=0,0 Carl-defense=0 enemy-attack=0,0
party action uses=8,40 / 2,40
frame=2155 map=34.1 pos=2,6 flags=7
party=2 HP=33/33,28/28 battle=0 battlers=0 outcome=0 PP=0,0 trial=1 donut-ability=0
persistent PP=8,2 status=0,0
growth level/xp/item=9/495/0,9/805/0 stats maxHP/attack,maxHP/magic=33/23,28/14 foesHP=0,0
pattern trainer=0 turn=0 foePP=0,0 foeAtkDef=0,0 CarlAtk=0 foeLevel=0
support PP=0,0 Carl-defense=0 enemy-attack=0,0
party action uses=8,40 / 2,40
frame=2156 map=34.1 pos=2,6 flags=7
party=2 HP=33/33,28/28 battle=0 battlers=0 outcome=0 PP=0,0 trial=1 donut-ability=0
persistent PP=8,2 status=0,0
growth level/xp/item=9/495/0,9/805/0 stats maxHP/attack,maxHP/magic=33/23,28/14 foesHP=0,0
pattern trainer=0 turn=0 foePP=0,0 foeAtkDef=0,0 CarlAtk=0 foeLevel=0
support PP=0,0 Carl-defense=0 enemy-attack=0,0
party action uses=8,40 / 2,40
frame=2157 map=34.1 pos=2,6 flags=7
party=2 HP=33/33,28/28 battle=0 battlers=0 outcome=0 PP=0,0 trial=1 donut-ability=0
persistent PP=8,2 status=0,0
growth level/xp/item=9/495/0,9/805/0 stats maxHP/attack,maxHP/magic=33/23,28/14 foesHP=0,0
pattern trainer=0 turn=0 foePP=0,0 foeAtkDef=0,0 CarlAtk=0 foeLevel=0
support PP=0,0 Carl-defense=0 enemy-attack=0,0
party action uses=8,40 / 2,40
frame=2158 map=34.1 pos=2,6 flags=7
party=2 HP=33/33,28/28 battle=0 battlers=0 outcome=0 PP=0,0 trial=1 donut-ability=0
persistent PP=8,2 status=0,0
growth level/xp/item=9/495/0,9/805/0 stats maxHP/attack,maxHP/magic=33/23,28/14 foesHP=0,0
pattern trainer=0 turn=0 foePP=0,0 foeAtkDef=0,0 CarlAtk=0 foeLevel=0
support PP=0,0 Carl-defense=0 enemy-attack=0,0
party action uses=8,40 / 2,40
frame=2159 map=34.1 pos=2,6 flags=7
party=2 HP=33/33,28/28 battle=0 battlers=0 outcome=0 PP=0,0 trial=1 donut-ability=0
persistent PP=8,2 status=0,0
growth level/xp/item=9/495/0,9/805/0 stats maxHP/attack,maxHP/magic=33/23,28/14 foesHP=0,0
pattern trainer=0 turn=0 foePP=0,0 foeAtkDef=0,0 CarlAtk=0 foeLevel=0
support PP=0,0 Carl-defense=0 enemy-attack=0,0
party action uses=8,40 / 2,40
frame=2160 map=34.1 pos=2,6 flags=7
party=2 HP=33/33,28/28 battle=0 battlers=0 outcome=0 PP=0,0 trial=1 donut-ability=0
persistent PP=8,2 status=0,0
growth level/xp/item=9/495/0,9/805/0 stats maxHP/attack,maxHP/magic=33/23,28/14 foesHP=0,0
pattern trainer=0 turn=0 foePP=0,0 foeAtkDef=0,0 CarlAtk=0 foeLevel=0
support PP=0,0 Carl-defense=0 enemy-attack=0,0
party action uses=8,40 / 2,40
frame=2161 map=34.1 pos=2,6 flags=7
party=2 HP=33/33,28/28 battle=0 battlers=0 outcome=0 PP=0,0 trial=1 donut-ability=0
persistent PP=8,2 status=0,0
growth level/xp/item=9/495/0,9/805/0 stats maxHP/attack,maxHP/magic=33/23,28/14 foesHP=0,0
pattern trainer=0 turn=0 foePP=0,0 foeAtkDef=0,0 CarlAtk=0 foeLevel=0
support PP=0,0 Carl-defense=0 enemy-attack=0,0
party action uses=8,40 / 2,40
frame=2162 map=34.1 pos=2,6 flags=7
party=2 HP=33/33,28/28 battle=0 battlers=0 outcome=0 PP=0,0 trial=1 donut-ability=0
persistent PP=8,2 status=0,0
growth level/xp/item=9/495/0,9/805/0 stats maxHP/attack,maxHP/magic=33/23,28/14 foesHP=0,0
pattern trainer=0 turn=0 foePP=0,0 foeAtkDef=0,0 CarlAtk=0 foeLevel=0
support PP=0,0 Carl-defense=0 enemy-attack=0,0
party action uses=8,40 / 2,40
frame=2163 map=34.1 pos=2,6 flags=7
party=2 HP=33/33,28/28 battle=0 battlers=0 outcome=0 PP=0,0 trial=1 donut-ability=0
persistent PP=8,2 status=0,0
growth level/xp/item=9/495/0,9/805/0 stats maxHP/attack,maxHP/magic=33/23,28/14 foesHP=0,0
pattern trainer=0 turn=0 foePP=0,0 foeAtkDef=0,0 CarlAtk=0 foeLevel=0
support PP=0,0 Carl-defense=0 enemy-attack=0,0
party action uses=8,40 / 2,40
frame=2164 map=34.1 pos=2,6 flags=7
party=2 HP=33/33,28/28 battle=0 battlers=0 outcome=0 PP=0,0 trial=1 donut-ability=0
persistent PP=8,2 status=0,0
growth level/xp/item=9/495/0,9/805/0 stats maxHP/attack,maxHP/magic=33/23,28/14 foesHP=0,0
pattern trainer=0 turn=0 foePP=0,0 foeAtkDef=0,0 CarlAtk=0 foeLevel=0
support PP=0,0 Carl-defense=0 enemy-attack=0,0
party action uses=8,40 / 2,40
frame=2165 map=34.1 pos=2,6 flags=7
party=2 HP=33/33,28/28 battle=0 battlers=0 outcome=0 PP=0,0 trial=1 donut-ability=0
persistent PP=8,2 status=0,0
growth level/xp/item=9/495/0,9/805/0 stats maxHP/attack,maxHP/magic=33/23,28/14 foesHP=0,0
pattern trainer=0 turn=0 foePP=0,0 foeAtkDef=0,0 CarlAtk=0 foeLevel=0
support PP=0,0 Carl-defense=0 enemy-attack=0,0
party action uses=8,40 / 2,40
frame=2166 map=34.1 pos=2,6 flags=7
party=2 HP=33/33,28/28 battle=0 battlers=0 outcome=0 PP=0,0 trial=1 donut-ability=0
persistent PP=8,2 status=0,0
growth level/xp/item=9/495/0,9/805/0 stats maxHP/attack,maxHP/magic=33/23,28/14 foesHP=0,0
pattern trainer=0 turn=0 foePP=0,0 foeAtkDef=0,0 CarlAtk=0 foeLevel=0
support PP=0,0 Carl-defense=0 enemy-attack=0,0
party action uses=8,40 / 2,40
frame=2167 map=34.1 pos=2,6 flags=7
party=2 HP=33/33,28/28 battle=0 battlers=0 outcome=0 PP=0,0 trial=1 donut-ability=0
persistent PP=8,2 status=0,0
growth level/xp/item=9/495/0,9/805/0 stats maxHP/attack,maxHP/magic=33/23,28/14 foesHP=0,0
pattern trainer=0 turn=0 foePP=0,0 foeAtkDef=0,0 CarlAtk=0 foeLevel=0
support PP=0,0 Carl-defense=0 enemy-attack=0,0
party action uses=8,40 / 2,40
frame=2168 map=34.1 pos=2,6 flags=7
party=2 HP=33/33,28/28 battle=0 battlers=0 outcome=0 PP=0,0 trial=1 donut-ability=0
persistent PP=8,2 status=0,0
growth level/xp/item=9/495/0,9/805/0 stats maxHP/attack,maxHP/magic=33/23,28/14 foesHP=0,0
pattern trainer=0 turn=0 foePP=0,0 foeAtkDef=0,0 CarlAtk=0 foeLevel=0
support PP=0,0 Carl-defense=0 enemy-attack=0,0
party action uses=8,40 / 2,40
frame=2169 map=34.1 pos=2,6 flags=7
party=2 HP=33/33,28/28 battle=0 battlers=0 outcome=0 PP=0,0 trial=1 donut-ability=0
persistent PP=8,2 status=0,0
growth level/xp/item=9/495/0,9/805/0 stats maxHP/attack,maxHP/magic=33/23,28/14 foesHP=0,0
pattern trainer=0 turn=0 foePP=0,0 foeAtkDef=0,0 CarlAtk=0 foeLevel=0
support PP=0,0 Carl-defense=0 enemy-attack=0,0
party action uses=8,40 / 2,40
frame=2170 map=34.1 pos=2,6 flags=7
party=2 HP=33/33,28/28 battle=0 battlers=0 outcome=0 PP=0,0 trial=1 donut-ability=0
persistent PP=8,2 status=0,0
growth level/xp/item=9/495/0,9/805/0 stats maxHP/attack,maxHP/magic=33/23,28/14 foesHP=0,0
pattern trainer=0 turn=0 foePP=0,0 foeAtkDef=0,0 CarlAtk=0 foeLevel=0
support PP=0,0 Carl-defense=0 enemy-attack=0,0
party action uses=8,40 / 2,40
frame=2171 map=34.1 pos=2,6 flags=7
party=2 HP=33/33,28/28 battle=0 battlers=0 outcome=0 PP=0,0 trial=1 donut-ability=0
persistent PP=8,2 status=0,0
growth level/xp/item=9/495/0,9/805/0 stats maxHP/attack,maxHP/magic=33/23,28/14 foesHP=0,0
pattern trainer=0 turn=0 foePP=0,0 foeAtkDef=0,0 CarlAtk=0 foeLevel=0
support PP=0,0 Carl-defense=0 enemy-attack=0,0
party action uses=8,40 / 2,40
frame=2172 map=34.1 pos=2,6 flags=7
party=2 HP=33/33,28/28 battle=0 battlers=0 outcome=0 PP=0,0 trial=1 donut-ability=0
persistent PP=8,2 status=0,0
growth level/xp/item=9/495/0,9/805/0 stats maxHP/attack,maxHP/magic=33/23,28/14 foesHP=0,0
pattern trainer=0 turn=0 foePP=0,0 foeAtkDef=0,0 CarlAtk=0 foeLevel=0
support PP=0,0 Carl-defense=0 enemy-attack=0,0
party action uses=8,40 / 2,40
frame=2173 map=34.1 pos=2,6 flags=7
party=2 HP=33/33,28/28 battle=0 battlers=0 outcome=0 PP=0,0 trial=1 donut-ability=0
persistent PP=8,2 status=0,0
growth level/xp/item=9/495/0,9/805/0 stats maxHP/attack,maxHP/magic=33/23,28/14 foesHP=0,0
pattern trainer=0 turn=0 foePP=0,0 foeAtkDef=0,0 CarlAtk=0 foeLevel=0
support PP=0,0 Carl-defense=0 enemy-attack=0,0
party action uses=8,40 / 2,40
frame=2174 map=34.1 pos=2,6 flags=7
party=2 HP=33/33,28/28 battle=0 battlers=0 outcome=0 PP=0,0 trial=1 donut-ability=0
persistent PP=8,2 status=0,0
growth level/xp/item=9/495/0,9/805/0 stats maxHP/attack,maxHP/magic=33/23,28/14 foesHP=0,0
pattern trainer=0 turn=0 foePP=0,0 foeAtkDef=0,0 CarlAtk=0 foeLevel=0
support PP=0,0 Carl-defense=0 enemy-attack=0,0
party action uses=8,40 / 2,40
frame=2175 map=34.1 pos=2,6 flags=7
party=2 HP=33/33,28/28 battle=0 battlers=0 outcome=0 PP=0,0 trial=1 donut-ability=0
persistent PP=8,2 status=0,0
growth level/xp/item=9/495/0,9/805/0 stats maxHP/attack,maxHP/magic=33/23,28/14 foesHP=0,0
pattern trainer=0 turn=0 foePP=0,0 foeAtkDef=0,0 CarlAtk=0 foeLevel=0
support PP=0,0 Carl-defense=0 enemy-attack=0,0
party action uses=8,40 / 2,40
frame=2176 map=34.1 pos=2,6 flags=7
party=2 HP=33/33,28/28 battle=0 battlers=0 outcome=0 PP=0,0 trial=1 donut-ability=0
persistent PP=8,2 status=0,0
growth level/xp/item=9/495/0,9/805/0 stats maxHP/attack,maxHP/magic=33/23,28/14 foesHP=0,0
pattern trainer=0 turn=0 foePP=0,0 foeAtkDef=0,0 CarlAtk=0 foeLevel=0
support PP=0,0 Carl-defense=0 enemy-attack=0,0
party action uses=8,40 / 2,40
frame=2177 map=34.1 pos=2,6 flags=7
party=2 HP=33/33,28/28 battle=0 battlers=0 outcome=0 PP=0,0 trial=1 donut-ability=0
persistent PP=8,2 status=0,0
growth level/xp/item=9/495/0,9/805/0 stats maxHP/attack,maxHP/magic=33/23,28/14 foesHP=0,0
pattern trainer=0 turn=0 foePP=0,0 foeAtkDef=0,0 CarlAtk=0 foeLevel=0
support PP=0,0 Carl-defense=0 enemy-attack=0,0
party action uses=8,40 / 2,40
frame=2178 map=34.1 pos=2,6 flags=7
party=2 HP=33/33,28/28 battle=0 battlers=0 outcome=0 PP=0,0 trial=1 donut-ability=0
persistent PP=8,2 status=0,0
growth level/xp/item=9/495/0,9/805/0 stats maxHP/attack,maxHP/magic=33/23,28/14 foesHP=0,0
pattern trainer=0 turn=0 foePP=0,0 foeAtkDef=0,0 CarlAtk=0 foeLevel=0
support PP=0,0 Carl-defense=0 enemy-attack=0,0
party action uses=8,40 / 2,40
frame=2179 map=34.1 pos=2,6 flags=7
party=2 HP=33/33,28/28 battle=0 battlers=0 outcome=0 PP=0,0 trial=1 donut-ability=0
persistent PP=8,2 status=0,0
growth level/xp/item=9/495/0,9/805/0 stats maxHP/attack,maxHP/magic=33/23,28/14 foesHP=0,0
pattern trainer=0 turn=0 foePP=0,0 foeAtkDef=0,0 CarlAtk=0 foeLevel=0
support PP=0,0 Carl-defense=0 enemy-attack=0,0
party action uses=8,40 / 2,40
frame=2180 map=34.1 pos=2,6 flags=7
party=2 HP=33/33,28/28 battle=0 battlers=0 outcome=0 PP=0,0 trial=1 donut-ability=0
persistent PP=8,2 status=0,0
growth level/xp/item=9/495/0,9/805/0 stats maxHP/attack,maxHP/magic=33/23,28/14 foesHP=0,0
pattern trainer=0 turn=0 foePP=0,0 foeAtkDef=0,0 CarlAtk=0 foeLevel=0
support PP=0,0 Carl-defense=0 enemy-attack=0,0
party action uses=8,40 / 2,40
frame=2180 map=34.1 pos=2,6 flags=7
party=2 HP=33/33,28/28 battle=0 battlers=0 outcome=0 PP=0,0 trial=1 donut-ability=0
persistent PP=8,2 status=0,0
growth level/xp/item=9/495/0,9/805/0 stats maxHP/attack,maxHP/magic=33/23,28/14 foesHP=0,0
pattern trainer=0 turn=0 foePP=0,0 foeAtkDef=0,0 CarlAtk=0 foeLevel=0
support PP=0,0 Carl-defense=0 enemy-attack=0,0
party action uses=8,40 / 2,40
PASS expect 34 1 2 6 7
frame=2181 map=34.1 pos=2,6 flags=7
party=2 HP=33/33,28/28 battle=0 battlers=0 outcome=0 PP=0,0 trial=1 donut-ability=0
persistent PP=8,2 status=0,0
growth level/xp/item=9/495/0,9/805/0 stats maxHP/attack,maxHP/magic=33/23,28/14 foesHP=0,0
pattern trainer=0 turn=0 foePP=0,0 foeAtkDef=0,0 CarlAtk=0 foeLevel=0
support PP=0,0 Carl-defense=0 enemy-attack=0,0
party action uses=8,40 / 2,40
frame=2182 map=34.1 pos=2,6 flags=7
party=2 HP=33/33,28/28 battle=0 battlers=0 outcome=0 PP=0,0 trial=1 donut-ability=0
persistent PP=8,2 status=0,0
growth level/xp/item=9/495/0,9/805/0 stats maxHP/attack,maxHP/magic=33/23,28/14 foesHP=0,0
pattern trainer=0 turn=0 foePP=0,0 foeAtkDef=0,0 CarlAtk=0 foeLevel=0
support PP=0,0 Carl-defense=0 enemy-attack=0,0
party action uses=8,40 / 2,40
frame=2183 map=34.1 pos=2,6 flags=7
party=2 HP=33/33,28/28 battle=0 battlers=0 outcome=0 PP=0,0 trial=1 donut-ability=0
persistent PP=8,2 status=0,0
growth level/xp/item=9/495/0,9/805/0 stats maxHP/attack,maxHP/magic=33/23,28/14 foesHP=0,0
pattern trainer=0 turn=0 foePP=0,0 foeAtkDef=0,0 CarlAtk=0 foeLevel=0
support PP=0,0 Carl-defense=0 enemy-attack=0,0
party action uses=8,40 / 2,40
frame=2184 map=34.1 pos=2,6 flags=7
party=2 HP=33/33,28/28 battle=0 battlers=0 outcome=0 PP=0,0 trial=1 donut-ability=0
persistent PP=8,2 status=0,0
growth level/xp/item=9/495/0,9/805/0 stats maxHP/attack,maxHP/magic=33/23,28/14 foesHP=0,0
pattern trainer=0 turn=0 foePP=0,0 foeAtkDef=0,0 CarlAtk=0 foeLevel=0
support PP=0,0 Carl-defense=0 enemy-attack=0,0
party action uses=8,40 / 2,40
frame=2185 map=34.1 pos=2,6 flags=7
party=2 HP=33/33,28/28 battle=0 battlers=0 outcome=0 PP=0,0 trial=1 donut-ability=0
persistent PP=8,2 status=0,0
growth level/xp/item=9/495/0,9/805/0 stats maxHP/attack,maxHP/magic=33/23,28/14 foesHP=0,0
pattern trainer=0 turn=0 foePP=0,0 foeAtkDef=0,0 CarlAtk=0 foeLevel=0
support PP=0,0 Carl-defense=0 enemy-attack=0,0
party action uses=8,40 / 2,40
frame=2186 map=34.1 pos=2,6 flags=7
party=2 HP=33/33,28/28 battle=0 battlers=0 outcome=0 PP=0,0 trial=1 donut-ability=0
persistent PP=8,2 status=0,0
growth level/xp/item=9/495/0,9/805/0 stats maxHP/attack,maxHP/magic=33/23,28/14 foesHP=0,0
pattern trainer=0 turn=0 foePP=0,0 foeAtkDef=0,0 CarlAtk=0 foeLevel=0
support PP=0,0 Carl-defense=0 enemy-attack=0,0
party action uses=8,40 / 2,40
frame=2187 map=34.1 pos=2,6 flags=7
party=2 HP=33/33,28/28 battle=0 battlers=0 outcome=0 PP=0,0 trial=1 donut-ability=0
persistent PP=8,2 status=0,0
growth level/xp/item=9/495/0,9/805/0 stats maxHP/attack,maxHP/magic=33/23,28/14 foesHP=0,0
pattern trainer=0 turn=0 foePP=0,0 foeAtkDef=0,0 CarlAtk=0 foeLevel=0
support PP=0,0 Carl-defense=0 enemy-attack=0,0
party action uses=8,40 / 2,40
frame=2188 map=34.1 pos=2,6 flags=7
party=2 HP=33/33,28/28 battle=0 battlers=0 outcome=0 PP=0,0 trial=1 donut-ability=0
persistent PP=8,2 status=0,0
growth level/xp/item=9/495/0,9/805/0 stats maxHP/attack,maxHP/magic=33/23,28/14 foesHP=0,0
pattern trainer=0 turn=0 foePP=0,0 foeAtkDef=0,0 CarlAtk=0 foeLevel=0
support PP=0,0 Carl-defense=0 enemy-attack=0,0
party action uses=8,40 / 2,40
frame=2189 map=34.1 pos=3,6 flags=7
party=2 HP=33/33,28/28 battle=0 battlers=0 outcome=0 PP=0,0 trial=1 donut-ability=0
persistent PP=8,2 status=0,0
growth level/xp/item=9/495/0,9/805/0 stats maxHP/attack,maxHP/magic=33/23,28/14 foesHP=0,0
pattern trainer=0 turn=0 foePP=0,0 foeAtkDef=0,0 CarlAtk=0 foeLevel=0
support PP=0,0 Carl-defense=0 enemy-attack=0,0
party action uses=8,40 / 2,40
frame=2190 map=34.1 pos=3,6 flags=7
party=2 HP=33/33,28/28 battle=0 battlers=0 outcome=0 PP=0,0 trial=1 donut-ability=0
persistent PP=8,2 status=0,0
growth level/xp/item=9/495/0,9/805/0 stats maxHP/attack,maxHP/magic=33/23,28/14 foesHP=0,0
pattern trainer=0 turn=0 foePP=0,0 foeAtkDef=0,0 CarlAtk=0 foeLevel=0
support PP=0,0 Carl-defense=0 enemy-attack=0,0
party action uses=8,40 / 2,40
frame=2191 map=34.1 pos=3,6 flags=7
party=2 HP=33/33,28/28 battle=0 battlers=0 outcome=0 PP=0,0 trial=1 donut-ability=0
persistent PP=8,2 status=0,0
growth level/xp/item=9/495/0,9/805/0 stats maxHP/attack,maxHP/magic=33/23,28/14 foesHP=0,0
pattern trainer=0 turn=0 foePP=0,0 foeAtkDef=0,0 CarlAtk=0 foeLevel=0
support PP=0,0 Carl-defense=0 enemy-attack=0,0
party action uses=8,40 / 2,40
frame=2192 map=34.1 pos=3,6 flags=7
party=2 HP=33/33,28/28 battle=0 battlers=0 outcome=0 PP=0,0 trial=1 donut-ability=0
persistent PP=8,2 status=0,0
growth level/xp/item=9/495/0,9/805/0 stats maxHP/attack,maxHP/magic=33/23,28/14 foesHP=0,0
pattern trainer=0 turn=0 foePP=0,0 foeAtkDef=0,0 CarlAtk=0 foeLevel=0
support PP=0,0 Carl-defense=0 enemy-attack=0,0
party action uses=8,40 / 2,40
frame=2193 map=34.1 pos=3,6 flags=7
party=2 HP=33/33,28/28 battle=0 battlers=0 outcome=0 PP=0,0 trial=1 donut-ability=0
persistent PP=8,2 status=0,0
growth level/xp/item=9/495/0,9/805/0 stats maxHP/attack,maxHP/magic=33/23,28/14 foesHP=0,0
pattern trainer=0 turn=0 foePP=0,0 foeAtkDef=0,0 CarlAtk=0 foeLevel=0
support PP=0,0 Carl-defense=0 enemy-attack=0,0
party action uses=8,40 / 2,40
frame=2194 map=34.1 pos=3,6 flags=7
party=2 HP=33/33,28/28 battle=0 battlers=0 outcome=0 PP=0,0 trial=1 donut-ability=0
persistent PP=8,2 status=0,0
growth level/xp/item=9/495/0,9/805/0 stats maxHP/attack,maxHP/magic=33/23,28/14 foesHP=0,0
pattern trainer=0 turn=0 foePP=0,0 foeAtkDef=0,0 CarlAtk=0 foeLevel=0
support PP=0,0 Carl-defense=0 enemy-attack=0,0
party action uses=8,40 / 2,40
frame=2195 map=34.1 pos=3,6 flags=7
party=2 HP=33/33,28/28 battle=0 battlers=0 outcome=0 PP=0,0 trial=1 donut-ability=0
persistent PP=8,2 status=0,0
growth level/xp/item=9/495/0,9/805/0 stats maxHP/attack,maxHP/magic=33/23,28/14 foesHP=0,0
pattern trainer=0 turn=0 foePP=0,0 foeAtkDef=0,0 CarlAtk=0 foeLevel=0
support PP=0,0 Carl-defense=0 enemy-attack=0,0
party action uses=8,40 / 2,40
frame=2196 map=34.1 pos=3,6 flags=7
party=2 HP=33/33,28/28 battle=0 battlers=0 outcome=0 PP=0,0 trial=1 donut-ability=0
persistent PP=8,2 status=0,0
growth level/xp/item=9/495/0,9/805/0 stats maxHP/attack,maxHP/magic=33/23,28/14 foesHP=0,0
pattern trainer=0 turn=0 foePP=0,0 foeAtkDef=0,0 CarlAtk=0 foeLevel=0
support PP=0,0 Carl-defense=0 enemy-attack=0,0
party action uses=8,40 / 2,40
frame=2197 map=34.1 pos=3,6 flags=7
party=2 HP=33/33,28/28 battle=0 battlers=0 outcome=0 PP=0,0 trial=1 donut-ability=0
persistent PP=8,2 status=0,0
growth level/xp/item=9/495/0,9/805/0 stats maxHP/attack,maxHP/magic=33/23,28/14 foesHP=0,0
pattern trainer=0 turn=0 foePP=0,0 foeAtkDef=0,0 CarlAtk=0 foeLevel=0
support PP=0,0 Carl-defense=0 enemy-attack=0,0
party action uses=8,40 / 2,40
frame=2198 map=34.1 pos=3,6 flags=7
party=2 HP=33/33,28/28 battle=0 battlers=0 outcome=0 PP=0,0 trial=1 donut-ability=0
persistent PP=8,2 status=0,0
growth level/xp/item=9/495/0,9/805/0 stats maxHP/attack,maxHP/magic=33/23,28/14 foesHP=0,0
pattern trainer=0 turn=0 foePP=0,0 foeAtkDef=0,0 CarlAtk=0 foeLevel=0
support PP=0,0 Carl-defense=0 enemy-attack=0,0
party action uses=8,40 / 2,40
frame=2199 map=34.1 pos=3,6 flags=7
party=2 HP=33/33,28/28 battle=0 battlers=0 outcome=0 PP=0,0 trial=1 donut-ability=0
persistent PP=8,2 status=0,0
growth level/xp/item=9/495/0,9/805/0 stats maxHP/attack,maxHP/magic=33/23,28/14 foesHP=0,0
pattern trainer=0 turn=0 foePP=0,0 foeAtkDef=0,0 CarlAtk=0 foeLevel=0
support PP=0,0 Carl-defense=0 enemy-attack=0,0
party action uses=8,40 / 2,40
frame=2200 map=34.1 pos=3,6 flags=7
party=2 HP=33/33,28/28 battle=0 battlers=0 outcome=0 PP=0,0 trial=1 donut-ability=0
persistent PP=8,2 status=0,0
growth level/xp/item=9/495/0,9/805/0 stats maxHP/attack,maxHP/magic=33/23,28/14 foesHP=0,0
pattern trainer=0 turn=0 foePP=0,0 foeAtkDef=0,0 CarlAtk=0 foeLevel=0
support PP=0,0 Carl-defense=0 enemy-attack=0,0
party action uses=8,40 / 2,40
frame=2201 map=34.1 pos=3,6 flags=7
party=2 HP=33/33,28/28 battle=0 battlers=0 outcome=0 PP=0,0 trial=1 donut-ability=0
persistent PP=8,2 status=0,0
growth level/xp/item=9/495/0,9/805/0 stats maxHP/attack,maxHP/magic=33/23,28/14 foesHP=0,0
pattern trainer=0 turn=0 foePP=0,0 foeAtkDef=0,0 CarlAtk=0 foeLevel=0
support PP=0,0 Carl-defense=0 enemy-attack=0,0
party action uses=8,40 / 2,40
frame=2202 map=34.1 pos=3,6 flags=7
party=2 HP=33/33,28/28 battle=0 battlers=0 outcome=0 PP=0,0 trial=1 donut-ability=0
persistent PP=8,2 status=0,0
growth level/xp/item=9/495/0,9/805/0 stats maxHP/attack,maxHP/magic=33/23,28/14 foesHP=0,0
pattern trainer=0 turn=0 foePP=0,0 foeAtkDef=0,0 CarlAtk=0 foeLevel=0
support PP=0,0 Carl-defense=0 enemy-attack=0,0
party action uses=8,40 / 2,40
frame=2203 map=34.1 pos=3,6 flags=7
party=2 HP=33/33,28/28 battle=0 battlers=0 outcome=0 PP=0,0 trial=1 donut-ability=0
persistent PP=8,2 status=0,0
growth level/xp/item=9/495/0,9/805/0 stats maxHP/attack,maxHP/magic=33/23,28/14 foesHP=0,0
pattern trainer=0 turn=0 foePP=0,0 foeAtkDef=0,0 CarlAtk=0 foeLevel=0
support PP=0,0 Carl-defense=0 enemy-attack=0,0
party action uses=8,40 / 2,40
frame=2204 map=34.1 pos=3,6 flags=7
party=2 HP=33/33,28/28 battle=0 battlers=0 outcome=0 PP=0,0 trial=1 donut-ability=0
persistent PP=8,2 status=0,0
growth level/xp/item=9/495/0,9/805/0 stats maxHP/attack,maxHP/magic=33/23,28/14 foesHP=0,0
pattern trainer=0 turn=0 foePP=0,0 foeAtkDef=0,0 CarlAtk=0 foeLevel=0
support PP=0,0 Carl-defense=0 enemy-attack=0,0
party action uses=8,40 / 2,40
frame=2205 map=34.1 pos=4,6 flags=7
party=2 HP=33/33,28/28 battle=0 battlers=0 outcome=0 PP=0,0 trial=1 donut-ability=0
persistent PP=8,2 status=0,0
growth level/xp/item=9/495/0,9/805/0 stats maxHP/attack,maxHP/magic=33/23,28/14 foesHP=0,0
pattern trainer=0 turn=0 foePP=0,0 foeAtkDef=0,0 CarlAtk=0 foeLevel=0
support PP=0,0 Carl-defense=0 enemy-attack=0,0
party action uses=8,40 / 2,40
frame=2206 map=34.1 pos=4,6 flags=7
party=2 HP=33/33,28/28 battle=0 battlers=0 outcome=0 PP=0,0 trial=1 donut-ability=0
persistent PP=8,2 status=0,0
growth level/xp/item=9/495/0,9/805/0 stats maxHP/attack,maxHP/magic=33/23,28/14 foesHP=0,0
pattern trainer=0 turn=0 foePP=0,0 foeAtkDef=0,0 CarlAtk=0 foeLevel=0
support PP=0,0 Carl-defense=0 enemy-attack=0,0
party action uses=8,40 / 2,40
frame=2207 map=34.1 pos=4,6 flags=7
party=2 HP=33/33,28/28 battle=0 battlers=0 outcome=0 PP=0,0 trial=1 donut-ability=0
persistent PP=8,2 status=0,0
growth level/xp/item=9/495/0,9/805/0 stats maxHP/attack,maxHP/magic=33/23,28/14 foesHP=0,0
pattern trainer=0 turn=0 foePP=0,0 foeAtkDef=0,0 CarlAtk=0 foeLevel=0
support PP=0,0 Carl-defense=0 enemy-attack=0,0
party action uses=8,40 / 2,40
frame=2208 map=34.1 pos=4,6 flags=7
party=2 HP=33/33,28/28 battle=0 battlers=0 outcome=0 PP=0,0 trial=1 donut-ability=0
persistent PP=8,2 status=0,0
growth level/xp/item=9/495/0,9/805/0 stats maxHP/attack,maxHP/magic=33/23,28/14 foesHP=0,0
pattern trainer=0 turn=0 foePP=0,0 foeAtkDef=0,0 CarlAtk=0 foeLevel=0
support PP=0,0 Carl-defense=0 enemy-attack=0,0
party action uses=8,40 / 2,40
frame=2209 map=34.1 pos=4,6 flags=7
party=2 HP=33/33,28/28 battle=0 battlers=0 outcome=0 PP=0,0 trial=1 donut-ability=0
persistent PP=8,2 status=0,0
growth level/xp/item=9/495/0,9/805/0 stats maxHP/attack,maxHP/magic=33/23,28/14 foesHP=0,0
pattern trainer=0 turn=0 foePP=0,0 foeAtkDef=0,0 CarlAtk=0 foeLevel=0
support PP=0,0 Carl-defense=0 enemy-attack=0,0
party action uses=8,40 / 2,40
frame=2210 map=34.1 pos=4,6 flags=7
party=2 HP=33/33,28/28 battle=0 battlers=0 outcome=0 PP=0,0 trial=1 donut-ability=0
persistent PP=8,2 status=0,0
growth level/xp/item=9/495/0,9/805/0 stats maxHP/attack,maxHP/magic=33/23,28/14 foesHP=0,0
pattern trainer=0 turn=0 foePP=0,0 foeAtkDef=0,0 CarlAtk=0 foeLevel=0
support PP=0,0 Carl-defense=0 enemy-attack=0,0
party action uses=8,40 / 2,40
frame=2211 map=34.1 pos=4,6 flags=7
party=2 HP=33/33,28/28 battle=0 battlers=0 outcome=0 PP=0,0 trial=1 donut-ability=0
persistent PP=8,2 status=0,0
growth level/xp/item=9/495/0,9/805/0 stats maxHP/attack,maxHP/magic=33/23,28/14 foesHP=0,0
pattern trainer=0 turn=0 foePP=0,0 foeAtkDef=0,0 CarlAtk=0 foeLevel=0
support PP=0,0 Carl-defense=0 enemy-attack=0,0
party action uses=8,40 / 2,40
frame=2212 map=34.1 pos=4,6 flags=7
party=2 HP=33/33,28/28 battle=0 battlers=0 outcome=0 PP=0,0 trial=1 donut-ability=0
persistent PP=8,2 status=0,0
growth level/xp/item=9/495/0,9/805/0 stats maxHP/attack,maxHP/magic=33/23,28/14 foesHP=0,0
pattern trainer=0 turn=0 foePP=0,0 foeAtkDef=0,0 CarlAtk=0 foeLevel=0
support PP=0,0 Carl-defense=0 enemy-attack=0,0
party action uses=8,40 / 2,40
frame=2213 map=34.1 pos=4,6 flags=7
party=2 HP=33/33,28/28 battle=0 battlers=0 outcome=0 PP=0,0 trial=1 donut-ability=0
persistent PP=8,2 status=0,0
growth level/xp/item=9/495/0,9/805/0 stats maxHP/attack,maxHP/magic=33/23,28/14 foesHP=0,0
pattern trainer=0 turn=0 foePP=0,0 foeAtkDef=0,0 CarlAtk=0 foeLevel=0
support PP=0,0 Carl-defense=0 enemy-attack=0,0
party action uses=8,40 / 2,40
frame=2214 map=34.1 pos=4,6 flags=7
party=2 HP=33/33,28/28 battle=0 battlers=0 outcome=0 PP=0,0 trial=1 donut-ability=0
persistent PP=8,2 status=0,0
growth level/xp/item=9/495/0,9/805/0 stats maxHP/attack,maxHP/magic=33/23,28/14 foesHP=0,0
pattern trainer=0 turn=0 foePP=0,0 foeAtkDef=0,0 CarlAtk=0 foeLevel=0
support PP=0,0 Carl-defense=0 enemy-attack=0,0
party action uses=8,40 / 2,40
frame=2215 map=34.1 pos=4,6 flags=7
party=2 HP=33/33,28/28 battle=0 battlers=0 outcome=0 PP=0,0 trial=1 donut-ability=0
persistent PP=8,2 status=0,0
growth level/xp/item=9/495/0,9/805/0 stats maxHP/attack,maxHP/magic=33/23,28/14 foesHP=0,0
pattern trainer=0 turn=0 foePP=0,0 foeAtkDef=0,0 CarlAtk=0 foeLevel=0
support PP=0,0 Carl-defense=0 enemy-attack=0,0
party action uses=8,40 / 2,40
frame=2216 map=34.1 pos=4,6 flags=7
party=2 HP=33/33,28/28 battle=0 battlers=0 outcome=0 PP=0,0 trial=1 donut-ability=0
persistent PP=8,2 status=0,0
growth level/xp/item=9/495/0,9/805/0 stats maxHP/attack,maxHP/magic=33/23,28/14 foesHP=0,0
pattern trainer=0 turn=0 foePP=0,0 foeAtkDef=0,0 CarlAtk=0 foeLevel=0
support PP=0,0 Carl-defense=0 enemy-attack=0,0
party action uses=8,40 / 2,40
frame=2217 map=34.1 pos=4,6 flags=7
party=2 HP=33/33,28/28 battle=0 battlers=0 outcome=0 PP=0,0 trial=1 donut-ability=0
persistent PP=8,2 status=0,0
growth level/xp/item=9/495/0,9/805/0 stats maxHP/attack,maxHP/magic=33/23,28/14 foesHP=0,0
pattern trainer=0 turn=0 foePP=0,0 foeAtkDef=0,0 CarlAtk=0 foeLevel=0
support PP=0,0 Carl-defense=0 enemy-attack=0,0
party action uses=8,40 / 2,40
frame=2218 map=34.1 pos=4,6 flags=7
party=2 HP=33/33,28/28 battle=0 battlers=0 outcome=0 PP=0,0 trial=1 donut-ability=0
persistent PP=8,2 status=0,0
growth level/xp/item=9/495/0,9/805/0 stats maxHP/attack,maxHP/magic=33/23,28/14 foesHP=0,0
pattern trainer=0 turn=0 foePP=0,0 foeAtkDef=0,0 CarlAtk=0 foeLevel=0
support PP=0,0 Carl-defense=0 enemy-attack=0,0
party action uses=8,40 / 2,40
frame=2219 map=34.1 pos=4,6 flags=7
party=2 HP=33/33,28/28 battle=0 battlers=0 outcome=0 PP=0,0 trial=1 donut-ability=0
persistent PP=8,2 status=0,0
growth level/xp/item=9/495/0,9/805/0 stats maxHP/attack,maxHP/magic=33/23,28/14 foesHP=0,0
pattern trainer=0 turn=0 foePP=0,0 foeAtkDef=0,0 CarlAtk=0 foeLevel=0
support PP=0,0 Carl-defense=0 enemy-attack=0,0
party action uses=8,40 / 2,40
frame=2220 map=34.1 pos=4,6 flags=7
party=2 HP=33/33,28/28 battle=0 battlers=0 outcome=0 PP=0,0 trial=1 donut-ability=0
persistent PP=8,2 status=0,0
growth level/xp/item=9/495/0,9/805/0 stats maxHP/attack,maxHP/magic=33/23,28/14 foesHP=0,0
pattern trainer=0 turn=0 foePP=0,0 foeAtkDef=0,0 CarlAtk=0 foeLevel=0
support PP=0,0 Carl-defense=0 enemy-attack=0,0
party action uses=8,40 / 2,40
frame=2221 map=34.1 pos=5,6 flags=7
party=2 HP=33/33,28/28 battle=0 battlers=0 outcome=0 PP=0,0 trial=1 donut-ability=0
persistent PP=8,2 status=0,0
growth level/xp/item=9/495/0,9/805/0 stats maxHP/attack,maxHP/magic=33/23,28/14 foesHP=0,0
pattern trainer=0 turn=0 foePP=0,0 foeAtkDef=0,0 CarlAtk=0 foeLevel=0
support PP=0,0 Carl-defense=0 enemy-attack=0,0
party action uses=8,40 / 2,40
frame=2222 map=34.1 pos=5,6 flags=7
party=2 HP=33/33,28/28 battle=0 battlers=0 outcome=0 PP=0,0 trial=1 donut-ability=0
persistent PP=8,2 status=0,0
growth level/xp/item=9/495/0,9/805/0 stats maxHP/attack,maxHP/magic=33/23,28/14 foesHP=0,0
pattern trainer=0 turn=0 foePP=0,0 foeAtkDef=0,0 CarlAtk=0 foeLevel=0
support PP=0,0 Carl-defense=0 enemy-attack=0,0
party action uses=8,40 / 2,40
frame=2223 map=34.1 pos=5,6 flags=7
party=2 HP=33/33,28/28 battle=0 battlers=0 outcome=0 PP=0,0 trial=1 donut-ability=0
persistent PP=8,2 status=0,0
growth level/xp/item=9/495/0,9/805/0 stats maxHP/attack,maxHP/magic=33/23,28/14 foesHP=0,0
pattern trainer=0 turn=0 foePP=0,0 foeAtkDef=0,0 CarlAtk=0 foeLevel=0
support PP=0,0 Carl-defense=0 enemy-attack=0,0
party action uses=8,40 / 2,40
frame=2224 map=34.1 pos=5,6 flags=7
party=2 HP=33/33,28/28 battle=0 battlers=0 outcome=0 PP=0,0 trial=1 donut-ability=0
persistent PP=8,2 status=0,0
growth level/xp/item=9/495/0,9/805/0 stats maxHP/attack,maxHP/magic=33/23,28/14 foesHP=0,0
pattern trainer=0 turn=0 foePP=0,0 foeAtkDef=0,0 CarlAtk=0 foeLevel=0
support PP=0,0 Carl-defense=0 enemy-attack=0,0
party action uses=8,40 / 2,40
frame=2225 map=34.1 pos=5,6 flags=7
party=2 HP=33/33,28/28 battle=0 battlers=0 outcome=0 PP=0,0 trial=1 donut-ability=0
persistent PP=8,2 status=0,0
growth level/xp/item=9/495/0,9/805/0 stats maxHP/attack,maxHP/magic=33/23,28/14 foesHP=0,0
pattern trainer=0 turn=0 foePP=0,0 foeAtkDef=0,0 CarlAtk=0 foeLevel=0
support PP=0,0 Carl-defense=0 enemy-attack=0,0
party action uses=8,40 / 2,40
frame=2226 map=34.1 pos=5,6 flags=7
party=2 HP=33/33,28/28 battle=0 battlers=0 outcome=0 PP=0,0 trial=1 donut-ability=0
persistent PP=8,2 status=0,0
growth level/xp/item=9/495/0,9/805/0 stats maxHP/attack,maxHP/magic=33/23,28/14 foesHP=0,0
pattern trainer=0 turn=0 foePP=0,0 foeAtkDef=0,0 CarlAtk=0 foeLevel=0
support PP=0,0 Carl-defense=0 enemy-attack=0,0
party action uses=8,40 / 2,40
frame=2227 map=34.1 pos=5,6 flags=7
party=2 HP=33/33,28/28 battle=0 battlers=0 outcome=0 PP=0,0 trial=1 donut-ability=0
persistent PP=8,2 status=0,0
growth level/xp/item=9/495/0,9/805/0 stats maxHP/attack,maxHP/magic=33/23,28/14 foesHP=0,0
pattern trainer=0 turn=0 foePP=0,0 foeAtkDef=0,0 CarlAtk=0 foeLevel=0
support PP=0,0 Carl-defense=0 enemy-attack=0,0
party action uses=8,40 / 2,40
frame=2228 map=34.1 pos=5,6 flags=7
party=2 HP=33/33,28/28 battle=0 battlers=0 outcome=0 PP=0,0 trial=1 donut-ability=0
persistent PP=8,2 status=0,0
growth level/xp/item=9/495/0,9/805/0 stats maxHP/attack,maxHP/magic=33/23,28/14 foesHP=0,0
pattern trainer=0 turn=0 foePP=0,0 foeAtkDef=0,0 CarlAtk=0 foeLevel=0
support PP=0,0 Carl-defense=0 enemy-attack=0,0
party action uses=8,40 / 2,40
frame=2229 map=34.1 pos=5,6 flags=7
party=2 HP=33/33,28/28 battle=0 battlers=0 outcome=0 PP=0,0 trial=1 donut-ability=0
persistent PP=8,2 status=0,0
growth level/xp/item=9/495/0,9/805/0 stats maxHP/attack,maxHP/magic=33/23,28/14 foesHP=0,0
pattern trainer=0 turn=0 foePP=0,0 foeAtkDef=0,0 CarlAtk=0 foeLevel=0
support PP=0,0 Carl-defense=0 enemy-attack=0,0
party action uses=8,40 / 2,40
frame=2230 map=34.1 pos=5,6 flags=7
party=2 HP=33/33,28/28 battle=0 battlers=0 outcome=0 PP=0,0 trial=1 donut-ability=0
persistent PP=8,2 status=0,0
growth level/xp/item=9/495/0,9/805/0 stats maxHP/attack,maxHP/magic=33/23,28/14 foesHP=0,0
pattern trainer=0 turn=0 foePP=0,0 foeAtkDef=0,0 CarlAtk=0 foeLevel=0
support PP=0,0 Carl-defense=0 enemy-attack=0,0
party action uses=8,40 / 2,40
frame=2231 map=34.1 pos=5,6 flags=7
party=2 HP=33/33,28/28 battle=0 battlers=0 outcome=0 PP=0,0 trial=1 donut-ability=0
persistent PP=8,2 status=0,0
growth level/xp/item=9/495/0,9/805/0 stats maxHP/attack,maxHP/magic=33/23,28/14 foesHP=0,0
pattern trainer=0 turn=0 foePP=0,0 foeAtkDef=0,0 CarlAtk=0 foeLevel=0
support PP=0,0 Carl-defense=0 enemy-attack=0,0
party action uses=8,40 / 2,40
frame=2232 map=34.1 pos=5,6 flags=7
party=2 HP=33/33,28/28 battle=0 battlers=0 outcome=0 PP=0,0 trial=1 donut-ability=0
persistent PP=8,2 status=0,0
growth level/xp/item=9/495/0,9/805/0 stats maxHP/attack,maxHP/magic=33/23,28/14 foesHP=0,0
pattern trainer=0 turn=0 foePP=0,0 foeAtkDef=0,0 CarlAtk=0 foeLevel=0
support PP=0,0 Carl-defense=0 enemy-attack=0,0
party action uses=8,40 / 2,40
frame=2233 map=34.1 pos=5,6 flags=7
party=2 HP=33/33,28/28 battle=0 battlers=0 outcome=0 PP=0,0 trial=1 donut-ability=0
persistent PP=8,2 status=0,0
growth level/xp/item=9/495/0,9/805/0 stats maxHP/attack,maxHP/magic=33/23,28/14 foesHP=0,0
pattern trainer=0 turn=0 foePP=0,0 foeAtkDef=0,0 CarlAtk=0 foeLevel=0
support PP=0,0 Carl-defense=0 enemy-attack=0,0
party action uses=8,40 / 2,40
frame=2234 map=34.1 pos=5,6 flags=7
party=2 HP=33/33,28/28 battle=0 battlers=0 outcome=0 PP=0,0 trial=1 donut-ability=0
persistent PP=8,2 status=0,0
growth level/xp/item=9/495/0,9/805/0 stats maxHP/attack,maxHP/magic=33/23,28/14 foesHP=0,0
pattern trainer=0 turn=0 foePP=0,0 foeAtkDef=0,0 CarlAtk=0 foeLevel=0
support PP=0,0 Carl-defense=0 enemy-attack=0,0
party action uses=8,40 / 2,40
frame=2235 map=34.1 pos=5,6 flags=7
party=2 HP=33/33,28/28 battle=0 battlers=0 outcome=0 PP=0,0 trial=1 donut-ability=0
persistent PP=8,2 status=0,0
growth level/xp/item=9/495/0,9/805/0 stats maxHP/attack,maxHP/magic=33/23,28/14 foesHP=0,0
pattern trainer=0 turn=0 foePP=0,0 foeAtkDef=0,0 CarlAtk=0 foeLevel=0
support PP=0,0 Carl-defense=0 enemy-attack=0,0
party action uses=8,40 / 2,40
frame=2236 map=34.1 pos=5,6 flags=7
party=2 HP=33/33,28/28 battle=0 battlers=0 outcome=0 PP=0,0 trial=1 donut-ability=0
persistent PP=8,2 status=0,0
growth level/xp/item=9/495/0,9/805/0 stats maxHP/attack,maxHP/magic=33/23,28/14 foesHP=0,0
pattern trainer=0 turn=0 foePP=0,0 foeAtkDef=0,0 CarlAtk=0 foeLevel=0
support PP=0,0 Carl-defense=0 enemy-attack=0,0
party action uses=8,40 / 2,40
frame=2237 map=34.1 pos=6,6 flags=7
party=2 HP=33/33,28/28 battle=0 battlers=0 outcome=0 PP=0,0 trial=1 donut-ability=0
persistent PP=8,2 status=0,0
growth level/xp/item=9/495/0,9/805/0 stats maxHP/attack,maxHP/magic=33/23,28/14 foesHP=0,0
pattern trainer=0 turn=0 foePP=0,0 foeAtkDef=0,0 CarlAtk=0 foeLevel=0
support PP=0,0 Carl-defense=0 enemy-attack=0,0
party action uses=8,40 / 2,40
frame=2238 map=34.1 pos=6,6 flags=7
party=2 HP=33/33,28/28 battle=0 battlers=0 outcome=0 PP=0,0 trial=1 donut-ability=0
persistent PP=8,2 status=0,0
growth level/xp/item=9/495/0,9/805/0 stats maxHP/attack,maxHP/magic=33/23,28/14 foesHP=0,0
pattern trainer=0 turn=0 foePP=0,0 foeAtkDef=0,0 CarlAtk=0 foeLevel=0
support PP=0,0 Carl-defense=0 enemy-attack=0,0
party action uses=8,40 / 2,40
frame=2239 map=34.1 pos=6,6 flags=7
party=2 HP=33/33,28/28 battle=0 battlers=0 outcome=0 PP=0,0 trial=1 donut-ability=0
persistent PP=8,2 status=0,0
growth level/xp/item=9/495/0,9/805/0 stats maxHP/attack,maxHP/magic=33/23,28/14 foesHP=0,0
pattern trainer=0 turn=0 foePP=0,0 foeAtkDef=0,0 CarlAtk=0 foeLevel=0
support PP=0,0 Carl-defense=0 enemy-attack=0,0
party action uses=8,40 / 2,40
frame=2240 map=34.1 pos=6,6 flags=7
party=2 HP=33/33,28/28 battle=0 battlers=0 outcome=0 PP=0,0 trial=1 donut-ability=0
persistent PP=8,2 status=0,0
growth level/xp/item=9/495/0,9/805/0 stats maxHP/attack,maxHP/magic=33/23,28/14 foesHP=0,0
pattern trainer=0 turn=0 foePP=0,0 foeAtkDef=0,0 CarlAtk=0 foeLevel=0
support PP=0,0 Carl-defense=0 enemy-attack=0,0
party action uses=8,40 / 2,40
frame=2241 map=34.1 pos=6,6 flags=7
party=2 HP=33/33,28/28 battle=0 battlers=0 outcome=0 PP=0,0 trial=1 donut-ability=0
persistent PP=8,2 status=0,0
growth level/xp/item=9/495/0,9/805/0 stats maxHP/attack,maxHP/magic=33/23,28/14 foesHP=0,0
pattern trainer=0 turn=0 foePP=0,0 foeAtkDef=0,0 CarlAtk=0 foeLevel=0
support PP=0,0 Carl-defense=0 enemy-attack=0,0
party action uses=8,40 / 2,40
frame=2242 map=34.1 pos=6,6 flags=7
party=2 HP=33/33,28/28 battle=0 battlers=0 outcome=0 PP=0,0 trial=1 donut-ability=0
persistent PP=8,2 status=0,0
growth level/xp/item=9/495/0,9/805/0 stats maxHP/attack,maxHP/magic=33/23,28/14 foesHP=0,0
pattern trainer=0 turn=0 foePP=0,0 foeAtkDef=0,0 CarlAtk=0 foeLevel=0
support PP=0,0 Carl-defense=0 enemy-attack=0,0
party action uses=8,40 / 2,40
frame=2243 map=34.1 pos=6,6 flags=7
party=2 HP=33/33,28/28 battle=0 battlers=0 outcome=0 PP=0,0 trial=1 donut-ability=0
persistent PP=8,2 status=0,0
growth level/xp/item=9/495/0,9/805/0 stats maxHP/attack,maxHP/magic=33/23,28/14 foesHP=0,0
pattern trainer=0 turn=0 foePP=0,0 foeAtkDef=0,0 CarlAtk=0 foeLevel=0
support PP=0,0 Carl-defense=0 enemy-attack=0,0
party action uses=8,40 / 2,40
frame=2244 map=34.1 pos=6,6 flags=7
party=2 HP=33/33,28/28 battle=0 battlers=0 outcome=0 PP=0,0 trial=1 donut-ability=0
persistent PP=8,2 status=0,0
growth level/xp/item=9/495/0,9/805/0 stats maxHP/attack,maxHP/magic=33/23,28/14 foesHP=0,0
pattern trainer=0 turn=0 foePP=0,0 foeAtkDef=0,0 CarlAtk=0 foeLevel=0
support PP=0,0 Carl-defense=0 enemy-attack=0,0
party action uses=8,40 / 2,40
frame=2245 map=34.1 pos=6,6 flags=7
party=2 HP=33/33,28/28 battle=0 battlers=0 outcome=0 PP=0,0 trial=1 donut-ability=0
persistent PP=8,2 status=0,0
growth level/xp/item=9/495/0,9/805/0 stats maxHP/attack,maxHP/magic=33/23,28/14 foesHP=0,0
pattern trainer=0 turn=0 foePP=0,0 foeAtkDef=0,0 CarlAtk=0 foeLevel=0
support PP=0,0 Carl-defense=0 enemy-attack=0,0
party action uses=8,40 / 2,40
frame=2246 map=34.1 pos=6,6 flags=7
party=2 HP=33/33,28/28 battle=0 battlers=0 outcome=0 PP=0,0 trial=1 donut-ability=0
persistent PP=8,2 status=0,0
growth level/xp/item=9/495/0,9/805/0 stats maxHP/attack,maxHP/magic=33/23,28/14 foesHP=0,0
pattern trainer=0 turn=0 foePP=0,0 foeAtkDef=0,0 CarlAtk=0 foeLevel=0
support PP=0,0 Carl-defense=0 enemy-attack=0,0
party action uses=8,40 / 2,40
frame=2247 map=34.1 pos=6,6 flags=7
party=2 HP=33/33,28/28 battle=0 battlers=0 outcome=0 PP=0,0 trial=1 donut-ability=0
persistent PP=8,2 status=0,0
growth level/xp/item=9/495/0,9/805/0 stats maxHP/attack,maxHP/magic=33/23,28/14 foesHP=0,0
pattern trainer=0 turn=0 foePP=0,0 foeAtkDef=0,0 CarlAtk=0 foeLevel=0
support PP=0,0 Carl-defense=0 enemy-attack=0,0
party action uses=8,40 / 2,40
frame=2248 map=34.1 pos=6,6 flags=7
party=2 HP=33/33,28/28 battle=0 battlers=0 outcome=0 PP=0,0 trial=1 donut-ability=0
persistent PP=8,2 status=0,0
growth level/xp/item=9/495/0,9/805/0 stats maxHP/attack,maxHP/magic=33/23,28/14 foesHP=0,0
pattern trainer=0 turn=0 foePP=0,0 foeAtkDef=0,0 CarlAtk=0 foeLevel=0
support PP=0,0 Carl-defense=0 enemy-attack=0,0
party action uses=8,40 / 2,40
frame=2249 map=34.1 pos=6,6 flags=7
party=2 HP=33/33,28/28 battle=0 battlers=0 outcome=0 PP=0,0 trial=1 donut-ability=0
persistent PP=8,2 status=0,0
growth level/xp/item=9/495/0,9/805/0 stats maxHP/attack,maxHP/magic=33/23,28/14 foesHP=0,0
pattern trainer=0 turn=0 foePP=0,0 foeAtkDef=0,0 CarlAtk=0 foeLevel=0
support PP=0,0 Carl-defense=0 enemy-attack=0,0
party action uses=8,40 / 2,40
frame=2250 map=34.1 pos=6,6 flags=7
party=2 HP=33/33,28/28 battle=0 battlers=0 outcome=0 PP=0,0 trial=1 donut-ability=0
persistent PP=8,2 status=0,0
growth level/xp/item=9/495/0,9/805/0 stats maxHP/attack,maxHP/magic=33/23,28/14 foesHP=0,0
pattern trainer=0 turn=0 foePP=0,0 foeAtkDef=0,0 CarlAtk=0 foeLevel=0
support PP=0,0 Carl-defense=0 enemy-attack=0,0
party action uses=8,40 / 2,40
frame=2251 map=34.1 pos=6,6 flags=7
party=2 HP=33/33,28/28 battle=0 battlers=0 outcome=0 PP=0,0 trial=1 donut-ability=0
persistent PP=8,2 status=0,0
growth level/xp/item=9/495/0,9/805/0 stats maxHP/attack,maxHP/magic=33/23,28/14 foesHP=0,0
pattern trainer=0 turn=0 foePP=0,0 foeAtkDef=0,0 CarlAtk=0 foeLevel=0
support PP=0,0 Carl-defense=0 enemy-attack=0,0
party action uses=8,40 / 2,40
frame=2252 map=34.1 pos=6,6 flags=7
party=2 HP=33/33,28/28 battle=0 battlers=0 outcome=0 PP=0,0 trial=1 donut-ability=0
persistent PP=8,2 status=0,0
growth level/xp/item=9/495/0,9/805/0 stats maxHP/attack,maxHP/magic=33/23,28/14 foesHP=0,0
pattern trainer=0 turn=0 foePP=0,0 foeAtkDef=0,0 CarlAtk=0 foeLevel=0
support PP=0,0 Carl-defense=0 enemy-attack=0,0
party action uses=8,40 / 2,40
frame=2253 map=34.1 pos=6,6 flags=7
party=2 HP=33/33,28/28 battle=0 battlers=0 outcome=0 PP=0,0 trial=1 donut-ability=0
persistent PP=8,2 status=0,0
growth level/xp/item=9/495/0,9/805/0 stats maxHP/attack,maxHP/magic=33/23,28/14 foesHP=0,0
pattern trainer=0 turn=0 foePP=0,0 foeAtkDef=0,0 CarlAtk=0 foeLevel=0
support PP=0,0 Carl-defense=0 enemy-attack=0,0
party action uses=8,40 / 2,40
frame=2254 map=34.1 pos=6,6 flags=7
party=2 HP=33/33,28/28 battle=0 battlers=0 outcome=0 PP=0,0 trial=1 donut-ability=0
persistent PP=8,2 status=0,0
growth level/xp/item=9/495/0,9/805/0 stats maxHP/attack,maxHP/magic=33/23,28/14 foesHP=0,0
pattern trainer=0 turn=0 foePP=0,0 foeAtkDef=0,0 CarlAtk=0 foeLevel=0
support PP=0,0 Carl-defense=0 enemy-attack=0,0
party action uses=8,40 / 2,40
frame=2255 map=34.1 pos=6,6 flags=7
party=2 HP=33/33,28/28 battle=0 battlers=0 outcome=0 PP=0,0 trial=1 donut-ability=0
persistent PP=8,2 status=0,0
growth level/xp/item=9/495/0,9/805/0 stats maxHP/attack,maxHP/magic=33/23,28/14 foesHP=0,0
pattern trainer=0 turn=0 foePP=0,0 foeAtkDef=0,0 CarlAtk=0 foeLevel=0
support PP=0,0 Carl-defense=0 enemy-attack=0,0
party action uses=8,40 / 2,40
frame=2256 map=34.1 pos=6,6 flags=7
party=2 HP=33/33,28/28 battle=0 battlers=0 outcome=0 PP=0,0 trial=1 donut-ability=0
persistent PP=8,2 status=0,0
growth level/xp/item=9/495/0,9/805/0 stats maxHP/attack,maxHP/magic=33/23,28/14 foesHP=0,0
pattern trainer=0 turn=0 foePP=0,0 foeAtkDef=0,0 CarlAtk=0 foeLevel=0
support PP=0,0 Carl-defense=0 enemy-attack=0,0
party action uses=8,40 / 2,40
frame=2257 map=34.1 pos=6,6 flags=7
party=2 HP=33/33,28/28 battle=0 battlers=0 outcome=0 PP=0,0 trial=1 donut-ability=0
persistent PP=8,2 status=0,0
growth level/xp/item=9/495/0,9/805/0 stats maxHP/attack,maxHP/magic=33/23,28/14 foesHP=0,0
pattern trainer=0 turn=0 foePP=0,0 foeAtkDef=0,0 CarlAtk=0 foeLevel=0
support PP=0,0 Carl-defense=0 enemy-attack=0,0
party action uses=8,40 / 2,40
frame=2258 map=34.1 pos=6,6 flags=7
party=2 HP=33/33,28/28 battle=0 battlers=0 outcome=0 PP=0,0 trial=1 donut-ability=0
persistent PP=8,2 status=0,0
growth level/xp/item=9/495/0,9/805/0 stats maxHP/attack,maxHP/magic=33/23,28/14 foesHP=0,0
pattern trainer=0 turn=0 foePP=0,0 foeAtkDef=0,0 CarlAtk=0 foeLevel=0
support PP=0,0 Carl-defense=0 enemy-attack=0,0
party action uses=8,40 / 2,40
frame=2259 map=34.1 pos=6,6 flags=7
party=2 HP=33/33,28/28 battle=0 battlers=0 outcome=0 PP=0,0 trial=1 donut-ability=0
persistent PP=8,2 status=0,0
growth level/xp/item=9/495/0,9/805/0 stats maxHP/attack,maxHP/magic=33/23,28/14 foesHP=0,0
pattern trainer=0 turn=0 foePP=0,0 foeAtkDef=0,0 CarlAtk=0 foeLevel=0
support PP=0,0 Carl-defense=0 enemy-attack=0,0
party action uses=8,40 / 2,40
frame=2260 map=34.1 pos=6,6 flags=7
party=2 HP=33/33,28/28 battle=0 battlers=0 outcome=0 PP=0,0 trial=1 donut-ability=0
persistent PP=8,2 status=0,0
growth level/xp/item=9/495/0,9/805/0 stats maxHP/attack,maxHP/magic=33/23,28/14 foesHP=0,0
pattern trainer=0 turn=0 foePP=0,0 foeAtkDef=0,0 CarlAtk=0 foeLevel=0
support PP=0,0 Carl-defense=0 enemy-attack=0,0
party action uses=8,40 / 2,40
frame=2261 map=34.1 pos=6,6 flags=7
party=2 HP=33/33,28/28 battle=0 battlers=0 outcome=0 PP=0,0 trial=1 donut-ability=0
persistent PP=8,2 status=0,0
growth level/xp/item=9/495/0,9/805/0 stats maxHP/attack,maxHP/magic=33/23,28/14 foesHP=0,0
pattern trainer=0 turn=0 foePP=0,0 foeAtkDef=0,0 CarlAtk=0 foeLevel=0
support PP=0,0 Carl-defense=0 enemy-attack=0,0
party action uses=8,40 / 2,40
frame=2262 map=34.1 pos=6,6 flags=7
party=2 HP=33/33,28/28 battle=0 battlers=0 outcome=0 PP=0,0 trial=1 donut-ability=0
persistent PP=8,2 status=0,0
growth level/xp/item=9/495/0,9/805/0 stats maxHP/attack,maxHP/magic=33/23,28/14 foesHP=0,0
pattern trainer=0 turn=0 foePP=0,0 foeAtkDef=0,0 CarlAtk=0 foeLevel=0
support PP=0,0 Carl-defense=0 enemy-attack=0,0
party action uses=8,40 / 2,40
frame=2263 map=34.1 pos=6,6 flags=7
party=2 HP=33/33,28/28 battle=0 battlers=0 outcome=0 PP=0,0 trial=1 donut-ability=0
persistent PP=8,2 status=0,0
growth level/xp/item=9/495/0,9/805/0 stats maxHP/attack,maxHP/magic=33/23,28/14 foesHP=0,0
pattern trainer=0 turn=0 foePP=0,0 foeAtkDef=0,0 CarlAtk=0 foeLevel=0
support PP=0,0 Carl-defense=0 enemy-attack=0,0
party action uses=8,40 / 2,40
frame=2264 map=34.1 pos=6,6 flags=7
party=2 HP=33/33,28/28 battle=0 battlers=0 outcome=0 PP=0,0 trial=1 donut-ability=0
persistent PP=8,2 status=0,0
growth level/xp/item=9/495/0,9/805/0 stats maxHP/attack,maxHP/magic=33/23,28/14 foesHP=0,0
pattern trainer=0 turn=0 foePP=0,0 foeAtkDef=0,0 CarlAtk=0 foeLevel=0
support PP=0,0 Carl-defense=0 enemy-attack=0,0
party action uses=8,40 / 2,40
frame=2265 map=34.1 pos=6,6 flags=7
party=2 HP=33/33,28/28 battle=0 battlers=0 outcome=0 PP=0,0 trial=1 donut-ability=0
persistent PP=8,2 status=0,0
growth level/xp/item=9/495/0,9/805/0 stats maxHP/attack,maxHP/magic=33/23,28/14 foesHP=0,0
pattern trainer=0 turn=0 foePP=0,0 foeAtkDef=0,0 CarlAtk=0 foeLevel=0
support PP=0,0 Carl-defense=0 enemy-attack=0,0
party action uses=8,40 / 2,40
frame=2266 map=34.1 pos=6,6 flags=7
party=2 HP=33/33,28/28 battle=0 battlers=0 outcome=0 PP=0,0 trial=1 donut-ability=0
persistent PP=8,2 status=0,0
growth level/xp/item=9/495/0,9/805/0 stats maxHP/attack,maxHP/magic=33/23,28/14 foesHP=0,0
pattern trainer=0 turn=0 foePP=0,0 foeAtkDef=0,0 CarlAtk=0 foeLevel=0
support PP=0,0 Carl-defense=0 enemy-attack=0,0
party action uses=8,40 / 2,40
frame=2267 map=34.1 pos=6,6 flags=7
party=2 HP=33/33,28/28 battle=0 battlers=0 outcome=0 PP=0,0 trial=1 donut-ability=0
persistent PP=8,2 status=0,0
growth level/xp/item=9/495/0,9/805/0 stats maxHP/attack,maxHP/magic=33/23,28/14 foesHP=0,0
pattern trainer=0 turn=0 foePP=0,0 foeAtkDef=0,0 CarlAtk=0 foeLevel=0
support PP=0,0 Carl-defense=0 enemy-attack=0,0
party action uses=8,40 / 2,40
frame=2268 map=34.1 pos=6,6 flags=7
party=2 HP=33/33,28/28 battle=0 battlers=0 outcome=0 PP=0,0 trial=1 donut-ability=0
persistent PP=8,2 status=0,0
growth level/xp/item=9/495/0,9/805/0 stats maxHP/attack,maxHP/magic=33/23,28/14 foesHP=0,0
pattern trainer=0 turn=0 foePP=0,0 foeAtkDef=0,0 CarlAtk=0 foeLevel=0
support PP=0,0 Carl-defense=0 enemy-attack=0,0
party action uses=8,40 / 2,40
frame=2269 map=34.1 pos=6,6 flags=7
party=2 HP=33/33,28/28 battle=0 battlers=0 outcome=0 PP=0,0 trial=1 donut-ability=0
persistent PP=8,2 status=0,0
growth level/xp/item=9/495/0,9/805/0 stats maxHP/attack,maxHP/magic=33/23,28/14 foesHP=0,0
pattern trainer=0 turn=0 foePP=0,0 foeAtkDef=0,0 CarlAtk=0 foeLevel=0
support PP=0,0 Carl-defense=0 enemy-attack=0,0
party action uses=8,40 / 2,40
frame=2270 map=34.1 pos=6,6 flags=7
party=2 HP=33/33,28/28 battle=0 battlers=0 outcome=0 PP=0,0 trial=1 donut-ability=0
persistent PP=8,2 status=0,0
growth level/xp/item=9/495/0,9/805/0 stats maxHP/attack,maxHP/magic=33/23,28/14 foesHP=0,0
pattern trainer=0 turn=0 foePP=0,0 foeAtkDef=0,0 CarlAtk=0 foeLevel=0
support PP=0,0 Carl-defense=0 enemy-attack=0,0
party action uses=8,40 / 2,40
frame=2271 map=34.1 pos=6,6 flags=7
party=2 HP=33/33,28/28 battle=0 battlers=0 outcome=0 PP=0,0 trial=1 donut-ability=0
persistent PP=8,2 status=0,0
growth level/xp/item=9/495/0,9/805/0 stats maxHP/attack,maxHP/magic=33/23,28/14 foesHP=0,0
pattern trainer=0 turn=0 foePP=0,0 foeAtkDef=0,0 CarlAtk=0 foeLevel=0
support PP=0,0 Carl-defense=0 enemy-attack=0,0
party action uses=8,40 / 2,40
frame=2272 map=34.1 pos=6,6 flags=7
party=2 HP=33/33,28/28 battle=0 battlers=0 outcome=0 PP=0,0 trial=1 donut-ability=0
persistent PP=8,2 status=0,0
growth level/xp/item=9/495/0,9/805/0 stats maxHP/attack,maxHP/magic=33/23,28/14 foesHP=0,0
pattern trainer=0 turn=0 foePP=0,0 foeAtkDef=0,0 CarlAtk=0 foeLevel=0
support PP=0,0 Carl-defense=0 enemy-attack=0,0
party action uses=8,40 / 2,40
frame=2273 map=34.1 pos=6,6 flags=7
party=2 HP=33/33,28/28 battle=0 battlers=0 outcome=0 PP=0,0 trial=1 donut-ability=0
persistent PP=8,2 status=0,0
growth level/xp/item=9/495/0,9/805/0 stats maxHP/attack,maxHP/magic=33/23,28/14 foesHP=0,0
pattern trainer=0 turn=0 foePP=0,0 foeAtkDef=0,0 CarlAtk=0 foeLevel=0
support PP=0,0 Carl-defense=0 enemy-attack=0,0
party action uses=8,40 / 2,40
frame=2274 map=34.1 pos=6,6 flags=7
party=2 HP=33/33,28/28 battle=0 battlers=0 outcome=0 PP=0,0 trial=1 donut-ability=0
persistent PP=8,2 status=0,0
growth level/xp/item=9/495/0,9/805/0 stats maxHP/attack,maxHP/magic=33/23,28/14 foesHP=0,0
pattern trainer=0 turn=0 foePP=0,0 foeAtkDef=0,0 CarlAtk=0 foeLevel=0
support PP=0,0 Carl-defense=0 enemy-attack=0,0
party action uses=8,40 / 2,40
frame=2275 map=34.1 pos=6,6 flags=7
party=2 HP=33/33,28/28 battle=0 battlers=0 outcome=0 PP=0,0 trial=1 donut-ability=0
persistent PP=8,2 status=0,0
growth level/xp/item=9/495/0,9/805/0 stats maxHP/attack,maxHP/magic=33/23,28/14 foesHP=0,0
pattern trainer=0 turn=0 foePP=0,0 foeAtkDef=0,0 CarlAtk=0 foeLevel=0
support PP=0,0 Carl-defense=0 enemy-attack=0,0
party action uses=8,40 / 2,40
frame=2276 map=34.1 pos=6,6 flags=7
party=2 HP=33/33,28/28 battle=0 battlers=0 outcome=0 PP=0,0 trial=1 donut-ability=0
persistent PP=8,2 status=0,0
growth level/xp/item=9/495/0,9/805/0 stats maxHP/attack,maxHP/magic=33/23,28/14 foesHP=0,0
pattern trainer=0 turn=0 foePP=0,0 foeAtkDef=0,0 CarlAtk=0 foeLevel=0
support PP=0,0 Carl-defense=0 enemy-attack=0,0
party action uses=8,40 / 2,40
frame=2277 map=34.1 pos=6,6 flags=7
party=2 HP=33/33,28/28 battle=0 battlers=0 outcome=0 PP=0,0 trial=1 donut-ability=0
persistent PP=8,2 status=0,0
growth level/xp/item=9/495/0,9/805/0 stats maxHP/attack,maxHP/magic=33/23,28/14 foesHP=0,0
pattern trainer=0 turn=0 foePP=0,0 foeAtkDef=0,0 CarlAtk=0 foeLevel=0
support PP=0,0 Carl-defense=0 enemy-attack=0,0
party action uses=8,40 / 2,40
frame=2278 map=34.1 pos=6,6 flags=7
party=2 HP=33/33,28/28 battle=0 battlers=0 outcome=0 PP=0,0 trial=1 donut-ability=0
persistent PP=8,2 status=0,0
growth level/xp/item=9/495/0,9/805/0 stats maxHP/attack,maxHP/magic=33/23,28/14 foesHP=0,0
pattern trainer=0 turn=0 foePP=0,0 foeAtkDef=0,0 CarlAtk=0 foeLevel=0
support PP=0,0 Carl-defense=0 enemy-attack=0,0
party action uses=8,40 / 2,40
frame=2279 map=34.1 pos=6,6 flags=7
party=2 HP=33/33,28/28 battle=0 battlers=0 outcome=0 PP=0,0 trial=1 donut-ability=0
persistent PP=8,2 status=0,0
growth level/xp/item=9/495/0,9/805/0 stats maxHP/attack,maxHP/magic=33/23,28/14 foesHP=0,0
pattern trainer=0 turn=0 foePP=0,0 foeAtkDef=0,0 CarlAtk=0 foeLevel=0
support PP=0,0 Carl-defense=0 enemy-attack=0,0
party action uses=8,40 / 2,40
frame=2280 map=34.1 pos=6,6 flags=7
party=2 HP=33/33,28/28 battle=0 battlers=0 outcome=0 PP=0,0 trial=1 donut-ability=0
persistent PP=8,2 status=0,0
growth level/xp/item=9/495/0,9/805/0 stats maxHP/attack,maxHP/magic=33/23,28/14 foesHP=0,0
pattern trainer=0 turn=0 foePP=0,0 foeAtkDef=0,0 CarlAtk=0 foeLevel=0
support PP=0,0 Carl-defense=0 enemy-attack=0,0
party action uses=8,40 / 2,40
frame=2281 map=34.1 pos=6,6 flags=7
party=2 HP=33/33,28/28 battle=0 battlers=0 outcome=0 PP=0,0 trial=1 donut-ability=0
persistent PP=8,2 status=0,0
growth level/xp/item=9/495/0,9/805/0 stats maxHP/attack,maxHP/magic=33/23,28/14 foesHP=0,0
pattern trainer=0 turn=0 foePP=0,0 foeAtkDef=0,0 CarlAtk=0 foeLevel=0
support PP=0,0 Carl-defense=0 enemy-attack=0,0
party action uses=8,40 / 2,40
frame=2282 map=34.1 pos=6,6 flags=7
party=2 HP=33/33,28/28 battle=0 battlers=0 outcome=0 PP=0,0 trial=1 donut-ability=0
persistent PP=8,2 status=0,0
growth level/xp/item=9/495/0,9/805/0 stats maxHP/attack,maxHP/magic=33/23,28/14 foesHP=0,0
pattern trainer=0 turn=0 foePP=0,0 foeAtkDef=0,0 CarlAtk=0 foeLevel=0
support PP=0,0 Carl-defense=0 enemy-attack=0,0
party action uses=8,40 / 2,40
frame=2283 map=34.1 pos=6,6 flags=7
party=2 HP=33/33,28/28 battle=0 battlers=0 outcome=0 PP=0,0 trial=1 donut-ability=0
persistent PP=8,2 status=0,0
growth level/xp/item=9/495/0,9/805/0 stats maxHP/attack,maxHP/magic=33/23,28/14 foesHP=0,0
pattern trainer=0 turn=0 foePP=0,0 foeAtkDef=0,0 CarlAtk=0 foeLevel=0
support PP=0,0 Carl-defense=0 enemy-attack=0,0
party action uses=8,40 / 2,40
frame=2284 map=34.1 pos=6,6 flags=7
party=2 HP=33/33,28/28 battle=0 battlers=0 outcome=0 PP=0,0 trial=1 donut-ability=0
persistent PP=8,2 status=0,0
growth level/xp/item=9/495/0,9/805/0 stats maxHP/attack,maxHP/magic=33/23,28/14 foesHP=0,0
pattern trainer=0 turn=0 foePP=0,0 foeAtkDef=0,0 CarlAtk=0 foeLevel=0
support PP=0,0 Carl-defense=0 enemy-attack=0,0
party action uses=8,40 / 2,40
frame=2285 map=34.1 pos=6,6 flags=7
party=2 HP=33/33,28/28 battle=0 battlers=0 outcome=0 PP=0,0 trial=1 donut-ability=0
persistent PP=8,2 status=0,0
growth level/xp/item=9/495/0,9/805/0 stats maxHP/attack,maxHP/magic=33/23,28/14 foesHP=0,0
pattern trainer=0 turn=0 foePP=0,0 foeAtkDef=0,0 CarlAtk=0 foeLevel=0
support PP=0,0 Carl-defense=0 enemy-attack=0,0
party action uses=8,40 / 2,40
frame=2286 map=34.1 pos=6,6 flags=7
party=2 HP=33/33,28/28 battle=0 battlers=0 outcome=0 PP=0,0 trial=1 donut-ability=0
persistent PP=8,2 status=0,0
growth level/xp/item=9/495/0,9/805/0 stats maxHP/attack,maxHP/magic=33/23,28/14 foesHP=0,0
pattern trainer=0 turn=0 foePP=0,0 foeAtkDef=0,0 CarlAtk=0 foeLevel=0
support PP=0,0 Carl-defense=0 enemy-attack=0,0
party action uses=8,40 / 2,40
frame=2287 map=34.1 pos=6,6 flags=7
party=2 HP=33/33,28/28 battle=0 battlers=0 outcome=0 PP=0,0 trial=1 donut-ability=0
persistent PP=8,2 status=0,0
growth level/xp/item=9/495/0,9/805/0 stats maxHP/attack,maxHP/magic=33/23,28/14 foesHP=0,0
pattern trainer=0 turn=0 foePP=0,0 foeAtkDef=0,0 CarlAtk=0 foeLevel=0
support PP=0,0 Carl-defense=0 enemy-attack=0,0
party action uses=8,40 / 2,40
frame=2288 map=34.1 pos=6,6 flags=7
party=2 HP=33/33,28/28 battle=0 battlers=0 outcome=0 PP=0,0 trial=1 donut-ability=0
persistent PP=8,2 status=0,0
growth level/xp/item=9/495/0,9/805/0 stats maxHP/attack,maxHP/magic=33/23,28/14 foesHP=0,0
pattern trainer=0 turn=0 foePP=0,0 foeAtkDef=0,0 CarlAtk=0 foeLevel=0
support PP=0,0 Carl-defense=0 enemy-attack=0,0
party action uses=8,40 / 2,40
frame=2288 map=34.1 pos=6,6 flags=7
party=2 HP=33/33,28/28 battle=0 battlers=0 outcome=0 PP=0,0 trial=1 donut-ability=0
persistent PP=8,2 status=0,0
growth level/xp/item=9/495/0,9/805/0 stats maxHP/attack,maxHP/magic=33/23,28/14 foesHP=0,0
pattern trainer=0 turn=0 foePP=0,0 foeAtkDef=0,0 CarlAtk=0 foeLevel=0
support PP=0,0 Carl-defense=0 enemy-attack=0,0
party action uses=8,40 / 2,40
PASS expect 34 1 6 6 7
frame=2289 map=34.1 pos=6,6 flags=7
party=2 HP=33/33,28/28 battle=0 battlers=0 outcome=0 PP=0,0 trial=1 donut-ability=0
persistent PP=8,2 status=0,0
growth level/xp/item=9/495/0,9/805/0 stats maxHP/attack,maxHP/magic=33/23,28/14 foesHP=0,0
pattern trainer=0 turn=0 foePP=0,0 foeAtkDef=0,0 CarlAtk=0 foeLevel=0
support PP=0,0 Carl-defense=0 enemy-attack=0,0
party action uses=8,40 / 2,40
frame=2290 map=34.1 pos=6,6 flags=7
party=2 HP=33/33,28/28 battle=0 battlers=0 outcome=0 PP=0,0 trial=1 donut-ability=0
persistent PP=8,2 status=0,0
growth level/xp/item=9/495/0,9/805/0 stats maxHP/attack,maxHP/magic=33/23,28/14 foesHP=0,0
pattern trainer=0 turn=0 foePP=0,0 foeAtkDef=0,0 CarlAtk=0 foeLevel=0
support PP=0,0 Carl-defense=0 enemy-attack=0,0
party action uses=8,40 / 2,40
frame=2291 map=34.1 pos=6,6 flags=7
party=2 HP=33/33,28/28 battle=0 battlers=0 outcome=0 PP=0,0 trial=1 donut-ability=0
persistent PP=8,2 status=0,0
growth level/xp/item=9/495/0,9/805/0 stats maxHP/attack,maxHP/magic=33/23,28/14 foesHP=0,0
pattern trainer=0 turn=0 foePP=0,0 foeAtkDef=0,0 CarlAtk=0 foeLevel=0
support PP=0,0 Carl-defense=0 enemy-attack=0,0
party action uses=8,40 / 2,40
frame=2292 map=34.1 pos=6,6 flags=7
party=2 HP=33/33,28/28 battle=0 battlers=0 outcome=0 PP=0,0 trial=1 donut-ability=0
persistent PP=8,2 status=0,0
growth level/xp/item=9/495/0,9/805/0 stats maxHP/attack,maxHP/magic=33/23,28/14 foesHP=0,0
pattern trainer=0 turn=0 foePP=0,0 foeAtkDef=0,0 CarlAtk=0 foeLevel=0
support PP=0,0 Carl-defense=0 enemy-attack=0,0
party action uses=8,40 / 2,40
frame=2293 map=34.1 pos=6,6 flags=7
party=2 HP=33/33,28/28 battle=0 battlers=0 outcome=0 PP=0,0 trial=1 donut-ability=0
persistent PP=8,2 status=0,0
growth level/xp/item=9/495/0,9/805/0 stats maxHP/attack,maxHP/magic=33/23,28/14 foesHP=0,0
pattern trainer=0 turn=0 foePP=0,0 foeAtkDef=0,0 CarlAtk=0 foeLevel=0
support PP=0,0 Carl-defense=0 enemy-attack=0,0
party action uses=8,40 / 2,40
frame=2294 map=34.1 pos=6,6 flags=7
party=2 HP=33/33,28/28 battle=0 battlers=0 outcome=0 PP=0,0 trial=1 donut-ability=0
persistent PP=8,2 status=0,0
growth level/xp/item=9/495/0,9/805/0 stats maxHP/attack,maxHP/magic=33/23,28/14 foesHP=0,0
pattern trainer=0 turn=0 foePP=0,0 foeAtkDef=0,0 CarlAtk=0 foeLevel=0
support PP=0,0 Carl-defense=0 enemy-attack=0,0
party action uses=8,40 / 2,40
frame=2295 map=34.1 pos=6,6 flags=7
party=2 HP=33/33,28/28 battle=0 battlers=0 outcome=0 PP=0,0 trial=1 donut-ability=0
persistent PP=8,2 status=0,0
growth level/xp/item=9/495/0,9/805/0 stats maxHP/attack,maxHP/magic=33/23,28/14 foesHP=0,0
pattern trainer=0 turn=0 foePP=0,0 foeAtkDef=0,0 CarlAtk=0 foeLevel=0
support PP=0,0 Carl-defense=0 enemy-attack=0,0
party action uses=8,40 / 2,40
frame=2296 map=34.1 pos=6,6 flags=7
party=2 HP=33/33,28/28 battle=0 battlers=0 outcome=0 PP=0,0 trial=1 donut-ability=0
persistent PP=8,2 status=0,0
growth level/xp/item=9/495/0,9/805/0 stats maxHP/attack,maxHP/magic=33/23,28/14 foesHP=0,0
pattern trainer=0 turn=0 foePP=0,0 foeAtkDef=0,0 CarlAtk=0 foeLevel=0
support PP=0,0 Carl-defense=0 enemy-attack=0,0
party action uses=8,40 / 2,40
frame=2297 map=34.1 pos=6,7 flags=7
party=2 HP=33/33,28/28 battle=0 battlers=0 outcome=0 PP=0,0 trial=1 donut-ability=0
persistent PP=8,2 status=0,0
growth level/xp/item=9/495/0,9/805/0 stats maxHP/attack,maxHP/magic=33/23,28/14 foesHP=0,0
pattern trainer=0 turn=0 foePP=0,0 foeAtkDef=0,0 CarlAtk=0 foeLevel=0
support PP=0,0 Carl-defense=0 enemy-attack=0,0
party action uses=8,40 / 2,40
frame=2298 map=34.1 pos=6,7 flags=7
party=2 HP=33/33,28/28 battle=0 battlers=0 outcome=0 PP=0,0 trial=1 donut-ability=0
persistent PP=8,2 status=0,0
growth level/xp/item=9/495/0,9/805/0 stats maxHP/attack,maxHP/magic=33/23,28/14 foesHP=0,0
pattern trainer=0 turn=0 foePP=0,0 foeAtkDef=0,0 CarlAtk=0 foeLevel=0
support PP=0,0 Carl-defense=0 enemy-attack=0,0
party action uses=8,40 / 2,40
frame=2299 map=34.1 pos=6,7 flags=7
party=2 HP=33/33,28/28 battle=0 battlers=0 outcome=0 PP=0,0 trial=1 donut-ability=0
persistent PP=8,2 status=0,0
growth level/xp/item=9/495/0,9/805/0 stats maxHP/attack,maxHP/magic=33/23,28/14 foesHP=0,0
pattern trainer=0 turn=0 foePP=0,0 foeAtkDef=0,0 CarlAtk=0 foeLevel=0
support PP=0,0 Carl-defense=0 enemy-attack=0,0
party action uses=8,40 / 2,40
frame=2300 map=34.1 pos=6,7 flags=7
party=2 HP=33/33,28/28 battle=0 battlers=0 outcome=0 PP=0,0 trial=1 donut-ability=0
persistent PP=8,2 status=0,0
growth level/xp/item=9/495/0,9/805/0 stats maxHP/attack,maxHP/magic=33/23,28/14 foesHP=0,0
pattern trainer=0 turn=0 foePP=0,0 foeAtkDef=0,0 CarlAtk=0 foeLevel=0
support PP=0,0 Carl-defense=0 enemy-attack=0,0
party action uses=8,40 / 2,40
frame=2301 map=34.1 pos=6,7 flags=7
party=2 HP=33/33,28/28 battle=0 battlers=0 outcome=0 PP=0,0 trial=1 donut-ability=0
persistent PP=8,2 status=0,0
growth level/xp/item=9/495/0,9/805/0 stats maxHP/attack,maxHP/magic=33/23,28/14 foesHP=0,0
pattern trainer=0 turn=0 foePP=0,0 foeAtkDef=0,0 CarlAtk=0 foeLevel=0
support PP=0,0 Carl-defense=0 enemy-attack=0,0
party action uses=8,40 / 2,40
frame=2302 map=34.1 pos=6,7 flags=7
party=2 HP=33/33,28/28 battle=0 battlers=0 outcome=0 PP=0,0 trial=1 donut-ability=0
persistent PP=8,2 status=0,0
growth level/xp/item=9/495/0,9/805/0 stats maxHP/attack,maxHP/magic=33/23,28/14 foesHP=0,0
pattern trainer=0 turn=0 foePP=0,0 foeAtkDef=0,0 CarlAtk=0 foeLevel=0
support PP=0,0 Carl-defense=0 enemy-attack=0,0
party action uses=8,40 / 2,40
frame=2303 map=34.1 pos=6,7 flags=7
party=2 HP=33/33,28/28 battle=0 battlers=0 outcome=0 PP=0,0 trial=1 donut-ability=0
persistent PP=8,2 status=0,0
growth level/xp/item=9/495/0,9/805/0 stats maxHP/attack,maxHP/magic=33/23,28/14 foesHP=0,0
pattern trainer=0 turn=0 foePP=0,0 foeAtkDef=0,0 CarlAtk=0 foeLevel=0
support PP=0,0 Carl-defense=0 enemy-attack=0,0
party action uses=8,40 / 2,40
frame=2304 map=34.1 pos=6,7 flags=7
party=2 HP=33/33,28/28 battle=0 battlers=0 outcome=0 PP=0,0 trial=1 donut-ability=0
persistent PP=8,2 status=0,0
growth level/xp/item=9/495/0,9/805/0 stats maxHP/attack,maxHP/magic=33/23,28/14 foesHP=0,0
pattern trainer=0 turn=0 foePP=0,0 foeAtkDef=0,0 CarlAtk=0 foeLevel=0
support PP=0,0 Carl-defense=0 enemy-attack=0,0
party action uses=8,40 / 2,40
frame=2305 map=34.1 pos=6,7 flags=7
party=2 HP=33/33,28/28 battle=0 battlers=0 outcome=0 PP=0,0 trial=1 donut-ability=0
persistent PP=8,2 status=0,0
growth level/xp/item=9/495/0,9/805/0 stats maxHP/attack,maxHP/magic=33/23,28/14 foesHP=0,0
pattern trainer=0 turn=0 foePP=0,0 foeAtkDef=0,0 CarlAtk=0 foeLevel=0
support PP=0,0 Carl-defense=0 enemy-attack=0,0
party action uses=8,40 / 2,40
frame=2306 map=34.1 pos=6,7 flags=7
party=2 HP=33/33,28/28 battle=0 battlers=0 outcome=0 PP=0,0 trial=1 donut-ability=0
persistent PP=8,2 status=0,0
growth level/xp/item=9/495/0,9/805/0 stats maxHP/attack,maxHP/magic=33/23,28/14 foesHP=0,0
pattern trainer=0 turn=0 foePP=0,0 foeAtkDef=0,0 CarlAtk=0 foeLevel=0
support PP=0,0 Carl-defense=0 enemy-attack=0,0
party action uses=8,40 / 2,40
frame=2307 map=34.1 pos=6,7 flags=7
party=2 HP=33/33,28/28 battle=0 battlers=0 outcome=0 PP=0,0 trial=1 donut-ability=0
persistent PP=8,2 status=0,0
growth level/xp/item=9/495/0,9/805/0 stats maxHP/attack,maxHP/magic=33/23,28/14 foesHP=0,0
pattern trainer=0 turn=0 foePP=0,0 foeAtkDef=0,0 CarlAtk=0 foeLevel=0
support PP=0,0 Carl-defense=0 enemy-attack=0,0
party action uses=8,40 / 2,40
frame=2308 map=34.1 pos=6,7 flags=7
party=2 HP=33/33,28/28 battle=0 battlers=0 outcome=0 PP=0,0 trial=1 donut-ability=0
persistent PP=8,2 status=0,0
growth level/xp/item=9/495/0,9/805/0 stats maxHP/attack,maxHP/magic=33/23,28/14 foesHP=0,0
pattern trainer=0 turn=0 foePP=0,0 foeAtkDef=0,0 CarlAtk=0 foeLevel=0
support PP=0,0 Carl-defense=0 enemy-attack=0,0
party action uses=8,40 / 2,40
frame=2309 map=34.1 pos=6,7 flags=7
party=2 HP=33/33,28/28 battle=0 battlers=0 outcome=0 PP=0,0 trial=1 donut-ability=0
persistent PP=8,2 status=0,0
growth level/xp/item=9/495/0,9/805/0 stats maxHP/attack,maxHP/magic=33/23,28/14 foesHP=0,0
pattern trainer=0 turn=0 foePP=0,0 foeAtkDef=0,0 CarlAtk=0 foeLevel=0
support PP=0,0 Carl-defense=0 enemy-attack=0,0
party action uses=8,40 / 2,40
frame=2310 map=34.1 pos=6,7 flags=7
party=2 HP=33/33,28/28 battle=0 battlers=0 outcome=0 PP=0,0 trial=1 donut-ability=0
persistent PP=8,2 status=0,0
growth level/xp/item=9/495/0,9/805/0 stats maxHP/attack,maxHP/magic=33/23,28/14 foesHP=0,0
pattern trainer=0 turn=0 foePP=0,0 foeAtkDef=0,0 CarlAtk=0 foeLevel=0
support PP=0,0 Carl-defense=0 enemy-attack=0,0
party action uses=8,40 / 2,40
frame=2311 map=34.1 pos=6,7 flags=7
party=2 HP=33/33,28/28 battle=0 battlers=0 outcome=0 PP=0,0 trial=1 donut-ability=0
persistent PP=8,2 status=0,0
growth level/xp/item=9/495/0,9/805/0 stats maxHP/attack,maxHP/magic=33/23,28/14 foesHP=0,0
pattern trainer=0 turn=0 foePP=0,0 foeAtkDef=0,0 CarlAtk=0 foeLevel=0
support PP=0,0 Carl-defense=0 enemy-attack=0,0
party action uses=8,40 / 2,40
frame=2312 map=34.1 pos=6,7 flags=7
party=2 HP=33/33,28/28 battle=0 battlers=0 outcome=0 PP=0,0 trial=1 donut-ability=0
persistent PP=8,2 status=0,0
growth level/xp/item=9/495/0,9/805/0 stats maxHP/attack,maxHP/magic=33/23,28/14 foesHP=0,0
pattern trainer=0 turn=0 foePP=0,0 foeAtkDef=0,0 CarlAtk=0 foeLevel=0
support PP=0,0 Carl-defense=0 enemy-attack=0,0
party action uses=8,40 / 2,40
frame=2313 map=34.1 pos=6,7 flags=7
party=2 HP=33/33,28/28 battle=0 battlers=0 outcome=0 PP=0,0 trial=1 donut-ability=0
persistent PP=8,2 status=0,0
growth level/xp/item=9/495/0,9/805/0 stats maxHP/attack,maxHP/magic=33/23,28/14 foesHP=0,0
pattern trainer=0 turn=0 foePP=0,0 foeAtkDef=0,0 CarlAtk=0 foeLevel=0
support PP=0,0 Carl-defense=0 enemy-attack=0,0
party action uses=8,40 / 2,40
frame=2314 map=34.1 pos=6,7 flags=7
party=2 HP=33/33,28/28 battle=0 battlers=0 outcome=0 PP=0,0 trial=1 donut-ability=0
persistent PP=8,2 status=0,0
growth level/xp/item=9/495/0,9/805/0 stats maxHP/attack,maxHP/magic=33/23,28/14 foesHP=0,0
pattern trainer=0 turn=0 foePP=0,0 foeAtkDef=0,0 CarlAtk=0 foeLevel=0
support PP=0,0 Carl-defense=0 enemy-attack=0,0
party action uses=8,40 / 2,40
frame=2315 map=34.1 pos=6,7 flags=7
party=2 HP=33/33,28/28 battle=0 battlers=0 outcome=0 PP=0,0 trial=1 donut-ability=0
persistent PP=8,2 status=0,0
growth level/xp/item=9/495/0,9/805/0 stats maxHP/attack,maxHP/magic=33/23,28/14 foesHP=0,0
pattern trainer=0 turn=0 foePP=0,0 foeAtkDef=0,0 CarlAtk=0 foeLevel=0
support PP=0,0 Carl-defense=0 enemy-attack=0,0
party action uses=8,40 / 2,40
frame=2316 map=34.1 pos=6,7 flags=7
party=2 HP=33/33,28/28 battle=0 battlers=0 outcome=0 PP=0,0 trial=1 donut-ability=0
persistent PP=8,2 status=0,0
growth level/xp/item=9/495/0,9/805/0 stats maxHP/attack,maxHP/magic=33/23,28/14 foesHP=0,0
pattern trainer=0 turn=0 foePP=0,0 foeAtkDef=0,0 CarlAtk=0 foeLevel=0
support PP=0,0 Carl-defense=0 enemy-attack=0,0
party action uses=8,40 / 2,40
frame=2317 map=34.1 pos=6,7 flags=7
party=2 HP=33/33,28/28 battle=0 battlers=0 outcome=0 PP=0,0 trial=1 donut-ability=0
persistent PP=8,2 status=0,0
growth level/xp/item=9/495/0,9/805/0 stats maxHP/attack,maxHP/magic=33/23,28/14 foesHP=0,0
pattern trainer=0 turn=0 foePP=0,0 foeAtkDef=0,0 CarlAtk=0 foeLevel=0
support PP=0,0 Carl-defense=0 enemy-attack=0,0
party action uses=8,40 / 2,40
frame=2318 map=34.1 pos=6,7 flags=7
party=2 HP=33/33,28/28 battle=0 battlers=0 outcome=0 PP=0,0 trial=1 donut-ability=0
persistent PP=8,2 status=0,0
growth level/xp/item=9/495/0,9/805/0 stats maxHP/attack,maxHP/magic=33/23,28/14 foesHP=0,0
pattern trainer=0 turn=0 foePP=0,0 foeAtkDef=0,0 CarlAtk=0 foeLevel=0
support PP=0,0 Carl-defense=0 enemy-attack=0,0
party action uses=8,40 / 2,40
frame=2319 map=34.1 pos=6,7 flags=7
party=2 HP=33/33,28/28 battle=0 battlers=0 outcome=0 PP=0,0 trial=1 donut-ability=0
persistent PP=8,2 status=0,0
growth level/xp/item=9/495/0,9/805/0 stats maxHP/attack,maxHP/magic=33/23,28/14 foesHP=0,0
pattern trainer=0 turn=0 foePP=0,0 foeAtkDef=0,0 CarlAtk=0 foeLevel=0
support PP=0,0 Carl-defense=0 enemy-attack=0,0
party action uses=8,40 / 2,40
frame=2320 map=34.1 pos=6,7 flags=7
party=2 HP=33/33,28/28 battle=0 battlers=0 outcome=0 PP=0,0 trial=1 donut-ability=0
persistent PP=8,2 status=0,0
growth level/xp/item=9/495/0,9/805/0 stats maxHP/attack,maxHP/magic=33/23,28/14 foesHP=0,0
pattern trainer=0 turn=0 foePP=0,0 foeAtkDef=0,0 CarlAtk=0 foeLevel=0
support PP=0,0 Carl-defense=0 enemy-attack=0,0
party action uses=8,40 / 2,40
frame=2321 map=34.1 pos=6,7 flags=7
party=2 HP=33/33,28/28 battle=0 battlers=0 outcome=0 PP=0,0 trial=1 donut-ability=0
persistent PP=8,2 status=0,0
growth level/xp/item=9/495/0,9/805/0 stats maxHP/attack,maxHP/magic=33/23,28/14 foesHP=0,0
pattern trainer=0 turn=0 foePP=0,0 foeAtkDef=0,0 CarlAtk=0 foeLevel=0
support PP=0,0 Carl-defense=0 enemy-attack=0,0
party action uses=8,40 / 2,40
frame=2322 map=34.1 pos=6,7 flags=7
party=2 HP=33/33,28/28 battle=0 battlers=0 outcome=0 PP=0,0 trial=1 donut-ability=0
persistent PP=8,2 status=0,0
growth level/xp/item=9/495/0,9/805/0 stats maxHP/attack,maxHP/magic=33/23,28/14 foesHP=0,0
pattern trainer=0 turn=0 foePP=0,0 foeAtkDef=0,0 CarlAtk=0 foeLevel=0
support PP=0,0 Carl-defense=0 enemy-attack=0,0
party action uses=8,40 / 2,40
frame=2323 map=34.1 pos=6,7 flags=7
party=2 HP=33/33,28/28 battle=0 battlers=0 outcome=0 PP=0,0 trial=1 donut-ability=0
persistent PP=8,2 status=0,0
growth level/xp/item=9/495/0,9/805/0 stats maxHP/attack,maxHP/magic=33/23,28/14 foesHP=0,0
pattern trainer=0 turn=0 foePP=0,0 foeAtkDef=0,0 CarlAtk=0 foeLevel=0
support PP=0,0 Carl-defense=0 enemy-attack=0,0
party action uses=8,40 / 2,40
frame=2324 map=34.1 pos=6,7 flags=7
party=2 HP=33/33,28/28 battle=0 battlers=0 outcome=0 PP=0,0 trial=1 donut-ability=0
persistent PP=8,2 status=0,0
growth level/xp/item=9/495/0,9/805/0 stats maxHP/attack,maxHP/magic=33/23,28/14 foesHP=0,0
pattern trainer=0 turn=0 foePP=0,0 foeAtkDef=0,0 CarlAtk=0 foeLevel=0
support PP=0,0 Carl-defense=0 enemy-attack=0,0
party action uses=8,40 / 2,40
frame=2325 map=34.1 pos=6,7 flags=7
party=2 HP=33/33,28/28 battle=0 battlers=0 outcome=0 PP=0,0 trial=1 donut-ability=0
persistent PP=8,2 status=0,0
growth level/xp/item=9/495/0,9/805/0 stats maxHP/attack,maxHP/magic=33/23,28/14 foesHP=0,0
pattern trainer=0 turn=0 foePP=0,0 foeAtkDef=0,0 CarlAtk=0 foeLevel=0
support PP=0,0 Carl-defense=0 enemy-attack=0,0
party action uses=8,40 / 2,40
frame=2326 map=34.1 pos=6,7 flags=7
party=2 HP=33/33,28/28 battle=0 battlers=0 outcome=0 PP=0,0 trial=1 donut-ability=0
persistent PP=8,2 status=0,0
growth level/xp/item=9/495/0,9/805/0 stats maxHP/attack,maxHP/magic=33/23,28/14 foesHP=0,0
pattern trainer=0 turn=0 foePP=0,0 foeAtkDef=0,0 CarlAtk=0 foeLevel=0
support PP=0,0 Carl-defense=0 enemy-attack=0,0
party action uses=8,40 / 2,40
frame=2327 map=34.1 pos=6,7 flags=7
party=2 HP=33/33,28/28 battle=0 battlers=0 outcome=0 PP=0,0 trial=1 donut-ability=0
persistent PP=8,2 status=0,0
growth level/xp/item=9/495/0,9/805/0 stats maxHP/attack,maxHP/magic=33/23,28/14 foesHP=0,0
pattern trainer=0 turn=0 foePP=0,0 foeAtkDef=0,0 CarlAtk=0 foeLevel=0
support PP=0,0 Carl-defense=0 enemy-attack=0,0
party action uses=8,40 / 2,40
frame=2328 map=34.1 pos=6,7 flags=7
party=2 HP=33/33,28/28 battle=0 battlers=0 outcome=0 PP=0,0 trial=1 donut-ability=0
persistent PP=8,2 status=0,0
growth level/xp/item=9/495/0,9/805/0 stats maxHP/attack,maxHP/magic=33/23,28/14 foesHP=0,0
pattern trainer=0 turn=0 foePP=0,0 foeAtkDef=0,0 CarlAtk=0 foeLevel=0
support PP=0,0 Carl-defense=0 enemy-attack=0,0
party action uses=8,40 / 2,40
frame=2329 map=34.1 pos=6,7 flags=7
party=2 HP=33/33,28/28 battle=0 battlers=0 outcome=0 PP=0,0 trial=1 donut-ability=0
persistent PP=8,2 status=0,0
growth level/xp/item=9/495/0,9/805/0 stats maxHP/attack,maxHP/magic=33/23,28/14 foesHP=0,0
pattern trainer=0 turn=0 foePP=0,0 foeAtkDef=0,0 CarlAtk=0 foeLevel=0
support PP=0,0 Carl-defense=0 enemy-attack=0,0
party action uses=8,40 / 2,40
frame=2330 map=34.1 pos=6,7 flags=7
party=2 HP=33/33,28/28 battle=0 battlers=0 outcome=0 PP=0,0 trial=1 donut-ability=0
persistent PP=8,2 status=0,0
growth level/xp/item=9/495/0,9/805/0 stats maxHP/attack,maxHP/magic=33/23,28/14 foesHP=0,0
pattern trainer=0 turn=0 foePP=0,0 foeAtkDef=0,0 CarlAtk=0 foeLevel=0
support PP=0,0 Carl-defense=0 enemy-attack=0,0
party action uses=8,40 / 2,40
frame=2331 map=34.1 pos=6,7 flags=7
party=2 HP=33/33,28/28 battle=0 battlers=0 outcome=0 PP=0,0 trial=1 donut-ability=0
persistent PP=8,2 status=0,0
growth level/xp/item=9/495/0,9/805/0 stats maxHP/attack,maxHP/magic=33/23,28/14 foesHP=0,0
pattern trainer=0 turn=0 foePP=0,0 foeAtkDef=0,0 CarlAtk=0 foeLevel=0
support PP=0,0 Carl-defense=0 enemy-attack=0,0
party action uses=8,40 / 2,40
frame=2332 map=34.1 pos=6,7 flags=7
party=2 HP=33/33,28/28 battle=0 battlers=0 outcome=0 PP=0,0 trial=1 donut-ability=0
persistent PP=8,2 status=0,0
growth level/xp/item=9/495/0,9/805/0 stats maxHP/attack,maxHP/magic=33/23,28/14 foesHP=0,0
pattern trainer=0 turn=0 foePP=0,0 foeAtkDef=0,0 CarlAtk=0 foeLevel=0
support PP=0,0 Carl-defense=0 enemy-attack=0,0
party action uses=8,40 / 2,40
frame=2333 map=34.1 pos=6,7 flags=7
party=2 HP=33/33,28/28 battle=0 battlers=0 outcome=0 PP=0,0 trial=1 donut-ability=0
persistent PP=8,2 status=0,0
growth level/xp/item=9/495/0,9/805/0 stats maxHP/attack,maxHP/magic=33/23,28/14 foesHP=0,0
pattern trainer=0 turn=0 foePP=0,0 foeAtkDef=0,0 CarlAtk=0 foeLevel=0
support PP=0,0 Carl-defense=0 enemy-attack=0,0
party action uses=8,40 / 2,40
frame=2334 map=34.1 pos=6,7 flags=7
party=2 HP=33/33,28/28 battle=0 battlers=0 outcome=0 PP=0,0 trial=1 donut-ability=0
persistent PP=8,2 status=0,0
growth level/xp/item=9/495/0,9/805/0 stats maxHP/attack,maxHP/magic=33/23,28/14 foesHP=0,0
pattern trainer=0 turn=0 foePP=0,0 foeAtkDef=0,0 CarlAtk=0 foeLevel=0
support PP=0,0 Carl-defense=0 enemy-attack=0,0
party action uses=8,40 / 2,40
frame=2335 map=34.1 pos=6,7 flags=7
party=2 HP=33/33,28/28 battle=0 battlers=0 outcome=0 PP=0,0 trial=1 donut-ability=0
persistent PP=8,2 status=0,0
growth level/xp/item=9/495/0,9/805/0 stats maxHP/attack,maxHP/magic=33/23,28/14 foesHP=0,0
pattern trainer=0 turn=0 foePP=0,0 foeAtkDef=0,0 CarlAtk=0 foeLevel=0
support PP=0,0 Carl-defense=0 enemy-attack=0,0
party action uses=8,40 / 2,40
frame=2336 map=34.1 pos=6,7 flags=7
party=2 HP=33/33,28/28 battle=0 battlers=0 outcome=0 PP=0,0 trial=1 donut-ability=0
persistent PP=8,2 status=0,0
growth level/xp/item=9/495/0,9/805/0 stats maxHP/attack,maxHP/magic=33/23,28/14 foesHP=0,0
pattern trainer=0 turn=0 foePP=0,0 foeAtkDef=0,0 CarlAtk=0 foeLevel=0
support PP=0,0 Carl-defense=0 enemy-attack=0,0
party action uses=8,40 / 2,40
frame=2337 map=34.1 pos=6,7 flags=7
party=2 HP=33/33,28/28 battle=0 battlers=0 outcome=0 PP=0,0 trial=1 donut-ability=0
persistent PP=8,2 status=0,0
growth level/xp/item=9/495/0,9/805/0 stats maxHP/attack,maxHP/magic=33/23,28/14 foesHP=0,0
pattern trainer=0 turn=0 foePP=0,0 foeAtkDef=0,0 CarlAtk=0 foeLevel=0
support PP=0,0 Carl-defense=0 enemy-attack=0,0
party action uses=8,40 / 2,40
frame=2338 map=34.1 pos=6,7 flags=7
party=2 HP=33/33,28/28 battle=0 battlers=0 outcome=0 PP=0,0 trial=1 donut-ability=0
persistent PP=8,2 status=0,0
growth level/xp/item=9/495/0,9/805/0 stats maxHP/attack,maxHP/magic=33/23,28/14 foesHP=0,0
pattern trainer=0 turn=0 foePP=0,0 foeAtkDef=0,0 CarlAtk=0 foeLevel=0
support PP=0,0 Carl-defense=0 enemy-attack=0,0
party action uses=8,40 / 2,40
frame=2339 map=34.1 pos=6,7 flags=7
party=2 HP=33/33,28/28 battle=0 battlers=0 outcome=0 PP=0,0 trial=1 donut-ability=0
persistent PP=8,2 status=0,0
growth level/xp/item=9/495/0,9/805/0 stats maxHP/attack,maxHP/magic=33/23,28/14 foesHP=0,0
pattern trainer=0 turn=0 foePP=0,0 foeAtkDef=0,0 CarlAtk=0 foeLevel=0
support PP=0,0 Carl-defense=0 enemy-attack=0,0
party action uses=8,40 / 2,40
frame=2340 map=34.1 pos=6,7 flags=7
party=2 HP=33/33,28/28 battle=0 battlers=0 outcome=0 PP=0,0 trial=1 donut-ability=0
persistent PP=8,2 status=0,0
growth level/xp/item=9/495/0,9/805/0 stats maxHP/attack,maxHP/magic=33/23,28/14 foesHP=0,0
pattern trainer=0 turn=0 foePP=0,0 foeAtkDef=0,0 CarlAtk=0 foeLevel=0
support PP=0,0 Carl-defense=0 enemy-attack=0,0
party action uses=8,40 / 2,40
frame=2341 map=34.1 pos=6,7 flags=7
party=2 HP=33/33,28/28 battle=0 battlers=0 outcome=0 PP=0,0 trial=1 donut-ability=0
persistent PP=8,2 status=0,0
growth level/xp/item=9/495/0,9/805/0 stats maxHP/attack,maxHP/magic=33/23,28/14 foesHP=0,0
pattern trainer=0 turn=0 foePP=0,0 foeAtkDef=0,0 CarlAtk=0 foeLevel=0
support PP=0,0 Carl-defense=0 enemy-attack=0,0
party action uses=8,40 / 2,40
frame=2342 map=34.1 pos=6,7 flags=7
party=2 HP=33/33,28/28 battle=0 battlers=0 outcome=0 PP=0,0 trial=1 donut-ability=0
persistent PP=8,2 status=0,0
growth level/xp/item=9/495/0,9/805/0 stats maxHP/attack,maxHP/magic=33/23,28/14 foesHP=0,0
pattern trainer=0 turn=0 foePP=0,0 foeAtkDef=0,0 CarlAtk=0 foeLevel=0
support PP=0,0 Carl-defense=0 enemy-attack=0,0
party action uses=8,40 / 2,40
frame=2343 map=34.1 pos=6,7 flags=7
party=2 HP=33/33,28/28 battle=0 battlers=0 outcome=0 PP=0,0 trial=1 donut-ability=0
persistent PP=8,2 status=0,0
growth level/xp/item=9/495/0,9/805/0 stats maxHP/attack,maxHP/magic=33/23,28/14 foesHP=0,0
pattern trainer=0 turn=0 foePP=0,0 foeAtkDef=0,0 CarlAtk=0 foeLevel=0
support PP=0,0 Carl-defense=0 enemy-attack=0,0
party action uses=8,40 / 2,40
frame=2344 map=34.1 pos=6,7 flags=7
party=2 HP=33/33,28/28 battle=0 battlers=0 outcome=0 PP=0,0 trial=1 donut-ability=0
persistent PP=8,2 status=0,0
growth level/xp/item=9/495/0,9/805/0 stats maxHP/attack,maxHP/magic=33/23,28/14 foesHP=0,0
pattern trainer=0 turn=0 foePP=0,0 foeAtkDef=0,0 CarlAtk=0 foeLevel=0
support PP=0,0 Carl-defense=0 enemy-attack=0,0
party action uses=8,40 / 2,40
frame=2345 map=34.1 pos=6,7 flags=7
party=2 HP=33/33,28/28 battle=0 battlers=0 outcome=0 PP=0,0 trial=1 donut-ability=0
persistent PP=8,2 status=0,0
growth level/xp/item=9/495/0,9/805/0 stats maxHP/attack,maxHP/magic=33/23,28/14 foesHP=0,0
pattern trainer=0 turn=0 foePP=0,0 foeAtkDef=0,0 CarlAtk=0 foeLevel=0
support PP=0,0 Carl-defense=0 enemy-attack=0,0
party action uses=8,40 / 2,40
frame=2346 map=34.1 pos=6,7 flags=7
party=2 HP=33/33,28/28 battle=0 battlers=0 outcome=0 PP=0,0 trial=1 donut-ability=0
persistent PP=8,2 status=0,0
growth level/xp/item=9/495/0,9/805/0 stats maxHP/attack,maxHP/magic=33/23,28/14 foesHP=0,0
pattern trainer=0 turn=0 foePP=0,0 foeAtkDef=0,0 CarlAtk=0 foeLevel=0
support PP=0,0 Carl-defense=0 enemy-attack=0,0
party action uses=8,40 / 2,40
frame=2347 map=34.1 pos=6,7 flags=7
party=2 HP=33/33,28/28 battle=0 battlers=0 outcome=0 PP=0,0 trial=1 donut-ability=0
persistent PP=8,2 status=0,0
growth level/xp/item=9/495/0,9/805/0 stats maxHP/attack,maxHP/magic=33/23,28/14 foesHP=0,0
pattern trainer=0 turn=0 foePP=0,0 foeAtkDef=0,0 CarlAtk=0 foeLevel=0
support PP=0,0 Carl-defense=0 enemy-attack=0,0
party action uses=8,40 / 2,40
frame=2348 map=34.1 pos=6,7 flags=7
party=2 HP=33/33,28/28 battle=0 battlers=0 outcome=0 PP=0,0 trial=1 donut-ability=0
persistent PP=8,2 status=0,0
growth level/xp/item=9/495/0,9/805/0 stats maxHP/attack,maxHP/magic=33/23,28/14 foesHP=0,0
pattern trainer=0 turn=0 foePP=0,0 foeAtkDef=0,0 CarlAtk=0 foeLevel=0
support PP=0,0 Carl-defense=0 enemy-attack=0,0
party action uses=8,40 / 2,40
frame=2348 map=34.1 pos=6,7 flags=7
party=2 HP=33/33,28/28 battle=0 battlers=0 outcome=0 PP=0,0 trial=1 donut-ability=0
persistent PP=8,2 status=0,0
growth level/xp/item=9/495/0,9/805/0 stats maxHP/attack,maxHP/magic=33/23,28/14 foesHP=0,0
pattern trainer=0 turn=0 foePP=0,0 foeAtkDef=0,0 CarlAtk=0 foeLevel=0
support PP=0,0 Carl-defense=0 enemy-attack=0,0
party action uses=8,40 / 2,40
PASS expect 34 1 6 7 7
frame=2349 map=34.1 pos=6,7 flags=7
party=2 HP=33/33,28/28 battle=0 battlers=0 outcome=0 PP=0,0 trial=1 donut-ability=0
persistent PP=8,2 status=0,0
growth level/xp/item=9/495/0,9/805/0 stats maxHP/attack,maxHP/magic=33/23,28/14 foesHP=0,0
pattern trainer=0 turn=0 foePP=0,0 foeAtkDef=0,0 CarlAtk=0 foeLevel=0
support PP=0,0 Carl-defense=0 enemy-attack=0,0
party action uses=8,40 / 2,40
frame=2350 map=34.1 pos=6,7 flags=7
party=2 HP=33/33,28/28 battle=0 battlers=0 outcome=0 PP=0,0 trial=1 donut-ability=0
persistent PP=8,2 status=0,0
growth level/xp/item=9/495/0,9/805/0 stats maxHP/attack,maxHP/magic=33/23,28/14 foesHP=0,0
pattern trainer=0 turn=0 foePP=0,0 foeAtkDef=0,0 CarlAtk=0 foeLevel=0
support PP=0,0 Carl-defense=0 enemy-attack=0,0
party action uses=8,40 / 2,40
frame=2351 map=34.1 pos=6,7 flags=7
party=2 HP=33/33,28/28 battle=0 battlers=0 outcome=0 PP=0,0 trial=1 donut-ability=0
persistent PP=8,2 status=0,0
growth level/xp/item=9/495/0,9/805/0 stats maxHP/attack,maxHP/magic=33/23,28/14 foesHP=0,0
pattern trainer=0 turn=0 foePP=0,0 foeAtkDef=0,0 CarlAtk=0 foeLevel=0
support PP=0,0 Carl-defense=0 enemy-attack=0,0
party action uses=8,40 / 2,40
frame=2352 map=34.1 pos=6,7 flags=7
party=2 HP=33/33,28/28 battle=0 battlers=0 outcome=0 PP=0,0 trial=1 donut-ability=0
persistent PP=8,2 status=0,0
growth level/xp/item=9/495/0,9/805/0 stats maxHP/attack,maxHP/magic=33/23,28/14 foesHP=0,0
pattern trainer=0 turn=0 foePP=0,0 foeAtkDef=0,0 CarlAtk=0 foeLevel=0
support PP=0,0 Carl-defense=0 enemy-attack=0,0
party action uses=8,40 / 2,40
frame=2353 map=34.1 pos=6,7 flags=7
party=2 HP=33/33,28/28 battle=0 battlers=0 outcome=0 PP=0,0 trial=1 donut-ability=0
persistent PP=8,2 status=0,0
growth level/xp/item=9/495/0,9/805/0 stats maxHP/attack,maxHP/magic=33/23,28/14 foesHP=0,0
pattern trainer=0 turn=0 foePP=0,0 foeAtkDef=0,0 CarlAtk=0 foeLevel=0
support PP=0,0 Carl-defense=0 enemy-attack=0,0
party action uses=8,40 / 2,40
frame=2354 map=34.1 pos=6,7 flags=7
party=2 HP=33/33,28/28 battle=0 battlers=0 outcome=0 PP=0,0 trial=1 donut-ability=0
persistent PP=8,2 status=0,0
growth level/xp/item=9/495/0,9/805/0 stats maxHP/attack,maxHP/magic=33/23,28/14 foesHP=0,0
pattern trainer=0 turn=0 foePP=0,0 foeAtkDef=0,0 CarlAtk=0 foeLevel=0
support PP=0,0 Carl-defense=0 enemy-attack=0,0
party action uses=8,40 / 2,40
frame=2355 map=34.1 pos=6,7 flags=7
party=2 HP=33/33,28/28 battle=0 battlers=0 outcome=0 PP=0,0 trial=1 donut-ability=0
persistent PP=8,2 status=0,0
growth level/xp/item=9/495/0,9/805/0 stats maxHP/attack,maxHP/magic=33/23,28/14 foesHP=0,0
pattern trainer=0 turn=0 foePP=0,0 foeAtkDef=0,0 CarlAtk=0 foeLevel=0
support PP=0,0 Carl-defense=0 enemy-attack=0,0
party action uses=8,40 / 2,40
frame=2356 map=34.1 pos=6,7 flags=7
party=2 HP=33/33,28/28 battle=0 battlers=0 outcome=0 PP=0,0 trial=1 donut-ability=0
persistent PP=8,2 status=0,0
growth level/xp/item=9/495/0,9/805/0 stats maxHP/attack,maxHP/magic=33/23,28/14 foesHP=0,0
pattern trainer=0 turn=0 foePP=0,0 foeAtkDef=0,0 CarlAtk=0 foeLevel=0
support PP=0,0 Carl-defense=0 enemy-attack=0,0
party action uses=8,40 / 2,40
frame=2357 map=34.1 pos=5,7 flags=7
party=2 HP=33/33,28/28 battle=0 battlers=0 outcome=0 PP=0,0 trial=1 donut-ability=0
persistent PP=8,2 status=0,0
growth level/xp/item=9/495/0,9/805/0 stats maxHP/attack,maxHP/magic=33/23,28/14 foesHP=0,0
pattern trainer=0 turn=0 foePP=0,0 foeAtkDef=0,0 CarlAtk=0 foeLevel=0
support PP=0,0 Carl-defense=0 enemy-attack=0,0
party action uses=8,40 / 2,40
frame=2358 map=34.1 pos=5,7 flags=7
party=2 HP=33/33,28/28 battle=0 battlers=0 outcome=0 PP=0,0 trial=1 donut-ability=0
persistent PP=8,2 status=0,0
growth level/xp/item=9/495/0,9/805/0 stats maxHP/attack,maxHP/magic=33/23,28/14 foesHP=0,0
pattern trainer=0 turn=0 foePP=0,0 foeAtkDef=0,0 CarlAtk=0 foeLevel=0
support PP=0,0 Carl-defense=0 enemy-attack=0,0
party action uses=8,40 / 2,40
frame=2359 map=34.1 pos=5,7 flags=7
party=2 HP=33/33,28/28 battle=0 battlers=0 outcome=0 PP=0,0 trial=1 donut-ability=0
persistent PP=8,2 status=0,0
growth level/xp/item=9/495/0,9/805/0 stats maxHP/attack,maxHP/magic=33/23,28/14 foesHP=0,0
pattern trainer=0 turn=0 foePP=0,0 foeAtkDef=0,0 CarlAtk=0 foeLevel=0
support PP=0,0 Carl-defense=0 enemy-attack=0,0
party action uses=8,40 / 2,40
frame=2360 map=34.1 pos=5,7 flags=7
party=2 HP=33/33,28/28 battle=0 battlers=0 outcome=0 PP=0,0 trial=1 donut-ability=0
persistent PP=8,2 status=0,0
growth level/xp/item=9/495/0,9/805/0 stats maxHP/attack,maxHP/magic=33/23,28/14 foesHP=0,0
pattern trainer=0 turn=0 foePP=0,0 foeAtkDef=0,0 CarlAtk=0 foeLevel=0
support PP=0,0 Carl-defense=0 enemy-attack=0,0
party action uses=8,40 / 2,40
frame=2361 map=34.1 pos=5,7 flags=7
party=2 HP=33/33,28/28 battle=0 battlers=0 outcome=0 PP=0,0 trial=1 donut-ability=0
persistent PP=8,2 status=0,0
growth level/xp/item=9/495/0,9/805/0 stats maxHP/attack,maxHP/magic=33/23,28/14 foesHP=0,0
pattern trainer=0 turn=0 foePP=0,0 foeAtkDef=0,0 CarlAtk=0 foeLevel=0
support PP=0,0 Carl-defense=0 enemy-attack=0,0
party action uses=8,40 / 2,40
frame=2362 map=34.1 pos=5,7 flags=7
party=2 HP=33/33,28/28 battle=0 battlers=0 outcome=0 PP=0,0 trial=1 donut-ability=0
persistent PP=8,2 status=0,0
growth level/xp/item=9/495/0,9/805/0 stats maxHP/attack,maxHP/magic=33/23,28/14 foesHP=0,0
pattern trainer=0 turn=0 foePP=0,0 foeAtkDef=0,0 CarlAtk=0 foeLevel=0
support PP=0,0 Carl-defense=0 enemy-attack=0,0
party action uses=8,40 / 2,40
frame=2363 map=34.1 pos=5,7 flags=7
party=2 HP=33/33,28/28 battle=0 battlers=0 outcome=0 PP=0,0 trial=1 donut-ability=0
persistent PP=8,2 status=0,0
growth level/xp/item=9/495/0,9/805/0 stats maxHP/attack,maxHP/magic=33/23,28/14 foesHP=0,0
pattern trainer=0 turn=0 foePP=0,0 foeAtkDef=0,0 CarlAtk=0 foeLevel=0
support PP=0,0 Carl-defense=0 enemy-attack=0,0
party action uses=8,40 / 2,40
frame=2364 map=34.1 pos=5,7 flags=7
party=2 HP=33/33,28/28 battle=0 battlers=0 outcome=0 PP=0,0 trial=1 donut-ability=0
persistent PP=8,2 status=0,0
growth level/xp/item=9/495/0,9/805/0 stats maxHP/attack,maxHP/magic=33/23,28/14 foesHP=0,0
pattern trainer=0 turn=0 foePP=0,0 foeAtkDef=0,0 CarlAtk=0 foeLevel=0
support PP=0,0 Carl-defense=0 enemy-attack=0,0
party action uses=8,40 / 2,40
frame=2365 map=34.1 pos=5,7 flags=7
party=2 HP=33/33,28/28 battle=0 battlers=0 outcome=0 PP=0,0 trial=1 donut-ability=0
persistent PP=8,2 status=0,0
growth level/xp/item=9/495/0,9/805/0 stats maxHP/attack,maxHP/magic=33/23,28/14 foesHP=0,0
pattern trainer=0 turn=0 foePP=0,0 foeAtkDef=0,0 CarlAtk=0 foeLevel=0
support PP=0,0 Carl-defense=0 enemy-attack=0,0
party action uses=8,40 / 2,40
frame=2366 map=34.1 pos=5,7 flags=7
party=2 HP=33/33,28/28 battle=0 battlers=0 outcome=0 PP=0,0 trial=1 donut-ability=0
persistent PP=8,2 status=0,0
growth level/xp/item=9/495/0,9/805/0 stats maxHP/attack,maxHP/magic=33/23,28/14 foesHP=0,0
pattern trainer=0 turn=0 foePP=0,0 foeAtkDef=0,0 CarlAtk=0 foeLevel=0
support PP=0,0 Carl-defense=0 enemy-attack=0,0
party action uses=8,40 / 2,40
frame=2367 map=34.1 pos=5,7 flags=7
party=2 HP=33/33,28/28 battle=0 battlers=0 outcome=0 PP=0,0 trial=1 donut-ability=0
persistent PP=8,2 status=0,0
growth level/xp/item=9/495/0,9/805/0 stats maxHP/attack,maxHP/magic=33/23,28/14 foesHP=0,0
pattern trainer=0 turn=0 foePP=0,0 foeAtkDef=0,0 CarlAtk=0 foeLevel=0
support PP=0,0 Carl-defense=0 enemy-attack=0,0
party action uses=8,40 / 2,40
frame=2368 map=34.1 pos=5,7 flags=7
party=2 HP=33/33,28/28 battle=0 battlers=0 outcome=0 PP=0,0 trial=1 donut-ability=0
persistent PP=8,2 status=0,0
growth level/xp/item=9/495/0,9/805/0 stats maxHP/attack,maxHP/magic=33/23,28/14 foesHP=0,0
pattern trainer=0 turn=0 foePP=0,0 foeAtkDef=0,0 CarlAtk=0 foeLevel=0
support PP=0,0 Carl-defense=0 enemy-attack=0,0
party action uses=8,40 / 2,40
frame=2369 map=34.1 pos=5,7 flags=7
party=2 HP=33/33,28/28 battle=0 battlers=0 outcome=0 PP=0,0 trial=1 donut-ability=0
persistent PP=8,2 status=0,0
growth level/xp/item=9/495/0,9/805/0 stats maxHP/attack,maxHP/magic=33/23,28/14 foesHP=0,0
pattern trainer=0 turn=0 foePP=0,0 foeAtkDef=0,0 CarlAtk=0 foeLevel=0
support PP=0,0 Carl-defense=0 enemy-attack=0,0
party action uses=8,40 / 2,40
frame=2370 map=34.1 pos=5,7 flags=7
party=2 HP=33/33,28/28 battle=0 battlers=0 outcome=0 PP=0,0 trial=1 donut-ability=0
persistent PP=8,2 status=0,0
growth level/xp/item=9/495/0,9/805/0 stats maxHP/attack,maxHP/magic=33/23,28/14 foesHP=0,0
pattern trainer=0 turn=0 foePP=0,0 foeAtkDef=0,0 CarlAtk=0 foeLevel=0
support PP=0,0 Carl-defense=0 enemy-attack=0,0
party action uses=8,40 / 2,40
frame=2371 map=34.1 pos=5,7 flags=7
party=2 HP=33/33,28/28 battle=0 battlers=0 outcome=0 PP=0,0 trial=1 donut-ability=0
persistent PP=8,2 status=0,0
growth level/xp/item=9/495/0,9/805/0 stats maxHP/attack,maxHP/magic=33/23,28/14 foesHP=0,0
pattern trainer=0 turn=0 foePP=0,0 foeAtkDef=0,0 CarlAtk=0 foeLevel=0
support PP=0,0 Carl-defense=0 enemy-attack=0,0
party action uses=8,40 / 2,40
frame=2372 map=34.1 pos=5,7 flags=7
party=2 HP=33/33,28/28 battle=0 battlers=0 outcome=0 PP=0,0 trial=1 donut-ability=0
persistent PP=8,2 status=0,0
growth level/xp/item=9/495/0,9/805/0 stats maxHP/attack,maxHP/magic=33/23,28/14 foesHP=0,0
pattern trainer=0 turn=0 foePP=0,0 foeAtkDef=0,0 CarlAtk=0 foeLevel=0
support PP=0,0 Carl-defense=0 enemy-attack=0,0
party action uses=8,40 / 2,40
frame=2373 map=34.1 pos=4,7 flags=7
party=2 HP=33/33,28/28 battle=0 battlers=0 outcome=0 PP=0,0 trial=1 donut-ability=0
persistent PP=8,2 status=0,0
growth level/xp/item=9/495/0,9/805/0 stats maxHP/attack,maxHP/magic=33/23,28/14 foesHP=0,0
pattern trainer=0 turn=0 foePP=0,0 foeAtkDef=0,0 CarlAtk=0 foeLevel=0
support PP=0,0 Carl-defense=0 enemy-attack=0,0
party action uses=8,40 / 2,40
frame=2374 map=34.1 pos=4,7 flags=7
party=2 HP=33/33,28/28 battle=0 battlers=0 outcome=0 PP=0,0 trial=1 donut-ability=0
persistent PP=8,2 status=0,0
growth level/xp/item=9/495/0,9/805/0 stats maxHP/attack,maxHP/magic=33/23,28/14 foesHP=0,0
pattern trainer=0 turn=0 foePP=0,0 foeAtkDef=0,0 CarlAtk=0 foeLevel=0
support PP=0,0 Carl-defense=0 enemy-attack=0,0
party action uses=8,40 / 2,40
frame=2375 map=34.1 pos=4,7 flags=7
party=2 HP=33/33,28/28 battle=0 battlers=0 outcome=0 PP=0,0 trial=1 donut-ability=0
persistent PP=8,2 status=0,0
growth level/xp/item=9/495/0,9/805/0 stats maxHP/attack,maxHP/magic=33/23,28/14 foesHP=0,0
pattern trainer=0 turn=0 foePP=0,0 foeAtkDef=0,0 CarlAtk=0 foeLevel=0
support PP=0,0 Carl-defense=0 enemy-attack=0,0
party action uses=8,40 / 2,40
frame=2376 map=34.1 pos=4,7 flags=7
party=2 HP=33/33,28/28 battle=0 battlers=0 outcome=0 PP=0,0 trial=1 donut-ability=0
persistent PP=8,2 status=0,0
growth level/xp/item=9/495/0,9/805/0 stats maxHP/attack,maxHP/magic=33/23,28/14 foesHP=0,0
pattern trainer=0 turn=0 foePP=0,0 foeAtkDef=0,0 CarlAtk=0 foeLevel=0
support PP=0,0 Carl-defense=0 enemy-attack=0,0
party action uses=8,40 / 2,40
frame=2377 map=34.1 pos=4,7 flags=7
party=2 HP=33/33,28/28 battle=0 battlers=0 outcome=0 PP=0,0 trial=1 donut-ability=0
persistent PP=8,2 status=0,0
growth level/xp/item=9/495/0,9/805/0 stats maxHP/attack,maxHP/magic=33/23,28/14 foesHP=0,0
pattern trainer=0 turn=0 foePP=0,0 foeAtkDef=0,0 CarlAtk=0 foeLevel=0
support PP=0,0 Carl-defense=0 enemy-attack=0,0
party action uses=8,40 / 2,40
frame=2378 map=34.1 pos=4,7 flags=7
party=2 HP=33/33,28/28 battle=0 battlers=0 outcome=0 PP=0,0 trial=1 donut-ability=0
persistent PP=8,2 status=0,0
growth level/xp/item=9/495/0,9/805/0 stats maxHP/attack,maxHP/magic=33/23,28/14 foesHP=0,0
pattern trainer=0 turn=0 foePP=0,0 foeAtkDef=0,0 CarlAtk=0 foeLevel=0
support PP=0,0 Carl-defense=0 enemy-attack=0,0
party action uses=8,40 / 2,40
frame=2379 map=34.1 pos=4,7 flags=7
party=2 HP=33/33,28/28 battle=0 battlers=0 outcome=0 PP=0,0 trial=1 donut-ability=0
persistent PP=8,2 status=0,0
growth level/xp/item=9/495/0,9/805/0 stats maxHP/attack,maxHP/magic=33/23,28/14 foesHP=0,0
pattern trainer=0 turn=0 foePP=0,0 foeAtkDef=0,0 CarlAtk=0 foeLevel=0
support PP=0,0 Carl-defense=0 enemy-attack=0,0
party action uses=8,40 / 2,40
frame=2380 map=34.1 pos=4,7 flags=7
party=2 HP=33/33,28/28 battle=0 battlers=0 outcome=0 PP=0,0 trial=1 donut-ability=0
persistent PP=8,2 status=0,0
growth level/xp/item=9/495/0,9/805/0 stats maxHP/attack,maxHP/magic=33/23,28/14 foesHP=0,0
pattern trainer=0 turn=0 foePP=0,0 foeAtkDef=0,0 CarlAtk=0 foeLevel=0
support PP=0,0 Carl-defense=0 enemy-attack=0,0
party action uses=8,40 / 2,40
frame=2381 map=34.1 pos=4,7 flags=7
party=2 HP=33/33,28/28 battle=0 battlers=0 outcome=0 PP=0,0 trial=1 donut-ability=0
persistent PP=8,2 status=0,0
growth level/xp/item=9/495/0,9/805/0 stats maxHP/attack,maxHP/magic=33/23,28/14 foesHP=0,0
pattern trainer=0 turn=0 foePP=0,0 foeAtkDef=0,0 CarlAtk=0 foeLevel=0
support PP=0,0 Carl-defense=0 enemy-attack=0,0
party action uses=8,40 / 2,40
frame=2382 map=34.1 pos=4,7 flags=7
party=2 HP=33/33,28/28 battle=0 battlers=0 outcome=0 PP=0,0 trial=1 donut-ability=0
persistent PP=8,2 status=0,0
growth level/xp/item=9/495/0,9/805/0 stats maxHP/attack,maxHP/magic=33/23,28/14 foesHP=0,0
pattern trainer=0 turn=0 foePP=0,0 foeAtkDef=0,0 CarlAtk=0 foeLevel=0
support PP=0,0 Carl-defense=0 enemy-attack=0,0
party action uses=8,40 / 2,40
frame=2383 map=34.1 pos=4,7 flags=7
party=2 HP=33/33,28/28 battle=0 battlers=0 outcome=0 PP=0,0 trial=1 donut-ability=0
persistent PP=8,2 status=0,0
growth level/xp/item=9/495/0,9/805/0 stats maxHP/attack,maxHP/magic=33/23,28/14 foesHP=0,0
pattern trainer=0 turn=0 foePP=0,0 foeAtkDef=0,0 CarlAtk=0 foeLevel=0
support PP=0,0 Carl-defense=0 enemy-attack=0,0
party action uses=8,40 / 2,40
frame=2384 map=34.1 pos=4,7 flags=7
party=2 HP=33/33,28/28 battle=0 battlers=0 outcome=0 PP=0,0 trial=1 donut-ability=0
persistent PP=8,2 status=0,0
growth level/xp/item=9/495/0,9/805/0 stats maxHP/attack,maxHP/magic=33/23,28/14 foesHP=0,0
pattern trainer=0 turn=0 foePP=0,0 foeAtkDef=0,0 CarlAtk=0 foeLevel=0
support PP=0,0 Carl-defense=0 enemy-attack=0,0
party action uses=8,40 / 2,40
frame=2385 map=34.1 pos=4,7 flags=7
party=2 HP=33/33,28/28 battle=0 battlers=0 outcome=0 PP=0,0 trial=1 donut-ability=0
persistent PP=8,2 status=0,0
growth level/xp/item=9/495/0,9/805/0 stats maxHP/attack,maxHP/magic=33/23,28/14 foesHP=0,0
pattern trainer=0 turn=0 foePP=0,0 foeAtkDef=0,0 CarlAtk=0 foeLevel=0
support PP=0,0 Carl-defense=0 enemy-attack=0,0
party action uses=8,40 / 2,40
frame=2386 map=34.1 pos=4,7 flags=7
party=2 HP=33/33,28/28 battle=0 battlers=0 outcome=0 PP=0,0 trial=1 donut-ability=0
persistent PP=8,2 status=0,0
growth level/xp/item=9/495/0,9/805/0 stats maxHP/attack,maxHP/magic=33/23,28/14 foesHP=0,0
pattern trainer=0 turn=0 foePP=0,0 foeAtkDef=0,0 CarlAtk=0 foeLevel=0
support PP=0,0 Carl-defense=0 enemy-attack=0,0
party action uses=8,40 / 2,40
frame=2387 map=34.1 pos=4,7 flags=7
party=2 HP=33/33,28/28 battle=0 battlers=0 outcome=0 PP=0,0 trial=1 donut-ability=0
persistent PP=8,2 status=0,0
growth level/xp/item=9/495/0,9/805/0 stats maxHP/attack,maxHP/magic=33/23,28/14 foesHP=0,0
pattern trainer=0 turn=0 foePP=0,0 foeAtkDef=0,0 CarlAtk=0 foeLevel=0
support PP=0,0 Carl-defense=0 enemy-attack=0,0
party action uses=8,40 / 2,40
frame=2388 map=34.1 pos=4,7 flags=7
party=2 HP=33/33,28/28 battle=0 battlers=0 outcome=0 PP=0,0 trial=1 donut-ability=0
persistent PP=8,2 status=0,0
growth level/xp/item=9/495/0,9/805/0 stats maxHP/attack,maxHP/magic=33/23,28/14 foesHP=0,0
pattern trainer=0 turn=0 foePP=0,0 foeAtkDef=0,0 CarlAtk=0 foeLevel=0
support PP=0,0 Carl-defense=0 enemy-attack=0,0
party action uses=8,40 / 2,40
frame=2389 map=34.1 pos=4,7 flags=7
party=2 HP=33/33,28/28 battle=0 battlers=0 outcome=0 PP=0,0 trial=1 donut-ability=0
persistent PP=8,2 status=0,0
growth level/xp/item=9/495/0,9/805/0 stats maxHP/attack,maxHP/magic=33/23,28/14 foesHP=0,0
pattern trainer=0 turn=0 foePP=0,0 foeAtkDef=0,0 CarlAtk=0 foeLevel=0
support PP=0,0 Carl-defense=0 enemy-attack=0,0
party action uses=8,40 / 2,40
frame=2390 map=34.1 pos=4,7 flags=7
party=2 HP=33/33,28/28 battle=0 battlers=0 outcome=0 PP=0,0 trial=1 donut-ability=0
persistent PP=8,2 status=0,0
growth level/xp/item=9/495/0,9/805/0 stats maxHP/attack,maxHP/magic=33/23,28/14 foesHP=0,0
pattern trainer=0 turn=0 foePP=0,0 foeAtkDef=0,0 CarlAtk=0 foeLevel=0
support PP=0,0 Carl-defense=0 enemy-attack=0,0
party action uses=8,40 / 2,40
frame=2391 map=34.1 pos=4,7 flags=7
party=2 HP=33/33,28/28 battle=0 battlers=0 outcome=0 PP=0,0 trial=1 donut-ability=0
persistent PP=8,2 status=0,0
growth level/xp/item=9/495/0,9/805/0 stats maxHP/attack,maxHP/magic=33/23,28/14 foesHP=0,0
pattern trainer=0 turn=0 foePP=0,0 foeAtkDef=0,0 CarlAtk=0 foeLevel=0
support PP=0,0 Carl-defense=0 enemy-attack=0,0
party action uses=8,40 / 2,40
frame=2392 map=34.1 pos=4,7 flags=7
party=2 HP=33/33,28/28 battle=0 battlers=0 outcome=0 PP=0,0 trial=1 donut-ability=0
persistent PP=8,2 status=0,0
growth level/xp/item=9/495/0,9/805/0 stats maxHP/attack,maxHP/magic=33/23,28/14 foesHP=0,0
pattern trainer=0 turn=0 foePP=0,0 foeAtkDef=0,0 CarlAtk=0 foeLevel=0
support PP=0,0 Carl-defense=0 enemy-attack=0,0
party action uses=8,40 / 2,40
frame=2393 map=34.1 pos=4,7 flags=7
party=2 HP=33/33,28/28 battle=0 battlers=0 outcome=0 PP=0,0 trial=1 donut-ability=0
persistent PP=8,2 status=0,0
growth level/xp/item=9/495/0,9/805/0 stats maxHP/attack,maxHP/magic=33/23,28/14 foesHP=0,0
pattern trainer=0 turn=0 foePP=0,0 foeAtkDef=0,0 CarlAtk=0 foeLevel=0
support PP=0,0 Carl-defense=0 enemy-attack=0,0
party action uses=8,40 / 2,40
frame=2394 map=34.1 pos=4,7 flags=7
party=2 HP=33/33,28/28 battle=0 battlers=0 outcome=0 PP=0,0 trial=1 donut-ability=0
persistent PP=8,2 status=0,0
growth level/xp/item=9/495/0,9/805/0 stats maxHP/attack,maxHP/magic=33/23,28/14 foesHP=0,0
pattern trainer=0 turn=0 foePP=0,0 foeAtkDef=0,0 CarlAtk=0 foeLevel=0
support PP=0,0 Carl-defense=0 enemy-attack=0,0
party action uses=8,40 / 2,40
frame=2395 map=34.1 pos=4,7 flags=7
party=2 HP=33/33,28/28 battle=0 battlers=0 outcome=0 PP=0,0 trial=1 donut-ability=0
persistent PP=8,2 status=0,0
growth level/xp/item=9/495/0,9/805/0 stats maxHP/attack,maxHP/magic=33/23,28/14 foesHP=0,0
pattern trainer=0 turn=0 foePP=0,0 foeAtkDef=0,0 CarlAtk=0 foeLevel=0
support PP=0,0 Carl-defense=0 enemy-attack=0,0
party action uses=8,40 / 2,40
frame=2396 map=34.1 pos=4,7 flags=7
party=2 HP=33/33,28/28 battle=0 battlers=0 outcome=0 PP=0,0 trial=1 donut-ability=0
persistent PP=8,2 status=0,0
growth level/xp/item=9/495/0,9/805/0 stats maxHP/attack,maxHP/magic=33/23,28/14 foesHP=0,0
pattern trainer=0 turn=0 foePP=0,0 foeAtkDef=0,0 CarlAtk=0 foeLevel=0
support PP=0,0 Carl-defense=0 enemy-attack=0,0
party action uses=8,40 / 2,40
frame=2397 map=34.1 pos=4,7 flags=7
party=2 HP=33/33,28/28 battle=0 battlers=0 outcome=0 PP=0,0 trial=1 donut-ability=0
persistent PP=8,2 status=0,0
growth level/xp/item=9/495/0,9/805/0 stats maxHP/attack,maxHP/magic=33/23,28/14 foesHP=0,0
pattern trainer=0 turn=0 foePP=0,0 foeAtkDef=0,0 CarlAtk=0 foeLevel=0
support PP=0,0 Carl-defense=0 enemy-attack=0,0
party action uses=8,40 / 2,40
frame=2398 map=34.1 pos=4,7 flags=7
party=2 HP=33/33,28/28 battle=0 battlers=0 outcome=0 PP=0,0 trial=1 donut-ability=0
persistent PP=8,2 status=0,0
growth level/xp/item=9/495/0,9/805/0 stats maxHP/attack,maxHP/magic=33/23,28/14 foesHP=0,0
pattern trainer=0 turn=0 foePP=0,0 foeAtkDef=0,0 CarlAtk=0 foeLevel=0
support PP=0,0 Carl-defense=0 enemy-attack=0,0
party action uses=8,40 / 2,40
frame=2399 map=34.1 pos=4,7 flags=7
party=2 HP=33/33,28/28 battle=0 battlers=0 outcome=0 PP=0,0 trial=1 donut-ability=0
persistent PP=8,2 status=0,0
growth level/xp/item=9/495/0,9/805/0 stats maxHP/attack,maxHP/magic=33/23,28/14 foesHP=0,0
pattern trainer=0 turn=0 foePP=0,0 foeAtkDef=0,0 CarlAtk=0 foeLevel=0
support PP=0,0 Carl-defense=0 enemy-attack=0,0
party action uses=8,40 / 2,40
frame=2400 map=34.1 pos=4,7 flags=7
party=2 HP=33/33,28/28 battle=0 battlers=0 outcome=0 PP=0,0 trial=1 donut-ability=0
persistent PP=8,2 status=0,0
growth level/xp/item=9/495/0,9/805/0 stats maxHP/attack,maxHP/magic=33/23,28/14 foesHP=0,0
pattern trainer=0 turn=0 foePP=0,0 foeAtkDef=0,0 CarlAtk=0 foeLevel=0
support PP=0,0 Carl-defense=0 enemy-attack=0,0
party action uses=8,40 / 2,40
frame=2401 map=34.1 pos=4,7 flags=7
party=2 HP=33/33,28/28 battle=0 battlers=0 outcome=0 PP=0,0 trial=1 donut-ability=0
persistent PP=8,2 status=0,0
growth level/xp/item=9/495/0,9/805/0 stats maxHP/attack,maxHP/magic=33/23,28/14 foesHP=0,0
pattern trainer=0 turn=0 foePP=0,0 foeAtkDef=0,0 CarlAtk=0 foeLevel=0
support PP=0,0 Carl-defense=0 enemy-attack=0,0
party action uses=8,40 / 2,40
frame=2402 map=34.1 pos=4,7 flags=7
party=2 HP=33/33,28/28 battle=0 battlers=0 outcome=0 PP=0,0 trial=1 donut-ability=0
persistent PP=8,2 status=0,0
growth level/xp/item=9/495/0,9/805/0 stats maxHP/attack,maxHP/magic=33/23,28/14 foesHP=0,0
pattern trainer=0 turn=0 foePP=0,0 foeAtkDef=0,0 CarlAtk=0 foeLevel=0
support PP=0,0 Carl-defense=0 enemy-attack=0,0
party action uses=8,40 / 2,40
frame=2403 map=34.1 pos=4,7 flags=7
party=2 HP=33/33,28/28 battle=0 battlers=0 outcome=0 PP=0,0 trial=1 donut-ability=0
persistent PP=8,2 status=0,0
growth level/xp/item=9/495/0,9/805/0 stats maxHP/attack,maxHP/magic=33/23,28/14 foesHP=0,0
pattern trainer=0 turn=0 foePP=0,0 foeAtkDef=0,0 CarlAtk=0 foeLevel=0
support PP=0,0 Carl-defense=0 enemy-attack=0,0
party action uses=8,40 / 2,40
frame=2404 map=34.1 pos=4,7 flags=7
party=2 HP=33/33,28/28 battle=0 battlers=0 outcome=0 PP=0,0 trial=1 donut-ability=0
persistent PP=8,2 status=0,0
growth level/xp/item=9/495/0,9/805/0 stats maxHP/attack,maxHP/magic=33/23,28/14 foesHP=0,0
pattern trainer=0 turn=0 foePP=0,0 foeAtkDef=0,0 CarlAtk=0 foeLevel=0
support PP=0,0 Carl-defense=0 enemy-attack=0,0
party action uses=8,40 / 2,40
frame=2405 map=34.1 pos=4,7 flags=7
party=2 HP=33/33,28/28 battle=0 battlers=0 outcome=0 PP=0,0 trial=1 donut-ability=0
persistent PP=8,2 status=0,0
growth level/xp/item=9/495/0,9/805/0 stats maxHP/attack,maxHP/magic=33/23,28/14 foesHP=0,0
pattern trainer=0 turn=0 foePP=0,0 foeAtkDef=0,0 CarlAtk=0 foeLevel=0
support PP=0,0 Carl-defense=0 enemy-attack=0,0
party action uses=8,40 / 2,40
frame=2406 map=34.1 pos=4,7 flags=7
party=2 HP=33/33,28/28 battle=0 battlers=0 outcome=0 PP=0,0 trial=1 donut-ability=0
persistent PP=8,2 status=0,0
growth level/xp/item=9/495/0,9/805/0 stats maxHP/attack,maxHP/magic=33/23,28/14 foesHP=0,0
pattern trainer=0 turn=0 foePP=0,0 foeAtkDef=0,0 CarlAtk=0 foeLevel=0
support PP=0,0 Carl-defense=0 enemy-attack=0,0
party action uses=8,40 / 2,40
frame=2407 map=34.1 pos=4,7 flags=7
party=2 HP=33/33,28/28 battle=0 battlers=0 outcome=0 PP=0,0 trial=1 donut-ability=0
persistent PP=8,2 status=0,0
growth level/xp/item=9/495/0,9/805/0 stats maxHP/attack,maxHP/magic=33/23,28/14 foesHP=0,0
pattern trainer=0 turn=0 foePP=0,0 foeAtkDef=0,0 CarlAtk=0 foeLevel=0
support PP=0,0 Carl-defense=0 enemy-attack=0,0
party action uses=8,40 / 2,40
frame=2408 map=34.1 pos=4,7 flags=7
party=2 HP=33/33,28/28 battle=0 battlers=0 outcome=0 PP=0,0 trial=1 donut-ability=0
persistent PP=8,2 status=0,0
growth level/xp/item=9/495/0,9/805/0 stats maxHP/attack,maxHP/magic=33/23,28/14 foesHP=0,0
pattern trainer=0 turn=0 foePP=0,0 foeAtkDef=0,0 CarlAtk=0 foeLevel=0
support PP=0,0 Carl-defense=0 enemy-attack=0,0
party action uses=8,40 / 2,40
frame=2409 map=34.1 pos=4,7 flags=7
party=2 HP=33/33,28/28 battle=0 battlers=0 outcome=0 PP=0,0 trial=1 donut-ability=0
persistent PP=8,2 status=0,0
growth level/xp/item=9/495/0,9/805/0 stats maxHP/attack,maxHP/magic=33/23,28/14 foesHP=0,0
pattern trainer=0 turn=0 foePP=0,0 foeAtkDef=0,0 CarlAtk=0 foeLevel=0
support PP=0,0 Carl-defense=0 enemy-attack=0,0
party action uses=8,40 / 2,40
frame=2410 map=34.1 pos=4,7 flags=7
party=2 HP=33/33,28/28 battle=0 battlers=0 outcome=0 PP=0,0 trial=1 donut-ability=0
persistent PP=8,2 status=0,0
growth level/xp/item=9/495/0,9/805/0 stats maxHP/attack,maxHP/magic=33/23,28/14 foesHP=0,0
pattern trainer=0 turn=0 foePP=0,0 foeAtkDef=0,0 CarlAtk=0 foeLevel=0
support PP=0,0 Carl-defense=0 enemy-attack=0,0
party action uses=8,40 / 2,40
frame=2411 map=34.1 pos=4,7 flags=7
party=2 HP=33/33,28/28 battle=0 battlers=0 outcome=0 PP=0,0 trial=1 donut-ability=0
persistent PP=8,2 status=0,0
growth level/xp/item=9/495/0,9/805/0 stats maxHP/attack,maxHP/magic=33/23,28/14 foesHP=0,0
pattern trainer=0 turn=0 foePP=0,0 foeAtkDef=0,0 CarlAtk=0 foeLevel=0
support PP=0,0 Carl-defense=0 enemy-attack=0,0
party action uses=8,40 / 2,40
frame=2412 map=34.1 pos=4,7 flags=7
party=2 HP=33/33,28/28 battle=0 battlers=0 outcome=0 PP=0,0 trial=1 donut-ability=0
persistent PP=8,2 status=0,0
growth level/xp/item=9/495/0,9/805/0 stats maxHP/attack,maxHP/magic=33/23,28/14 foesHP=0,0
pattern trainer=0 turn=0 foePP=0,0 foeAtkDef=0,0 CarlAtk=0 foeLevel=0
support PP=0,0 Carl-defense=0 enemy-attack=0,0
party action uses=8,40 / 2,40
frame=2413 map=34.1 pos=4,7 flags=7
party=2 HP=33/33,28/28 battle=0 battlers=0 outcome=0 PP=0,0 trial=1 donut-ability=0
persistent PP=8,2 status=0,0
growth level/xp/item=9/495/0,9/805/0 stats maxHP/attack,maxHP/magic=33/23,28/14 foesHP=0,0
pattern trainer=0 turn=0 foePP=0,0 foeAtkDef=0,0 CarlAtk=0 foeLevel=0
support PP=0,0 Carl-defense=0 enemy-attack=0,0
party action uses=8,40 / 2,40
frame=2414 map=34.1 pos=4,7 flags=7
party=2 HP=33/33,28/28 battle=0 battlers=0 outcome=0 PP=0,0 trial=1 donut-ability=0
persistent PP=8,2 status=0,0
growth level/xp/item=9/495/0,9/805/0 stats maxHP/attack,maxHP/magic=33/23,28/14 foesHP=0,0
pattern trainer=0 turn=0 foePP=0,0 foeAtkDef=0,0 CarlAtk=0 foeLevel=0
support PP=0,0 Carl-defense=0 enemy-attack=0,0
party action uses=8,40 / 2,40
frame=2415 map=34.1 pos=4,7 flags=7
party=2 HP=33/33,28/28 battle=0 battlers=0 outcome=0 PP=0,0 trial=1 donut-ability=0
persistent PP=8,2 status=0,0
growth level/xp/item=9/495/0,9/805/0 stats maxHP/attack,maxHP/magic=33/23,28/14 foesHP=0,0
pattern trainer=0 turn=0 foePP=0,0 foeAtkDef=0,0 CarlAtk=0 foeLevel=0
support PP=0,0 Carl-defense=0 enemy-attack=0,0
party action uses=8,40 / 2,40
frame=2416 map=34.1 pos=4,7 flags=7
party=2 HP=33/33,28/28 battle=0 battlers=0 outcome=0 PP=0,0 trial=1 donut-ability=0
persistent PP=8,2 status=0,0
growth level/xp/item=9/495/0,9/805/0 stats maxHP/attack,maxHP/magic=33/23,28/14 foesHP=0,0
pattern trainer=0 turn=0 foePP=0,0 foeAtkDef=0,0 CarlAtk=0 foeLevel=0
support PP=0,0 Carl-defense=0 enemy-attack=0,0
party action uses=8,40 / 2,40
frame=2417 map=34.1 pos=4,7 flags=7
party=2 HP=33/33,28/28 battle=0 battlers=0 outcome=0 PP=0,0 trial=1 donut-ability=0
persistent PP=8,2 status=0,0
growth level/xp/item=9/495/0,9/805/0 stats maxHP/attack,maxHP/magic=33/23,28/14 foesHP=0,0
pattern trainer=0 turn=0 foePP=0,0 foeAtkDef=0,0 CarlAtk=0 foeLevel=0
support PP=0,0 Carl-defense=0 enemy-attack=0,0
party action uses=8,40 / 2,40
frame=2418 map=34.1 pos=4,7 flags=7
party=2 HP=33/33,28/28 battle=0 battlers=0 outcome=0 PP=0,0 trial=1 donut-ability=0
persistent PP=8,2 status=0,0
growth level/xp/item=9/495/0,9/805/0 stats maxHP/attack,maxHP/magic=33/23,28/14 foesHP=0,0
pattern trainer=0 turn=0 foePP=0,0 foeAtkDef=0,0 CarlAtk=0 foeLevel=0
support PP=0,0 Carl-defense=0 enemy-attack=0,0
party action uses=8,40 / 2,40
frame=2419 map=34.1 pos=4,7 flags=7
party=2 HP=33/33,28/28 battle=0 battlers=0 outcome=0 PP=0,0 trial=1 donut-ability=0
persistent PP=8,2 status=0,0
growth level/xp/item=9/495/0,9/805/0 stats maxHP/attack,maxHP/magic=33/23,28/14 foesHP=0,0
pattern trainer=0 turn=0 foePP=0,0 foeAtkDef=0,0 CarlAtk=0 foeLevel=0
support PP=0,0 Carl-defense=0 enemy-attack=0,0
party action uses=8,40 / 2,40
frame=2420 map=34.1 pos=4,7 flags=7
party=2 HP=33/33,28/28 battle=0 battlers=0 outcome=0 PP=0,0 trial=1 donut-ability=0
persistent PP=8,2 status=0,0
growth level/xp/item=9/495/0,9/805/0 stats maxHP/attack,maxHP/magic=33/23,28/14 foesHP=0,0
pattern trainer=0 turn=0 foePP=0,0 foeAtkDef=0,0 CarlAtk=0 foeLevel=0
support PP=0,0 Carl-defense=0 enemy-attack=0,0
party action uses=8,40 / 2,40
frame=2421 map=34.1 pos=4,7 flags=7
party=2 HP=33/33,28/28 battle=0 battlers=0 outcome=0 PP=0,0 trial=1 donut-ability=0
persistent PP=8,2 status=0,0
growth level/xp/item=9/495/0,9/805/0 stats maxHP/attack,maxHP/magic=33/23,28/14 foesHP=0,0
pattern trainer=0 turn=0 foePP=0,0 foeAtkDef=0,0 CarlAtk=0 foeLevel=0
support PP=0,0 Carl-defense=0 enemy-attack=0,0
party action uses=8,40 / 2,40
frame=2422 map=34.1 pos=4,7 flags=7
party=2 HP=33/33,28/28 battle=0 battlers=0 outcome=0 PP=0,0 trial=1 donut-ability=0
persistent PP=8,2 status=0,0
growth level/xp/item=9/495/0,9/805/0 stats maxHP/attack,maxHP/magic=33/23,28/14 foesHP=0,0
pattern trainer=0 turn=0 foePP=0,0 foeAtkDef=0,0 CarlAtk=0 foeLevel=0
support PP=0,0 Carl-defense=0 enemy-attack=0,0
party action uses=8,40 / 2,40
frame=2423 map=34.1 pos=4,7 flags=7
party=2 HP=33/33,28/28 battle=0 battlers=0 outcome=0 PP=0,0 trial=1 donut-ability=0
persistent PP=8,2 status=0,0
growth level/xp/item=9/495/0,9/805/0 stats maxHP/attack,maxHP/magic=33/23,28/14 foesHP=0,0
pattern trainer=0 turn=0 foePP=0,0 foeAtkDef=0,0 CarlAtk=0 foeLevel=0
support PP=0,0 Carl-defense=0 enemy-attack=0,0
party action uses=8,40 / 2,40
frame=2424 map=34.1 pos=4,7 flags=7
party=2 HP=33/33,28/28 battle=0 battlers=0 outcome=0 PP=0,0 trial=1 donut-ability=0
persistent PP=8,2 status=0,0
growth level/xp/item=9/495/0,9/805/0 stats maxHP/attack,maxHP/magic=33/23,28/14 foesHP=0,0
pattern trainer=0 turn=0 foePP=0,0 foeAtkDef=0,0 CarlAtk=0 foeLevel=0
support PP=0,0 Carl-defense=0 enemy-attack=0,0
party action uses=8,40 / 2,40
frame=2424 map=34.1 pos=4,7 flags=7
party=2 HP=33/33,28/28 battle=0 battlers=0 outcome=0 PP=0,0 trial=1 donut-ability=0
persistent PP=8,2 status=0,0
growth level/xp/item=9/495/0,9/805/0 stats maxHP/attack,maxHP/magic=33/23,28/14 foesHP=0,0
pattern trainer=0 turn=0 foePP=0,0 foeAtkDef=0,0 CarlAtk=0 foeLevel=0
support PP=0,0 Carl-defense=0 enemy-attack=0,0
party action uses=8,40 / 2,40
PASS expect 34 1 4 7 7
frame=2424 map=34.1 pos=4,7 flags=7
party=2 HP=33/33,28/28 battle=0 battlers=0 outcome=0 PP=0,0 trial=1 donut-ability=0
persistent PP=8,2 status=0,0
growth level/xp/item=9/495/0,9/805/0 stats maxHP/attack,maxHP/magic=33/23,28/14 foesHP=0,0
pattern trainer=0 turn=0 foePP=0,0 foeAtkDef=0,0 CarlAtk=0 foeLevel=0
support PP=0,0 Carl-defense=0 enemy-attack=0,0
party action uses=8,40 / 2,40
PASS duo healthy
PASS color 2 1 4196
frame=2424 map=34.1 pos=4,7 flags=7
party=2 HP=33/33,28/28 battle=0 battlers=0 outcome=0 PP=0,0 trial=1 donut-ability=0
persistent PP=8,2 status=0,0
growth level/xp/item=9/495/0,9/805/0 stats maxHP/attack,maxHP/magic=33/23,28/14 foesHP=0,0
pattern trainer=0 turn=0 foePP=0,0 foeAtkDef=0,0 CarlAtk=0 foeLevel=0
support PP=0,0 Carl-defense=0 enemy-attack=0,0
party action uses=8,40 / 2,40
PASS color 2 8 21375
frame=2424 map=34.1 pos=4,7 flags=7
party=2 HP=33/33,28/28 battle=0 battlers=0 outcome=0 PP=0,0 trial=1 donut-ability=0
persistent PP=8,2 status=0,0
growth level/xp/item=9/495/0,9/805/0 stats maxHP/attack,maxHP/magic=33/23,28/14 foesHP=0,0
pattern trainer=0 turn=0 foePP=0,0 foeAtkDef=0,0 CarlAtk=0 foeLevel=0
support PP=0,0 Carl-defense=0 enemy-attack=0,0
party action uses=8,40 / 2,40
result=0 assertions=9
