mGBA 0.10.5; 240x160; save=/workspace/DungeonCrawlerCarlemon/artifacts/floor1/g01b/scene-_2k002d_/open.sav; read-only RAM diagnostics
frame=720 map=0.0 pos=-7,-7 flags=0
party=0 HP=0/0,0/0 battle=0 battlers=0 outcome=0 PP=0,0 trial=0 donut-ability=0
persistent PP=0,0 status=0,0
growth level/xp/item=0/0/0,0/0/0 stats maxHP/attack,maxHP/magic=0/0,0/0 foesHP=0,0
pattern trainer=0 turn=0 foePP=0,0 foeAtkDef=0,0 CarlAtk=0 foeLevel=0
support PP=0,0 Carl-defense=0 enemy-attack=0,0
party action uses=0,0 / 0,0
frame=721 map=0.0 pos=-7,-7 flags=0
party=0 HP=0/0,0/0 battle=0 battlers=0 outcome=0 PP=0,0 trial=0 donut-ability=0
persistent PP=0,0 status=0,0
growth level/xp/item=0/0/0,0/0/0 stats maxHP/attack,maxHP/magic=0/0,0/0 foesHP=0,0
pattern trainer=0 turn=0 foePP=0,0 foeAtkDef=0,0 CarlAtk=0 foeLevel=0
support PP=0,0 Carl-defense=0 enemy-attack=0,0
party action uses=0,0 / 0,0
frame=1081 map=0.0 pos=-7,-7 flags=0
party=0 HP=0/0,0/0 battle=0 battlers=0 outcome=0 PP=0,0 trial=0 donut-ability=0
persistent PP=0,0 status=0,0
growth level/xp/item=0/0/0,0/0/0 stats maxHP/attack,maxHP/magic=0/0,0/0 foesHP=0,0
pattern trainer=0 turn=0 foePP=0,0 foeAtkDef=0,0 CarlAtk=0 foeLevel=0
support PP=0,0 Carl-defense=0 enemy-attack=0,0
party action uses=0,0 / 0,0
frame=1082 map=0.0 pos=-7,-7 flags=0
party=0 HP=0/0,0/0 battle=0 battlers=0 outcome=0 PP=0,0 trial=0 donut-ability=0
persistent PP=0,0 status=0,0
growth level/xp/item=0/0/0,0/0/0 stats maxHP/attack,maxHP/magic=0/0,0/0 foesHP=0,0
pattern trainer=0 turn=0 foePP=0,0 foeAtkDef=0,0 CarlAtk=0 foeLevel=0
support PP=0,0 Carl-defense=0 enemy-attack=0,0
party action uses=0,0 / 0,0
frame=1262 map=0.0 pos=-7,-7 flags=0
party=0 HP=0/0,0/0 battle=0 battlers=0 outcome=0 PP=0,0 trial=0 donut-ability=0
persistent PP=0,0 status=0,0
growth level/xp/item=0/0/0,0/0/0 stats maxHP/attack,maxHP/magic=0/0,0/0 foesHP=0,0
pattern trainer=0 turn=0 foePP=0,0 foeAtkDef=0,0 CarlAtk=0 foeLevel=0
support PP=0,0 Carl-defense=0 enemy-attack=0,0
party action uses=0,0 / 0,0
frame=1263 map=0.0 pos=-7,-7 flags=0
party=0 HP=0/0,0/0 battle=0 battlers=0 outcome=0 PP=0,0 trial=0 donut-ability=0
persistent PP=0,0 status=0,0
growth level/xp/item=0/0/0,0/0/0 stats maxHP/attack,maxHP/magic=0/0,0/0 foesHP=0,0
pattern trainer=0 turn=0 foePP=0,0 foeAtkDef=0,0 CarlAtk=0 foeLevel=0
support PP=0,0 Carl-defense=0 enemy-attack=0,0
party action uses=0,0 / 0,0
frame=1443 map=0.0 pos=-7,-7 flags=0
party=0 HP=0/0,0/0 battle=0 battlers=0 outcome=0 PP=0,0 trial=0 donut-ability=0
persistent PP=0,0 status=0,0
growth level/xp/item=0/0/0,0/0/0 stats maxHP/attack,maxHP/magic=0/0,0/0 foesHP=0,0
pattern trainer=0 turn=0 foePP=0,0 foeAtkDef=0,0 CarlAtk=0 foeLevel=0
support PP=0,0 Carl-defense=0 enemy-attack=0,0
party action uses=0,0 / 0,0
frame=1444 map=0.0 pos=-7,-7 flags=0
party=0 HP=0/0,0/0 battle=0 battlers=0 outcome=0 PP=0,0 trial=0 donut-ability=0
persistent PP=0,0 status=0,0
growth level/xp/item=0/0/0,0/0/0 stats maxHP/attack,maxHP/magic=0/0,0/0 foesHP=0,0
pattern trainer=0 turn=0 foePP=0,0 foeAtkDef=0,0 CarlAtk=0 foeLevel=0
support PP=0,0 Carl-defense=0 enemy-attack=0,0
party action uses=0,0 / 0,0
frame=2044 map=35.0 pos=8,38 flags=0
party=2 HP=30/30,26/26 battle=0 battlers=0 outcome=0 PP=0,0 trial=0 donut-ability=0
persistent PP=8,2 status=0,0
growth level/xp/item=8/399/0,8/709/0 stats maxHP/attack,maxHP/magic=30/20,26/13 foesHP=0,0
pattern trainer=0 turn=0 foePP=0,0 foeAtkDef=0,0 CarlAtk=0 foeLevel=0
support PP=0,0 Carl-defense=0 enemy-attack=0,0
party action uses=8,40 / 2,40
frame=2044 map=35.0 pos=8,38 flags=0
party=2 HP=30/30,26/26 battle=0 battlers=0 outcome=0 PP=0,0 trial=0 donut-ability=0
persistent PP=8,2 status=0,0
growth level/xp/item=8/399/0,8/709/0 stats maxHP/attack,maxHP/magic=30/20,26/13 foesHP=0,0
pattern trainer=0 turn=0 foePP=0,0 foeAtkDef=0,0 CarlAtk=0 foeLevel=0
support PP=0,0 Carl-defense=0 enemy-attack=0,0
party action uses=8,40 / 2,40
PASS expect 35 0 8 38 0
frame=2044 map=35.0 pos=8,38 flags=0
party=2 HP=30/30,26/26 battle=0 battlers=0 outcome=0 PP=0,0 trial=0 donut-ability=0
persistent PP=8,2 status=0,0
growth level/xp/item=8/399/0,8/709/0 stats maxHP/attack,maxHP/magic=30/20,26/13 foesHP=0,0
pattern trainer=0 turn=0 foePP=0,0 foeAtkDef=0,0 CarlAtk=0 foeLevel=0
support PP=0,0 Carl-defense=0 enemy-attack=0,0
party action uses=8,40 / 2,40
PASS duo healthy
frame=2044 map=35.0 pos=8,38 flags=0
party=2 HP=30/30,26/26 battle=0 battlers=0 outcome=0 PP=0,0 trial=0 donut-ability=0
persistent PP=8,2 status=0,0
growth level/xp/item=8/399/0,8/709/0 stats maxHP/attack,maxHP/magic=30/20,26/13 foesHP=0,0
pattern trainer=0 turn=0 foePP=0,0 foeAtkDef=0,0 CarlAtk=0 foeLevel=0
support PP=0,0 Carl-defense=0 enemy-attack=0,0
party action uses=8,40 / 2,40
PASS uses 8 40 2 40
frame=2044 map=35.0 pos=8,38 flags=0
party=2 HP=30/30,26/26 battle=0 battlers=0 outcome=0 PP=0,0 trial=0 donut-ability=0
persistent PP=8,2 status=0,0
growth level/xp/item=8/399/0,8/709/0 stats maxHP/attack,maxHP/magic=30/20,26/13 foesHP=0,0
PASS flag 32 0
pattern trainer=0 turn=0 foePP=0,0 foeAtkDef=0,0 CarlAtk=0 foeLevel=0
support PP=0,0 Carl-defense=0 enemy-attack=0,0
party action uses=8,40 / 2,40
frame=2044 map=35.0 pos=8,38 flags=0
party=2 HP=30/30,26/26 battle=0 battlers=0 outcome=0 PP=0,0 trial=0 donut-ability=0
persistent PP=8,2 status=0,0
growth level/xp/item=8/399/0,8/709/0 stats maxHP/attack,maxHP/magic=30/20,26/13 foesHP=0,0
PASS flag 33 0
pattern trainer=0 turn=0 foePP=0,0 foeAtkDef=0,0 CarlAtk=0 foeLevel=0
support PP=0,0 Carl-defense=0 enemy-attack=0,0
party action uses=8,40 / 2,40
frame=2044 map=35.0 pos=8,38 flags=0
party=2 HP=30/30,26/26 battle=0 battlers=0 outcome=0 PP=0,0 trial=0 donut-ability=0
persistent PP=8,2 status=0,0
growth level/xp/item=8/399/0,8/709/0 stats maxHP/attack,maxHP/magic=30/20,26/13 foesHP=0,0
PASS flag 34 0
pattern trainer=0 turn=0 foePP=0,0 foeAtkDef=0,0 CarlAtk=0 foeLevel=0
support PP=0,0 Carl-defense=0 enemy-attack=0,0
party action uses=8,40 / 2,40
frame=2044 map=35.0 pos=8,38 flags=0
party=2 HP=30/30,26/26 battle=0 battlers=0 outcome=0 PP=0,0 trial=0 donut-ability=0
persistent PP=8,2 status=0,0
growth level/xp/item=8/399/0,8/709/0 stats maxHP/attack,maxHP/magic=30/20,26/13 foesHP=0,0
PASS flag 35 0
pattern trainer=0 turn=0 foePP=0,0 foeAtkDef=0,0 CarlAtk=0 foeLevel=0
support PP=0,0 Carl-defense=0 enemy-attack=0,0
party action uses=8,40 / 2,40
frame=2044 map=35.0 pos=8,38 flags=0
party=2 HP=30/30,26/26 battle=0 battlers=0 outcome=0 PP=0,0 trial=0 donut-ability=0
persistent PP=8,2 status=0,0
growth level/xp/item=8/399/0,8/709/0 stats maxHP/attack,maxHP/magic=30/20,26/13 foesHP=0,0
PASS flag 36 0
pattern trainer=0 turn=0 foePP=0,0 foeAtkDef=0,0 CarlAtk=0 foeLevel=0
support PP=0,0 Carl-defense=0 enemy-attack=0,0
party action uses=8,40 / 2,40
frame=2044 map=35.0 pos=8,38 flags=0
party=2 HP=30/30,26/26 battle=0 battlers=0 outcome=0 PP=0,0 trial=0 donut-ability=0
persistent PP=8,2 status=0,0
growth level/xp/item=8/399/0,8/709/0 stats maxHP/attack,maxHP/magic=30/20,26/13 foesHP=0,0
PASS flag 37 0
pattern trainer=0 turn=0 foePP=0,0 foeAtkDef=0,0 CarlAtk=0 foeLevel=0
support PP=0,0 Carl-defense=0 enemy-attack=0,0
party action uses=8,40 / 2,40
frame=2044 map=35.0 pos=8,38 flags=0
party=2 HP=30/30,26/26 battle=0 battlers=0 outcome=0 PP=0,0 trial=0 donut-ability=0
persistent PP=8,2 status=0,0
growth level/xp/item=8/399/0,8/709/0 stats maxHP/attack,maxHP/magic=30/20,26/13 foesHP=0,0
PASS flag 38 0
pattern trainer=0 turn=0 foePP=0,0 foeAtkDef=0,0 CarlAtk=0 foeLevel=0
support PP=0,0 Carl-defense=0 enemy-attack=0,0
party action uses=8,40 / 2,40
frame=2044 map=35.0 pos=8,38 flags=0
party=2 HP=30/30,26/26 battle=0 battlers=0 outcome=0 PP=0,0 trial=0 donut-ability=0
persistent PP=8,2 status=0,0
growth level/xp/item=8/399/0,8/709/0 stats maxHP/attack,maxHP/magic=30/20,26/13 foesHP=0,0
PASS flag 39 0
pattern trainer=0 turn=0 foePP=0,0 foeAtkDef=0,0 CarlAtk=0 foeLevel=0
support PP=0,0 Carl-defense=0 enemy-attack=0,0
party action uses=8,40 / 2,40
frame=2044 map=35.0 pos=8,38 flags=0
party=2 HP=30/30,26/26 battle=0 battlers=0 outcome=0 PP=0,0 trial=0 donut-ability=0
persistent PP=8,2 status=0,0
growth level/xp/item=8/399/0,8/709/0 stats maxHP/attack,maxHP/magic=30/20,26/13 foesHP=0,0
PASS flag 40 0
pattern trainer=0 turn=0 foePP=0,0 foeAtkDef=0,0 CarlAtk=0 foeLevel=0
support PP=0,0 Carl-defense=0 enemy-attack=0,0
party action uses=8,40 / 2,40
frame=2044 map=35.0 pos=8,38 flags=0
party=2 HP=30/30,26/26 battle=0 battlers=0 outcome=0 PP=0,0 trial=0 donut-ability=0
persistent PP=8,2 status=0,0
growth level/xp/item=8/399/0,8/709/0 stats maxHP/attack,maxHP/magic=30/20,26/13 foesHP=0,0
PASS flag 41 0
pattern trainer=0 turn=0 foePP=0,0 foeAtkDef=0,0 CarlAtk=0 foeLevel=0
support PP=0,0 Carl-defense=0 enemy-attack=0,0
party action uses=8,40 / 2,40
frame=2044 map=35.0 pos=8,38 flags=0
party=2 HP=30/30,26/26 battle=0 battlers=0 outcome=0 PP=0,0 trial=0 donut-ability=0
persistent PP=8,2 status=0,0
growth level/xp/item=8/399/0,8/709/0 stats maxHP/attack,maxHP/magic=30/20,26/13 foesHP=0,0
PASS flag 42 0
pattern trainer=0 turn=0 foePP=0,0 foeAtkDef=0,0 CarlAtk=0 foeLevel=0
support PP=0,0 Carl-defense=0 enemy-attack=0,0
party action uses=8,40 / 2,40
frame=2044 map=35.0 pos=8,38 flags=0
party=2 HP=30/30,26/26 battle=0 battlers=0 outcome=0 PP=0,0 trial=0 donut-ability=0
persistent PP=8,2 status=0,0
growth level/xp/item=8/399/0,8/709/0 stats maxHP/attack,maxHP/magic=30/20,26/13 foesHP=0,0
PASS flag 43 0
pattern trainer=0 turn=0 foePP=0,0 foeAtkDef=0,0 CarlAtk=0 foeLevel=0
support PP=0,0 Carl-defense=0 enemy-attack=0,0
party action uses=8,40 / 2,40
frame=2044 map=35.0 pos=8,38 flags=0
party=2 HP=30/30,26/26 battle=0 battlers=0 outcome=0 PP=0,0 trial=0 donut-ability=0
persistent PP=8,2 status=0,0
growth level/xp/item=8/399/0,8/709/0 stats maxHP/attack,maxHP/magic=30/20,26/13 foesHP=0,0
PASS flag 44 0
pattern trainer=0 turn=0 foePP=0,0 foeAtkDef=0,0 CarlAtk=0 foeLevel=0
support PP=0,0 Carl-defense=0 enemy-attack=0,0
party action uses=8,40 / 2,40
frame=2044 map=35.0 pos=8,38 flags=0
party=2 HP=30/30,26/26 battle=0 battlers=0 outcome=0 PP=0,0 trial=0 donut-ability=0
persistent PP=8,2 status=0,0
growth level/xp/item=8/399/0,8/709/0 stats maxHP/attack,maxHP/magic=30/20,26/13 foesHP=0,0
PASS flag 45 0
pattern trainer=0 turn=0 foePP=0,0 foeAtkDef=0,0 CarlAtk=0 foeLevel=0
support PP=0,0 Carl-defense=0 enemy-attack=0,0
party action uses=8,40 / 2,40
frame=2044 map=35.0 pos=8,38 flags=0
party=2 HP=30/30,26/26 battle=0 battlers=0 outcome=0 PP=0,0 trial=0 donut-ability=0
persistent PP=8,2 status=0,0
growth level/xp/item=8/399/0,8/709/0 stats maxHP/attack,maxHP/magic=30/20,26/13 foesHP=0,0
PASS flag 46 0
pattern trainer=0 turn=0 foePP=0,0 foeAtkDef=0,0 CarlAtk=0 foeLevel=0
support PP=0,0 Carl-defense=0 enemy-attack=0,0
party action uses=8,40 / 2,40
frame=2044 map=35.0 pos=8,38 flags=0
party=2 HP=30/30,26/26 battle=0 battlers=0 outcome=0 PP=0,0 trial=0 donut-ability=0
persistent PP=8,2 status=0,0
growth level/xp/item=8/399/0,8/709/0 stats maxHP/attack,maxHP/magic=30/20,26/13 foesHP=0,0
PASS flag 47 0
pattern trainer=0 turn=0 foePP=0,0 foeAtkDef=0,0 CarlAtk=0 foeLevel=0
support PP=0,0 Carl-defense=0 enemy-attack=0,0
party action uses=8,40 / 2,40
frame=2044 map=35.0 pos=8,38 flags=0
party=2 HP=30/30,26/26 battle=0 battlers=0 outcome=0 PP=0,0 trial=0 donut-ability=0
persistent PP=8,2 status=0,0
growth level/xp/item=8/399/0,8/709/0 stats maxHP/attack,maxHP/magic=30/20,26/13 foesHP=0,0
PASS flag 48 0
pattern trainer=0 turn=0 foePP=0,0 foeAtkDef=0,0 CarlAtk=0 foeLevel=0
support PP=0,0 Carl-defense=0 enemy-attack=0,0
party action uses=8,40 / 2,40
frame=2044 map=35.0 pos=8,38 flags=0
party=2 HP=30/30,26/26 battle=0 battlers=0 outcome=0 PP=0,0 trial=0 donut-ability=0
persistent PP=8,2 status=0,0
growth level/xp/item=8/399/0,8/709/0 stats maxHP/attack,maxHP/magic=30/20,26/13 foesHP=0,0
PASS flag 2135 0
pattern trainer=0 turn=0 foePP=0,0 foeAtkDef=0,0 CarlAtk=0 foeLevel=0
support PP=0,0 Carl-defense=0 enemy-attack=0,0
party action uses=8,40 / 2,40
frame=2044 map=35.0 pos=8,38 flags=0
party=2 HP=30/30,26/26 battle=0 battlers=0 outcome=0 PP=0,0 trial=0 donut-ability=0
persistent PP=8,2 status=0,0
growth level/xp/item=8/399/0,8/709/0 stats maxHP/attack,maxHP/magic=30/20,26/13 foesHP=0,0
PASS flag 2136 0
pattern trainer=0 turn=0 foePP=0,0 foeAtkDef=0,0 CarlAtk=0 foeLevel=0
support PP=0,0 Carl-defense=0 enemy-attack=0,0
party action uses=8,40 / 2,40
frame=2044 map=35.0 pos=8,38 flags=0
party=2 HP=30/30,26/26 battle=0 battlers=0 outcome=0 PP=0,0 trial=0 donut-ability=0
persistent PP=8,2 status=0,0
growth level/xp/item=8/399/0,8/709/0 stats maxHP/attack,maxHP/magic=30/20,26/13 foesHP=0,0
PASS flag 2137 0
pattern trainer=0 turn=0 foePP=0,0 foeAtkDef=0,0 CarlAtk=0 foeLevel=0
support PP=0,0 Carl-defense=0 enemy-attack=0,0
party action uses=8,40 / 2,40
frame=2044 map=35.0 pos=8,38 flags=0
party=2 HP=30/30,26/26 battle=0 battlers=0 outcome=0 PP=0,0 trial=0 donut-ability=0
persistent PP=8,2 status=0,0
growth level/xp/item=8/399/0,8/709/0 stats maxHP/attack,maxHP/magic=30/20,26/13 foesHP=0,0
PASS flag 2138 0
pattern trainer=0 turn=0 foePP=0,0 foeAtkDef=0,0 CarlAtk=0 foeLevel=0
support PP=0,0 Carl-defense=0 enemy-attack=0,0
party action uses=8,40 / 2,40
frame=2044 map=35.0 pos=8,38 flags=0
party=2 HP=30/30,26/26 battle=0 battlers=0 outcome=0 PP=0,0 trial=0 donut-ability=0
persistent PP=8,2 status=0,0
growth level/xp/item=8/399/0,8/709/0 stats maxHP/attack,maxHP/magic=30/20,26/13 foesHP=0,0
PASS flag 2139 0
pattern trainer=0 turn=0 foePP=0,0 foeAtkDef=0,0 CarlAtk=0 foeLevel=0
support PP=0,0 Carl-defense=0 enemy-attack=0,0
party action uses=8,40 / 2,40
frame=2112 map=35.0 pos=8,34 flags=0
party=2 HP=30/30,26/26 battle=0 battlers=0 outcome=0 PP=0,0 trial=0 donut-ability=0
persistent PP=8,2 status=0,0
growth level/xp/item=8/399/0,8/709/0 stats maxHP/attack,maxHP/magic=30/20,26/13 foesHP=0,0
pattern trainer=0 turn=0 foePP=0,0 foeAtkDef=0,0 CarlAtk=0 foeLevel=0
support PP=0,0 Carl-defense=0 enemy-attack=0,0
party action uses=8,40 / 2,40
frame=2152 map=35.0 pos=8,34 flags=0
party=2 HP=30/30,26/26 battle=0 battlers=0 outcome=0 PP=0,0 trial=0 donut-ability=0
persistent PP=8,2 status=0,0
growth level/xp/item=8/399/0,8/709/0 stats maxHP/attack,maxHP/magic=30/20,26/13 foesHP=0,0
pattern trainer=0 turn=0 foePP=0,0 foeAtkDef=0,0 CarlAtk=0 foeLevel=0
support PP=0,0 Carl-defense=0 enemy-attack=0,0
party action uses=8,40 / 2,40
frame=2152 map=35.0 pos=8,34 flags=0
party=2 HP=30/30,26/26 battle=0 battlers=0 outcome=0 PP=0,0 trial=0 donut-ability=0
persistent PP=8,2 status=0,0
growth level/xp/item=8/399/0,8/709/0 stats maxHP/attack,maxHP/magic=30/20,26/13 foesHP=0,0
pattern trainer=0 turn=0 foePP=0,0 foeAtkDef=0,0 CarlAtk=0 foeLevel=0
support PP=0,0 Carl-defense=0 enemy-attack=0,0
party action uses=8,40 / 2,40
PASS expect 35 0 8 34 0
frame=2396 map=35.0 pos=23,34 flags=0
party=2 HP=30/30,26/26 battle=0 battlers=0 outcome=0 PP=0,0 trial=0 donut-ability=0
persistent PP=8,2 status=0,0
growth level/xp/item=8/399/0,8/709/0 stats maxHP/attack,maxHP/magic=30/20,26/13 foesHP=0,0
pattern trainer=0 turn=0 foePP=0,0 foeAtkDef=0,0 CarlAtk=0 foeLevel=0
support PP=0,0 Carl-defense=0 enemy-attack=0,0
party action uses=8,40 / 2,40
frame=2436 map=35.0 pos=23,34 flags=0
party=2 HP=30/30,26/26 battle=0 battlers=0 outcome=0 PP=0,0 trial=0 donut-ability=0
persistent PP=8,2 status=0,0
growth level/xp/item=8/399/0,8/709/0 stats maxHP/attack,maxHP/magic=30/20,26/13 foesHP=0,0
pattern trainer=0 turn=0 foePP=0,0 foeAtkDef=0,0 CarlAtk=0 foeLevel=0
support PP=0,0 Carl-defense=0 enemy-attack=0,0
party action uses=8,40 / 2,40
frame=2436 map=35.0 pos=23,34 flags=0
party=2 HP=30/30,26/26 battle=0 battlers=0 outcome=0 PP=0,0 trial=0 donut-ability=0
persistent PP=8,2 status=0,0
growth level/xp/item=8/399/0,8/709/0 stats maxHP/attack,maxHP/magic=30/20,26/13 foesHP=0,0
pattern trainer=0 turn=0 foePP=0,0 foeAtkDef=0,0 CarlAtk=0 foeLevel=0
support PP=0,0 Carl-defense=0 enemy-attack=0,0
party action uses=8,40 / 2,40
PASS expect 35 0 23 34 0
frame=2600 map=35.0 pos=23,24 flags=0
party=2 HP=30/30,26/26 battle=0 battlers=0 outcome=0 PP=0,0 trial=0 donut-ability=0
persistent PP=8,2 status=0,0
growth level/xp/item=8/399/0,8/709/0 stats maxHP/attack,maxHP/magic=30/20,26/13 foesHP=0,0
pattern trainer=0 turn=0 foePP=0,0 foeAtkDef=0,0 CarlAtk=0 foeLevel=0
support PP=0,0 Carl-defense=0 enemy-attack=0,0
party action uses=8,40 / 2,40
frame=2640 map=35.0 pos=23,24 flags=0
party=2 HP=30/30,26/26 battle=0 battlers=0 outcome=0 PP=0,0 trial=0 donut-ability=0
persistent PP=8,2 status=0,0
growth level/xp/item=8/399/0,8/709/0 stats maxHP/attack,maxHP/magic=30/20,26/13 foesHP=0,0
pattern trainer=0 turn=0 foePP=0,0 foeAtkDef=0,0 CarlAtk=0 foeLevel=0
support PP=0,0 Carl-defense=0 enemy-attack=0,0
party action uses=8,40 / 2,40
frame=2640 map=35.0 pos=23,24 flags=0
party=2 HP=30/30,26/26 battle=0 battlers=0 outcome=0 PP=0,0 trial=0 donut-ability=0
persistent PP=8,2 status=0,0
growth level/xp/item=8/399/0,8/709/0 stats maxHP/attack,maxHP/magic=30/20,26/13 foesHP=0,0
pattern trainer=0 turn=0 foePP=0,0 foeAtkDef=0,0 CarlAtk=0 foeLevel=0
support PP=0,0 Carl-defense=0 enemy-attack=0,0
party action uses=8,40 / 2,40
PASS expect 35 0 23 24 0
frame=2756 map=35.0 pos=30,24 flags=0
party=2 HP=30/30,26/26 battle=0 battlers=0 outcome=0 PP=0,0 trial=0 donut-ability=0
persistent PP=8,2 status=0,0
growth level/xp/item=8/399/0,8/709/0 stats maxHP/attack,maxHP/magic=30/20,26/13 foesHP=0,0
pattern trainer=0 turn=0 foePP=0,0 foeAtkDef=0,0 CarlAtk=0 foeLevel=0
support PP=0,0 Carl-defense=0 enemy-attack=0,0
party action uses=8,40 / 2,40
frame=2796 map=35.0 pos=30,24 flags=0
party=2 HP=30/30,26/26 battle=0 battlers=0 outcome=0 PP=0,0 trial=0 donut-ability=0
persistent PP=8,2 status=0,0
growth level/xp/item=8/399/0,8/709/0 stats maxHP/attack,maxHP/magic=30/20,26/13 foesHP=0,0
pattern trainer=0 turn=0 foePP=0,0 foeAtkDef=0,0 CarlAtk=0 foeLevel=0
support PP=0,0 Carl-defense=0 enemy-attack=0,0
party action uses=8,40 / 2,40
frame=2796 map=35.0 pos=30,24 flags=0
party=2 HP=30/30,26/26 battle=0 battlers=0 outcome=0 PP=0,0 trial=0 donut-ability=0
persistent PP=8,2 status=0,0
growth level/xp/item=8/399/0,8/709/0 stats maxHP/attack,maxHP/magic=30/20,26/13 foesHP=0,0
pattern trainer=0 turn=0 foePP=0,0 foeAtkDef=0,0 CarlAtk=0 foeLevel=0
support PP=0,0 Carl-defense=0 enemy-attack=0,0
party action uses=8,40 / 2,40
PASS expect 35 0 30 24 0
frame=2836 map=35.0 pos=30,24 flags=0
party=2 HP=30/30,26/26 battle=0 battlers=0 outcome=0 PP=0,0 trial=0 donut-ability=0
persistent PP=8,2 status=0,0
growth level/xp/item=8/399/0,8/709/0 stats maxHP/attack,maxHP/magic=30/20,26/13 foesHP=0,0
pattern trainer=0 turn=0 foePP=0,0 foeAtkDef=0,0 CarlAtk=0 foeLevel=0
support PP=0,0 Carl-defense=0 enemy-attack=0,0
party action uses=8,40 / 2,40
frame=2900 map=35.0 pos=34,24 flags=0
party=2 HP=30/30,26/26 battle=0 battlers=0 outcome=0 PP=0,0 trial=0 donut-ability=0
persistent PP=8,2 status=0,0
growth level/xp/item=8/399/0,8/709/0 stats maxHP/attack,maxHP/magic=30/20,26/13 foesHP=0,0
pattern trainer=0 turn=0 foePP=0,0 foeAtkDef=0,0 CarlAtk=0 foeLevel=0
support PP=0,0 Carl-defense=0 enemy-attack=0,0
party action uses=8,40 / 2,40
frame=2940 map=35.0 pos=34,24 flags=0
party=2 HP=30/30,26/26 battle=0 battlers=0 outcome=0 PP=0,0 trial=0 donut-ability=0
persistent PP=8,2 status=0,0
growth level/xp/item=8/399/0,8/709/0 stats maxHP/attack,maxHP/magic=30/20,26/13 foesHP=0,0
pattern trainer=0 turn=0 foePP=0,0 foeAtkDef=0,0 CarlAtk=0 foeLevel=0
support PP=0,0 Carl-defense=0 enemy-attack=0,0
party action uses=8,40 / 2,40
frame=2940 map=35.0 pos=34,24 flags=0
party=2 HP=30/30,26/26 battle=0 battlers=0 outcome=0 PP=0,0 trial=0 donut-ability=0
persistent PP=8,2 status=0,0
growth level/xp/item=8/399/0,8/709/0 stats maxHP/attack,maxHP/magic=30/20,26/13 foesHP=0,0
pattern trainer=0 turn=0 foePP=0,0 foeAtkDef=0,0 CarlAtk=0 foeLevel=0
support PP=0,0 Carl-defense=0 enemy-attack=0,0
party action uses=8,40 / 2,40
PASS expect 35 0 34 24 0
frame=2976 map=35.0 pos=34,26 flags=0
party=2 HP=30/30,26/26 battle=0 battlers=0 outcome=0 PP=0,0 trial=0 donut-ability=0
persistent PP=8,2 status=0,0
growth level/xp/item=8/399/0,8/709/0 stats maxHP/attack,maxHP/magic=30/20,26/13 foesHP=0,0
pattern trainer=0 turn=0 foePP=0,0 foeAtkDef=0,0 CarlAtk=0 foeLevel=0
support PP=0,0 Carl-defense=0 enemy-attack=0,0
party action uses=8,40 / 2,40
frame=3016 map=35.0 pos=34,26 flags=0
party=2 HP=30/30,26/26 battle=0 battlers=0 outcome=0 PP=0,0 trial=0 donut-ability=0
persistent PP=8,2 status=0,0
growth level/xp/item=8/399/0,8/709/0 stats maxHP/attack,maxHP/magic=30/20,26/13 foesHP=0,0
pattern trainer=0 turn=0 foePP=0,0 foeAtkDef=0,0 CarlAtk=0 foeLevel=0
support PP=0,0 Carl-defense=0 enemy-attack=0,0
party action uses=8,40 / 2,40
frame=3016 map=35.0 pos=34,26 flags=0
party=2 HP=30/30,26/26 battle=0 battlers=0 outcome=0 PP=0,0 trial=0 donut-ability=0
persistent PP=8,2 status=0,0
growth level/xp/item=8/399/0,8/709/0 stats maxHP/attack,maxHP/magic=30/20,26/13 foesHP=0,0
pattern trainer=0 turn=0 foePP=0,0 foeAtkDef=0,0 CarlAtk=0 foeLevel=0
support PP=0,0 Carl-defense=0 enemy-attack=0,0
party action uses=8,40 / 2,40
PASS expect 35 0 34 26 0
frame=3052 map=35.0 pos=36,26 flags=0
party=2 HP=30/30,26/26 battle=0 battlers=0 outcome=0 PP=0,0 trial=0 donut-ability=0
persistent PP=8,2 status=0,0
growth level/xp/item=8/399/0,8/709/0 stats maxHP/attack,maxHP/magic=30/20,26/13 foesHP=0,0
pattern trainer=0 turn=0 foePP=0,0 foeAtkDef=0,0 CarlAtk=0 foeLevel=0
support PP=0,0 Carl-defense=0 enemy-attack=0,0
party action uses=8,40 / 2,40
frame=3092 map=35.0 pos=36,26 flags=0
party=2 HP=30/30,26/26 battle=0 battlers=0 outcome=0 PP=0,0 trial=0 donut-ability=0
persistent PP=8,2 status=0,0
growth level/xp/item=8/399/0,8/709/0 stats maxHP/attack,maxHP/magic=30/20,26/13 foesHP=0,0
pattern trainer=0 turn=0 foePP=0,0 foeAtkDef=0,0 CarlAtk=0 foeLevel=0
support PP=0,0 Carl-defense=0 enemy-attack=0,0
party action uses=8,40 / 2,40
frame=3092 map=35.0 pos=36,26 flags=0
party=2 HP=30/30,26/26 battle=0 battlers=0 outcome=0 PP=0,0 trial=0 donut-ability=0
persistent PP=8,2 status=0,0
growth level/xp/item=8/399/0,8/709/0 stats maxHP/attack,maxHP/magic=30/20,26/13 foesHP=0,0
pattern trainer=0 turn=0 foePP=0,0 foeAtkDef=0,0 CarlAtk=0 foeLevel=0
support PP=0,0 Carl-defense=0 enemy-attack=0,0
party action uses=8,40 / 2,40
PASS expect 35 0 36 26 0
frame=3112 map=35.0 pos=36,27 flags=0
party=2 HP=30/30,26/26 battle=0 battlers=0 outcome=0 PP=0,0 trial=0 donut-ability=0
persistent PP=8,2 status=0,0
growth level/xp/item=8/399/0,8/709/0 stats maxHP/attack,maxHP/magic=30/20,26/13 foesHP=0,0
pattern trainer=0 turn=0 foePP=0,0 foeAtkDef=0,0 CarlAtk=0 foeLevel=0
support PP=0,0 Carl-defense=0 enemy-attack=0,0
party action uses=8,40 / 2,40
frame=3152 map=35.0 pos=36,27 flags=0
party=2 HP=30/30,26/26 battle=0 battlers=0 outcome=0 PP=0,0 trial=0 donut-ability=0
persistent PP=8,2 status=0,0
growth level/xp/item=8/399/0,8/709/0 stats maxHP/attack,maxHP/magic=30/20,26/13 foesHP=0,0
pattern trainer=0 turn=0 foePP=0,0 foeAtkDef=0,0 CarlAtk=0 foeLevel=0
support PP=0,0 Carl-defense=0 enemy-attack=0,0
party action uses=8,40 / 2,40
frame=3152 map=35.0 pos=36,27 flags=0
party=2 HP=30/30,26/26 battle=0 battlers=0 outcome=0 PP=0,0 trial=0 donut-ability=0
persistent PP=8,2 status=0,0
growth level/xp/item=8/399/0,8/709/0 stats maxHP/attack,maxHP/magic=30/20,26/13 foesHP=0,0
pattern trainer=0 turn=0 foePP=0,0 foeAtkDef=0,0 CarlAtk=0 foeLevel=0
support PP=0,0 Carl-defense=0 enemy-attack=0,0
party action uses=8,40 / 2,40
PASS expect 35 0 36 27 0
frame=3172 map=35.0 pos=37,27 flags=0
party=2 HP=30/30,26/26 battle=0 battlers=0 outcome=0 PP=0,0 trial=0 donut-ability=0
persistent PP=8,2 status=0,0
growth level/xp/item=8/399/0,8/709/0 stats maxHP/attack,maxHP/magic=30/20,26/13 foesHP=0,0
pattern trainer=0 turn=0 foePP=0,0 foeAtkDef=0,0 CarlAtk=0 foeLevel=0
support PP=0,0 Carl-defense=0 enemy-attack=0,0
party action uses=8,40 / 2,40
frame=3212 map=35.0 pos=37,27 flags=0
party=2 HP=30/30,26/26 battle=0 battlers=0 outcome=0 PP=0,0 trial=0 donut-ability=0
persistent PP=8,2 status=0,0
growth level/xp/item=8/399/0,8/709/0 stats maxHP/attack,maxHP/magic=30/20,26/13 foesHP=0,0
pattern trainer=0 turn=0 foePP=0,0 foeAtkDef=0,0 CarlAtk=0 foeLevel=0
support PP=0,0 Carl-defense=0 enemy-attack=0,0
party action uses=8,40 / 2,40
frame=3212 map=35.0 pos=37,27 flags=0
party=2 HP=30/30,26/26 battle=0 battlers=0 outcome=0 PP=0,0 trial=0 donut-ability=0
persistent PP=8,2 status=0,0
growth level/xp/item=8/399/0,8/709/0 stats maxHP/attack,maxHP/magic=30/20,26/13 foesHP=0,0
pattern trainer=0 turn=0 foePP=0,0 foeAtkDef=0,0 CarlAtk=0 foeLevel=0
support PP=0,0 Carl-defense=0 enemy-attack=0,0
party action uses=8,40 / 2,40
PASS expect 35 0 37 27 0
frame=3280 map=35.0 pos=37,31 flags=0
party=2 HP=30/30,26/26 battle=0 battlers=0 outcome=0 PP=0,0 trial=0 donut-ability=0
persistent PP=8,2 status=0,0
growth level/xp/item=8/399/0,8/709/0 stats maxHP/attack,maxHP/magic=30/20,26/13 foesHP=0,0
pattern trainer=0 turn=0 foePP=0,0 foeAtkDef=0,0 CarlAtk=0 foeLevel=0
support PP=0,0 Carl-defense=0 enemy-attack=0,0
party action uses=8,40 / 2,40
frame=3320 map=35.0 pos=37,31 flags=0
party=2 HP=30/30,26/26 battle=0 battlers=0 outcome=0 PP=0,0 trial=0 donut-ability=0
persistent PP=8,2 status=0,0
growth level/xp/item=8/399/0,8/709/0 stats maxHP/attack,maxHP/magic=30/20,26/13 foesHP=0,0
pattern trainer=0 turn=0 foePP=0,0 foeAtkDef=0,0 CarlAtk=0 foeLevel=0
support PP=0,0 Carl-defense=0 enemy-attack=0,0
party action uses=8,40 / 2,40
frame=3320 map=35.0 pos=37,31 flags=0
party=2 HP=30/30,26/26 battle=0 battlers=0 outcome=0 PP=0,0 trial=0 donut-ability=0
persistent PP=8,2 status=0,0
growth level/xp/item=8/399/0,8/709/0 stats maxHP/attack,maxHP/magic=30/20,26/13 foesHP=0,0
pattern trainer=0 turn=0 foePP=0,0 foeAtkDef=0,0 CarlAtk=0 foeLevel=0
support PP=0,0 Carl-defense=0 enemy-attack=0,0
party action uses=8,40 / 2,40
PASS expect 35 0 37 31 0
frame=3360 map=35.0 pos=37,31 flags=0
party=2 HP=30/30,26/26 battle=0 battlers=0 outcome=0 PP=0,0 trial=0 donut-ability=0
persistent PP=8,2 status=0,0
growth level/xp/item=8/399/0,8/709/0 stats maxHP/attack,maxHP/magic=30/20,26/13 foesHP=0,0
pattern trainer=0 turn=0 foePP=0,0 foeAtkDef=0,0 CarlAtk=0 foeLevel=0
support PP=0,0 Carl-defense=0 enemy-attack=0,0
party action uses=8,40 / 2,40
frame=3444 map=35.0 pos=37,26 flags=0
party=2 HP=30/30,26/26 battle=0 battlers=0 outcome=0 PP=0,0 trial=0 donut-ability=0
persistent PP=8,2 status=0,0
growth level/xp/item=8/399/0,8/709/0 stats maxHP/attack,maxHP/magic=30/20,26/13 foesHP=0,0
pattern trainer=0 turn=0 foePP=0,0 foeAtkDef=0,0 CarlAtk=0 foeLevel=0
support PP=0,0 Carl-defense=0 enemy-attack=0,0
party action uses=8,40 / 2,40
frame=3484 map=35.1 pos=4,3 flags=0
party=2 HP=30/30,26/26 battle=0 battlers=0 outcome=0 PP=0,0 trial=0 donut-ability=0
persistent PP=8,2 status=0,0
growth level/xp/item=8/399/0,8/709/0 stats maxHP/attack,maxHP/magic=30/20,26/13 foesHP=0,0
pattern trainer=0 turn=0 foePP=0,0 foeAtkDef=0,0 CarlAtk=0 foeLevel=0
support PP=0,0 Carl-defense=0 enemy-attack=0,0
party action uses=8,40 / 2,40
frame=3784 map=35.1 pos=4,3 flags=0
party=2 HP=30/30,26/26 battle=0 battlers=0 outcome=0 PP=0,0 trial=0 donut-ability=0
persistent PP=8,2 status=0,0
growth level/xp/item=8/399/0,8/709/0 stats maxHP/attack,maxHP/magic=30/20,26/13 foesHP=0,0
pattern trainer=0 turn=0 foePP=0,0 foeAtkDef=0,0 CarlAtk=0 foeLevel=0
support PP=0,0 Carl-defense=0 enemy-attack=0,0
party action uses=8,40 / 2,40
frame=3784 map=35.1 pos=4,3 flags=0
party=2 HP=30/30,26/26 battle=0 battlers=0 outcome=0 PP=0,0 trial=0 donut-ability=0
persistent PP=8,2 status=0,0
growth level/xp/item=8/399/0,8/709/0 stats maxHP/attack,maxHP/magic=30/20,26/13 foesHP=0,0
pattern trainer=0 turn=0 foePP=0,0 foeAtkDef=0,0 CarlAtk=0 foeLevel=0
support PP=0,0 Carl-defense=0 enemy-attack=0,0
party action uses=8,40 / 2,40
PASS expect 35 1 4 3 0
frame=3824 map=35.1 pos=4,3 flags=0
party=2 HP=30/30,26/26 battle=0 battlers=0 outcome=0 PP=0,0 trial=0 donut-ability=0
persistent PP=8,2 status=0,0
growth level/xp/item=8/399/0,8/709/0 stats maxHP/attack,maxHP/magic=30/20,26/13 foesHP=0,0
pattern trainer=0 turn=0 foePP=0,0 foeAtkDef=0,0 CarlAtk=0 foeLevel=0
support PP=0,0 Carl-defense=0 enemy-attack=0,0
party action uses=8,40 / 2,40
frame=3860 map=35.1 pos=4,5 flags=0
party=2 HP=30/30,26/26 battle=0 battlers=0 outcome=0 PP=0,0 trial=0 donut-ability=0
persistent PP=8,2 status=0,0
growth level/xp/item=8/399/0,8/709/0 stats maxHP/attack,maxHP/magic=30/20,26/13 foesHP=0,0
pattern trainer=0 turn=0 foePP=0,0 foeAtkDef=0,0 CarlAtk=0 foeLevel=0
support PP=0,0 Carl-defense=0 enemy-attack=0,0
party action uses=8,40 / 2,40
frame=3900 map=35.1 pos=4,5 flags=0
party=2 HP=30/30,26/26 battle=0 battlers=0 outcome=0 PP=0,0 trial=0 donut-ability=0
persistent PP=8,2 status=0,0
growth level/xp/item=8/399/0,8/709/0 stats maxHP/attack,maxHP/magic=30/20,26/13 foesHP=0,0
pattern trainer=0 turn=0 foePP=0,0 foeAtkDef=0,0 CarlAtk=0 foeLevel=0
support PP=0,0 Carl-defense=0 enemy-attack=0,0
party action uses=8,40 / 2,40
frame=3900 map=35.1 pos=4,5 flags=0
party=2 HP=30/30,26/26 battle=0 battlers=0 outcome=0 PP=0,0 trial=0 donut-ability=0
persistent PP=8,2 status=0,0
growth level/xp/item=8/399/0,8/709/0 stats maxHP/attack,maxHP/magic=30/20,26/13 foesHP=0,0
pattern trainer=0 turn=0 foePP=0,0 foeAtkDef=0,0 CarlAtk=0 foeLevel=0
support PP=0,0 Carl-defense=0 enemy-attack=0,0
party action uses=8,40 / 2,40
PASS expect 35 1 4 5 0
frame=3940 map=35.1 pos=4,5 flags=0
party=2 HP=30/30,26/26 battle=0 battlers=0 outcome=0 PP=0,0 trial=0 donut-ability=0
persistent PP=8,2 status=0,0
growth level/xp/item=8/399/0,8/709/0 stats maxHP/attack,maxHP/magic=30/20,26/13 foesHP=0,0
pattern trainer=0 turn=0 foePP=0,0 foeAtkDef=0,0 CarlAtk=0 foeLevel=0
support PP=0,0 Carl-defense=0 enemy-attack=0,0
party action uses=8,40 / 2,40
MEASURE name=guard-out frames=580 walking=112 tiles=7 warps=1
frame=3941 map=35.1 pos=4,5 flags=0
party=2 HP=30/30,26/26 battle=0 battlers=0 outcome=0 PP=0,0 trial=0 donut-ability=0
persistent PP=8,2 status=0,0
growth level/xp/item=8/399/0,8/709/0 stats maxHP/attack,maxHP/magic=30/20,26/13 foesHP=0,0
pattern trainer=0 turn=0 foePP=0,0 foeAtkDef=0,0 CarlAtk=0 foeLevel=0
support PP=0,0 Carl-defense=0 enemy-attack=0,0
party action uses=8,40 / 2,40
frame=3981 map=35.1 pos=4,5 flags=0
party=2 HP=30/30,26/26 battle=0 battlers=0 outcome=0 PP=0,0 trial=0 donut-ability=0
persistent PP=8,2 status=0,0
growth level/xp/item=8/399/0,8/709/0 stats maxHP/attack,maxHP/magic=30/20,26/13 foesHP=0,0
pattern trainer=0 turn=0 foePP=0,0 foeAtkDef=0,0 CarlAtk=0 foeLevel=0
support PP=0,0 Carl-defense=0 enemy-attack=0,0
party action uses=8,40 / 2,40
frame=3982 map=35.1 pos=4,5 flags=0
party=2 HP=30/30,26/26 battle=0 battlers=0 outcome=0 PP=0,0 trial=0 donut-ability=0
persistent PP=8,2 status=0,0
growth level/xp/item=8/399/0,8/709/0 stats maxHP/attack,maxHP/magic=30/20,26/13 foesHP=0,0
pattern trainer=0 turn=0 foePP=0,0 foeAtkDef=0,0 CarlAtk=0 foeLevel=0
support PP=0,0 Carl-defense=0 enemy-attack=0,0
party action uses=8,40 / 2,40
frame=4382 map=35.1 pos=4,5 flags=0
party=2 HP=30/30,26/26 battle=0 battlers=0 outcome=0 PP=0,0 trial=0 donut-ability=0
persistent PP=8,2 status=0,0
growth level/xp/item=8/399/0,8/709/0 stats maxHP/attack,maxHP/magic=30/20,26/13 foesHP=0,0
pattern trainer=0 turn=0 foePP=0,0 foeAtkDef=0,0 CarlAtk=0 foeLevel=0
support PP=0,0 Carl-defense=0 enemy-attack=0,0
party action uses=8,40 / 2,40
frame=4382 map=35.1 pos=4,5 flags=0
party=2 HP=30/30,26/26 battle=0 battlers=0 outcome=0 PP=0,0 trial=0 donut-ability=0
persistent PP=8,2 status=0,0
growth level/xp/item=8/399/0,8/709/0 stats maxHP/attack,maxHP/magic=30/20,26/13 foesHP=0,0
pattern trainer=0 turn=0 foePP=0,0 foeAtkDef=0,0 CarlAtk=0 foeLevel=0
support PP=0,0 Carl-defense=0 enemy-attack=0,0
party action uses=8,40 / 2,40
PASS duo healthy
frame=4382 map=35.1 pos=4,5 flags=0
party=2 HP=30/30,26/26 battle=0 battlers=0 outcome=0 PP=0,0 trial=0 donut-ability=0
persistent PP=8,2 status=0,0
growth level/xp/item=8/399/0,8/709/0 stats maxHP/attack,maxHP/magic=30/20,26/13 foesHP=0,0
pattern trainer=0 turn=0 foePP=0,0 foeAtkDef=0,0 CarlAtk=0 foeLevel=0
support PP=0,0 Carl-defense=0 enemy-attack=0,0
party action uses=8,40 / 2,40
PASS uses 8 40 2 40
frame=4383 map=35.1 pos=4,5 flags=0
party=2 HP=30/30,26/26 battle=0 battlers=0 outcome=0 PP=0,0 trial=0 donut-ability=0
persistent PP=8,2 status=0,0
growth level/xp/item=8/399/0,8/709/0 stats maxHP/attack,maxHP/magic=30/20,26/13 foesHP=0,0
pattern trainer=0 turn=0 foePP=0,0 foeAtkDef=0,0 CarlAtk=0 foeLevel=0
support PP=0,0 Carl-defense=0 enemy-attack=0,0
party action uses=8,40 / 2,40
frame=4783 map=35.1 pos=4,5 flags=0
party=2 HP=30/30,26/26 battle=0 battlers=0 outcome=0 PP=0,0 trial=0 donut-ability=0
persistent PP=8,2 status=0,0
growth level/xp/item=8/399/0,8/709/0 stats maxHP/attack,maxHP/magic=30/20,26/13 foesHP=0,0
pattern trainer=0 turn=0 foePP=0,0 foeAtkDef=0,0 CarlAtk=0 foeLevel=0
support PP=0,0 Carl-defense=0 enemy-attack=0,0
party action uses=8,40 / 2,40
frame=4784 map=35.1 pos=4,5 flags=0
party=2 HP=30/30,26/26 battle=0 battlers=0 outcome=0 PP=0,0 trial=0 donut-ability=0
persistent PP=8,2 status=0,0
growth level/xp/item=8/399/0,8/709/0 stats maxHP/attack,maxHP/magic=30/20,26/13 foesHP=0,0
pattern trainer=0 turn=0 foePP=0,0 foeAtkDef=0,0 CarlAtk=0 foeLevel=0
support PP=0,0 Carl-defense=0 enemy-attack=0,0
party action uses=8,40 / 2,40
frame=4824 map=35.1 pos=4,5 flags=0
party=2 HP=30/30,26/26 battle=0 battlers=0 outcome=0 PP=0,0 trial=0 donut-ability=0
persistent PP=8,2 status=0,0
growth level/xp/item=8/399/0,8/709/0 stats maxHP/attack,maxHP/magic=30/20,26/13 foesHP=0,0
pattern trainer=0 turn=0 foePP=0,0 foeAtkDef=0,0 CarlAtk=0 foeLevel=0
support PP=0,0 Carl-defense=0 enemy-attack=0,0
party action uses=8,40 / 2,40
frame=4824 map=35.1 pos=4,5 flags=0
party=2 HP=30/30,26/26 battle=0 battlers=0 outcome=0 PP=0,0 trial=0 donut-ability=0
persistent PP=8,2 status=0,0
growth level/xp/item=8/399/0,8/709/0 stats maxHP/attack,maxHP/magic=30/20,26/13 foesHP=0,0
pattern trainer=0 turn=0 foePP=0,0 foeAtkDef=0,0 CarlAtk=0 foeLevel=0
support PP=0,0 Carl-defense=0 enemy-attack=0,0
party action uses=8,40 / 2,40
PASS expect 35 1 4 5 0
frame=4860 map=35.1 pos=4,3 flags=0
party=2 HP=30/30,26/26 battle=0 battlers=0 outcome=0 PP=0,0 trial=0 donut-ability=0
persistent PP=8,2 status=0,0
growth level/xp/item=8/399/0,8/709/0 stats maxHP/attack,maxHP/magic=30/20,26/13 foesHP=0,0
pattern trainer=0 turn=0 foePP=0,0 foeAtkDef=0,0 CarlAtk=0 foeLevel=0
support PP=0,0 Carl-defense=0 enemy-attack=0,0
party action uses=8,40 / 2,40
frame=4900 map=35.0 pos=37,26 flags=0
party=2 HP=30/30,26/26 battle=0 battlers=0 outcome=0 PP=0,0 trial=0 donut-ability=0
persistent PP=8,2 status=0,0
growth level/xp/item=8/399/0,8/709/0 stats maxHP/attack,maxHP/magic=30/20,26/13 foesHP=0,0
pattern trainer=0 turn=0 foePP=0,0 foeAtkDef=0,0 CarlAtk=0 foeLevel=0
support PP=0,0 Carl-defense=0 enemy-attack=0,0
party action uses=8,40 / 2,40
frame=5200 map=35.0 pos=37,26 flags=0
party=2 HP=30/30,26/26 battle=0 battlers=0 outcome=0 PP=0,0 trial=0 donut-ability=0
persistent PP=8,2 status=0,0
growth level/xp/item=8/399/0,8/709/0 stats maxHP/attack,maxHP/magic=30/20,26/13 foesHP=0,0
pattern trainer=0 turn=0 foePP=0,0 foeAtkDef=0,0 CarlAtk=0 foeLevel=0
support PP=0,0 Carl-defense=0 enemy-attack=0,0
party action uses=8,40 / 2,40
frame=5200 map=35.0 pos=37,26 flags=0
party=2 HP=30/30,26/26 battle=0 battlers=0 outcome=0 PP=0,0 trial=0 donut-ability=0
persistent PP=8,2 status=0,0
growth level/xp/item=8/399/0,8/709/0 stats maxHP/attack,maxHP/magic=30/20,26/13 foesHP=0,0
pattern trainer=0 turn=0 foePP=0,0 foeAtkDef=0,0 CarlAtk=0 foeLevel=0
support PP=0,0 Carl-defense=0 enemy-attack=0,0
party action uses=8,40 / 2,40
PASS expect 35 0 37 26 0
frame=5284 map=35.0 pos=37,31 flags=0
party=2 HP=30/30,26/26 battle=0 battlers=0 outcome=0 PP=0,0 trial=0 donut-ability=0
persistent PP=8,2 status=0,0
growth level/xp/item=8/399/0,8/709/0 stats maxHP/attack,maxHP/magic=30/20,26/13 foesHP=0,0
pattern trainer=0 turn=0 foePP=0,0 foeAtkDef=0,0 CarlAtk=0 foeLevel=0
support PP=0,0 Carl-defense=0 enemy-attack=0,0
party action uses=8,40 / 2,40
frame=5324 map=35.0 pos=37,31 flags=0
party=2 HP=30/30,26/26 battle=0 battlers=0 outcome=0 PP=0,0 trial=0 donut-ability=0
persistent PP=8,2 status=0,0
growth level/xp/item=8/399/0,8/709/0 stats maxHP/attack,maxHP/magic=30/20,26/13 foesHP=0,0
pattern trainer=0 turn=0 foePP=0,0 foeAtkDef=0,0 CarlAtk=0 foeLevel=0
support PP=0,0 Carl-defense=0 enemy-attack=0,0
party action uses=8,40 / 2,40
frame=5324 map=35.0 pos=37,31 flags=0
party=2 HP=30/30,26/26 battle=0 battlers=0 outcome=0 PP=0,0 trial=0 donut-ability=0
persistent PP=8,2 status=0,0
growth level/xp/item=8/399/0,8/709/0 stats maxHP/attack,maxHP/magic=30/20,26/13 foesHP=0,0
pattern trainer=0 turn=0 foePP=0,0 foeAtkDef=0,0 CarlAtk=0 foeLevel=0
support PP=0,0 Carl-defense=0 enemy-attack=0,0
party action uses=8,40 / 2,40
PASS expect 35 0 37 31 0
frame=5364 map=35.0 pos=37,31 flags=0
party=2 HP=30/30,26/26 battle=0 battlers=0 outcome=0 PP=0,0 trial=0 donut-ability=0
persistent PP=8,2 status=0,0
growth level/xp/item=8/399/0,8/709/0 stats maxHP/attack,maxHP/magic=30/20,26/13 foesHP=0,0
pattern trainer=0 turn=0 foePP=0,0 foeAtkDef=0,0 CarlAtk=0 foeLevel=0
support PP=0,0 Carl-defense=0 enemy-attack=0,0
party action uses=8,40 / 2,40
MEASURE name=guard-back frames=540 walking=112 tiles=7 warps=1
frame=5364 map=35.0 pos=37,31 flags=0
party=2 HP=30/30,26/26 battle=0 battlers=0 outcome=0 PP=0,0 trial=0 donut-ability=0
persistent PP=8,2 status=0,0
growth level/xp/item=8/399/0,8/709/0 stats maxHP/attack,maxHP/magic=30/20,26/13 foesHP=0,0
pattern trainer=0 turn=0 foePP=0,0 foeAtkDef=0,0 CarlAtk=0 foeLevel=0
support PP=0,0 Carl-defense=0 enemy-attack=0,0
party action uses=8,40 / 2,40
PASS duo healthy
frame=5364 map=35.0 pos=37,31 flags=0
party=2 HP=30/30,26/26 battle=0 battlers=0 outcome=0 PP=0,0 trial=0 donut-ability=0
persistent PP=8,2 status=0,0
growth level/xp/item=8/399/0,8/709/0 stats maxHP/attack,maxHP/magic=30/20,26/13 foesHP=0,0
pattern trainer=0 turn=0 foePP=0,0 foeAtkDef=0,0 CarlAtk=0 foeLevel=0
support PP=0,0 Carl-defense=0 enemy-attack=0,0
party action uses=8,40 / 2,40
PASS uses 8 40 2 40
frame=5364 map=35.0 pos=37,31 flags=0
party=2 HP=30/30,26/26 battle=0 battlers=0 outcome=0 PP=0,0 trial=0 donut-ability=0
persistent PP=8,2 status=0,0
growth level/xp/item=8/399/0,8/709/0 stats maxHP/attack,maxHP/magic=30/20,26/13 foesHP=0,0
PASS flag 32 0
pattern trainer=0 turn=0 foePP=0,0 foeAtkDef=0,0 CarlAtk=0 foeLevel=0
support PP=0,0 Carl-defense=0 enemy-attack=0,0
party action uses=8,40 / 2,40
frame=5364 map=35.0 pos=37,31 flags=0
party=2 HP=30/30,26/26 battle=0 battlers=0 outcome=0 PP=0,0 trial=0 donut-ability=0
persistent PP=8,2 status=0,0
growth level/xp/item=8/399/0,8/709/0 stats maxHP/attack,maxHP/magic=30/20,26/13 foesHP=0,0
PASS flag 33 0
pattern trainer=0 turn=0 foePP=0,0 foeAtkDef=0,0 CarlAtk=0 foeLevel=0
support PP=0,0 Carl-defense=0 enemy-attack=0,0
party action uses=8,40 / 2,40
frame=5364 map=35.0 pos=37,31 flags=0
party=2 HP=30/30,26/26 battle=0 battlers=0 outcome=0 PP=0,0 trial=0 donut-ability=0
persistent PP=8,2 status=0,0
growth level/xp/item=8/399/0,8/709/0 stats maxHP/attack,maxHP/magic=30/20,26/13 foesHP=0,0
PASS flag 34 0
pattern trainer=0 turn=0 foePP=0,0 foeAtkDef=0,0 CarlAtk=0 foeLevel=0
support PP=0,0 Carl-defense=0 enemy-attack=0,0
party action uses=8,40 / 2,40
frame=5364 map=35.0 pos=37,31 flags=0
party=2 HP=30/30,26/26 battle=0 battlers=0 outcome=0 PP=0,0 trial=0 donut-ability=0
persistent PP=8,2 status=0,0
growth level/xp/item=8/399/0,8/709/0 stats maxHP/attack,maxHP/magic=30/20,26/13 foesHP=0,0
PASS flag 35 0
pattern trainer=0 turn=0 foePP=0,0 foeAtkDef=0,0 CarlAtk=0 foeLevel=0
support PP=0,0 Carl-defense=0 enemy-attack=0,0
party action uses=8,40 / 2,40
frame=5364 map=35.0 pos=37,31 flags=0
party=2 HP=30/30,26/26 battle=0 battlers=0 outcome=0 PP=0,0 trial=0 donut-ability=0
persistent PP=8,2 status=0,0
growth level/xp/item=8/399/0,8/709/0 stats maxHP/attack,maxHP/magic=30/20,26/13 foesHP=0,0
PASS flag 36 0
pattern trainer=0 turn=0 foePP=0,0 foeAtkDef=0,0 CarlAtk=0 foeLevel=0
support PP=0,0 Carl-defense=0 enemy-attack=0,0
party action uses=8,40 / 2,40
frame=5364 map=35.0 pos=37,31 flags=0
party=2 HP=30/30,26/26 battle=0 battlers=0 outcome=0 PP=0,0 trial=0 donut-ability=0
persistent PP=8,2 status=0,0
growth level/xp/item=8/399/0,8/709/0 stats maxHP/attack,maxHP/magic=30/20,26/13 foesHP=0,0
PASS flag 37 0
pattern trainer=0 turn=0 foePP=0,0 foeAtkDef=0,0 CarlAtk=0 foeLevel=0
support PP=0,0 Carl-defense=0 enemy-attack=0,0
party action uses=8,40 / 2,40
frame=5364 map=35.0 pos=37,31 flags=0
party=2 HP=30/30,26/26 battle=0 battlers=0 outcome=0 PP=0,0 trial=0 donut-ability=0
persistent PP=8,2 status=0,0
growth level/xp/item=8/399/0,8/709/0 stats maxHP/attack,maxHP/magic=30/20,26/13 foesHP=0,0
PASS flag 38 0
pattern trainer=0 turn=0 foePP=0,0 foeAtkDef=0,0 CarlAtk=0 foeLevel=0
support PP=0,0 Carl-defense=0 enemy-attack=0,0
party action uses=8,40 / 2,40
frame=5364 map=35.0 pos=37,31 flags=0
party=2 HP=30/30,26/26 battle=0 battlers=0 outcome=0 PP=0,0 trial=0 donut-ability=0
persistent PP=8,2 status=0,0
growth level/xp/item=8/399/0,8/709/0 stats maxHP/attack,maxHP/magic=30/20,26/13 foesHP=0,0
PASS flag 39 0
pattern trainer=0 turn=0 foePP=0,0 foeAtkDef=0,0 CarlAtk=0 foeLevel=0
support PP=0,0 Carl-defense=0 enemy-attack=0,0
party action uses=8,40 / 2,40
frame=5364 map=35.0 pos=37,31 flags=0
party=2 HP=30/30,26/26 battle=0 battlers=0 outcome=0 PP=0,0 trial=0 donut-ability=0
persistent PP=8,2 status=0,0
growth level/xp/item=8/399/0,8/709/0 stats maxHP/attack,maxHP/magic=30/20,26/13 foesHP=0,0
PASS flag 40 0
pattern trainer=0 turn=0 foePP=0,0 foeAtkDef=0,0 CarlAtk=0 foeLevel=0
support PP=0,0 Carl-defense=0 enemy-attack=0,0
party action uses=8,40 / 2,40
frame=5364 map=35.0 pos=37,31 flags=0
party=2 HP=30/30,26/26 battle=0 battlers=0 outcome=0 PP=0,0 trial=0 donut-ability=0
persistent PP=8,2 status=0,0
growth level/xp/item=8/399/0,8/709/0 stats maxHP/attack,maxHP/magic=30/20,26/13 foesHP=0,0
PASS flag 41 0
pattern trainer=0 turn=0 foePP=0,0 foeAtkDef=0,0 CarlAtk=0 foeLevel=0
support PP=0,0 Carl-defense=0 enemy-attack=0,0
party action uses=8,40 / 2,40
frame=5364 map=35.0 pos=37,31 flags=0
party=2 HP=30/30,26/26 battle=0 battlers=0 outcome=0 PP=0,0 trial=0 donut-ability=0
persistent PP=8,2 status=0,0
growth level/xp/item=8/399/0,8/709/0 stats maxHP/attack,maxHP/magic=30/20,26/13 foesHP=0,0
PASS flag 42 0
pattern trainer=0 turn=0 foePP=0,0 foeAtkDef=0,0 CarlAtk=0 foeLevel=0
support PP=0,0 Carl-defense=0 enemy-attack=0,0
party action uses=8,40 / 2,40
frame=5364 map=35.0 pos=37,31 flags=0
party=2 HP=30/30,26/26 battle=0 battlers=0 outcome=0 PP=0,0 trial=0 donut-ability=0
persistent PP=8,2 status=0,0
growth level/xp/item=8/399/0,8/709/0 stats maxHP/attack,maxHP/magic=30/20,26/13 foesHP=0,0
PASS flag 43 0
pattern trainer=0 turn=0 foePP=0,0 foeAtkDef=0,0 CarlAtk=0 foeLevel=0
support PP=0,0 Carl-defense=0 enemy-attack=0,0
party action uses=8,40 / 2,40
frame=5364 map=35.0 pos=37,31 flags=0
party=2 HP=30/30,26/26 battle=0 battlers=0 outcome=0 PP=0,0 trial=0 donut-ability=0
persistent PP=8,2 status=0,0
growth level/xp/item=8/399/0,8/709/0 stats maxHP/attack,maxHP/magic=30/20,26/13 foesHP=0,0
PASS flag 44 0
pattern trainer=0 turn=0 foePP=0,0 foeAtkDef=0,0 CarlAtk=0 foeLevel=0
support PP=0,0 Carl-defense=0 enemy-attack=0,0
party action uses=8,40 / 2,40
frame=5364 map=35.0 pos=37,31 flags=0
party=2 HP=30/30,26/26 battle=0 battlers=0 outcome=0 PP=0,0 trial=0 donut-ability=0
persistent PP=8,2 status=0,0
growth level/xp/item=8/399/0,8/709/0 stats maxHP/attack,maxHP/magic=30/20,26/13 foesHP=0,0
PASS flag 45 0
pattern trainer=0 turn=0 foePP=0,0 foeAtkDef=0,0 CarlAtk=0 foeLevel=0
support PP=0,0 Carl-defense=0 enemy-attack=0,0
party action uses=8,40 / 2,40
frame=5364 map=35.0 pos=37,31 flags=0
party=2 HP=30/30,26/26 battle=0 battlers=0 outcome=0 PP=0,0 trial=0 donut-ability=0
persistent PP=8,2 status=0,0
growth level/xp/item=8/399/0,8/709/0 stats maxHP/attack,maxHP/magic=30/20,26/13 foesHP=0,0
PASS flag 46 0
pattern trainer=0 turn=0 foePP=0,0 foeAtkDef=0,0 CarlAtk=0 foeLevel=0
support PP=0,0 Carl-defense=0 enemy-attack=0,0
party action uses=8,40 / 2,40
frame=5364 map=35.0 pos=37,31 flags=0
party=2 HP=30/30,26/26 battle=0 battlers=0 outcome=0 PP=0,0 trial=0 donut-ability=0
persistent PP=8,2 status=0,0
growth level/xp/item=8/399/0,8/709/0 stats maxHP/attack,maxHP/magic=30/20,26/13 foesHP=0,0
PASS flag 47 0
pattern trainer=0 turn=0 foePP=0,0 foeAtkDef=0,0 CarlAtk=0 foeLevel=0
support PP=0,0 Carl-defense=0 enemy-attack=0,0
party action uses=8,40 / 2,40
frame=5364 map=35.0 pos=37,31 flags=0
party=2 HP=30/30,26/26 battle=0 battlers=0 outcome=0 PP=0,0 trial=0 donut-ability=0
persistent PP=8,2 status=0,0
growth level/xp/item=8/399/0,8/709/0 stats maxHP/attack,maxHP/magic=30/20,26/13 foesHP=0,0
PASS flag 48 0
pattern trainer=0 turn=0 foePP=0,0 foeAtkDef=0,0 CarlAtk=0 foeLevel=0
support PP=0,0 Carl-defense=0 enemy-attack=0,0
party action uses=8,40 / 2,40
frame=5364 map=35.0 pos=37,31 flags=0
party=2 HP=30/30,26/26 battle=0 battlers=0 outcome=0 PP=0,0 trial=0 donut-ability=0
persistent PP=8,2 status=0,0
growth level/xp/item=8/399/0,8/709/0 stats maxHP/attack,maxHP/magic=30/20,26/13 foesHP=0,0
PASS flag 2135 0
pattern trainer=0 turn=0 foePP=0,0 foeAtkDef=0,0 CarlAtk=0 foeLevel=0
support PP=0,0 Carl-defense=0 enemy-attack=0,0
party action uses=8,40 / 2,40
frame=5364 map=35.0 pos=37,31 flags=0
party=2 HP=30/30,26/26 battle=0 battlers=0 outcome=0 PP=0,0 trial=0 donut-ability=0
persistent PP=8,2 status=0,0
growth level/xp/item=8/399/0,8/709/0 stats maxHP/attack,maxHP/magic=30/20,26/13 foesHP=0,0
PASS flag 2136 0
pattern trainer=0 turn=0 foePP=0,0 foeAtkDef=0,0 CarlAtk=0 foeLevel=0
support PP=0,0 Carl-defense=0 enemy-attack=0,0
party action uses=8,40 / 2,40
frame=5364 map=35.0 pos=37,31 flags=0
party=2 HP=30/30,26/26 battle=0 battlers=0 outcome=0 PP=0,0 trial=0 donut-ability=0
persistent PP=8,2 status=0,0
growth level/xp/item=8/399/0,8/709/0 stats maxHP/attack,maxHP/magic=30/20,26/13 foesHP=0,0
PASS flag 2137 0
pattern trainer=0 turn=0 foePP=0,0 foeAtkDef=0,0 CarlAtk=0 foeLevel=0
support PP=0,0 Carl-defense=0 enemy-attack=0,0
party action uses=8,40 / 2,40
frame=5364 map=35.0 pos=37,31 flags=0
party=2 HP=30/30,26/26 battle=0 battlers=0 outcome=0 PP=0,0 trial=0 donut-ability=0
persistent PP=8,2 status=0,0
growth level/xp/item=8/399/0,8/709/0 stats maxHP/attack,maxHP/magic=30/20,26/13 foesHP=0,0
PASS flag 2138 0
pattern trainer=0 turn=0 foePP=0,0 foeAtkDef=0,0 CarlAtk=0 foeLevel=0
support PP=0,0 Carl-defense=0 enemy-attack=0,0
party action uses=8,40 / 2,40
frame=5364 map=35.0 pos=37,31 flags=0
party=2 HP=30/30,26/26 battle=0 battlers=0 outcome=0 PP=0,0 trial=0 donut-ability=0
persistent PP=8,2 status=0,0
growth level/xp/item=8/399/0,8/709/0 stats maxHP/attack,maxHP/magic=30/20,26/13 foesHP=0,0
PASS flag 2139 0
pattern trainer=0 turn=0 foePP=0,0 foeAtkDef=0,0 CarlAtk=0 foeLevel=0
support PP=0,0 Carl-defense=0 enemy-attack=0,0
party action uses=8,40 / 2,40
frame=5432 map=35.0 pos=37,27 flags=0
party=2 HP=30/30,26/26 battle=0 battlers=0 outcome=0 PP=0,0 trial=0 donut-ability=0
persistent PP=8,2 status=0,0
growth level/xp/item=8/399/0,8/709/0 stats maxHP/attack,maxHP/magic=30/20,26/13 foesHP=0,0
pattern trainer=0 turn=0 foePP=0,0 foeAtkDef=0,0 CarlAtk=0 foeLevel=0
support PP=0,0 Carl-defense=0 enemy-attack=0,0
party action uses=8,40 / 2,40
frame=5472 map=35.0 pos=37,27 flags=0
party=2 HP=30/30,26/26 battle=0 battlers=0 outcome=0 PP=0,0 trial=0 donut-ability=0
persistent PP=8,2 status=0,0
growth level/xp/item=8/399/0,8/709/0 stats maxHP/attack,maxHP/magic=30/20,26/13 foesHP=0,0
pattern trainer=0 turn=0 foePP=0,0 foeAtkDef=0,0 CarlAtk=0 foeLevel=0
support PP=0,0 Carl-defense=0 enemy-attack=0,0
party action uses=8,40 / 2,40
frame=5472 map=35.0 pos=37,27 flags=0
party=2 HP=30/30,26/26 battle=0 battlers=0 outcome=0 PP=0,0 trial=0 donut-ability=0
persistent PP=8,2 status=0,0
growth level/xp/item=8/399/0,8/709/0 stats maxHP/attack,maxHP/magic=30/20,26/13 foesHP=0,0
pattern trainer=0 turn=0 foePP=0,0 foeAtkDef=0,0 CarlAtk=0 foeLevel=0
support PP=0,0 Carl-defense=0 enemy-attack=0,0
party action uses=8,40 / 2,40
PASS expect 35 0 37 27 0
frame=5700 map=35.0 pos=51,27 flags=0
party=2 HP=30/30,26/26 battle=0 battlers=0 outcome=0 PP=0,0 trial=0 donut-ability=0
persistent PP=8,2 status=0,0
growth level/xp/item=8/399/0,8/709/0 stats maxHP/attack,maxHP/magic=30/20,26/13 foesHP=0,0
pattern trainer=0 turn=0 foePP=0,0 foeAtkDef=0,0 CarlAtk=0 foeLevel=0
support PP=0,0 Carl-defense=0 enemy-attack=0,0
party action uses=8,40 / 2,40
frame=5740 map=35.0 pos=51,27 flags=0
party=2 HP=30/30,26/26 battle=0 battlers=0 outcome=0 PP=0,0 trial=0 donut-ability=0
persistent PP=8,2 status=0,0
growth level/xp/item=8/399/0,8/709/0 stats maxHP/attack,maxHP/magic=30/20,26/13 foesHP=0,0
pattern trainer=0 turn=0 foePP=0,0 foeAtkDef=0,0 CarlAtk=0 foeLevel=0
support PP=0,0 Carl-defense=0 enemy-attack=0,0
party action uses=8,40 / 2,40
frame=5740 map=35.0 pos=51,27 flags=0
party=2 HP=30/30,26/26 battle=0 battlers=0 outcome=0 PP=0,0 trial=0 donut-ability=0
persistent PP=8,2 status=0,0
growth level/xp/item=8/399/0,8/709/0 stats maxHP/attack,maxHP/magic=30/20,26/13 foesHP=0,0
pattern trainer=0 turn=0 foePP=0,0 foeAtkDef=0,0 CarlAtk=0 foeLevel=0
support PP=0,0 Carl-defense=0 enemy-attack=0,0
party action uses=8,40 / 2,40
PASS expect 35 0 51 27 0
frame=5780 map=35.0 pos=51,27 flags=0
party=2 HP=30/30,26/26 battle=0 battlers=0 outcome=0 PP=0,0 trial=0 donut-ability=0
persistent PP=8,2 status=0,0
growth level/xp/item=8/399/0,8/709/0 stats maxHP/attack,maxHP/magic=30/20,26/13 foesHP=0,0
pattern trainer=0 turn=0 foePP=0,0 foeAtkDef=0,0 CarlAtk=0 foeLevel=0
support PP=0,0 Carl-defense=0 enemy-attack=0,0
party action uses=8,40 / 2,40
frame=5800 map=35.0 pos=51,26 flags=0
party=2 HP=30/30,26/26 battle=0 battlers=0 outcome=0 PP=0,0 trial=0 donut-ability=0
persistent PP=8,2 status=0,0
growth level/xp/item=8/399/0,8/709/0 stats maxHP/attack,maxHP/magic=30/20,26/13 foesHP=0,0
pattern trainer=0 turn=0 foePP=0,0 foeAtkDef=0,0 CarlAtk=0 foeLevel=0
support PP=0,0 Carl-defense=0 enemy-attack=0,0
party action uses=8,40 / 2,40
frame=5840 map=35.0 pos=51,26 flags=0
party=2 HP=30/30,26/26 battle=0 battlers=0 outcome=0 PP=0,0 trial=0 donut-ability=0
persistent PP=8,2 status=0,0
growth level/xp/item=8/399/0,8/709/0 stats maxHP/attack,maxHP/magic=30/20,26/13 foesHP=0,0
pattern trainer=0 turn=0 foePP=0,0 foeAtkDef=0,0 CarlAtk=0 foeLevel=0
support PP=0,0 Carl-defense=0 enemy-attack=0,0
party action uses=8,40 / 2,40
frame=5840 map=35.0 pos=51,26 flags=0
party=2 HP=30/30,26/26 battle=0 battlers=0 outcome=0 PP=0,0 trial=0 donut-ability=0
persistent PP=8,2 status=0,0
growth level/xp/item=8/399/0,8/709/0 stats maxHP/attack,maxHP/magic=30/20,26/13 foesHP=0,0
pattern trainer=0 turn=0 foePP=0,0 foeAtkDef=0,0 CarlAtk=0 foeLevel=0
support PP=0,0 Carl-defense=0 enemy-attack=0,0
party action uses=8,40 / 2,40
PASS expect 35 0 51 26 0
frame=6068 map=35.0 pos=37,26 flags=0
party=2 HP=30/30,26/26 battle=0 battlers=0 outcome=0 PP=0,0 trial=0 donut-ability=0
persistent PP=8,2 status=0,0
growth level/xp/item=8/399/0,8/709/0 stats maxHP/attack,maxHP/magic=30/20,26/13 foesHP=0,0
pattern trainer=0 turn=0 foePP=0,0 foeAtkDef=0,0 CarlAtk=0 foeLevel=0
support PP=0,0 Carl-defense=0 enemy-attack=0,0
party action uses=8,40 / 2,40
frame=6108 map=35.1 pos=4,3 flags=0
party=2 HP=30/30,26/26 battle=0 battlers=0 outcome=0 PP=0,0 trial=0 donut-ability=0
persistent PP=8,2 status=0,0
growth level/xp/item=8/399/0,8/709/0 stats maxHP/attack,maxHP/magic=30/20,26/13 foesHP=0,0
pattern trainer=0 turn=0 foePP=0,0 foeAtkDef=0,0 CarlAtk=0 foeLevel=0
support PP=0,0 Carl-defense=0 enemy-attack=0,0
party action uses=8,40 / 2,40
frame=6408 map=35.1 pos=4,3 flags=0
party=2 HP=30/30,26/26 battle=0 battlers=0 outcome=0 PP=0,0 trial=0 donut-ability=0
persistent PP=8,2 status=0,0
growth level/xp/item=8/399/0,8/709/0 stats maxHP/attack,maxHP/magic=30/20,26/13 foesHP=0,0
pattern trainer=0 turn=0 foePP=0,0 foeAtkDef=0,0 CarlAtk=0 foeLevel=0
support PP=0,0 Carl-defense=0 enemy-attack=0,0
party action uses=8,40 / 2,40
frame=6408 map=35.1 pos=4,3 flags=0
party=2 HP=30/30,26/26 battle=0 battlers=0 outcome=0 PP=0,0 trial=0 donut-ability=0
persistent PP=8,2 status=0,0
growth level/xp/item=8/399/0,8/709/0 stats maxHP/attack,maxHP/magic=30/20,26/13 foesHP=0,0
pattern trainer=0 turn=0 foePP=0,0 foeAtkDef=0,0 CarlAtk=0 foeLevel=0
support PP=0,0 Carl-defense=0 enemy-attack=0,0
party action uses=8,40 / 2,40
PASS expect 35 1 4 3 0
frame=6448 map=35.1 pos=4,3 flags=0
party=2 HP=30/30,26/26 battle=0 battlers=0 outcome=0 PP=0,0 trial=0 donut-ability=0
persistent PP=8,2 status=0,0
growth level/xp/item=8/399/0,8/709/0 stats maxHP/attack,maxHP/magic=30/20,26/13 foesHP=0,0
pattern trainer=0 turn=0 foePP=0,0 foeAtkDef=0,0 CarlAtk=0 foeLevel=0
support PP=0,0 Carl-defense=0 enemy-attack=0,0
party action uses=8,40 / 2,40
frame=6484 map=35.1 pos=4,5 flags=0
party=2 HP=30/30,26/26 battle=0 battlers=0 outcome=0 PP=0,0 trial=0 donut-ability=0
persistent PP=8,2 status=0,0
growth level/xp/item=8/399/0,8/709/0 stats maxHP/attack,maxHP/magic=30/20,26/13 foesHP=0,0
pattern trainer=0 turn=0 foePP=0,0 foeAtkDef=0,0 CarlAtk=0 foeLevel=0
support PP=0,0 Carl-defense=0 enemy-attack=0,0
party action uses=8,40 / 2,40
frame=6524 map=35.1 pos=4,5 flags=0
party=2 HP=30/30,26/26 battle=0 battlers=0 outcome=0 PP=0,0 trial=0 donut-ability=0
persistent PP=8,2 status=0,0
growth level/xp/item=8/399/0,8/709/0 stats maxHP/attack,maxHP/magic=30/20,26/13 foesHP=0,0
pattern trainer=0 turn=0 foePP=0,0 foeAtkDef=0,0 CarlAtk=0 foeLevel=0
support PP=0,0 Carl-defense=0 enemy-attack=0,0
party action uses=8,40 / 2,40
frame=6524 map=35.1 pos=4,5 flags=0
party=2 HP=30/30,26/26 battle=0 battlers=0 outcome=0 PP=0,0 trial=0 donut-ability=0
persistent PP=8,2 status=0,0
growth level/xp/item=8/399/0,8/709/0 stats maxHP/attack,maxHP/magic=30/20,26/13 foesHP=0,0
pattern trainer=0 turn=0 foePP=0,0 foeAtkDef=0,0 CarlAtk=0 foeLevel=0
support PP=0,0 Carl-defense=0 enemy-attack=0,0
party action uses=8,40 / 2,40
PASS expect 35 1 4 5 0
frame=6564 map=35.1 pos=4,5 flags=0
party=2 HP=30/30,26/26 battle=0 battlers=0 outcome=0 PP=0,0 trial=0 donut-ability=0
persistent PP=8,2 status=0,0
growth level/xp/item=8/399/0,8/709/0 stats maxHP/attack,maxHP/magic=30/20,26/13 foesHP=0,0
pattern trainer=0 turn=0 foePP=0,0 foeAtkDef=0,0 CarlAtk=0 foeLevel=0
support PP=0,0 Carl-defense=0 enemy-attack=0,0
party action uses=8,40 / 2,40
MEASURE name=howler-out frames=784 walking=272 tiles=17 warps=1
frame=6565 map=35.1 pos=4,5 flags=0
party=2 HP=30/30,26/26 battle=0 battlers=0 outcome=0 PP=0,0 trial=0 donut-ability=0
persistent PP=8,2 status=0,0
growth level/xp/item=8/399/0,8/709/0 stats maxHP/attack,maxHP/magic=30/20,26/13 foesHP=0,0
pattern trainer=0 turn=0 foePP=0,0 foeAtkDef=0,0 CarlAtk=0 foeLevel=0
support PP=0,0 Carl-defense=0 enemy-attack=0,0
party action uses=8,40 / 2,40
frame=6605 map=35.1 pos=4,5 flags=0
party=2 HP=30/30,26/26 battle=0 battlers=0 outcome=0 PP=0,0 trial=0 donut-ability=0
persistent PP=8,2 status=0,0
growth level/xp/item=8/399/0,8/709/0 stats maxHP/attack,maxHP/magic=30/20,26/13 foesHP=0,0
pattern trainer=0 turn=0 foePP=0,0 foeAtkDef=0,0 CarlAtk=0 foeLevel=0
support PP=0,0 Carl-defense=0 enemy-attack=0,0
party action uses=8,40 / 2,40
frame=6606 map=35.1 pos=4,5 flags=0
party=2 HP=30/30,26/26 battle=0 battlers=0 outcome=0 PP=0,0 trial=0 donut-ability=0
persistent PP=8,2 status=0,0
growth level/xp/item=8/399/0,8/709/0 stats maxHP/attack,maxHP/magic=30/20,26/13 foesHP=0,0
pattern trainer=0 turn=0 foePP=0,0 foeAtkDef=0,0 CarlAtk=0 foeLevel=0
support PP=0,0 Carl-defense=0 enemy-attack=0,0
party action uses=8,40 / 2,40
frame=7006 map=35.1 pos=4,5 flags=0
party=2 HP=30/30,26/26 battle=0 battlers=0 outcome=0 PP=0,0 trial=0 donut-ability=0
persistent PP=8,2 status=0,0
growth level/xp/item=8/399/0,8/709/0 stats maxHP/attack,maxHP/magic=30/20,26/13 foesHP=0,0
pattern trainer=0 turn=0 foePP=0,0 foeAtkDef=0,0 CarlAtk=0 foeLevel=0
support PP=0,0 Carl-defense=0 enemy-attack=0,0
party action uses=8,40 / 2,40
frame=7006 map=35.1 pos=4,5 flags=0
party=2 HP=30/30,26/26 battle=0 battlers=0 outcome=0 PP=0,0 trial=0 donut-ability=0
persistent PP=8,2 status=0,0
growth level/xp/item=8/399/0,8/709/0 stats maxHP/attack,maxHP/magic=30/20,26/13 foesHP=0,0
pattern trainer=0 turn=0 foePP=0,0 foeAtkDef=0,0 CarlAtk=0 foeLevel=0
support PP=0,0 Carl-defense=0 enemy-attack=0,0
party action uses=8,40 / 2,40
PASS duo healthy
frame=7006 map=35.1 pos=4,5 flags=0
party=2 HP=30/30,26/26 battle=0 battlers=0 outcome=0 PP=0,0 trial=0 donut-ability=0
persistent PP=8,2 status=0,0
growth level/xp/item=8/399/0,8/709/0 stats maxHP/attack,maxHP/magic=30/20,26/13 foesHP=0,0
pattern trainer=0 turn=0 foePP=0,0 foeAtkDef=0,0 CarlAtk=0 foeLevel=0
support PP=0,0 Carl-defense=0 enemy-attack=0,0
party action uses=8,40 / 2,40
PASS uses 8 40 2 40
frame=7007 map=35.1 pos=4,5 flags=0
party=2 HP=30/30,26/26 battle=0 battlers=0 outcome=0 PP=0,0 trial=0 donut-ability=0
persistent PP=8,2 status=0,0
growth level/xp/item=8/399/0,8/709/0 stats maxHP/attack,maxHP/magic=30/20,26/13 foesHP=0,0
pattern trainer=0 turn=0 foePP=0,0 foeAtkDef=0,0 CarlAtk=0 foeLevel=0
support PP=0,0 Carl-defense=0 enemy-attack=0,0
party action uses=8,40 / 2,40
frame=7407 map=35.1 pos=4,5 flags=0
party=2 HP=30/30,26/26 battle=0 battlers=0 outcome=0 PP=0,0 trial=0 donut-ability=0
persistent PP=8,2 status=0,0
growth level/xp/item=8/399/0,8/709/0 stats maxHP/attack,maxHP/magic=30/20,26/13 foesHP=0,0
pattern trainer=0 turn=0 foePP=0,0 foeAtkDef=0,0 CarlAtk=0 foeLevel=0
support PP=0,0 Carl-defense=0 enemy-attack=0,0
party action uses=8,40 / 2,40
frame=7408 map=35.1 pos=4,5 flags=0
party=2 HP=30/30,26/26 battle=0 battlers=0 outcome=0 PP=0,0 trial=0 donut-ability=0
persistent PP=8,2 status=0,0
growth level/xp/item=8/399/0,8/709/0 stats maxHP/attack,maxHP/magic=30/20,26/13 foesHP=0,0
pattern trainer=0 turn=0 foePP=0,0 foeAtkDef=0,0 CarlAtk=0 foeLevel=0
support PP=0,0 Carl-defense=0 enemy-attack=0,0
party action uses=8,40 / 2,40
frame=7448 map=35.1 pos=4,5 flags=0
party=2 HP=30/30,26/26 battle=0 battlers=0 outcome=0 PP=0,0 trial=0 donut-ability=0
persistent PP=8,2 status=0,0
growth level/xp/item=8/399/0,8/709/0 stats maxHP/attack,maxHP/magic=30/20,26/13 foesHP=0,0
pattern trainer=0 turn=0 foePP=0,0 foeAtkDef=0,0 CarlAtk=0 foeLevel=0
support PP=0,0 Carl-defense=0 enemy-attack=0,0
party action uses=8,40 / 2,40
frame=7448 map=35.1 pos=4,5 flags=0
party=2 HP=30/30,26/26 battle=0 battlers=0 outcome=0 PP=0,0 trial=0 donut-ability=0
persistent PP=8,2 status=0,0
growth level/xp/item=8/399/0,8/709/0 stats maxHP/attack,maxHP/magic=30/20,26/13 foesHP=0,0
pattern trainer=0 turn=0 foePP=0,0 foeAtkDef=0,0 CarlAtk=0 foeLevel=0
support PP=0,0 Carl-defense=0 enemy-attack=0,0
party action uses=8,40 / 2,40
PASS expect 35 1 4 5 0
frame=7484 map=35.1 pos=4,3 flags=0
party=2 HP=30/30,26/26 battle=0 battlers=0 outcome=0 PP=0,0 trial=0 donut-ability=0
persistent PP=8,2 status=0,0
growth level/xp/item=8/399/0,8/709/0 stats maxHP/attack,maxHP/magic=30/20,26/13 foesHP=0,0
pattern trainer=0 turn=0 foePP=0,0 foeAtkDef=0,0 CarlAtk=0 foeLevel=0
support PP=0,0 Carl-defense=0 enemy-attack=0,0
party action uses=8,40 / 2,40
frame=7524 map=35.0 pos=37,26 flags=0
party=2 HP=30/30,26/26 battle=0 battlers=0 outcome=0 PP=0,0 trial=0 donut-ability=0
persistent PP=8,2 status=0,0
growth level/xp/item=8/399/0,8/709/0 stats maxHP/attack,maxHP/magic=30/20,26/13 foesHP=0,0
pattern trainer=0 turn=0 foePP=0,0 foeAtkDef=0,0 CarlAtk=0 foeLevel=0
support PP=0,0 Carl-defense=0 enemy-attack=0,0
party action uses=8,40 / 2,40
frame=7824 map=35.0 pos=37,26 flags=0
party=2 HP=30/30,26/26 battle=0 battlers=0 outcome=0 PP=0,0 trial=0 donut-ability=0
persistent PP=8,2 status=0,0
growth level/xp/item=8/399/0,8/709/0 stats maxHP/attack,maxHP/magic=30/20,26/13 foesHP=0,0
pattern trainer=0 turn=0 foePP=0,0 foeAtkDef=0,0 CarlAtk=0 foeLevel=0
support PP=0,0 Carl-defense=0 enemy-attack=0,0
party action uses=8,40 / 2,40
frame=7824 map=35.0 pos=37,26 flags=0
party=2 HP=30/30,26/26 battle=0 battlers=0 outcome=0 PP=0,0 trial=0 donut-ability=0
persistent PP=8,2 status=0,0
growth level/xp/item=8/399/0,8/709/0 stats maxHP/attack,maxHP/magic=30/20,26/13 foesHP=0,0
pattern trainer=0 turn=0 foePP=0,0 foeAtkDef=0,0 CarlAtk=0 foeLevel=0
support PP=0,0 Carl-defense=0 enemy-attack=0,0
party action uses=8,40 / 2,40
PASS expect 35 0 37 26 0
frame=8052 map=35.0 pos=51,26 flags=0
party=2 HP=30/30,26/26 battle=0 battlers=0 outcome=0 PP=0,0 trial=0 donut-ability=0
persistent PP=8,2 status=0,0
growth level/xp/item=8/399/0,8/709/0 stats maxHP/attack,maxHP/magic=30/20,26/13 foesHP=0,0
pattern trainer=0 turn=0 foePP=0,0 foeAtkDef=0,0 CarlAtk=0 foeLevel=0
support PP=0,0 Carl-defense=0 enemy-attack=0,0
party action uses=8,40 / 2,40
frame=8092 map=35.0 pos=51,26 flags=0
party=2 HP=30/30,26/26 battle=0 battlers=0 outcome=0 PP=0,0 trial=0 donut-ability=0
persistent PP=8,2 status=0,0
growth level/xp/item=8/399/0,8/709/0 stats maxHP/attack,maxHP/magic=30/20,26/13 foesHP=0,0
pattern trainer=0 turn=0 foePP=0,0 foeAtkDef=0,0 CarlAtk=0 foeLevel=0
support PP=0,0 Carl-defense=0 enemy-attack=0,0
party action uses=8,40 / 2,40
frame=8092 map=35.0 pos=51,26 flags=0
party=2 HP=30/30,26/26 battle=0 battlers=0 outcome=0 PP=0,0 trial=0 donut-ability=0
persistent PP=8,2 status=0,0
growth level/xp/item=8/399/0,8/709/0 stats maxHP/attack,maxHP/magic=30/20,26/13 foesHP=0,0
pattern trainer=0 turn=0 foePP=0,0 foeAtkDef=0,0 CarlAtk=0 foeLevel=0
support PP=0,0 Carl-defense=0 enemy-attack=0,0
party action uses=8,40 / 2,40
PASS expect 35 0 51 26 0
frame=8112 map=35.0 pos=51,27 flags=0
party=2 HP=30/30,26/26 battle=0 battlers=0 outcome=0 PP=0,0 trial=0 donut-ability=0
persistent PP=8,2 status=0,0
growth level/xp/item=8/399/0,8/709/0 stats maxHP/attack,maxHP/magic=30/20,26/13 foesHP=0,0
pattern trainer=0 turn=0 foePP=0,0 foeAtkDef=0,0 CarlAtk=0 foeLevel=0
support PP=0,0 Carl-defense=0 enemy-attack=0,0
party action uses=8,40 / 2,40
frame=8152 map=35.0 pos=51,27 flags=0
party=2 HP=30/30,26/26 battle=0 battlers=0 outcome=0 PP=0,0 trial=0 donut-ability=0
persistent PP=8,2 status=0,0
growth level/xp/item=8/399/0,8/709/0 stats maxHP/attack,maxHP/magic=30/20,26/13 foesHP=0,0
pattern trainer=0 turn=0 foePP=0,0 foeAtkDef=0,0 CarlAtk=0 foeLevel=0
support PP=0,0 Carl-defense=0 enemy-attack=0,0
party action uses=8,40 / 2,40
frame=8152 map=35.0 pos=51,27 flags=0
party=2 HP=30/30,26/26 battle=0 battlers=0 outcome=0 PP=0,0 trial=0 donut-ability=0
persistent PP=8,2 status=0,0
growth level/xp/item=8/399/0,8/709/0 stats maxHP/attack,maxHP/magic=30/20,26/13 foesHP=0,0
pattern trainer=0 turn=0 foePP=0,0 foeAtkDef=0,0 CarlAtk=0 foeLevel=0
support PP=0,0 Carl-defense=0 enemy-attack=0,0
party action uses=8,40 / 2,40
PASS expect 35 0 51 27 0
frame=8192 map=35.0 pos=51,27 flags=0
party=2 HP=30/30,26/26 battle=0 battlers=0 outcome=0 PP=0,0 trial=0 donut-ability=0
persistent PP=8,2 status=0,0
growth level/xp/item=8/399/0,8/709/0 stats maxHP/attack,maxHP/magic=30/20,26/13 foesHP=0,0
pattern trainer=0 turn=0 foePP=0,0 foeAtkDef=0,0 CarlAtk=0 foeLevel=0
support PP=0,0 Carl-defense=0 enemy-attack=0,0
party action uses=8,40 / 2,40
MEASURE name=howler-back frames=744 walking=272 tiles=17 warps=1
frame=8192 map=35.0 pos=51,27 flags=0
party=2 HP=30/30,26/26 battle=0 battlers=0 outcome=0 PP=0,0 trial=0 donut-ability=0
persistent PP=8,2 status=0,0
growth level/xp/item=8/399/0,8/709/0 stats maxHP/attack,maxHP/magic=30/20,26/13 foesHP=0,0
pattern trainer=0 turn=0 foePP=0,0 foeAtkDef=0,0 CarlAtk=0 foeLevel=0
support PP=0,0 Carl-defense=0 enemy-attack=0,0
party action uses=8,40 / 2,40
PASS duo healthy
frame=8192 map=35.0 pos=51,27 flags=0
party=2 HP=30/30,26/26 battle=0 battlers=0 outcome=0 PP=0,0 trial=0 donut-ability=0
persistent PP=8,2 status=0,0
growth level/xp/item=8/399/0,8/709/0 stats maxHP/attack,maxHP/magic=30/20,26/13 foesHP=0,0
pattern trainer=0 turn=0 foePP=0,0 foeAtkDef=0,0 CarlAtk=0 foeLevel=0
support PP=0,0 Carl-defense=0 enemy-attack=0,0
party action uses=8,40 / 2,40
PASS uses 8 40 2 40
frame=8192 map=35.0 pos=51,27 flags=0
party=2 HP=30/30,26/26 battle=0 battlers=0 outcome=0 PP=0,0 trial=0 donut-ability=0
persistent PP=8,2 status=0,0
growth level/xp/item=8/399/0,8/709/0 stats maxHP/attack,maxHP/magic=30/20,26/13 foesHP=0,0
PASS flag 32 0
pattern trainer=0 turn=0 foePP=0,0 foeAtkDef=0,0 CarlAtk=0 foeLevel=0
support PP=0,0 Carl-defense=0 enemy-attack=0,0
party action uses=8,40 / 2,40
frame=8192 map=35.0 pos=51,27 flags=0
party=2 HP=30/30,26/26 battle=0 battlers=0 outcome=0 PP=0,0 trial=0 donut-ability=0
persistent PP=8,2 status=0,0
growth level/xp/item=8/399/0,8/709/0 stats maxHP/attack,maxHP/magic=30/20,26/13 foesHP=0,0
PASS flag 33 0
pattern trainer=0 turn=0 foePP=0,0 foeAtkDef=0,0 CarlAtk=0 foeLevel=0
support PP=0,0 Carl-defense=0 enemy-attack=0,0
party action uses=8,40 / 2,40
frame=8192 map=35.0 pos=51,27 flags=0
party=2 HP=30/30,26/26 battle=0 battlers=0 outcome=0 PP=0,0 trial=0 donut-ability=0
persistent PP=8,2 status=0,0
growth level/xp/item=8/399/0,8/709/0 stats maxHP/attack,maxHP/magic=30/20,26/13 foesHP=0,0
PASS flag 34 0
pattern trainer=0 turn=0 foePP=0,0 foeAtkDef=0,0 CarlAtk=0 foeLevel=0
support PP=0,0 Carl-defense=0 enemy-attack=0,0
party action uses=8,40 / 2,40
frame=8192 map=35.0 pos=51,27 flags=0
party=2 HP=30/30,26/26 battle=0 battlers=0 outcome=0 PP=0,0 trial=0 donut-ability=0
persistent PP=8,2 status=0,0
growth level/xp/item=8/399/0,8/709/0 stats maxHP/attack,maxHP/magic=30/20,26/13 foesHP=0,0
PASS flag 35 0
pattern trainer=0 turn=0 foePP=0,0 foeAtkDef=0,0 CarlAtk=0 foeLevel=0
support PP=0,0 Carl-defense=0 enemy-attack=0,0
party action uses=8,40 / 2,40
frame=8192 map=35.0 pos=51,27 flags=0
party=2 HP=30/30,26/26 battle=0 battlers=0 outcome=0 PP=0,0 trial=0 donut-ability=0
persistent PP=8,2 status=0,0
growth level/xp/item=8/399/0,8/709/0 stats maxHP/attack,maxHP/magic=30/20,26/13 foesHP=0,0
PASS flag 36 0
pattern trainer=0 turn=0 foePP=0,0 foeAtkDef=0,0 CarlAtk=0 foeLevel=0
support PP=0,0 Carl-defense=0 enemy-attack=0,0
party action uses=8,40 / 2,40
frame=8192 map=35.0 pos=51,27 flags=0
party=2 HP=30/30,26/26 battle=0 battlers=0 outcome=0 PP=0,0 trial=0 donut-ability=0
persistent PP=8,2 status=0,0
growth level/xp/item=8/399/0,8/709/0 stats maxHP/attack,maxHP/magic=30/20,26/13 foesHP=0,0
PASS flag 37 0
pattern trainer=0 turn=0 foePP=0,0 foeAtkDef=0,0 CarlAtk=0 foeLevel=0
support PP=0,0 Carl-defense=0 enemy-attack=0,0
party action uses=8,40 / 2,40
frame=8192 map=35.0 pos=51,27 flags=0
party=2 HP=30/30,26/26 battle=0 battlers=0 outcome=0 PP=0,0 trial=0 donut-ability=0
persistent PP=8,2 status=0,0
growth level/xp/item=8/399/0,8/709/0 stats maxHP/attack,maxHP/magic=30/20,26/13 foesHP=0,0
PASS flag 38 0
pattern trainer=0 turn=0 foePP=0,0 foeAtkDef=0,0 CarlAtk=0 foeLevel=0
support PP=0,0 Carl-defense=0 enemy-attack=0,0
party action uses=8,40 / 2,40
frame=8192 map=35.0 pos=51,27 flags=0
party=2 HP=30/30,26/26 battle=0 battlers=0 outcome=0 PP=0,0 trial=0 donut-ability=0
persistent PP=8,2 status=0,0
growth level/xp/item=8/399/0,8/709/0 stats maxHP/attack,maxHP/magic=30/20,26/13 foesHP=0,0
PASS flag 39 0
pattern trainer=0 turn=0 foePP=0,0 foeAtkDef=0,0 CarlAtk=0 foeLevel=0
support PP=0,0 Carl-defense=0 enemy-attack=0,0
party action uses=8,40 / 2,40
frame=8192 map=35.0 pos=51,27 flags=0
party=2 HP=30/30,26/26 battle=0 battlers=0 outcome=0 PP=0,0 trial=0 donut-ability=0
persistent PP=8,2 status=0,0
growth level/xp/item=8/399/0,8/709/0 stats maxHP/attack,maxHP/magic=30/20,26/13 foesHP=0,0
PASS flag 40 0
pattern trainer=0 turn=0 foePP=0,0 foeAtkDef=0,0 CarlAtk=0 foeLevel=0
support PP=0,0 Carl-defense=0 enemy-attack=0,0
party action uses=8,40 / 2,40
frame=8192 map=35.0 pos=51,27 flags=0
party=2 HP=30/30,26/26 battle=0 battlers=0 outcome=0 PP=0,0 trial=0 donut-ability=0
persistent PP=8,2 status=0,0
growth level/xp/item=8/399/0,8/709/0 stats maxHP/attack,maxHP/magic=30/20,26/13 foesHP=0,0
PASS flag 41 0
pattern trainer=0 turn=0 foePP=0,0 foeAtkDef=0,0 CarlAtk=0 foeLevel=0
support PP=0,0 Carl-defense=0 enemy-attack=0,0
party action uses=8,40 / 2,40
frame=8192 map=35.0 pos=51,27 flags=0
party=2 HP=30/30,26/26 battle=0 battlers=0 outcome=0 PP=0,0 trial=0 donut-ability=0
persistent PP=8,2 status=0,0
growth level/xp/item=8/399/0,8/709/0 stats maxHP/attack,maxHP/magic=30/20,26/13 foesHP=0,0
PASS flag 42 0
pattern trainer=0 turn=0 foePP=0,0 foeAtkDef=0,0 CarlAtk=0 foeLevel=0
support PP=0,0 Carl-defense=0 enemy-attack=0,0
party action uses=8,40 / 2,40
frame=8192 map=35.0 pos=51,27 flags=0
party=2 HP=30/30,26/26 battle=0 battlers=0 outcome=0 PP=0,0 trial=0 donut-ability=0
persistent PP=8,2 status=0,0
growth level/xp/item=8/399/0,8/709/0 stats maxHP/attack,maxHP/magic=30/20,26/13 foesHP=0,0
PASS flag 43 0
pattern trainer=0 turn=0 foePP=0,0 foeAtkDef=0,0 CarlAtk=0 foeLevel=0
support PP=0,0 Carl-defense=0 enemy-attack=0,0
party action uses=8,40 / 2,40
frame=8192 map=35.0 pos=51,27 flags=0
party=2 HP=30/30,26/26 battle=0 battlers=0 outcome=0 PP=0,0 trial=0 donut-ability=0
persistent PP=8,2 status=0,0
growth level/xp/item=8/399/0,8/709/0 stats maxHP/attack,maxHP/magic=30/20,26/13 foesHP=0,0
PASS flag 44 0
pattern trainer=0 turn=0 foePP=0,0 foeAtkDef=0,0 CarlAtk=0 foeLevel=0
support PP=0,0 Carl-defense=0 enemy-attack=0,0
party action uses=8,40 / 2,40
frame=8192 map=35.0 pos=51,27 flags=0
party=2 HP=30/30,26/26 battle=0 battlers=0 outcome=0 PP=0,0 trial=0 donut-ability=0
persistent PP=8,2 status=0,0
growth level/xp/item=8/399/0,8/709/0 stats maxHP/attack,maxHP/magic=30/20,26/13 foesHP=0,0
PASS flag 45 0
pattern trainer=0 turn=0 foePP=0,0 foeAtkDef=0,0 CarlAtk=0 foeLevel=0
support PP=0,0 Carl-defense=0 enemy-attack=0,0
party action uses=8,40 / 2,40
frame=8192 map=35.0 pos=51,27 flags=0
party=2 HP=30/30,26/26 battle=0 battlers=0 outcome=0 PP=0,0 trial=0 donut-ability=0
persistent PP=8,2 status=0,0
growth level/xp/item=8/399/0,8/709/0 stats maxHP/attack,maxHP/magic=30/20,26/13 foesHP=0,0
PASS flag 46 0
pattern trainer=0 turn=0 foePP=0,0 foeAtkDef=0,0 CarlAtk=0 foeLevel=0
support PP=0,0 Carl-defense=0 enemy-attack=0,0
party action uses=8,40 / 2,40
frame=8192 map=35.0 pos=51,27 flags=0
party=2 HP=30/30,26/26 battle=0 battlers=0 outcome=0 PP=0,0 trial=0 donut-ability=0
persistent PP=8,2 status=0,0
growth level/xp/item=8/399/0,8/709/0 stats maxHP/attack,maxHP/magic=30/20,26/13 foesHP=0,0
PASS flag 47 0
pattern trainer=0 turn=0 foePP=0,0 foeAtkDef=0,0 CarlAtk=0 foeLevel=0
support PP=0,0 Carl-defense=0 enemy-attack=0,0
party action uses=8,40 / 2,40
frame=8192 map=35.0 pos=51,27 flags=0
party=2 HP=30/30,26/26 battle=0 battlers=0 outcome=0 PP=0,0 trial=0 donut-ability=0
persistent PP=8,2 status=0,0
growth level/xp/item=8/399/0,8/709/0 stats maxHP/attack,maxHP/magic=30/20,26/13 foesHP=0,0
PASS flag 48 0
pattern trainer=0 turn=0 foePP=0,0 foeAtkDef=0,0 CarlAtk=0 foeLevel=0
support PP=0,0 Carl-defense=0 enemy-attack=0,0
party action uses=8,40 / 2,40
frame=8192 map=35.0 pos=51,27 flags=0
party=2 HP=30/30,26/26 battle=0 battlers=0 outcome=0 PP=0,0 trial=0 donut-ability=0
persistent PP=8,2 status=0,0
growth level/xp/item=8/399/0,8/709/0 stats maxHP/attack,maxHP/magic=30/20,26/13 foesHP=0,0
PASS flag 2135 0
pattern trainer=0 turn=0 foePP=0,0 foeAtkDef=0,0 CarlAtk=0 foeLevel=0
support PP=0,0 Carl-defense=0 enemy-attack=0,0
party action uses=8,40 / 2,40
frame=8192 map=35.0 pos=51,27 flags=0
party=2 HP=30/30,26/26 battle=0 battlers=0 outcome=0 PP=0,0 trial=0 donut-ability=0
persistent PP=8,2 status=0,0
growth level/xp/item=8/399/0,8/709/0 stats maxHP/attack,maxHP/magic=30/20,26/13 foesHP=0,0
PASS flag 2136 0
pattern trainer=0 turn=0 foePP=0,0 foeAtkDef=0,0 CarlAtk=0 foeLevel=0
support PP=0,0 Carl-defense=0 enemy-attack=0,0
party action uses=8,40 / 2,40
frame=8192 map=35.0 pos=51,27 flags=0
party=2 HP=30/30,26/26 battle=0 battlers=0 outcome=0 PP=0,0 trial=0 donut-ability=0
persistent PP=8,2 status=0,0
growth level/xp/item=8/399/0,8/709/0 stats maxHP/attack,maxHP/magic=30/20,26/13 foesHP=0,0
PASS flag 2137 0
pattern trainer=0 turn=0 foePP=0,0 foeAtkDef=0,0 CarlAtk=0 foeLevel=0
support PP=0,0 Carl-defense=0 enemy-attack=0,0
party action uses=8,40 / 2,40
frame=8192 map=35.0 pos=51,27 flags=0
party=2 HP=30/30,26/26 battle=0 battlers=0 outcome=0 PP=0,0 trial=0 donut-ability=0
persistent PP=8,2 status=0,0
growth level/xp/item=8/399/0,8/709/0 stats maxHP/attack,maxHP/magic=30/20,26/13 foesHP=0,0
PASS flag 2138 0
pattern trainer=0 turn=0 foePP=0,0 foeAtkDef=0,0 CarlAtk=0 foeLevel=0
support PP=0,0 Carl-defense=0 enemy-attack=0,0
party action uses=8,40 / 2,40
frame=8192 map=35.0 pos=51,27 flags=0
party=2 HP=30/30,26/26 battle=0 battlers=0 outcome=0 PP=0,0 trial=0 donut-ability=0
persistent PP=8,2 status=0,0
growth level/xp/item=8/399/0,8/709/0 stats maxHP/attack,maxHP/magic=30/20,26/13 foesHP=0,0
PASS flag 2139 0
pattern trainer=0 turn=0 foePP=0,0 foeAtkDef=0,0 CarlAtk=0 foeLevel=0
support PP=0,0 Carl-defense=0 enemy-attack=0,0
party action uses=8,40 / 2,40
frame=8212 map=35.0 pos=50,27 flags=0
party=2 HP=30/30,26/26 battle=0 battlers=0 outcome=0 PP=0,0 trial=0 donut-ability=0
persistent PP=8,2 status=0,0
growth level/xp/item=8/399/0,8/709/0 stats maxHP/attack,maxHP/magic=30/20,26/13 foesHP=0,0
pattern trainer=0 turn=0 foePP=0,0 foeAtkDef=0,0 CarlAtk=0 foeLevel=0
support PP=0,0 Carl-defense=0 enemy-attack=0,0
party action uses=8,40 / 2,40
frame=8252 map=35.0 pos=50,27 flags=0
party=2 HP=30/30,26/26 battle=0 battlers=0 outcome=0 PP=0,0 trial=0 donut-ability=0
persistent PP=8,2 status=0,0
growth level/xp/item=8/399/0,8/709/0 stats maxHP/attack,maxHP/magic=30/20,26/13 foesHP=0,0
pattern trainer=0 turn=0 foePP=0,0 foeAtkDef=0,0 CarlAtk=0 foeLevel=0
support PP=0,0 Carl-defense=0 enemy-attack=0,0
party action uses=8,40 / 2,40
frame=8252 map=35.0 pos=50,27 flags=0
party=2 HP=30/30,26/26 battle=0 battlers=0 outcome=0 PP=0,0 trial=0 donut-ability=0
persistent PP=8,2 status=0,0
growth level/xp/item=8/399/0,8/709/0 stats maxHP/attack,maxHP/magic=30/20,26/13 foesHP=0,0
pattern trainer=0 turn=0 foePP=0,0 foeAtkDef=0,0 CarlAtk=0 foeLevel=0
support PP=0,0 Carl-defense=0 enemy-attack=0,0
party action uses=8,40 / 2,40
PASS expect 35 0 50 27 0
frame=8368 map=35.0 pos=50,34 flags=0
party=2 HP=30/30,26/26 battle=0 battlers=0 outcome=0 PP=0,0 trial=0 donut-ability=0
persistent PP=8,2 status=0,0
growth level/xp/item=8/399/0,8/709/0 stats maxHP/attack,maxHP/magic=30/20,26/13 foesHP=0,0
pattern trainer=0 turn=0 foePP=0,0 foeAtkDef=0,0 CarlAtk=0 foeLevel=0
support PP=0,0 Carl-defense=0 enemy-attack=0,0
party action uses=8,40 / 2,40
frame=8408 map=35.0 pos=50,34 flags=0
party=2 HP=30/30,26/26 battle=0 battlers=0 outcome=0 PP=0,0 trial=0 donut-ability=0
persistent PP=8,2 status=0,0
growth level/xp/item=8/399/0,8/709/0 stats maxHP/attack,maxHP/magic=30/20,26/13 foesHP=0,0
pattern trainer=0 turn=0 foePP=0,0 foeAtkDef=0,0 CarlAtk=0 foeLevel=0
support PP=0,0 Carl-defense=0 enemy-attack=0,0
party action uses=8,40 / 2,40
frame=8408 map=35.0 pos=50,34 flags=0
party=2 HP=30/30,26/26 battle=0 battlers=0 outcome=0 PP=0,0 trial=0 donut-ability=0
persistent PP=8,2 status=0,0
growth level/xp/item=8/399/0,8/709/0 stats maxHP/attack,maxHP/magic=30/20,26/13 foesHP=0,0
pattern trainer=0 turn=0 foePP=0,0 foeAtkDef=0,0 CarlAtk=0 foeLevel=0
support PP=0,0 Carl-defense=0 enemy-attack=0,0
party action uses=8,40 / 2,40
PASS expect 35 0 50 34 0
frame=8492 map=35.0 pos=45,34 flags=0
party=2 HP=30/30,26/26 battle=0 battlers=0 outcome=0 PP=0,0 trial=0 donut-ability=0
persistent PP=8,2 status=0,0
growth level/xp/item=8/399/0,8/709/0 stats maxHP/attack,maxHP/magic=30/20,26/13 foesHP=0,0
pattern trainer=0 turn=0 foePP=0,0 foeAtkDef=0,0 CarlAtk=0 foeLevel=0
support PP=0,0 Carl-defense=0 enemy-attack=0,0
party action uses=8,40 / 2,40
frame=8532 map=35.0 pos=45,34 flags=0
party=2 HP=30/30,26/26 battle=0 battlers=0 outcome=0 PP=0,0 trial=0 donut-ability=0
persistent PP=8,2 status=0,0
growth level/xp/item=8/399/0,8/709/0 stats maxHP/attack,maxHP/magic=30/20,26/13 foesHP=0,0
pattern trainer=0 turn=0 foePP=0,0 foeAtkDef=0,0 CarlAtk=0 foeLevel=0
support PP=0,0 Carl-defense=0 enemy-attack=0,0
party action uses=8,40 / 2,40
frame=8532 map=35.0 pos=45,34 flags=0
party=2 HP=30/30,26/26 battle=0 battlers=0 outcome=0 PP=0,0 trial=0 donut-ability=0
persistent PP=8,2 status=0,0
growth level/xp/item=8/399/0,8/709/0 stats maxHP/attack,maxHP/magic=30/20,26/13 foesHP=0,0
pattern trainer=0 turn=0 foePP=0,0 foeAtkDef=0,0 CarlAtk=0 foeLevel=0
support PP=0,0 Carl-defense=0 enemy-attack=0,0
party action uses=8,40 / 2,40
PASS expect 35 0 45 34 0
frame=8568 map=35.0 pos=45,36 flags=0
party=2 HP=30/30,26/26 battle=0 battlers=0 outcome=0 PP=0,0 trial=0 donut-ability=0
persistent PP=8,2 status=0,0
growth level/xp/item=8/399/0,8/709/0 stats maxHP/attack,maxHP/magic=30/20,26/13 foesHP=0,0
pattern trainer=0 turn=0 foePP=0,0 foeAtkDef=0,0 CarlAtk=0 foeLevel=0
support PP=0,0 Carl-defense=0 enemy-attack=0,0
party action uses=8,40 / 2,40
frame=8608 map=35.0 pos=45,36 flags=0
party=2 HP=30/30,26/26 battle=0 battlers=0 outcome=0 PP=0,0 trial=0 donut-ability=0
persistent PP=8,2 status=0,0
growth level/xp/item=8/399/0,8/709/0 stats maxHP/attack,maxHP/magic=30/20,26/13 foesHP=0,0
pattern trainer=0 turn=0 foePP=0,0 foeAtkDef=0,0 CarlAtk=0 foeLevel=0
support PP=0,0 Carl-defense=0 enemy-attack=0,0
party action uses=8,40 / 2,40
frame=8608 map=35.0 pos=45,36 flags=0
party=2 HP=30/30,26/26 battle=0 battlers=0 outcome=0 PP=0,0 trial=0 donut-ability=0
persistent PP=8,2 status=0,0
growth level/xp/item=8/399/0,8/709/0 stats maxHP/attack,maxHP/magic=30/20,26/13 foesHP=0,0
pattern trainer=0 turn=0 foePP=0,0 foeAtkDef=0,0 CarlAtk=0 foeLevel=0
support PP=0,0 Carl-defense=0 enemy-attack=0,0
party action uses=8,40 / 2,40
PASS expect 35 0 45 36 0
frame=8788 map=35.0 pos=34,36 flags=0
party=2 HP=30/30,26/26 battle=0 battlers=0 outcome=0 PP=0,0 trial=0 donut-ability=0
persistent PP=8,2 status=0,0
growth level/xp/item=8/399/0,8/709/0 stats maxHP/attack,maxHP/magic=30/20,26/13 foesHP=0,0
pattern trainer=0 turn=0 foePP=0,0 foeAtkDef=0,0 CarlAtk=0 foeLevel=0
support PP=0,0 Carl-defense=0 enemy-attack=0,0
party action uses=8,40 / 2,40
frame=8828 map=35.0 pos=34,36 flags=0
party=2 HP=30/30,26/26 battle=0 battlers=0 outcome=0 PP=0,0 trial=0 donut-ability=0
persistent PP=8,2 status=0,0
growth level/xp/item=8/399/0,8/709/0 stats maxHP/attack,maxHP/magic=30/20,26/13 foesHP=0,0
pattern trainer=0 turn=0 foePP=0,0 foeAtkDef=0,0 CarlAtk=0 foeLevel=0
support PP=0,0 Carl-defense=0 enemy-attack=0,0
party action uses=8,40 / 2,40
frame=8828 map=35.0 pos=34,36 flags=0
party=2 HP=30/30,26/26 battle=0 battlers=0 outcome=0 PP=0,0 trial=0 donut-ability=0
persistent PP=8,2 status=0,0
growth level/xp/item=8/399/0,8/709/0 stats maxHP/attack,maxHP/magic=30/20,26/13 foesHP=0,0
pattern trainer=0 turn=0 foePP=0,0 foeAtkDef=0,0 CarlAtk=0 foeLevel=0
support PP=0,0 Carl-defense=0 enemy-attack=0,0
party action uses=8,40 / 2,40
PASS expect 35 0 34 36 0
frame=8912 map=35.0 pos=34,41 flags=0
party=2 HP=30/30,26/26 battle=0 battlers=0 outcome=0 PP=0,0 trial=0 donut-ability=0
persistent PP=8,2 status=0,0
growth level/xp/item=8/399/0,8/709/0 stats maxHP/attack,maxHP/magic=30/20,26/13 foesHP=0,0
pattern trainer=0 turn=0 foePP=0,0 foeAtkDef=0,0 CarlAtk=0 foeLevel=0
support PP=0,0 Carl-defense=0 enemy-attack=0,0
party action uses=8,40 / 2,40
frame=8952 map=35.0 pos=34,41 flags=0
party=2 HP=30/30,26/26 battle=0 battlers=0 outcome=0 PP=0,0 trial=0 donut-ability=0
persistent PP=8,2 status=0,0
growth level/xp/item=8/399/0,8/709/0 stats maxHP/attack,maxHP/magic=30/20,26/13 foesHP=0,0
pattern trainer=0 turn=0 foePP=0,0 foeAtkDef=0,0 CarlAtk=0 foeLevel=0
support PP=0,0 Carl-defense=0 enemy-attack=0,0
party action uses=8,40 / 2,40
frame=8952 map=35.0 pos=34,41 flags=0
party=2 HP=30/30,26/26 battle=0 battlers=0 outcome=0 PP=0,0 trial=0 donut-ability=0
persistent PP=8,2 status=0,0
growth level/xp/item=8/399/0,8/709/0 stats maxHP/attack,maxHP/magic=30/20,26/13 foesHP=0,0
pattern trainer=0 turn=0 foePP=0,0 foeAtkDef=0,0 CarlAtk=0 foeLevel=0
support PP=0,0 Carl-defense=0 enemy-attack=0,0
party action uses=8,40 / 2,40
PASS expect 35 0 34 41 0
frame=9084 map=35.0 pos=42,41 flags=0
party=2 HP=30/30,26/26 battle=0 battlers=0 outcome=0 PP=0,0 trial=0 donut-ability=0
persistent PP=8,2 status=0,0
growth level/xp/item=8/399/0,8/709/0 stats maxHP/attack,maxHP/magic=30/20,26/13 foesHP=0,0
pattern trainer=0 turn=0 foePP=0,0 foeAtkDef=0,0 CarlAtk=0 foeLevel=0
support PP=0,0 Carl-defense=0 enemy-attack=0,0
party action uses=8,40 / 2,40
frame=9124 map=35.0 pos=42,41 flags=0
party=2 HP=30/30,26/26 battle=0 battlers=0 outcome=0 PP=0,0 trial=0 donut-ability=0
persistent PP=8,2 status=0,0
growth level/xp/item=8/399/0,8/709/0 stats maxHP/attack,maxHP/magic=30/20,26/13 foesHP=0,0
pattern trainer=0 turn=0 foePP=0,0 foeAtkDef=0,0 CarlAtk=0 foeLevel=0
support PP=0,0 Carl-defense=0 enemy-attack=0,0
party action uses=8,40 / 2,40
frame=9124 map=35.0 pos=42,41 flags=0
party=2 HP=30/30,26/26 battle=0 battlers=0 outcome=0 PP=0,0 trial=0 donut-ability=0
persistent PP=8,2 status=0,0
growth level/xp/item=8/399/0,8/709/0 stats maxHP/attack,maxHP/magic=30/20,26/13 foesHP=0,0
pattern trainer=0 turn=0 foePP=0,0 foeAtkDef=0,0 CarlAtk=0 foeLevel=0
support PP=0,0 Carl-defense=0 enemy-attack=0,0
party action uses=8,40 / 2,40
PASS expect 35 0 42 41 0
frame=9144 map=35.0 pos=42,40 flags=0
party=2 HP=30/30,26/26 battle=0 battlers=0 outcome=0 PP=0,0 trial=0 donut-ability=0
persistent PP=8,2 status=0,0
growth level/xp/item=8/399/0,8/709/0 stats maxHP/attack,maxHP/magic=30/20,26/13 foesHP=0,0
pattern trainer=0 turn=0 foePP=0,0 foeAtkDef=0,0 CarlAtk=0 foeLevel=0
support PP=0,0 Carl-defense=0 enemy-attack=0,0
party action uses=8,40 / 2,40
frame=9184 map=35.0 pos=42,40 flags=0
party=2 HP=30/30,26/26 battle=0 battlers=0 outcome=0 PP=0,0 trial=0 donut-ability=0
persistent PP=8,2 status=0,0
growth level/xp/item=8/399/0,8/709/0 stats maxHP/attack,maxHP/magic=30/20,26/13 foesHP=0,0
pattern trainer=0 turn=0 foePP=0,0 foeAtkDef=0,0 CarlAtk=0 foeLevel=0
support PP=0,0 Carl-defense=0 enemy-attack=0,0
party action uses=8,40 / 2,40
frame=9184 map=35.0 pos=42,40 flags=0
party=2 HP=30/30,26/26 battle=0 battlers=0 outcome=0 PP=0,0 trial=0 donut-ability=0
persistent PP=8,2 status=0,0
growth level/xp/item=8/399/0,8/709/0 stats maxHP/attack,maxHP/magic=30/20,26/13 foesHP=0,0
pattern trainer=0 turn=0 foePP=0,0 foeAtkDef=0,0 CarlAtk=0 foeLevel=0
support PP=0,0 Carl-defense=0 enemy-attack=0,0
party action uses=8,40 / 2,40
PASS expect 35 0 42 40 0
frame=9224 map=35.0 pos=42,40 flags=0
party=2 HP=30/30,26/26 battle=0 battlers=0 outcome=0 PP=0,0 trial=0 donut-ability=0
persistent PP=8,2 status=0,0
growth level/xp/item=8/399/0,8/709/0 stats maxHP/attack,maxHP/magic=30/20,26/13 foesHP=0,0
pattern trainer=0 turn=0 foePP=0,0 foeAtkDef=0,0 CarlAtk=0 foeLevel=0
support PP=0,0 Carl-defense=0 enemy-attack=0,0
party action uses=8,40 / 2,40
frame=9244 map=35.0 pos=42,41 flags=0
party=2 HP=30/30,26/26 battle=0 battlers=0 outcome=0 PP=0,0 trial=0 donut-ability=0
persistent PP=8,2 status=0,0
growth level/xp/item=8/399/0,8/709/0 stats maxHP/attack,maxHP/magic=30/20,26/13 foesHP=0,0
pattern trainer=0 turn=0 foePP=0,0 foeAtkDef=0,0 CarlAtk=0 foeLevel=0
support PP=0,0 Carl-defense=0 enemy-attack=0,0
party action uses=8,40 / 2,40
frame=9284 map=35.0 pos=42,41 flags=0
party=2 HP=30/30,26/26 battle=0 battlers=0 outcome=0 PP=0,0 trial=0 donut-ability=0
persistent PP=8,2 status=0,0
growth level/xp/item=8/399/0,8/709/0 stats maxHP/attack,maxHP/magic=30/20,26/13 foesHP=0,0
pattern trainer=0 turn=0 foePP=0,0 foeAtkDef=0,0 CarlAtk=0 foeLevel=0
support PP=0,0 Carl-defense=0 enemy-attack=0,0
party action uses=8,40 / 2,40
frame=9284 map=35.0 pos=42,41 flags=0
party=2 HP=30/30,26/26 battle=0 battlers=0 outcome=0 PP=0,0 trial=0 donut-ability=0
persistent PP=8,2 status=0,0
growth level/xp/item=8/399/0,8/709/0 stats maxHP/attack,maxHP/magic=30/20,26/13 foesHP=0,0
pattern trainer=0 turn=0 foePP=0,0 foeAtkDef=0,0 CarlAtk=0 foeLevel=0
support PP=0,0 Carl-defense=0 enemy-attack=0,0
party action uses=8,40 / 2,40
PASS expect 35 0 42 41 0
frame=9352 map=35.0 pos=46,41 flags=0
party=2 HP=30/30,26/26 battle=0 battlers=0 outcome=0 PP=0,0 trial=0 donut-ability=0
persistent PP=8,2 status=0,0
growth level/xp/item=8/399/0,8/709/0 stats maxHP/attack,maxHP/magic=30/20,26/13 foesHP=0,0
pattern trainer=0 turn=0 foePP=0,0 foeAtkDef=0,0 CarlAtk=0 foeLevel=0
support PP=0,0 Carl-defense=0 enemy-attack=0,0
party action uses=8,40 / 2,40
frame=9392 map=35.0 pos=46,41 flags=0
party=2 HP=30/30,26/26 battle=0 battlers=0 outcome=0 PP=0,0 trial=0 donut-ability=0
persistent PP=8,2 status=0,0
growth level/xp/item=8/399/0,8/709/0 stats maxHP/attack,maxHP/magic=30/20,26/13 foesHP=0,0
pattern trainer=0 turn=0 foePP=0,0 foeAtkDef=0,0 CarlAtk=0 foeLevel=0
support PP=0,0 Carl-defense=0 enemy-attack=0,0
party action uses=8,40 / 2,40
frame=9392 map=35.0 pos=46,41 flags=0
party=2 HP=30/30,26/26 battle=0 battlers=0 outcome=0 PP=0,0 trial=0 donut-ability=0
persistent PP=8,2 status=0,0
growth level/xp/item=8/399/0,8/709/0 stats maxHP/attack,maxHP/magic=30/20,26/13 foesHP=0,0
pattern trainer=0 turn=0 foePP=0,0 foeAtkDef=0,0 CarlAtk=0 foeLevel=0
support PP=0,0 Carl-defense=0 enemy-attack=0,0
party action uses=8,40 / 2,40
PASS expect 35 0 46 41 0
frame=9412 map=35.0 pos=46,42 flags=0
party=2 HP=30/30,26/26 battle=0 battlers=0 outcome=0 PP=0,0 trial=0 donut-ability=0
persistent PP=8,2 status=0,0
growth level/xp/item=8/399/0,8/709/0 stats maxHP/attack,maxHP/magic=30/20,26/13 foesHP=0,0
pattern trainer=0 turn=0 foePP=0,0 foeAtkDef=0,0 CarlAtk=0 foeLevel=0
support PP=0,0 Carl-defense=0 enemy-attack=0,0
party action uses=8,40 / 2,40
frame=9452 map=35.0 pos=46,42 flags=0
party=2 HP=30/30,26/26 battle=0 battlers=0 outcome=0 PP=0,0 trial=0 donut-ability=0
persistent PP=8,2 status=0,0
growth level/xp/item=8/399/0,8/709/0 stats maxHP/attack,maxHP/magic=30/20,26/13 foesHP=0,0
pattern trainer=0 turn=0 foePP=0,0 foeAtkDef=0,0 CarlAtk=0 foeLevel=0
support PP=0,0 Carl-defense=0 enemy-attack=0,0
party action uses=8,40 / 2,40
frame=9452 map=35.0 pos=46,42 flags=0
party=2 HP=30/30,26/26 battle=0 battlers=0 outcome=0 PP=0,0 trial=0 donut-ability=0
persistent PP=8,2 status=0,0
growth level/xp/item=8/399/0,8/709/0 stats maxHP/attack,maxHP/magic=30/20,26/13 foesHP=0,0
pattern trainer=0 turn=0 foePP=0,0 foeAtkDef=0,0 CarlAtk=0 foeLevel=0
support PP=0,0 Carl-defense=0 enemy-attack=0,0
party action uses=8,40 / 2,40
PASS expect 35 0 46 42 0
frame=9492 map=35.0 pos=46,42 flags=0
party=2 HP=30/30,26/26 battle=0 battlers=0 outcome=0 PP=0,0 trial=0 donut-ability=0
persistent PP=8,2 status=0,0
growth level/xp/item=8/399/0,8/709/0 stats maxHP/attack,maxHP/magic=30/20,26/13 foesHP=0,0
pattern trainer=0 turn=0 foePP=0,0 foeAtkDef=0,0 CarlAtk=0 foeLevel=0
support PP=0,0 Carl-defense=0 enemy-attack=0,0
party action uses=8,40 / 2,40
frame=9560 map=35.0 pos=50,42 flags=0
party=2 HP=30/30,26/26 battle=0 battlers=0 outcome=0 PP=0,0 trial=0 donut-ability=0
persistent PP=8,2 status=0,0
growth level/xp/item=8/399/0,8/709/0 stats maxHP/attack,maxHP/magic=30/20,26/13 foesHP=0,0
pattern trainer=0 turn=0 foePP=0,0 foeAtkDef=0,0 CarlAtk=0 foeLevel=0
support PP=0,0 Carl-defense=0 enemy-attack=0,0
party action uses=8,40 / 2,40
frame=9600 map=35.0 pos=50,42 flags=0
party=2 HP=30/30,26/26 battle=0 battlers=0 outcome=0 PP=0,0 trial=0 donut-ability=0
persistent PP=8,2 status=0,0
growth level/xp/item=8/399/0,8/709/0 stats maxHP/attack,maxHP/magic=30/20,26/13 foesHP=0,0
pattern trainer=0 turn=0 foePP=0,0 foeAtkDef=0,0 CarlAtk=0 foeLevel=0
support PP=0,0 Carl-defense=0 enemy-attack=0,0
party action uses=8,40 / 2,40
frame=9600 map=35.0 pos=50,42 flags=0
party=2 HP=30/30,26/26 battle=0 battlers=0 outcome=0 PP=0,0 trial=0 donut-ability=0
persistent PP=8,2 status=0,0
growth level/xp/item=8/399/0,8/709/0 stats maxHP/attack,maxHP/magic=30/20,26/13 foesHP=0,0
pattern trainer=0 turn=0 foePP=0,0 foeAtkDef=0,0 CarlAtk=0 foeLevel=0
support PP=0,0 Carl-defense=0 enemy-attack=0,0
party action uses=8,40 / 2,40
PASS expect 35 0 50 42 0
frame=9640 map=35.0 pos=50,42 flags=0
party=2 HP=30/30,26/26 battle=0 battlers=0 outcome=0 PP=0,0 trial=0 donut-ability=0
persistent PP=8,2 status=0,0
growth level/xp/item=8/399/0,8/709/0 stats maxHP/attack,maxHP/magic=30/20,26/13 foesHP=0,0
pattern trainer=0 turn=0 foePP=0,0 foeAtkDef=0,0 CarlAtk=0 foeLevel=0
support PP=0,0 Carl-defense=0 enemy-attack=0,0
party action uses=8,40 / 2,40
frame=9720 map=35.0 pos=55,42 flags=0
party=2 HP=30/30,26/26 battle=0 battlers=0 outcome=0 PP=0,0 trial=0 donut-ability=0
persistent PP=8,2 status=0,0
growth level/xp/item=8/399/0,8/709/0 stats maxHP/attack,maxHP/magic=30/20,26/13 foesHP=0,0
pattern trainer=0 turn=0 foePP=0,0 foeAtkDef=0,0 CarlAtk=0 foeLevel=0
support PP=0,0 Carl-defense=0 enemy-attack=0,0
party action uses=8,40 / 2,40
frame=9760 map=35.0 pos=55,42 flags=0
party=2 HP=30/30,26/26 battle=0 battlers=0 outcome=0 PP=0,0 trial=0 donut-ability=0
persistent PP=8,2 status=0,0
growth level/xp/item=8/399/0,8/709/0 stats maxHP/attack,maxHP/magic=30/20,26/13 foesHP=0,0
pattern trainer=0 turn=0 foePP=0,0 foeAtkDef=0,0 CarlAtk=0 foeLevel=0
support PP=0,0 Carl-defense=0 enemy-attack=0,0
party action uses=8,40 / 2,40
frame=9760 map=35.0 pos=55,42 flags=0
party=2 HP=30/30,26/26 battle=0 battlers=0 outcome=0 PP=0,0 trial=0 donut-ability=0
persistent PP=8,2 status=0,0
growth level/xp/item=8/399/0,8/709/0 stats maxHP/attack,maxHP/magic=30/20,26/13 foesHP=0,0
pattern trainer=0 turn=0 foePP=0,0 foeAtkDef=0,0 CarlAtk=0 foeLevel=0
support PP=0,0 Carl-defense=0 enemy-attack=0,0
party action uses=8,40 / 2,40
PASS expect 35 0 55 42 0
frame=9800 map=35.0 pos=55,42 flags=0
party=2 HP=30/30,26/26 battle=0 battlers=0 outcome=0 PP=0,0 trial=0 donut-ability=0
persistent PP=8,2 status=0,0
growth level/xp/item=8/399/0,8/709/0 stats maxHP/attack,maxHP/magic=30/20,26/13 foesHP=0,0
pattern trainer=0 turn=0 foePP=0,0 foeAtkDef=0,0 CarlAtk=0 foeLevel=0
support PP=0,0 Carl-defense=0 enemy-attack=0,0
party action uses=8,40 / 2,40
frame=9820 map=35.0 pos=55,41 flags=0
party=2 HP=30/30,26/26 battle=0 battlers=0 outcome=0 PP=0,0 trial=0 donut-ability=0
persistent PP=8,2 status=0,0
growth level/xp/item=8/399/0,8/709/0 stats maxHP/attack,maxHP/magic=30/20,26/13 foesHP=0,0
pattern trainer=0 turn=0 foePP=0,0 foeAtkDef=0,0 CarlAtk=0 foeLevel=0
support PP=0,0 Carl-defense=0 enemy-attack=0,0
party action uses=8,40 / 2,40
frame=9860 map=35.0 pos=55,41 flags=0
party=2 HP=30/30,26/26 battle=0 battlers=0 outcome=0 PP=0,0 trial=0 donut-ability=0
persistent PP=8,2 status=0,0
growth level/xp/item=8/399/0,8/709/0 stats maxHP/attack,maxHP/magic=30/20,26/13 foesHP=0,0
pattern trainer=0 turn=0 foePP=0,0 foeAtkDef=0,0 CarlAtk=0 foeLevel=0
support PP=0,0 Carl-defense=0 enemy-attack=0,0
party action uses=8,40 / 2,40
frame=9860 map=35.0 pos=55,41 flags=0
party=2 HP=30/30,26/26 battle=0 battlers=0 outcome=0 PP=0,0 trial=0 donut-ability=0
persistent PP=8,2 status=0,0
growth level/xp/item=8/399/0,8/709/0 stats maxHP/attack,maxHP/magic=30/20,26/13 foesHP=0,0
pattern trainer=0 turn=0 foePP=0,0 foeAtkDef=0,0 CarlAtk=0 foeLevel=0
support PP=0,0 Carl-defense=0 enemy-attack=0,0
party action uses=8,40 / 2,40
PASS expect 35 0 55 41 0
frame=10200 map=35.0 pos=34,41 flags=0
party=2 HP=30/30,26/26 battle=0 battlers=0 outcome=0 PP=0,0 trial=0 donut-ability=0
persistent PP=8,2 status=0,0
growth level/xp/item=8/399/0,8/709/0 stats maxHP/attack,maxHP/magic=30/20,26/13 foesHP=0,0
pattern trainer=0 turn=0 foePP=0,0 foeAtkDef=0,0 CarlAtk=0 foeLevel=0
support PP=0,0 Carl-defense=0 enemy-attack=0,0
party action uses=8,40 / 2,40
frame=10240 map=35.0 pos=34,41 flags=0
party=2 HP=30/30,26/26 battle=0 battlers=0 outcome=0 PP=0,0 trial=0 donut-ability=0
persistent PP=8,2 status=0,0
growth level/xp/item=8/399/0,8/709/0 stats maxHP/attack,maxHP/magic=30/20,26/13 foesHP=0,0
pattern trainer=0 turn=0 foePP=0,0 foeAtkDef=0,0 CarlAtk=0 foeLevel=0
support PP=0,0 Carl-defense=0 enemy-attack=0,0
party action uses=8,40 / 2,40
frame=10240 map=35.0 pos=34,41 flags=0
party=2 HP=30/30,26/26 battle=0 battlers=0 outcome=0 PP=0,0 trial=0 donut-ability=0
persistent PP=8,2 status=0,0
growth level/xp/item=8/399/0,8/709/0 stats maxHP/attack,maxHP/magic=30/20,26/13 foesHP=0,0
pattern trainer=0 turn=0 foePP=0,0 foeAtkDef=0,0 CarlAtk=0 foeLevel=0
support PP=0,0 Carl-defense=0 enemy-attack=0,0
party action uses=8,40 / 2,40
PASS expect 35 0 34 41 0
frame=10596 map=35.0 pos=34,19 flags=0
party=2 HP=30/30,26/26 battle=0 battlers=0 outcome=0 PP=0,0 trial=0 donut-ability=0
persistent PP=8,2 status=0,0
growth level/xp/item=8/399/0,8/709/0 stats maxHP/attack,maxHP/magic=30/20,26/13 foesHP=0,0
pattern trainer=0 turn=0 foePP=0,0 foeAtkDef=0,0 CarlAtk=0 foeLevel=0
support PP=0,0 Carl-defense=0 enemy-attack=0,0
party action uses=8,40 / 2,40
frame=10636 map=35.0 pos=34,19 flags=0
party=2 HP=30/30,26/26 battle=0 battlers=0 outcome=0 PP=0,0 trial=0 donut-ability=0
persistent PP=8,2 status=0,0
growth level/xp/item=8/399/0,8/709/0 stats maxHP/attack,maxHP/magic=30/20,26/13 foesHP=0,0
pattern trainer=0 turn=0 foePP=0,0 foeAtkDef=0,0 CarlAtk=0 foeLevel=0
support PP=0,0 Carl-defense=0 enemy-attack=0,0
party action uses=8,40 / 2,40
frame=10636 map=35.0 pos=34,19 flags=0
party=2 HP=30/30,26/26 battle=0 battlers=0 outcome=0 PP=0,0 trial=0 donut-ability=0
persistent PP=8,2 status=0,0
growth level/xp/item=8/399/0,8/709/0 stats maxHP/attack,maxHP/magic=30/20,26/13 foesHP=0,0
pattern trainer=0 turn=0 foePP=0,0 foeAtkDef=0,0 CarlAtk=0 foeLevel=0
support PP=0,0 Carl-defense=0 enemy-attack=0,0
party action uses=8,40 / 2,40
PASS expect 35 0 34 19 0
frame=10896 map=35.0 pos=50,19 flags=0
party=2 HP=30/30,26/26 battle=0 battlers=0 outcome=0 PP=0,0 trial=0 donut-ability=0
persistent PP=8,2 status=0,0
growth level/xp/item=8/399/0,8/709/0 stats maxHP/attack,maxHP/magic=30/20,26/13 foesHP=0,0
pattern trainer=0 turn=0 foePP=0,0 foeAtkDef=0,0 CarlAtk=0 foeLevel=0
support PP=0,0 Carl-defense=0 enemy-attack=0,0
party action uses=8,40 / 2,40
frame=10936 map=35.0 pos=50,19 flags=0
party=2 HP=30/30,26/26 battle=0 battlers=0 outcome=0 PP=0,0 trial=0 donut-ability=0
persistent PP=8,2 status=0,0
growth level/xp/item=8/399/0,8/709/0 stats maxHP/attack,maxHP/magic=30/20,26/13 foesHP=0,0
pattern trainer=0 turn=0 foePP=0,0 foeAtkDef=0,0 CarlAtk=0 foeLevel=0
support PP=0,0 Carl-defense=0 enemy-attack=0,0
party action uses=8,40 / 2,40
frame=10936 map=35.0 pos=50,19 flags=0
party=2 HP=30/30,26/26 battle=0 battlers=0 outcome=0 PP=0,0 trial=0 donut-ability=0
persistent PP=8,2 status=0,0
growth level/xp/item=8/399/0,8/709/0 stats maxHP/attack,maxHP/magic=30/20,26/13 foesHP=0,0
pattern trainer=0 turn=0 foePP=0,0 foeAtkDef=0,0 CarlAtk=0 foeLevel=0
support PP=0,0 Carl-defense=0 enemy-attack=0,0
party action uses=8,40 / 2,40
PASS expect 35 0 50 19 0
frame=10976 map=35.0 pos=50,19 flags=0
party=2 HP=30/30,26/26 battle=0 battlers=0 outcome=0 PP=0,0 trial=0 donut-ability=0
persistent PP=8,2 status=0,0
growth level/xp/item=8/399/0,8/709/0 stats maxHP/attack,maxHP/magic=30/20,26/13 foesHP=0,0
pattern trainer=0 turn=0 foePP=0,0 foeAtkDef=0,0 CarlAtk=0 foeLevel=0
support PP=0,0 Carl-defense=0 enemy-attack=0,0
party action uses=8,40 / 2,40
frame=11012 map=35.0 pos=50,21 flags=0
party=2 HP=30/30,26/26 battle=0 battlers=0 outcome=0 PP=0,0 trial=0 donut-ability=0
persistent PP=8,2 status=0,0
growth level/xp/item=8/399/0,8/709/0 stats maxHP/attack,maxHP/magic=30/20,26/13 foesHP=0,0
pattern trainer=0 turn=0 foePP=0,0 foeAtkDef=0,0 CarlAtk=0 foeLevel=0
support PP=0,0 Carl-defense=0 enemy-attack=0,0
party action uses=8,40 / 2,40
frame=11052 map=35.0 pos=50,21 flags=0
party=2 HP=30/30,26/26 battle=0 battlers=0 outcome=0 PP=0,0 trial=0 donut-ability=0
persistent PP=8,2 status=0,0
growth level/xp/item=8/399/0,8/709/0 stats maxHP/attack,maxHP/magic=30/20,26/13 foesHP=0,0
pattern trainer=0 turn=0 foePP=0,0 foeAtkDef=0,0 CarlAtk=0 foeLevel=0
support PP=0,0 Carl-defense=0 enemy-attack=0,0
party action uses=8,40 / 2,40
frame=11052 map=35.0 pos=50,21 flags=0
party=2 HP=30/30,26/26 battle=0 battlers=0 outcome=0 PP=0,0 trial=0 donut-ability=0
persistent PP=8,2 status=0,0
growth level/xp/item=8/399/0,8/709/0 stats maxHP/attack,maxHP/magic=30/20,26/13 foesHP=0,0
pattern trainer=0 turn=0 foePP=0,0 foeAtkDef=0,0 CarlAtk=0 foeLevel=0
support PP=0,0 Carl-defense=0 enemy-attack=0,0
party action uses=8,40 / 2,40
PASS expect 35 0 50 21 0
frame=11312 map=35.0 pos=34,21 flags=0
party=2 HP=30/30,26/26 battle=0 battlers=0 outcome=0 PP=0,0 trial=0 donut-ability=0
persistent PP=8,2 status=0,0
growth level/xp/item=8/399/0,8/709/0 stats maxHP/attack,maxHP/magic=30/20,26/13 foesHP=0,0
pattern trainer=0 turn=0 foePP=0,0 foeAtkDef=0,0 CarlAtk=0 foeLevel=0
support PP=0,0 Carl-defense=0 enemy-attack=0,0
party action uses=8,40 / 2,40
frame=11352 map=35.0 pos=34,21 flags=0
party=2 HP=30/30,26/26 battle=0 battlers=0 outcome=0 PP=0,0 trial=0 donut-ability=0
persistent PP=8,2 status=0,0
growth level/xp/item=8/399/0,8/709/0 stats maxHP/attack,maxHP/magic=30/20,26/13 foesHP=0,0
pattern trainer=0 turn=0 foePP=0,0 foeAtkDef=0,0 CarlAtk=0 foeLevel=0
support PP=0,0 Carl-defense=0 enemy-attack=0,0
party action uses=8,40 / 2,40
frame=11352 map=35.0 pos=34,21 flags=0
party=2 HP=30/30,26/26 battle=0 battlers=0 outcome=0 PP=0,0 trial=0 donut-ability=0
persistent PP=8,2 status=0,0
growth level/xp/item=8/399/0,8/709/0 stats maxHP/attack,maxHP/magic=30/20,26/13 foesHP=0,0
pattern trainer=0 turn=0 foePP=0,0 foeAtkDef=0,0 CarlAtk=0 foeLevel=0
support PP=0,0 Carl-defense=0 enemy-attack=0,0
party action uses=8,40 / 2,40
PASS expect 35 0 34 21 0
frame=11404 map=35.0 pos=34,24 flags=0
party=2 HP=30/30,26/26 battle=0 battlers=0 outcome=0 PP=0,0 trial=0 donut-ability=0
persistent PP=8,2 status=0,0
growth level/xp/item=8/399/0,8/709/0 stats maxHP/attack,maxHP/magic=30/20,26/13 foesHP=0,0
pattern trainer=0 turn=0 foePP=0,0 foeAtkDef=0,0 CarlAtk=0 foeLevel=0
support PP=0,0 Carl-defense=0 enemy-attack=0,0
party action uses=8,40 / 2,40
frame=11444 map=35.0 pos=34,24 flags=0
party=2 HP=30/30,26/26 battle=0 battlers=0 outcome=0 PP=0,0 trial=0 donut-ability=0
persistent PP=8,2 status=0,0
growth level/xp/item=8/399/0,8/709/0 stats maxHP/attack,maxHP/magic=30/20,26/13 foesHP=0,0
pattern trainer=0 turn=0 foePP=0,0 foeAtkDef=0,0 CarlAtk=0 foeLevel=0
support PP=0,0 Carl-defense=0 enemy-attack=0,0
party action uses=8,40 / 2,40
frame=11444 map=35.0 pos=34,24 flags=0
party=2 HP=30/30,26/26 battle=0 battlers=0 outcome=0 PP=0,0 trial=0 donut-ability=0
persistent PP=8,2 status=0,0
growth level/xp/item=8/399/0,8/709/0 stats maxHP/attack,maxHP/magic=30/20,26/13 foesHP=0,0
pattern trainer=0 turn=0 foePP=0,0 foeAtkDef=0,0 CarlAtk=0 foeLevel=0
support PP=0,0 Carl-defense=0 enemy-attack=0,0
party action uses=8,40 / 2,40
PASS expect 35 0 34 24 0
frame=11512 map=35.0 pos=30,24 flags=0
party=2 HP=30/30,26/26 battle=0 battlers=0 outcome=0 PP=0,0 trial=0 donut-ability=0
persistent PP=8,2 status=0,0
growth level/xp/item=8/399/0,8/709/0 stats maxHP/attack,maxHP/magic=30/20,26/13 foesHP=0,0
pattern trainer=0 turn=0 foePP=0,0 foeAtkDef=0,0 CarlAtk=0 foeLevel=0
support PP=0,0 Carl-defense=0 enemy-attack=0,0
party action uses=8,40 / 2,40
frame=11552 map=35.0 pos=30,24 flags=0
party=2 HP=30/30,26/26 battle=0 battlers=0 outcome=0 PP=0,0 trial=0 donut-ability=0
persistent PP=8,2 status=0,0
growth level/xp/item=8/399/0,8/709/0 stats maxHP/attack,maxHP/magic=30/20,26/13 foesHP=0,0
pattern trainer=0 turn=0 foePP=0,0 foeAtkDef=0,0 CarlAtk=0 foeLevel=0
support PP=0,0 Carl-defense=0 enemy-attack=0,0
party action uses=8,40 / 2,40
frame=11552 map=35.0 pos=30,24 flags=0
party=2 HP=30/30,26/26 battle=0 battlers=0 outcome=0 PP=0,0 trial=0 donut-ability=0
persistent PP=8,2 status=0,0
growth level/xp/item=8/399/0,8/709/0 stats maxHP/attack,maxHP/magic=30/20,26/13 foesHP=0,0
pattern trainer=0 turn=0 foePP=0,0 foeAtkDef=0,0 CarlAtk=0 foeLevel=0
support PP=0,0 Carl-defense=0 enemy-attack=0,0
party action uses=8,40 / 2,40
PASS expect 35 0 30 24 0
frame=11592 map=35.0 pos=30,24 flags=0
party=2 HP=30/30,26/26 battle=0 battlers=0 outcome=0 PP=0,0 trial=0 donut-ability=0
persistent PP=8,2 status=0,0
growth level/xp/item=8/399/0,8/709/0 stats maxHP/attack,maxHP/magic=30/20,26/13 foesHP=0,0
pattern trainer=0 turn=0 foePP=0,0 foeAtkDef=0,0 CarlAtk=0 foeLevel=0
support PP=0,0 Carl-defense=0 enemy-attack=0,0
party action uses=8,40 / 2,40
frame=11724 map=35.0 pos=30,16 flags=0
party=2 HP=30/30,26/26 battle=0 battlers=0 outcome=0 PP=0,0 trial=0 donut-ability=0
persistent PP=8,2 status=0,0
growth level/xp/item=8/399/0,8/709/0 stats maxHP/attack,maxHP/magic=30/20,26/13 foesHP=0,0
pattern trainer=0 turn=0 foePP=0,0 foeAtkDef=0,0 CarlAtk=0 foeLevel=0
support PP=0,0 Carl-defense=0 enemy-attack=0,0
party action uses=8,40 / 2,40
frame=11764 map=35.0 pos=30,16 flags=0
party=2 HP=30/30,26/26 battle=0 battlers=0 outcome=0 PP=0,0 trial=0 donut-ability=0
persistent PP=8,2 status=0,0
growth level/xp/item=8/399/0,8/709/0 stats maxHP/attack,maxHP/magic=30/20,26/13 foesHP=0,0
pattern trainer=0 turn=0 foePP=0,0 foeAtkDef=0,0 CarlAtk=0 foeLevel=0
support PP=0,0 Carl-defense=0 enemy-attack=0,0
party action uses=8,40 / 2,40
frame=11764 map=35.0 pos=30,16 flags=0
party=2 HP=30/30,26/26 battle=0 battlers=0 outcome=0 PP=0,0 trial=0 donut-ability=0
persistent PP=8,2 status=0,0
growth level/xp/item=8/399/0,8/709/0 stats maxHP/attack,maxHP/magic=30/20,26/13 foesHP=0,0
pattern trainer=0 turn=0 foePP=0,0 foeAtkDef=0,0 CarlAtk=0 foeLevel=0
support PP=0,0 Carl-defense=0 enemy-attack=0,0
party action uses=8,40 / 2,40
PASS expect 35 0 30 16 0
frame=11832 map=35.0 pos=34,16 flags=0
party=2 HP=30/30,26/26 battle=0 battlers=0 outcome=0 PP=0,0 trial=0 donut-ability=0
persistent PP=8,2 status=0,0
growth level/xp/item=8/399/0,8/709/0 stats maxHP/attack,maxHP/magic=30/20,26/13 foesHP=0,0
pattern trainer=0 turn=0 foePP=0,0 foeAtkDef=0,0 CarlAtk=0 foeLevel=0
support PP=0,0 Carl-defense=0 enemy-attack=0,0
party action uses=8,40 / 2,40
frame=11872 map=35.0 pos=34,16 flags=0
party=2 HP=30/30,26/26 battle=0 battlers=0 outcome=0 PP=0,0 trial=0 donut-ability=0
persistent PP=8,2 status=0,0
growth level/xp/item=8/399/0,8/709/0 stats maxHP/attack,maxHP/magic=30/20,26/13 foesHP=0,0
pattern trainer=0 turn=0 foePP=0,0 foeAtkDef=0,0 CarlAtk=0 foeLevel=0
support PP=0,0 Carl-defense=0 enemy-attack=0,0
party action uses=8,40 / 2,40
frame=11872 map=35.0 pos=34,16 flags=0
party=2 HP=30/30,26/26 battle=0 battlers=0 outcome=0 PP=0,0 trial=0 donut-ability=0
persistent PP=8,2 status=0,0
growth level/xp/item=8/399/0,8/709/0 stats maxHP/attack,maxHP/magic=30/20,26/13 foesHP=0,0
pattern trainer=0 turn=0 foePP=0,0 foeAtkDef=0,0 CarlAtk=0 foeLevel=0
support PP=0,0 Carl-defense=0 enemy-attack=0,0
party action uses=8,40 / 2,40
PASS expect 35 0 34 16 0
frame=11904 map=35.0 pos=36,16 flags=0
party=2 HP=30/30,26/26 battle=0 battlers=0 outcome=0 PP=0,0 trial=0 donut-ability=0
persistent PP=8,2 status=0,0
growth level/xp/item=8/399/0,8/709/0 stats maxHP/attack,maxHP/magic=30/20,26/13 foesHP=0,0
pattern trainer=0 turn=0 foePP=0,0 foeAtkDef=0,0 CarlAtk=0 foeLevel=0
support PP=0,0 Carl-defense=0 enemy-attack=0,0
party action uses=8,40 / 2,40
frame=11944 map=35.0 pos=36,16 flags=0
party=2 HP=30/30,26/26 battle=0 battlers=0 outcome=0 PP=0,0 trial=0 donut-ability=0
persistent PP=8,2 status=0,0
growth level/xp/item=8/399/0,8/709/0 stats maxHP/attack,maxHP/magic=30/20,26/13 foesHP=0,0
pattern trainer=0 turn=0 foePP=0,0 foeAtkDef=0,0 CarlAtk=0 foeLevel=0
support PP=0,0 Carl-defense=0 enemy-attack=0,0
party action uses=8,40 / 2,40
frame=11944 map=35.0 pos=36,16 flags=0
party=2 HP=30/30,26/26 battle=0 battlers=0 outcome=0 PP=0,0 trial=0 donut-ability=0
persistent PP=8,2 status=0,0
growth level/xp/item=8/399/0,8/709/0 stats maxHP/attack,maxHP/magic=30/20,26/13 foesHP=0,0
pattern trainer=0 turn=0 foePP=0,0 foeAtkDef=0,0 CarlAtk=0 foeLevel=0
support PP=0,0 Carl-defense=0 enemy-attack=0,0
party action uses=8,40 / 2,40
PASS expect 35 0 36 16 0
frame=12028 map=35.0 pos=36,21 flags=0
party=2 HP=30/30,26/26 battle=0 battlers=0 outcome=0 PP=0,0 trial=0 donut-ability=0
persistent PP=8,2 status=0,0
growth level/xp/item=8/399/0,8/709/0 stats maxHP/attack,maxHP/magic=30/20,26/13 foesHP=0,0
pattern trainer=0 turn=0 foePP=0,0 foeAtkDef=0,0 CarlAtk=0 foeLevel=0
support PP=0,0 Carl-defense=0 enemy-attack=0,0
party action uses=8,40 / 2,40
frame=12068 map=35.0 pos=36,21 flags=0
party=2 HP=30/30,26/26 battle=0 battlers=0 outcome=0 PP=0,0 trial=0 donut-ability=0
persistent PP=8,2 status=0,0
growth level/xp/item=8/399/0,8/709/0 stats maxHP/attack,maxHP/magic=30/20,26/13 foesHP=0,0
pattern trainer=0 turn=0 foePP=0,0 foeAtkDef=0,0 CarlAtk=0 foeLevel=0
support PP=0,0 Carl-defense=0 enemy-attack=0,0
party action uses=8,40 / 2,40
frame=12068 map=35.0 pos=36,21 flags=0
party=2 HP=30/30,26/26 battle=0 battlers=0 outcome=0 PP=0,0 trial=0 donut-ability=0
persistent PP=8,2 status=0,0
growth level/xp/item=8/399/0,8/709/0 stats maxHP/attack,maxHP/magic=30/20,26/13 foesHP=0,0
pattern trainer=0 turn=0 foePP=0,0 foeAtkDef=0,0 CarlAtk=0 foeLevel=0
support PP=0,0 Carl-defense=0 enemy-attack=0,0
party action uses=8,40 / 2,40
PASS expect 35 0 36 21 0
frame=12104 map=35.0 pos=34,21 flags=0
party=2 HP=30/30,26/26 battle=0 battlers=0 outcome=0 PP=0,0 trial=0 donut-ability=0
persistent PP=8,2 status=0,0
growth level/xp/item=8/399/0,8/709/0 stats maxHP/attack,maxHP/magic=30/20,26/13 foesHP=0,0
pattern trainer=0 turn=0 foePP=0,0 foeAtkDef=0,0 CarlAtk=0 foeLevel=0
support PP=0,0 Carl-defense=0 enemy-attack=0,0
party action uses=8,40 / 2,40
frame=12144 map=35.0 pos=34,21 flags=0
party=2 HP=30/30,26/26 battle=0 battlers=0 outcome=0 PP=0,0 trial=0 donut-ability=0
persistent PP=8,2 status=0,0
growth level/xp/item=8/399/0,8/709/0 stats maxHP/attack,maxHP/magic=30/20,26/13 foesHP=0,0
pattern trainer=0 turn=0 foePP=0,0 foeAtkDef=0,0 CarlAtk=0 foeLevel=0
support PP=0,0 Carl-defense=0 enemy-attack=0,0
party action uses=8,40 / 2,40
frame=12144 map=35.0 pos=34,21 flags=0
party=2 HP=30/30,26/26 battle=0 battlers=0 outcome=0 PP=0,0 trial=0 donut-ability=0
persistent PP=8,2 status=0,0
growth level/xp/item=8/399/0,8/709/0 stats maxHP/attack,maxHP/magic=30/20,26/13 foesHP=0,0
pattern trainer=0 turn=0 foePP=0,0 foeAtkDef=0,0 CarlAtk=0 foeLevel=0
support PP=0,0 Carl-defense=0 enemy-attack=0,0
party action uses=8,40 / 2,40
PASS expect 35 0 34 21 0
frame=12356 map=35.0 pos=34,34 flags=0
party=2 HP=30/30,26/26 battle=0 battlers=0 outcome=0 PP=0,0 trial=0 donut-ability=0
persistent PP=8,2 status=0,0
growth level/xp/item=8/399/0,8/709/0 stats maxHP/attack,maxHP/magic=30/20,26/13 foesHP=0,0
pattern trainer=0 turn=0 foePP=0,0 foeAtkDef=0,0 CarlAtk=0 foeLevel=0
support PP=0,0 Carl-defense=0 enemy-attack=0,0
party action uses=8,40 / 2,40
frame=12396 map=35.0 pos=34,34 flags=0
party=2 HP=30/30,26/26 battle=0 battlers=0 outcome=0 PP=0,0 trial=0 donut-ability=0
persistent PP=8,2 status=0,0
growth level/xp/item=8/399/0,8/709/0 stats maxHP/attack,maxHP/magic=30/20,26/13 foesHP=0,0
pattern trainer=0 turn=0 foePP=0,0 foeAtkDef=0,0 CarlAtk=0 foeLevel=0
support PP=0,0 Carl-defense=0 enemy-attack=0,0
party action uses=8,40 / 2,40
frame=12396 map=35.0 pos=34,34 flags=0
party=2 HP=30/30,26/26 battle=0 battlers=0 outcome=0 PP=0,0 trial=0 donut-ability=0
persistent PP=8,2 status=0,0
growth level/xp/item=8/399/0,8/709/0 stats maxHP/attack,maxHP/magic=30/20,26/13 foesHP=0,0
pattern trainer=0 turn=0 foePP=0,0 foeAtkDef=0,0 CarlAtk=0 foeLevel=0
support PP=0,0 Carl-defense=0 enemy-attack=0,0
party action uses=8,40 / 2,40
PASS expect 35 0 34 34 0
frame=12816 map=35.0 pos=8,34 flags=0
party=2 HP=30/30,26/26 battle=0 battlers=0 outcome=0 PP=0,0 trial=0 donut-ability=0
persistent PP=8,2 status=0,0
growth level/xp/item=8/399/0,8/709/0 stats maxHP/attack,maxHP/magic=30/20,26/13 foesHP=0,0
pattern trainer=0 turn=0 foePP=0,0 foeAtkDef=0,0 CarlAtk=0 foeLevel=0
support PP=0,0 Carl-defense=0 enemy-attack=0,0
party action uses=8,40 / 2,40
frame=12856 map=35.0 pos=8,34 flags=0
party=2 HP=30/30,26/26 battle=0 battlers=0 outcome=0 PP=0,0 trial=0 donut-ability=0
persistent PP=8,2 status=0,0
growth level/xp/item=8/399/0,8/709/0 stats maxHP/attack,maxHP/magic=30/20,26/13 foesHP=0,0
pattern trainer=0 turn=0 foePP=0,0 foeAtkDef=0,0 CarlAtk=0 foeLevel=0
support PP=0,0 Carl-defense=0 enemy-attack=0,0
party action uses=8,40 / 2,40
frame=12856 map=35.0 pos=8,34 flags=0
party=2 HP=30/30,26/26 battle=0 battlers=0 outcome=0 PP=0,0 trial=0 donut-ability=0
persistent PP=8,2 status=0,0
growth level/xp/item=8/399/0,8/709/0 stats maxHP/attack,maxHP/magic=30/20,26/13 foesHP=0,0
pattern trainer=0 turn=0 foePP=0,0 foeAtkDef=0,0 CarlAtk=0 foeLevel=0
support PP=0,0 Carl-defense=0 enemy-attack=0,0
party action uses=8,40 / 2,40
PASS expect 35 0 8 34 0
frame=12956 map=35.0 pos=8,40 flags=0
party=2 HP=30/30,26/26 battle=0 battlers=0 outcome=0 PP=0,0 trial=0 donut-ability=0
persistent PP=8,2 status=0,0
growth level/xp/item=8/399/0,8/709/0 stats maxHP/attack,maxHP/magic=30/20,26/13 foesHP=0,0
pattern trainer=0 turn=0 foePP=0,0 foeAtkDef=0,0 CarlAtk=0 foeLevel=0
support PP=0,0 Carl-defense=0 enemy-attack=0,0
party action uses=8,40 / 2,40
frame=12996 map=35.0 pos=8,40 flags=0
party=2 HP=30/30,26/26 battle=0 battlers=0 outcome=0 PP=0,0 trial=0 donut-ability=0
persistent PP=8,2 status=0,0
growth level/xp/item=8/399/0,8/709/0 stats maxHP/attack,maxHP/magic=30/20,26/13 foesHP=0,0
pattern trainer=0 turn=0 foePP=0,0 foeAtkDef=0,0 CarlAtk=0 foeLevel=0
support PP=0,0 Carl-defense=0 enemy-attack=0,0
party action uses=8,40 / 2,40
frame=12996 map=35.0 pos=8,40 flags=0
party=2 HP=30/30,26/26 battle=0 battlers=0 outcome=0 PP=0,0 trial=0 donut-ability=0
persistent PP=8,2 status=0,0
growth level/xp/item=8/399/0,8/709/0 stats maxHP/attack,maxHP/magic=30/20,26/13 foesHP=0,0
pattern trainer=0 turn=0 foePP=0,0 foeAtkDef=0,0 CarlAtk=0 foeLevel=0
support PP=0,0 Carl-defense=0 enemy-attack=0,0
party action uses=8,40 / 2,40
PASS expect 35 0 8 40 0
frame=13036 map=35.0 pos=8,40 flags=0
party=2 HP=30/30,26/26 battle=0 battlers=0 outcome=0 PP=0,0 trial=0 donut-ability=0
persistent PP=8,2 status=0,0
growth level/xp/item=8/399/0,8/709/0 stats maxHP/attack,maxHP/magic=30/20,26/13 foesHP=0,0
pattern trainer=0 turn=0 foePP=0,0 foeAtkDef=0,0 CarlAtk=0 foeLevel=0
support PP=0,0 Carl-defense=0 enemy-attack=0,0
party action uses=8,40 / 2,40
frame=13136 map=35.0 pos=8,34 flags=0
party=2 HP=30/30,26/26 battle=0 battlers=0 outcome=0 PP=0,0 trial=0 donut-ability=0
persistent PP=8,2 status=0,0
growth level/xp/item=8/399/0,8/709/0 stats maxHP/attack,maxHP/magic=30/20,26/13 foesHP=0,0
pattern trainer=0 turn=0 foePP=0,0 foeAtkDef=0,0 CarlAtk=0 foeLevel=0
support PP=0,0 Carl-defense=0 enemy-attack=0,0
party action uses=8,40 / 2,40
frame=13176 map=35.0 pos=8,34 flags=0
party=2 HP=30/30,26/26 battle=0 battlers=0 outcome=0 PP=0,0 trial=0 donut-ability=0
persistent PP=8,2 status=0,0
growth level/xp/item=8/399/0,8/709/0 stats maxHP/attack,maxHP/magic=30/20,26/13 foesHP=0,0
pattern trainer=0 turn=0 foePP=0,0 foeAtkDef=0,0 CarlAtk=0 foeLevel=0
support PP=0,0 Carl-defense=0 enemy-attack=0,0
party action uses=8,40 / 2,40
frame=13176 map=35.0 pos=8,34 flags=0
party=2 HP=30/30,26/26 battle=0 battlers=0 outcome=0 PP=0,0 trial=0 donut-ability=0
persistent PP=8,2 status=0,0
growth level/xp/item=8/399/0,8/709/0 stats maxHP/attack,maxHP/magic=30/20,26/13 foesHP=0,0
pattern trainer=0 turn=0 foePP=0,0 foeAtkDef=0,0 CarlAtk=0 foeLevel=0
support PP=0,0 Carl-defense=0 enemy-attack=0,0
party action uses=8,40 / 2,40
PASS expect 35 0 8 34 0
frame=13420 map=35.0 pos=23,34 flags=0
party=2 HP=30/30,26/26 battle=0 battlers=0 outcome=0 PP=0,0 trial=0 donut-ability=0
persistent PP=8,2 status=0,0
growth level/xp/item=8/399/0,8/709/0 stats maxHP/attack,maxHP/magic=30/20,26/13 foesHP=0,0
pattern trainer=0 turn=0 foePP=0,0 foeAtkDef=0,0 CarlAtk=0 foeLevel=0
support PP=0,0 Carl-defense=0 enemy-attack=0,0
party action uses=8,40 / 2,40
frame=13460 map=35.0 pos=23,34 flags=0
party=2 HP=30/30,26/26 battle=0 battlers=0 outcome=0 PP=0,0 trial=0 donut-ability=0
persistent PP=8,2 status=0,0
growth level/xp/item=8/399/0,8/709/0 stats maxHP/attack,maxHP/magic=30/20,26/13 foesHP=0,0
pattern trainer=0 turn=0 foePP=0,0 foeAtkDef=0,0 CarlAtk=0 foeLevel=0
support PP=0,0 Carl-defense=0 enemy-attack=0,0
party action uses=8,40 / 2,40
frame=13460 map=35.0 pos=23,34 flags=0
party=2 HP=30/30,26/26 battle=0 battlers=0 outcome=0 PP=0,0 trial=0 donut-ability=0
persistent PP=8,2 status=0,0
growth level/xp/item=8/399/0,8/709/0 stats maxHP/attack,maxHP/magic=30/20,26/13 foesHP=0,0
pattern trainer=0 turn=0 foePP=0,0 foeAtkDef=0,0 CarlAtk=0 foeLevel=0
support PP=0,0 Carl-defense=0 enemy-attack=0,0
party action uses=8,40 / 2,40
PASS expect 35 0 23 34 0
frame=13480 map=35.0 pos=23,33 flags=0
party=2 HP=30/30,26/26 battle=0 battlers=0 outcome=0 PP=0,0 trial=0 donut-ability=0
persistent PP=8,2 status=0,0
growth level/xp/item=8/399/0,8/709/0 stats maxHP/attack,maxHP/magic=30/20,26/13 foesHP=0,0
pattern trainer=0 turn=0 foePP=0,0 foeAtkDef=0,0 CarlAtk=0 foeLevel=0
support PP=0,0 Carl-defense=0 enemy-attack=0,0
party action uses=8,40 / 2,40
frame=13520 map=35.0 pos=23,33 flags=0
party=2 HP=30/30,26/26 battle=0 battlers=0 outcome=0 PP=0,0 trial=0 donut-ability=0
persistent PP=8,2 status=0,0
growth level/xp/item=8/399/0,8/709/0 stats maxHP/attack,maxHP/magic=30/20,26/13 foesHP=0,0
pattern trainer=0 turn=0 foePP=0,0 foeAtkDef=0,0 CarlAtk=0 foeLevel=0
support PP=0,0 Carl-defense=0 enemy-attack=0,0
party action uses=8,40 / 2,40
frame=13520 map=35.0 pos=23,33 flags=0
party=2 HP=30/30,26/26 battle=0 battlers=0 outcome=0 PP=0,0 trial=0 donut-ability=0
persistent PP=8,2 status=0,0
growth level/xp/item=8/399/0,8/709/0 stats maxHP/attack,maxHP/magic=30/20,26/13 foesHP=0,0
pattern trainer=0 turn=0 foePP=0,0 foeAtkDef=0,0 CarlAtk=0 foeLevel=0
support PP=0,0 Carl-defense=0 enemy-attack=0,0
party action uses=8,40 / 2,40
PASS expect 35 0 23 33 0
frame=13620 map=35.0 pos=29,33 flags=0
party=2 HP=30/30,26/26 battle=0 battlers=0 outcome=0 PP=0,0 trial=0 donut-ability=0
persistent PP=8,2 status=0,0
growth level/xp/item=8/399/0,8/709/0 stats maxHP/attack,maxHP/magic=30/20,26/13 foesHP=0,0
pattern trainer=0 turn=0 foePP=0,0 foeAtkDef=0,0 CarlAtk=0 foeLevel=0
support PP=0,0 Carl-defense=0 enemy-attack=0,0
party action uses=8,40 / 2,40
frame=13660 map=35.0 pos=29,33 flags=0
party=2 HP=30/30,26/26 battle=0 battlers=0 outcome=0 PP=0,0 trial=0 donut-ability=0
persistent PP=8,2 status=0,0
growth level/xp/item=8/399/0,8/709/0 stats maxHP/attack,maxHP/magic=30/20,26/13 foesHP=0,0
pattern trainer=0 turn=0 foePP=0,0 foeAtkDef=0,0 CarlAtk=0 foeLevel=0
support PP=0,0 Carl-defense=0 enemy-attack=0,0
party action uses=8,40 / 2,40
frame=13660 map=35.0 pos=29,33 flags=0
party=2 HP=30/30,26/26 battle=0 battlers=0 outcome=0 PP=0,0 trial=0 donut-ability=0
persistent PP=8,2 status=0,0
growth level/xp/item=8/399/0,8/709/0 stats maxHP/attack,maxHP/magic=30/20,26/13 foesHP=0,0
pattern trainer=0 turn=0 foePP=0,0 foeAtkDef=0,0 CarlAtk=0 foeLevel=0
support PP=0,0 Carl-defense=0 enemy-attack=0,0
party action uses=8,40 / 2,40
PASS expect 35 0 29 33 0
frame=13700 map=35.0 pos=29,33 flags=0
party=2 HP=30/30,26/26 battle=0 battlers=0 outcome=0 PP=0,0 trial=0 donut-ability=0
persistent PP=8,2 status=0,0
growth level/xp/item=8/399/0,8/709/0 stats maxHP/attack,maxHP/magic=30/20,26/13 foesHP=0,0
pattern trainer=0 turn=0 foePP=0,0 foeAtkDef=0,0 CarlAtk=0 foeLevel=0
support PP=0,0 Carl-defense=0 enemy-attack=0,0
party action uses=8,40 / 2,40
frame=13800 map=35.0 pos=23,33 flags=0
party=2 HP=30/30,26/26 battle=0 battlers=0 outcome=0 PP=0,0 trial=0 donut-ability=0
persistent PP=8,2 status=0,0
growth level/xp/item=8/399/0,8/709/0 stats maxHP/attack,maxHP/magic=30/20,26/13 foesHP=0,0
pattern trainer=0 turn=0 foePP=0,0 foeAtkDef=0,0 CarlAtk=0 foeLevel=0
support PP=0,0 Carl-defense=0 enemy-attack=0,0
party action uses=8,40 / 2,40
frame=13840 map=35.0 pos=23,33 flags=0
party=2 HP=30/30,26/26 battle=0 battlers=0 outcome=0 PP=0,0 trial=0 donut-ability=0
persistent PP=8,2 status=0,0
growth level/xp/item=8/399/0,8/709/0 stats maxHP/attack,maxHP/magic=30/20,26/13 foesHP=0,0
pattern trainer=0 turn=0 foePP=0,0 foeAtkDef=0,0 CarlAtk=0 foeLevel=0
support PP=0,0 Carl-defense=0 enemy-attack=0,0
party action uses=8,40 / 2,40
frame=13840 map=35.0 pos=23,33 flags=0
party=2 HP=30/30,26/26 battle=0 battlers=0 outcome=0 PP=0,0 trial=0 donut-ability=0
persistent PP=8,2 status=0,0
growth level/xp/item=8/399/0,8/709/0 stats maxHP/attack,maxHP/magic=30/20,26/13 foesHP=0,0
pattern trainer=0 turn=0 foePP=0,0 foeAtkDef=0,0 CarlAtk=0 foeLevel=0
support PP=0,0 Carl-defense=0 enemy-attack=0,0
party action uses=8,40 / 2,40
PASS expect 35 0 23 33 0
frame=13940 map=35.0 pos=23,27 flags=0
party=2 HP=30/30,26/26 battle=0 battlers=0 outcome=0 PP=0,0 trial=0 donut-ability=0
persistent PP=8,2 status=0,0
growth level/xp/item=8/399/0,8/709/0 stats maxHP/attack,maxHP/magic=30/20,26/13 foesHP=0,0
pattern trainer=0 turn=0 foePP=0,0 foeAtkDef=0,0 CarlAtk=0 foeLevel=0
support PP=0,0 Carl-defense=0 enemy-attack=0,0
party action uses=8,40 / 2,40
frame=13980 map=35.0 pos=23,27 flags=0
party=2 HP=30/30,26/26 battle=0 battlers=0 outcome=0 PP=0,0 trial=0 donut-ability=0
persistent PP=8,2 status=0,0
growth level/xp/item=8/399/0,8/709/0 stats maxHP/attack,maxHP/magic=30/20,26/13 foesHP=0,0
pattern trainer=0 turn=0 foePP=0,0 foeAtkDef=0,0 CarlAtk=0 foeLevel=0
support PP=0,0 Carl-defense=0 enemy-attack=0,0
party action uses=8,40 / 2,40
frame=13980 map=35.0 pos=23,27 flags=0
party=2 HP=30/30,26/26 battle=0 battlers=0 outcome=0 PP=0,0 trial=0 donut-ability=0
persistent PP=8,2 status=0,0
growth level/xp/item=8/399/0,8/709/0 stats maxHP/attack,maxHP/magic=30/20,26/13 foesHP=0,0
pattern trainer=0 turn=0 foePP=0,0 foeAtkDef=0,0 CarlAtk=0 foeLevel=0
support PP=0,0 Carl-defense=0 enemy-attack=0,0
party action uses=8,40 / 2,40
PASS expect 35 0 23 27 0
frame=14080 map=35.0 pos=29,27 flags=0
party=2 HP=30/30,26/26 battle=0 battlers=0 outcome=0 PP=0,0 trial=0 donut-ability=0
persistent PP=8,2 status=0,0
growth level/xp/item=8/399/0,8/709/0 stats maxHP/attack,maxHP/magic=30/20,26/13 foesHP=0,0
pattern trainer=0 turn=0 foePP=0,0 foeAtkDef=0,0 CarlAtk=0 foeLevel=0
support PP=0,0 Carl-defense=0 enemy-attack=0,0
party action uses=8,40 / 2,40
frame=14120 map=35.0 pos=29,27 flags=0
party=2 HP=30/30,26/26 battle=0 battlers=0 outcome=0 PP=0,0 trial=0 donut-ability=0
persistent PP=8,2 status=0,0
growth level/xp/item=8/399/0,8/709/0 stats maxHP/attack,maxHP/magic=30/20,26/13 foesHP=0,0
pattern trainer=0 turn=0 foePP=0,0 foeAtkDef=0,0 CarlAtk=0 foeLevel=0
support PP=0,0 Carl-defense=0 enemy-attack=0,0
party action uses=8,40 / 2,40
frame=14120 map=35.0 pos=29,27 flags=0
party=2 HP=30/30,26/26 battle=0 battlers=0 outcome=0 PP=0,0 trial=0 donut-ability=0
persistent PP=8,2 status=0,0
growth level/xp/item=8/399/0,8/709/0 stats maxHP/attack,maxHP/magic=30/20,26/13 foesHP=0,0
pattern trainer=0 turn=0 foePP=0,0 foeAtkDef=0,0 CarlAtk=0 foeLevel=0
support PP=0,0 Carl-defense=0 enemy-attack=0,0
party action uses=8,40 / 2,40
PASS expect 35 0 29 27 0
frame=14160 map=35.0 pos=29,27 flags=0
party=2 HP=30/30,26/26 battle=0 battlers=0 outcome=0 PP=0,0 trial=0 donut-ability=0
persistent PP=8,2 status=0,0
growth level/xp/item=8/399/0,8/709/0 stats maxHP/attack,maxHP/magic=30/20,26/13 foesHP=0,0
pattern trainer=0 turn=0 foePP=0,0 foeAtkDef=0,0 CarlAtk=0 foeLevel=0
support PP=0,0 Carl-defense=0 enemy-attack=0,0
party action uses=8,40 / 2,40
frame=14260 map=35.0 pos=23,27 flags=0
party=2 HP=30/30,26/26 battle=0 battlers=0 outcome=0 PP=0,0 trial=0 donut-ability=0
persistent PP=8,2 status=0,0
growth level/xp/item=8/399/0,8/709/0 stats maxHP/attack,maxHP/magic=30/20,26/13 foesHP=0,0
pattern trainer=0 turn=0 foePP=0,0 foeAtkDef=0,0 CarlAtk=0 foeLevel=0
support PP=0,0 Carl-defense=0 enemy-attack=0,0
party action uses=8,40 / 2,40
frame=14300 map=35.0 pos=23,27 flags=0
party=2 HP=30/30,26/26 battle=0 battlers=0 outcome=0 PP=0,0 trial=0 donut-ability=0
persistent PP=8,2 status=0,0
growth level/xp/item=8/399/0,8/709/0 stats maxHP/attack,maxHP/magic=30/20,26/13 foesHP=0,0
pattern trainer=0 turn=0 foePP=0,0 foeAtkDef=0,0 CarlAtk=0 foeLevel=0
support PP=0,0 Carl-defense=0 enemy-attack=0,0
party action uses=8,40 / 2,40
frame=14300 map=35.0 pos=23,27 flags=0
party=2 HP=30/30,26/26 battle=0 battlers=0 outcome=0 PP=0,0 trial=0 donut-ability=0
persistent PP=8,2 status=0,0
growth level/xp/item=8/399/0,8/709/0 stats maxHP/attack,maxHP/magic=30/20,26/13 foesHP=0,0
pattern trainer=0 turn=0 foePP=0,0 foeAtkDef=0,0 CarlAtk=0 foeLevel=0
support PP=0,0 Carl-defense=0 enemy-attack=0,0
party action uses=8,40 / 2,40
PASS expect 35 0 23 27 0
frame=14336 map=35.0 pos=23,25 flags=0
party=2 HP=30/30,26/26 battle=0 battlers=0 outcome=0 PP=0,0 trial=0 donut-ability=0
persistent PP=8,2 status=0,0
growth level/xp/item=8/399/0,8/709/0 stats maxHP/attack,maxHP/magic=30/20,26/13 foesHP=0,0
pattern trainer=0 turn=0 foePP=0,0 foeAtkDef=0,0 CarlAtk=0 foeLevel=0
support PP=0,0 Carl-defense=0 enemy-attack=0,0
party action uses=8,40 / 2,40
frame=14376 map=35.0 pos=23,25 flags=0
party=2 HP=30/30,26/26 battle=0 battlers=0 outcome=0 PP=0,0 trial=0 donut-ability=0
persistent PP=8,2 status=0,0
growth level/xp/item=8/399/0,8/709/0 stats maxHP/attack,maxHP/magic=30/20,26/13 foesHP=0,0
pattern trainer=0 turn=0 foePP=0,0 foeAtkDef=0,0 CarlAtk=0 foeLevel=0
support PP=0,0 Carl-defense=0 enemy-attack=0,0
party action uses=8,40 / 2,40
frame=14376 map=35.0 pos=23,25 flags=0
party=2 HP=30/30,26/26 battle=0 battlers=0 outcome=0 PP=0,0 trial=0 donut-ability=0
persistent PP=8,2 status=0,0
growth level/xp/item=8/399/0,8/709/0 stats maxHP/attack,maxHP/magic=30/20,26/13 foesHP=0,0
pattern trainer=0 turn=0 foePP=0,0 foeAtkDef=0,0 CarlAtk=0 foeLevel=0
support PP=0,0 Carl-defense=0 enemy-attack=0,0
party action uses=8,40 / 2,40
PASS expect 35 0 23 25 0
frame=14540 map=35.0 pos=33,25 flags=0
party=2 HP=30/30,26/26 battle=0 battlers=0 outcome=0 PP=0,0 trial=0 donut-ability=0
persistent PP=8,2 status=0,0
growth level/xp/item=8/399/0,8/709/0 stats maxHP/attack,maxHP/magic=30/20,26/13 foesHP=0,0
pattern trainer=0 turn=0 foePP=0,0 foeAtkDef=0,0 CarlAtk=0 foeLevel=0
support PP=0,0 Carl-defense=0 enemy-attack=0,0
party action uses=8,40 / 2,40
frame=14580 map=35.0 pos=33,25 flags=0
party=2 HP=30/30,26/26 battle=0 battlers=0 outcome=0 PP=0,0 trial=0 donut-ability=0
persistent PP=8,2 status=0,0
growth level/xp/item=8/399/0,8/709/0 stats maxHP/attack,maxHP/magic=30/20,26/13 foesHP=0,0
pattern trainer=0 turn=0 foePP=0,0 foeAtkDef=0,0 CarlAtk=0 foeLevel=0
support PP=0,0 Carl-defense=0 enemy-attack=0,0
party action uses=8,40 / 2,40
frame=14580 map=35.0 pos=33,25 flags=0
party=2 HP=30/30,26/26 battle=0 battlers=0 outcome=0 PP=0,0 trial=0 donut-ability=0
persistent PP=8,2 status=0,0
growth level/xp/item=8/399/0,8/709/0 stats maxHP/attack,maxHP/magic=30/20,26/13 foesHP=0,0
pattern trainer=0 turn=0 foePP=0,0 foeAtkDef=0,0 CarlAtk=0 foeLevel=0
support PP=0,0 Carl-defense=0 enemy-attack=0,0
party action uses=8,40 / 2,40
PASS expect 35 0 33 25 0
frame=14616 map=35.0 pos=33,27 flags=0
party=2 HP=30/30,26/26 battle=0 battlers=0 outcome=0 PP=0,0 trial=0 donut-ability=0
persistent PP=8,2 status=0,0
growth level/xp/item=8/399/0,8/709/0 stats maxHP/attack,maxHP/magic=30/20,26/13 foesHP=0,0
pattern trainer=0 turn=0 foePP=0,0 foeAtkDef=0,0 CarlAtk=0 foeLevel=0
support PP=0,0 Carl-defense=0 enemy-attack=0,0
party action uses=8,40 / 2,40
frame=14656 map=35.0 pos=33,27 flags=0
party=2 HP=30/30,26/26 battle=0 battlers=0 outcome=0 PP=0,0 trial=0 donut-ability=0
persistent PP=8,2 status=0,0
growth level/xp/item=8/399/0,8/709/0 stats maxHP/attack,maxHP/magic=30/20,26/13 foesHP=0,0
pattern trainer=0 turn=0 foePP=0,0 foeAtkDef=0,0 CarlAtk=0 foeLevel=0
support PP=0,0 Carl-defense=0 enemy-attack=0,0
party action uses=8,40 / 2,40
frame=14656 map=35.0 pos=33,27 flags=0
party=2 HP=30/30,26/26 battle=0 battlers=0 outcome=0 PP=0,0 trial=0 donut-ability=0
persistent PP=8,2 status=0,0
growth level/xp/item=8/399/0,8/709/0 stats maxHP/attack,maxHP/magic=30/20,26/13 foesHP=0,0
pattern trainer=0 turn=0 foePP=0,0 foeAtkDef=0,0 CarlAtk=0 foeLevel=0
support PP=0,0 Carl-defense=0 enemy-attack=0,0
party action uses=8,40 / 2,40
PASS expect 35 0 33 27 0
frame=14788 map=35.0 pos=41,27 flags=0
party=2 HP=30/30,26/26 battle=0 battlers=0 outcome=0 PP=0,0 trial=0 donut-ability=0
persistent PP=8,2 status=0,0
growth level/xp/item=8/399/0,8/709/0 stats maxHP/attack,maxHP/magic=30/20,26/13 foesHP=0,0
pattern trainer=0 turn=0 foePP=0,0 foeAtkDef=0,0 CarlAtk=0 foeLevel=0
support PP=0,0 Carl-defense=0 enemy-attack=0,0
party action uses=8,40 / 2,40
frame=14828 map=35.0 pos=41,27 flags=0
party=2 HP=30/30,26/26 battle=0 battlers=0 outcome=0 PP=0,0 trial=0 donut-ability=0
persistent PP=8,2 status=0,0
growth level/xp/item=8/399/0,8/709/0 stats maxHP/attack,maxHP/magic=30/20,26/13 foesHP=0,0
pattern trainer=0 turn=0 foePP=0,0 foeAtkDef=0,0 CarlAtk=0 foeLevel=0
support PP=0,0 Carl-defense=0 enemy-attack=0,0
party action uses=8,40 / 2,40
frame=14828 map=35.0 pos=41,27 flags=0
party=2 HP=30/30,26/26 battle=0 battlers=0 outcome=0 PP=0,0 trial=0 donut-ability=0
persistent PP=8,2 status=0,0
growth level/xp/item=8/399/0,8/709/0 stats maxHP/attack,maxHP/magic=30/20,26/13 foesHP=0,0
pattern trainer=0 turn=0 foePP=0,0 foeAtkDef=0,0 CarlAtk=0 foeLevel=0
support PP=0,0 Carl-defense=0 enemy-attack=0,0
party action uses=8,40 / 2,40
PASS expect 35 0 41 27 0
frame=14868 map=35.0 pos=41,27 flags=0
party=2 HP=30/30,26/26 battle=0 battlers=0 outcome=0 PP=0,0 trial=0 donut-ability=0
persistent PP=8,2 status=0,0
growth level/xp/item=8/399/0,8/709/0 stats maxHP/attack,maxHP/magic=30/20,26/13 foesHP=0,0
pattern trainer=0 turn=0 foePP=0,0 foeAtkDef=0,0 CarlAtk=0 foeLevel=0
support PP=0,0 Carl-defense=0 enemy-attack=0,0
party action uses=8,40 / 2,40
frame=15000 map=35.0 pos=33,27 flags=0
party=2 HP=30/30,26/26 battle=0 battlers=0 outcome=0 PP=0,0 trial=0 donut-ability=0
persistent PP=8,2 status=0,0
growth level/xp/item=8/399/0,8/709/0 stats maxHP/attack,maxHP/magic=30/20,26/13 foesHP=0,0
pattern trainer=0 turn=0 foePP=0,0 foeAtkDef=0,0 CarlAtk=0 foeLevel=0
support PP=0,0 Carl-defense=0 enemy-attack=0,0
party action uses=8,40 / 2,40
frame=15040 map=35.0 pos=33,27 flags=0
party=2 HP=30/30,26/26 battle=0 battlers=0 outcome=0 PP=0,0 trial=0 donut-ability=0
persistent PP=8,2 status=0,0
growth level/xp/item=8/399/0,8/709/0 stats maxHP/attack,maxHP/magic=30/20,26/13 foesHP=0,0
pattern trainer=0 turn=0 foePP=0,0 foeAtkDef=0,0 CarlAtk=0 foeLevel=0
support PP=0,0 Carl-defense=0 enemy-attack=0,0
party action uses=8,40 / 2,40
frame=15040 map=35.0 pos=33,27 flags=0
party=2 HP=30/30,26/26 battle=0 battlers=0 outcome=0 PP=0,0 trial=0 donut-ability=0
persistent PP=8,2 status=0,0
growth level/xp/item=8/399/0,8/709/0 stats maxHP/attack,maxHP/magic=30/20,26/13 foesHP=0,0
pattern trainer=0 turn=0 foePP=0,0 foeAtkDef=0,0 CarlAtk=0 foeLevel=0
support PP=0,0 Carl-defense=0 enemy-attack=0,0
party action uses=8,40 / 2,40
PASS expect 35 0 33 27 0
frame=15204 map=35.0 pos=43,27 flags=0
party=2 HP=30/30,26/26 battle=0 battlers=0 outcome=0 PP=0,0 trial=0 donut-ability=0
persistent PP=8,2 status=0,0
growth level/xp/item=8/399/0,8/709/0 stats maxHP/attack,maxHP/magic=30/20,26/13 foesHP=0,0
pattern trainer=0 turn=0 foePP=0,0 foeAtkDef=0,0 CarlAtk=0 foeLevel=0
support PP=0,0 Carl-defense=0 enemy-attack=0,0
party action uses=8,40 / 2,40
frame=15244 map=35.0 pos=43,27 flags=0
party=2 HP=30/30,26/26 battle=0 battlers=0 outcome=0 PP=0,0 trial=0 donut-ability=0
persistent PP=8,2 status=0,0
growth level/xp/item=8/399/0,8/709/0 stats maxHP/attack,maxHP/magic=30/20,26/13 foesHP=0,0
pattern trainer=0 turn=0 foePP=0,0 foeAtkDef=0,0 CarlAtk=0 foeLevel=0
support PP=0,0 Carl-defense=0 enemy-attack=0,0
party action uses=8,40 / 2,40
frame=15244 map=35.0 pos=43,27 flags=0
party=2 HP=30/30,26/26 battle=0 battlers=0 outcome=0 PP=0,0 trial=0 donut-ability=0
persistent PP=8,2 status=0,0
growth level/xp/item=8/399/0,8/709/0 stats maxHP/attack,maxHP/magic=30/20,26/13 foesHP=0,0
pattern trainer=0 turn=0 foePP=0,0 foeAtkDef=0,0 CarlAtk=0 foeLevel=0
support PP=0,0 Carl-defense=0 enemy-attack=0,0
party action uses=8,40 / 2,40
PASS expect 35 0 43 27 0
frame=15312 map=35.0 pos=43,31 flags=0
party=2 HP=30/30,26/26 battle=0 battlers=0 outcome=0 PP=0,0 trial=0 donut-ability=0
persistent PP=8,2 status=0,0
growth level/xp/item=8/399/0,8/709/0 stats maxHP/attack,maxHP/magic=30/20,26/13 foesHP=0,0
pattern trainer=0 turn=0 foePP=0,0 foeAtkDef=0,0 CarlAtk=0 foeLevel=0
support PP=0,0 Carl-defense=0 enemy-attack=0,0
party action uses=8,40 / 2,40
frame=15352 map=35.0 pos=43,31 flags=0
party=2 HP=30/30,26/26 battle=0 battlers=0 outcome=0 PP=0,0 trial=0 donut-ability=0
persistent PP=8,2 status=0,0
growth level/xp/item=8/399/0,8/709/0 stats maxHP/attack,maxHP/magic=30/20,26/13 foesHP=0,0
pattern trainer=0 turn=0 foePP=0,0 foeAtkDef=0,0 CarlAtk=0 foeLevel=0
support PP=0,0 Carl-defense=0 enemy-attack=0,0
party action uses=8,40 / 2,40
frame=15352 map=35.0 pos=43,31 flags=0
party=2 HP=30/30,26/26 battle=0 battlers=0 outcome=0 PP=0,0 trial=0 donut-ability=0
persistent PP=8,2 status=0,0
growth level/xp/item=8/399/0,8/709/0 stats maxHP/attack,maxHP/magic=30/20,26/13 foesHP=0,0
pattern trainer=0 turn=0 foePP=0,0 foeAtkDef=0,0 CarlAtk=0 foeLevel=0
support PP=0,0 Carl-defense=0 enemy-attack=0,0
party action uses=8,40 / 2,40
PASS expect 35 0 43 31 0
frame=15392 map=35.0 pos=43,31 flags=0
party=2 HP=30/30,26/26 battle=0 battlers=0 outcome=0 PP=0,0 trial=0 donut-ability=0
persistent PP=8,2 status=0,0
growth level/xp/item=8/399/0,8/709/0 stats maxHP/attack,maxHP/magic=30/20,26/13 foesHP=0,0
pattern trainer=0 turn=0 foePP=0,0 foeAtkDef=0,0 CarlAtk=0 foeLevel=0
support PP=0,0 Carl-defense=0 enemy-attack=0,0
party action uses=8,40 / 2,40
frame=15460 map=35.0 pos=43,27 flags=0
party=2 HP=30/30,26/26 battle=0 battlers=0 outcome=0 PP=0,0 trial=0 donut-ability=0
persistent PP=8,2 status=0,0
growth level/xp/item=8/399/0,8/709/0 stats maxHP/attack,maxHP/magic=30/20,26/13 foesHP=0,0
pattern trainer=0 turn=0 foePP=0,0 foeAtkDef=0,0 CarlAtk=0 foeLevel=0
support PP=0,0 Carl-defense=0 enemy-attack=0,0
party action uses=8,40 / 2,40
frame=15500 map=35.0 pos=43,27 flags=0
party=2 HP=30/30,26/26 battle=0 battlers=0 outcome=0 PP=0,0 trial=0 donut-ability=0
persistent PP=8,2 status=0,0
growth level/xp/item=8/399/0,8/709/0 stats maxHP/attack,maxHP/magic=30/20,26/13 foesHP=0,0
pattern trainer=0 turn=0 foePP=0,0 foeAtkDef=0,0 CarlAtk=0 foeLevel=0
support PP=0,0 Carl-defense=0 enemy-attack=0,0
party action uses=8,40 / 2,40
frame=15500 map=35.0 pos=43,27 flags=0
party=2 HP=30/30,26/26 battle=0 battlers=0 outcome=0 PP=0,0 trial=0 donut-ability=0
persistent PP=8,2 status=0,0
growth level/xp/item=8/399/0,8/709/0 stats maxHP/attack,maxHP/magic=30/20,26/13 foesHP=0,0
pattern trainer=0 turn=0 foePP=0,0 foeAtkDef=0,0 CarlAtk=0 foeLevel=0
support PP=0,0 Carl-defense=0 enemy-attack=0,0
party action uses=8,40 / 2,40
PASS expect 35 0 43 27 0
frame=15552 map=35.0 pos=43,30 flags=0
party=2 HP=30/30,26/26 battle=0 battlers=0 outcome=0 PP=0,0 trial=0 donut-ability=0
persistent PP=8,2 status=0,0
growth level/xp/item=8/399/0,8/709/0 stats maxHP/attack,maxHP/magic=30/20,26/13 foesHP=0,0
pattern trainer=0 turn=0 foePP=0,0 foeAtkDef=0,0 CarlAtk=0 foeLevel=0
support PP=0,0 Carl-defense=0 enemy-attack=0,0
party action uses=8,40 / 2,40
frame=15592 map=35.0 pos=43,30 flags=0
party=2 HP=30/30,26/26 battle=0 battlers=0 outcome=0 PP=0,0 trial=0 donut-ability=0
persistent PP=8,2 status=0,0
growth level/xp/item=8/399/0,8/709/0 stats maxHP/attack,maxHP/magic=30/20,26/13 foesHP=0,0
pattern trainer=0 turn=0 foePP=0,0 foeAtkDef=0,0 CarlAtk=0 foeLevel=0
support PP=0,0 Carl-defense=0 enemy-attack=0,0
party action uses=8,40 / 2,40
frame=15592 map=35.0 pos=43,30 flags=0
party=2 HP=30/30,26/26 battle=0 battlers=0 outcome=0 PP=0,0 trial=0 donut-ability=0
persistent PP=8,2 status=0,0
growth level/xp/item=8/399/0,8/709/0 stats maxHP/attack,maxHP/magic=30/20,26/13 foesHP=0,0
pattern trainer=0 turn=0 foePP=0,0 foeAtkDef=0,0 CarlAtk=0 foeLevel=0
support PP=0,0 Carl-defense=0 enemy-attack=0,0
party action uses=8,40 / 2,40
PASS expect 35 0 43 30 0
frame=15724 map=35.0 pos=35,30 flags=0
party=2 HP=30/30,26/26 battle=0 battlers=0 outcome=0 PP=0,0 trial=0 donut-ability=0
persistent PP=8,2 status=0,0
growth level/xp/item=8/399/0,8/709/0 stats maxHP/attack,maxHP/magic=30/20,26/13 foesHP=0,0
pattern trainer=0 turn=0 foePP=0,0 foeAtkDef=0,0 CarlAtk=0 foeLevel=0
support PP=0,0 Carl-defense=0 enemy-attack=0,0
party action uses=8,40 / 2,40
frame=15764 map=35.0 pos=35,30 flags=0
party=2 HP=30/30,26/26 battle=0 battlers=0 outcome=0 PP=0,0 trial=0 donut-ability=0
persistent PP=8,2 status=0,0
growth level/xp/item=8/399/0,8/709/0 stats maxHP/attack,maxHP/magic=30/20,26/13 foesHP=0,0
pattern trainer=0 turn=0 foePP=0,0 foeAtkDef=0,0 CarlAtk=0 foeLevel=0
support PP=0,0 Carl-defense=0 enemy-attack=0,0
party action uses=8,40 / 2,40
frame=15764 map=35.0 pos=35,30 flags=0
party=2 HP=30/30,26/26 battle=0 battlers=0 outcome=0 PP=0,0 trial=0 donut-ability=0
persistent PP=8,2 status=0,0
growth level/xp/item=8/399/0,8/709/0 stats maxHP/attack,maxHP/magic=30/20,26/13 foesHP=0,0
pattern trainer=0 turn=0 foePP=0,0 foeAtkDef=0,0 CarlAtk=0 foeLevel=0
support PP=0,0 Carl-defense=0 enemy-attack=0,0
party action uses=8,40 / 2,40
PASS expect 35 0 35 30 0
frame=15864 map=35.0 pos=41,30 flags=0
party=2 HP=30/30,26/26 battle=0 battlers=0 outcome=0 PP=0,0 trial=0 donut-ability=0
persistent PP=8,2 status=0,0
growth level/xp/item=8/399/0,8/709/0 stats maxHP/attack,maxHP/magic=30/20,26/13 foesHP=0,0
pattern trainer=0 turn=0 foePP=0,0 foeAtkDef=0,0 CarlAtk=0 foeLevel=0
support PP=0,0 Carl-defense=0 enemy-attack=0,0
party action uses=8,40 / 2,40
frame=15904 map=35.0 pos=41,30 flags=0
party=2 HP=30/30,26/26 battle=0 battlers=0 outcome=0 PP=0,0 trial=0 donut-ability=0
persistent PP=8,2 status=0,0
growth level/xp/item=8/399/0,8/709/0 stats maxHP/attack,maxHP/magic=30/20,26/13 foesHP=0,0
pattern trainer=0 turn=0 foePP=0,0 foeAtkDef=0,0 CarlAtk=0 foeLevel=0
support PP=0,0 Carl-defense=0 enemy-attack=0,0
party action uses=8,40 / 2,40
frame=15904 map=35.0 pos=41,30 flags=0
party=2 HP=30/30,26/26 battle=0 battlers=0 outcome=0 PP=0,0 trial=0 donut-ability=0
persistent PP=8,2 status=0,0
growth level/xp/item=8/399/0,8/709/0 stats maxHP/attack,maxHP/magic=30/20,26/13 foesHP=0,0
pattern trainer=0 turn=0 foePP=0,0 foeAtkDef=0,0 CarlAtk=0 foeLevel=0
support PP=0,0 Carl-defense=0 enemy-attack=0,0
party action uses=8,40 / 2,40
PASS expect 35 0 41 30 0
frame=15944 map=35.0 pos=41,30 flags=0
party=2 HP=30/30,26/26 battle=0 battlers=0 outcome=0 PP=0,0 trial=0 donut-ability=0
persistent PP=8,2 status=0,0
growth level/xp/item=8/399/0,8/709/0 stats maxHP/attack,maxHP/magic=30/20,26/13 foesHP=0,0
pattern trainer=0 turn=0 foePP=0,0 foeAtkDef=0,0 CarlAtk=0 foeLevel=0
support PP=0,0 Carl-defense=0 enemy-attack=0,0
party action uses=8,40 / 2,40
frame=16044 map=35.0 pos=35,30 flags=0
party=2 HP=30/30,26/26 battle=0 battlers=0 outcome=0 PP=0,0 trial=0 donut-ability=0
persistent PP=8,2 status=0,0
growth level/xp/item=8/399/0,8/709/0 stats maxHP/attack,maxHP/magic=30/20,26/13 foesHP=0,0
pattern trainer=0 turn=0 foePP=0,0 foeAtkDef=0,0 CarlAtk=0 foeLevel=0
support PP=0,0 Carl-defense=0 enemy-attack=0,0
party action uses=8,40 / 2,40
frame=16084 map=35.0 pos=35,30 flags=0
party=2 HP=30/30,26/26 battle=0 battlers=0 outcome=0 PP=0,0 trial=0 donut-ability=0
persistent PP=8,2 status=0,0
growth level/xp/item=8/399/0,8/709/0 stats maxHP/attack,maxHP/magic=30/20,26/13 foesHP=0,0
pattern trainer=0 turn=0 foePP=0,0 foeAtkDef=0,0 CarlAtk=0 foeLevel=0
support PP=0,0 Carl-defense=0 enemy-attack=0,0
party action uses=8,40 / 2,40
frame=16084 map=35.0 pos=35,30 flags=0
party=2 HP=30/30,26/26 battle=0 battlers=0 outcome=0 PP=0,0 trial=0 donut-ability=0
persistent PP=8,2 status=0,0
growth level/xp/item=8/399/0,8/709/0 stats maxHP/attack,maxHP/magic=30/20,26/13 foesHP=0,0
pattern trainer=0 turn=0 foePP=0,0 foeAtkDef=0,0 CarlAtk=0 foeLevel=0
support PP=0,0 Carl-defense=0 enemy-attack=0,0
party action uses=8,40 / 2,40
PASS expect 35 0 35 30 0
frame=16136 map=35.0 pos=35,27 flags=0
party=2 HP=30/30,26/26 battle=0 battlers=0 outcome=0 PP=0,0 trial=0 donut-ability=0
persistent PP=8,2 status=0,0
growth level/xp/item=8/399/0,8/709/0 stats maxHP/attack,maxHP/magic=30/20,26/13 foesHP=0,0
pattern trainer=0 turn=0 foePP=0,0 foeAtkDef=0,0 CarlAtk=0 foeLevel=0
support PP=0,0 Carl-defense=0 enemy-attack=0,0
party action uses=8,40 / 2,40
frame=16176 map=35.0 pos=35,27 flags=0
party=2 HP=30/30,26/26 battle=0 battlers=0 outcome=0 PP=0,0 trial=0 donut-ability=0
persistent PP=8,2 status=0,0
growth level/xp/item=8/399/0,8/709/0 stats maxHP/attack,maxHP/magic=30/20,26/13 foesHP=0,0
pattern trainer=0 turn=0 foePP=0,0 foeAtkDef=0,0 CarlAtk=0 foeLevel=0
support PP=0,0 Carl-defense=0 enemy-attack=0,0
party action uses=8,40 / 2,40
frame=16176 map=35.0 pos=35,27 flags=0
party=2 HP=30/30,26/26 battle=0 battlers=0 outcome=0 PP=0,0 trial=0 donut-ability=0
persistent PP=8,2 status=0,0
growth level/xp/item=8/399/0,8/709/0 stats maxHP/attack,maxHP/magic=30/20,26/13 foesHP=0,0
pattern trainer=0 turn=0 foePP=0,0 foeAtkDef=0,0 CarlAtk=0 foeLevel=0
support PP=0,0 Carl-defense=0 enemy-attack=0,0
party action uses=8,40 / 2,40
PASS expect 35 0 35 27 0
frame=16228 map=35.0 pos=38,27 flags=0
party=2 HP=30/30,26/26 battle=0 battlers=0 outcome=0 PP=0,0 trial=0 donut-ability=0
persistent PP=8,2 status=0,0
growth level/xp/item=8/399/0,8/709/0 stats maxHP/attack,maxHP/magic=30/20,26/13 foesHP=0,0
pattern trainer=0 turn=0 foePP=0,0 foeAtkDef=0,0 CarlAtk=0 foeLevel=0
support PP=0,0 Carl-defense=0 enemy-attack=0,0
party action uses=8,40 / 2,40
frame=16268 map=35.0 pos=38,27 flags=0
party=2 HP=30/30,26/26 battle=0 battlers=0 outcome=0 PP=0,0 trial=0 donut-ability=0
persistent PP=8,2 status=0,0
growth level/xp/item=8/399/0,8/709/0 stats maxHP/attack,maxHP/magic=30/20,26/13 foesHP=0,0
pattern trainer=0 turn=0 foePP=0,0 foeAtkDef=0,0 CarlAtk=0 foeLevel=0
support PP=0,0 Carl-defense=0 enemy-attack=0,0
party action uses=8,40 / 2,40
frame=16268 map=35.0 pos=38,27 flags=0
party=2 HP=30/30,26/26 battle=0 battlers=0 outcome=0 PP=0,0 trial=0 donut-ability=0
persistent PP=8,2 status=0,0
growth level/xp/item=8/399/0,8/709/0 stats maxHP/attack,maxHP/magic=30/20,26/13 foesHP=0,0
pattern trainer=0 turn=0 foePP=0,0 foeAtkDef=0,0 CarlAtk=0 foeLevel=0
support PP=0,0 Carl-defense=0 enemy-attack=0,0
party action uses=8,40 / 2,40
PASS expect 35 0 38 27 0
frame=16288 map=35.0 pos=38,26 flags=0
party=2 HP=30/30,26/26 battle=0 battlers=0 outcome=0 PP=0,0 trial=0 donut-ability=0
persistent PP=8,2 status=0,0
growth level/xp/item=8/399/0,8/709/0 stats maxHP/attack,maxHP/magic=30/20,26/13 foesHP=0,0
pattern trainer=0 turn=0 foePP=0,0 foeAtkDef=0,0 CarlAtk=0 foeLevel=0
support PP=0,0 Carl-defense=0 enemy-attack=0,0
party action uses=8,40 / 2,40
frame=16328 map=35.0 pos=38,26 flags=0
party=2 HP=30/30,26/26 battle=0 battlers=0 outcome=0 PP=0,0 trial=0 donut-ability=0
persistent PP=8,2 status=0,0
growth level/xp/item=8/399/0,8/709/0 stats maxHP/attack,maxHP/magic=30/20,26/13 foesHP=0,0
pattern trainer=0 turn=0 foePP=0,0 foeAtkDef=0,0 CarlAtk=0 foeLevel=0
support PP=0,0 Carl-defense=0 enemy-attack=0,0
party action uses=8,40 / 2,40
frame=16328 map=35.0 pos=38,26 flags=0
party=2 HP=30/30,26/26 battle=0 battlers=0 outcome=0 PP=0,0 trial=0 donut-ability=0
persistent PP=8,2 status=0,0
growth level/xp/item=8/399/0,8/709/0 stats maxHP/attack,maxHP/magic=30/20,26/13 foesHP=0,0
pattern trainer=0 turn=0 foePP=0,0 foeAtkDef=0,0 CarlAtk=0 foeLevel=0
support PP=0,0 Carl-defense=0 enemy-attack=0,0
party action uses=8,40 / 2,40
PASS expect 35 0 38 26 0
frame=16428 map=35.0 pos=44,26 flags=0
party=2 HP=30/30,26/26 battle=0 battlers=0 outcome=0 PP=0,0 trial=0 donut-ability=0
persistent PP=8,2 status=0,0
growth level/xp/item=8/399/0,8/709/0 stats maxHP/attack,maxHP/magic=30/20,26/13 foesHP=0,0
pattern trainer=0 turn=0 foePP=0,0 foeAtkDef=0,0 CarlAtk=0 foeLevel=0
support PP=0,0 Carl-defense=0 enemy-attack=0,0
party action uses=8,40 / 2,40
frame=16468 map=35.0 pos=44,26 flags=0
party=2 HP=30/30,26/26 battle=0 battlers=0 outcome=0 PP=0,0 trial=0 donut-ability=0
persistent PP=8,2 status=0,0
growth level/xp/item=8/399/0,8/709/0 stats maxHP/attack,maxHP/magic=30/20,26/13 foesHP=0,0
pattern trainer=0 turn=0 foePP=0,0 foeAtkDef=0,0 CarlAtk=0 foeLevel=0
support PP=0,0 Carl-defense=0 enemy-attack=0,0
party action uses=8,40 / 2,40
frame=16468 map=35.0 pos=44,26 flags=0
party=2 HP=30/30,26/26 battle=0 battlers=0 outcome=0 PP=0,0 trial=0 donut-ability=0
persistent PP=8,2 status=0,0
growth level/xp/item=8/399/0,8/709/0 stats maxHP/attack,maxHP/magic=30/20,26/13 foesHP=0,0
pattern trainer=0 turn=0 foePP=0,0 foeAtkDef=0,0 CarlAtk=0 foeLevel=0
support PP=0,0 Carl-defense=0 enemy-attack=0,0
party action uses=8,40 / 2,40
PASS expect 35 0 44 26 0
frame=16520 map=35.0 pos=44,23 flags=0
party=2 HP=30/30,26/26 battle=0 battlers=0 outcome=0 PP=0,0 trial=0 donut-ability=0
persistent PP=8,2 status=0,0
growth level/xp/item=8/399/0,8/709/0 stats maxHP/attack,maxHP/magic=30/20,26/13 foesHP=0,0
pattern trainer=0 turn=0 foePP=0,0 foeAtkDef=0,0 CarlAtk=0 foeLevel=0
support PP=0,0 Carl-defense=0 enemy-attack=0,0
party action uses=8,40 / 2,40
frame=16560 map=35.0 pos=44,23 flags=0
party=2 HP=30/30,26/26 battle=0 battlers=0 outcome=0 PP=0,0 trial=0 donut-ability=0
persistent PP=8,2 status=0,0
growth level/xp/item=8/399/0,8/709/0 stats maxHP/attack,maxHP/magic=30/20,26/13 foesHP=0,0
pattern trainer=0 turn=0 foePP=0,0 foeAtkDef=0,0 CarlAtk=0 foeLevel=0
support PP=0,0 Carl-defense=0 enemy-attack=0,0
party action uses=8,40 / 2,40
frame=16560 map=35.0 pos=44,23 flags=0
party=2 HP=30/30,26/26 battle=0 battlers=0 outcome=0 PP=0,0 trial=0 donut-ability=0
persistent PP=8,2 status=0,0
growth level/xp/item=8/399/0,8/709/0 stats maxHP/attack,maxHP/magic=30/20,26/13 foesHP=0,0
pattern trainer=0 turn=0 foePP=0,0 foeAtkDef=0,0 CarlAtk=0 foeLevel=0
support PP=0,0 Carl-defense=0 enemy-attack=0,0
party action uses=8,40 / 2,40
PASS expect 35 0 44 23 0
frame=16660 map=35.0 pos=50,23 flags=0
party=2 HP=30/30,26/26 battle=0 battlers=0 outcome=0 PP=0,0 trial=0 donut-ability=0
persistent PP=8,2 status=0,0
growth level/xp/item=8/399/0,8/709/0 stats maxHP/attack,maxHP/magic=30/20,26/13 foesHP=0,0
pattern trainer=0 turn=0 foePP=0,0 foeAtkDef=0,0 CarlAtk=0 foeLevel=0
support PP=0,0 Carl-defense=0 enemy-attack=0,0
party action uses=8,40 / 2,40
frame=16700 map=35.0 pos=50,23 flags=0
party=2 HP=30/30,26/26 battle=0 battlers=0 outcome=0 PP=0,0 trial=0 donut-ability=0
persistent PP=8,2 status=0,0
growth level/xp/item=8/399/0,8/709/0 stats maxHP/attack,maxHP/magic=30/20,26/13 foesHP=0,0
pattern trainer=0 turn=0 foePP=0,0 foeAtkDef=0,0 CarlAtk=0 foeLevel=0
support PP=0,0 Carl-defense=0 enemy-attack=0,0
party action uses=8,40 / 2,40
frame=16700 map=35.0 pos=50,23 flags=0
party=2 HP=30/30,26/26 battle=0 battlers=0 outcome=0 PP=0,0 trial=0 donut-ability=0
persistent PP=8,2 status=0,0
growth level/xp/item=8/399/0,8/709/0 stats maxHP/attack,maxHP/magic=30/20,26/13 foesHP=0,0
pattern trainer=0 turn=0 foePP=0,0 foeAtkDef=0,0 CarlAtk=0 foeLevel=0
support PP=0,0 Carl-defense=0 enemy-attack=0,0
party action uses=8,40 / 2,40
PASS expect 35 0 50 23 0
frame=16740 map=35.0 pos=50,23 flags=0
party=2 HP=30/30,26/26 battle=0 battlers=0 outcome=0 PP=0,0 trial=0 donut-ability=0
persistent PP=8,2 status=0,0
growth level/xp/item=8/399/0,8/709/0 stats maxHP/attack,maxHP/magic=30/20,26/13 foesHP=0,0
pattern trainer=0 turn=0 foePP=0,0 foeAtkDef=0,0 CarlAtk=0 foeLevel=0
support PP=0,0 Carl-defense=0 enemy-attack=0,0
party action uses=8,40 / 2,40
frame=16840 map=35.0 pos=44,23 flags=0
party=2 HP=30/30,26/26 battle=0 battlers=0 outcome=0 PP=0,0 trial=0 donut-ability=0
persistent PP=8,2 status=0,0
growth level/xp/item=8/399/0,8/709/0 stats maxHP/attack,maxHP/magic=30/20,26/13 foesHP=0,0
pattern trainer=0 turn=0 foePP=0,0 foeAtkDef=0,0 CarlAtk=0 foeLevel=0
support PP=0,0 Carl-defense=0 enemy-attack=0,0
party action uses=8,40 / 2,40
frame=16880 map=35.0 pos=44,23 flags=0
party=2 HP=30/30,26/26 battle=0 battlers=0 outcome=0 PP=0,0 trial=0 donut-ability=0
persistent PP=8,2 status=0,0
growth level/xp/item=8/399/0,8/709/0 stats maxHP/attack,maxHP/magic=30/20,26/13 foesHP=0,0
pattern trainer=0 turn=0 foePP=0,0 foeAtkDef=0,0 CarlAtk=0 foeLevel=0
support PP=0,0 Carl-defense=0 enemy-attack=0,0
party action uses=8,40 / 2,40
frame=16880 map=35.0 pos=44,23 flags=0
party=2 HP=30/30,26/26 battle=0 battlers=0 outcome=0 PP=0,0 trial=0 donut-ability=0
persistent PP=8,2 status=0,0
growth level/xp/item=8/399/0,8/709/0 stats maxHP/attack,maxHP/magic=30/20,26/13 foesHP=0,0
pattern trainer=0 turn=0 foePP=0,0 foeAtkDef=0,0 CarlAtk=0 foeLevel=0
support PP=0,0 Carl-defense=0 enemy-attack=0,0
party action uses=8,40 / 2,40
PASS expect 35 0 44 23 0
frame=16948 map=35.0 pos=48,23 flags=0
party=2 HP=30/30,26/26 battle=0 battlers=0 outcome=0 PP=0,0 trial=0 donut-ability=0
persistent PP=8,2 status=0,0
growth level/xp/item=8/399/0,8/709/0 stats maxHP/attack,maxHP/magic=30/20,26/13 foesHP=0,0
pattern trainer=0 turn=0 foePP=0,0 foeAtkDef=0,0 CarlAtk=0 foeLevel=0
support PP=0,0 Carl-defense=0 enemy-attack=0,0
party action uses=8,40 / 2,40
frame=16988 map=35.0 pos=48,23 flags=0
party=2 HP=30/30,26/26 battle=0 battlers=0 outcome=0 PP=0,0 trial=0 donut-ability=0
persistent PP=8,2 status=0,0
growth level/xp/item=8/399/0,8/709/0 stats maxHP/attack,maxHP/magic=30/20,26/13 foesHP=0,0
pattern trainer=0 turn=0 foePP=0,0 foeAtkDef=0,0 CarlAtk=0 foeLevel=0
support PP=0,0 Carl-defense=0 enemy-attack=0,0
party action uses=8,40 / 2,40
frame=16988 map=35.0 pos=48,23 flags=0
party=2 HP=30/30,26/26 battle=0 battlers=0 outcome=0 PP=0,0 trial=0 donut-ability=0
persistent PP=8,2 status=0,0
growth level/xp/item=8/399/0,8/709/0 stats maxHP/attack,maxHP/magic=30/20,26/13 foesHP=0,0
pattern trainer=0 turn=0 foePP=0,0 foeAtkDef=0,0 CarlAtk=0 foeLevel=0
support PP=0,0 Carl-defense=0 enemy-attack=0,0
party action uses=8,40 / 2,40
PASS expect 35 0 48 23 0
frame=17088 map=35.0 pos=48,29 flags=0
party=2 HP=30/30,26/26 battle=0 battlers=0 outcome=0 PP=0,0 trial=0 donut-ability=0
persistent PP=8,2 status=0,0
growth level/xp/item=8/399/0,8/709/0 stats maxHP/attack,maxHP/magic=30/20,26/13 foesHP=0,0
pattern trainer=0 turn=0 foePP=0,0 foeAtkDef=0,0 CarlAtk=0 foeLevel=0
support PP=0,0 Carl-defense=0 enemy-attack=0,0
party action uses=8,40 / 2,40
frame=17128 map=35.0 pos=48,29 flags=0
party=2 HP=30/30,26/26 battle=0 battlers=0 outcome=0 PP=0,0 trial=0 donut-ability=0
persistent PP=8,2 status=0,0
growth level/xp/item=8/399/0,8/709/0 stats maxHP/attack,maxHP/magic=30/20,26/13 foesHP=0,0
pattern trainer=0 turn=0 foePP=0,0 foeAtkDef=0,0 CarlAtk=0 foeLevel=0
support PP=0,0 Carl-defense=0 enemy-attack=0,0
party action uses=8,40 / 2,40
frame=17128 map=35.0 pos=48,29 flags=0
party=2 HP=30/30,26/26 battle=0 battlers=0 outcome=0 PP=0,0 trial=0 donut-ability=0
persistent PP=8,2 status=0,0
growth level/xp/item=8/399/0,8/709/0 stats maxHP/attack,maxHP/magic=30/20,26/13 foesHP=0,0
pattern trainer=0 turn=0 foePP=0,0 foeAtkDef=0,0 CarlAtk=0 foeLevel=0
support PP=0,0 Carl-defense=0 enemy-attack=0,0
party action uses=8,40 / 2,40
PASS expect 35 0 48 29 0
frame=17192 map=35.0 pos=48,33 flags=0
party=2 HP=30/30,26/26 battle=0 battlers=0 outcome=0 PP=0,0 trial=0 donut-ability=0
persistent PP=8,2 status=0,0
growth level/xp/item=8/399/0,8/709/0 stats maxHP/attack,maxHP/magic=30/20,26/13 foesHP=0,0
pattern trainer=0 turn=0 foePP=0,0 foeAtkDef=0,0 CarlAtk=0 foeLevel=0
support PP=0,0 Carl-defense=0 enemy-attack=0,0
party action uses=8,40 / 2,40
frame=17232 map=35.0 pos=48,33 flags=0
party=2 HP=30/30,26/26 battle=0 battlers=0 outcome=0 PP=0,0 trial=0 donut-ability=0
persistent PP=8,2 status=0,0
growth level/xp/item=8/399/0,8/709/0 stats maxHP/attack,maxHP/magic=30/20,26/13 foesHP=0,0
pattern trainer=0 turn=0 foePP=0,0 foeAtkDef=0,0 CarlAtk=0 foeLevel=0
support PP=0,0 Carl-defense=0 enemy-attack=0,0
party action uses=8,40 / 2,40
frame=17232 map=35.0 pos=48,33 flags=0
party=2 HP=30/30,26/26 battle=0 battlers=0 outcome=0 PP=0,0 trial=0 donut-ability=0
persistent PP=8,2 status=0,0
growth level/xp/item=8/399/0,8/709/0 stats maxHP/attack,maxHP/magic=30/20,26/13 foesHP=0,0
pattern trainer=0 turn=0 foePP=0,0 foeAtkDef=0,0 CarlAtk=0 foeLevel=0
support PP=0,0 Carl-defense=0 enemy-attack=0,0
party action uses=8,40 / 2,40
PASS expect 35 0 48 33 0
frame=17272 map=35.0 pos=48,33 flags=0
party=2 HP=30/30,26/26 battle=0 battlers=0 outcome=0 PP=0,0 trial=0 donut-ability=0
persistent PP=8,2 status=0,0
growth level/xp/item=8/399/0,8/709/0 stats maxHP/attack,maxHP/magic=30/20,26/13 foesHP=0,0
pattern trainer=0 turn=0 foePP=0,0 foeAtkDef=0,0 CarlAtk=0 foeLevel=0
support PP=0,0 Carl-defense=0 enemy-attack=0,0
party action uses=8,40 / 2,40
frame=17340 map=35.0 pos=48,29 flags=0
party=2 HP=30/30,26/26 battle=0 battlers=0 outcome=0 PP=0,0 trial=0 donut-ability=0
persistent PP=8,2 status=0,0
growth level/xp/item=8/399/0,8/709/0 stats maxHP/attack,maxHP/magic=30/20,26/13 foesHP=0,0
pattern trainer=0 turn=0 foePP=0,0 foeAtkDef=0,0 CarlAtk=0 foeLevel=0
support PP=0,0 Carl-defense=0 enemy-attack=0,0
party action uses=8,40 / 2,40
frame=17380 map=35.0 pos=48,29 flags=0
party=2 HP=30/30,26/26 battle=0 battlers=0 outcome=0 PP=0,0 trial=0 donut-ability=0
persistent PP=8,2 status=0,0
growth level/xp/item=8/399/0,8/709/0 stats maxHP/attack,maxHP/magic=30/20,26/13 foesHP=0,0
pattern trainer=0 turn=0 foePP=0,0 foeAtkDef=0,0 CarlAtk=0 foeLevel=0
support PP=0,0 Carl-defense=0 enemy-attack=0,0
party action uses=8,40 / 2,40
frame=17380 map=35.0 pos=48,29 flags=0
party=2 HP=30/30,26/26 battle=0 battlers=0 outcome=0 PP=0,0 trial=0 donut-ability=0
persistent PP=8,2 status=0,0
growth level/xp/item=8/399/0,8/709/0 stats maxHP/attack,maxHP/magic=30/20,26/13 foesHP=0,0
pattern trainer=0 turn=0 foePP=0,0 foeAtkDef=0,0 CarlAtk=0 foeLevel=0
support PP=0,0 Carl-defense=0 enemy-attack=0,0
party action uses=8,40 / 2,40
PASS expect 35 0 48 29 0
frame=17540 map=35.0 pos=48,19 flags=0
party=2 HP=30/30,26/26 battle=0 battlers=0 outcome=0 PP=0,0 trial=0 donut-ability=0
persistent PP=8,2 status=0,0
growth level/xp/item=8/399/0,8/709/0 stats maxHP/attack,maxHP/magic=30/20,26/13 foesHP=0,0
pattern trainer=0 turn=0 foePP=0,0 foeAtkDef=0,0 CarlAtk=0 foeLevel=0
support PP=0,0 Carl-defense=0 enemy-attack=0,0
party action uses=8,40 / 2,40
frame=17580 map=35.0 pos=48,19 flags=0
party=2 HP=30/30,26/26 battle=0 battlers=0 outcome=0 PP=0,0 trial=0 donut-ability=0
persistent PP=8,2 status=0,0
growth level/xp/item=8/399/0,8/709/0 stats maxHP/attack,maxHP/magic=30/20,26/13 foesHP=0,0
pattern trainer=0 turn=0 foePP=0,0 foeAtkDef=0,0 CarlAtk=0 foeLevel=0
support PP=0,0 Carl-defense=0 enemy-attack=0,0
party action uses=8,40 / 2,40
frame=17580 map=35.0 pos=48,19 flags=0
party=2 HP=30/30,26/26 battle=0 battlers=0 outcome=0 PP=0,0 trial=0 donut-ability=0
persistent PP=8,2 status=0,0
growth level/xp/item=8/399/0,8/709/0 stats maxHP/attack,maxHP/magic=30/20,26/13 foesHP=0,0
pattern trainer=0 turn=0 foePP=0,0 foeAtkDef=0,0 CarlAtk=0 foeLevel=0
support PP=0,0 Carl-defense=0 enemy-attack=0,0
party action uses=8,40 / 2,40
PASS expect 35 0 48 19 0
frame=17680 map=35.0 pos=42,19 flags=0
party=2 HP=30/30,26/26 battle=0 battlers=0 outcome=0 PP=0,0 trial=0 donut-ability=0
persistent PP=8,2 status=0,0
growth level/xp/item=8/399/0,8/709/0 stats maxHP/attack,maxHP/magic=30/20,26/13 foesHP=0,0
pattern trainer=0 turn=0 foePP=0,0 foeAtkDef=0,0 CarlAtk=0 foeLevel=0
support PP=0,0 Carl-defense=0 enemy-attack=0,0
party action uses=8,40 / 2,40
frame=17720 map=35.0 pos=42,19 flags=0
party=2 HP=30/30,26/26 battle=0 battlers=0 outcome=0 PP=0,0 trial=0 donut-ability=0
persistent PP=8,2 status=0,0
growth level/xp/item=8/399/0,8/709/0 stats maxHP/attack,maxHP/magic=30/20,26/13 foesHP=0,0
pattern trainer=0 turn=0 foePP=0,0 foeAtkDef=0,0 CarlAtk=0 foeLevel=0
support PP=0,0 Carl-defense=0 enemy-attack=0,0
party action uses=8,40 / 2,40
frame=17720 map=35.0 pos=42,19 flags=0
party=2 HP=30/30,26/26 battle=0 battlers=0 outcome=0 PP=0,0 trial=0 donut-ability=0
persistent PP=8,2 status=0,0
growth level/xp/item=8/399/0,8/709/0 stats maxHP/attack,maxHP/magic=30/20,26/13 foesHP=0,0
pattern trainer=0 turn=0 foePP=0,0 foeAtkDef=0,0 CarlAtk=0 foeLevel=0
support PP=0,0 Carl-defense=0 enemy-attack=0,0
party action uses=8,40 / 2,40
PASS expect 35 0 42 19 0
frame=17820 map=35.0 pos=48,19 flags=0
party=2 HP=30/30,26/26 battle=0 battlers=0 outcome=0 PP=0,0 trial=0 donut-ability=0
persistent PP=8,2 status=0,0
growth level/xp/item=8/399/0,8/709/0 stats maxHP/attack,maxHP/magic=30/20,26/13 foesHP=0,0
pattern trainer=0 turn=0 foePP=0,0 foeAtkDef=0,0 CarlAtk=0 foeLevel=0
support PP=0,0 Carl-defense=0 enemy-attack=0,0
party action uses=8,40 / 2,40
frame=17860 map=35.0 pos=48,19 flags=0
party=2 HP=30/30,26/26 battle=0 battlers=0 outcome=0 PP=0,0 trial=0 donut-ability=0
persistent PP=8,2 status=0,0
growth level/xp/item=8/399/0,8/709/0 stats maxHP/attack,maxHP/magic=30/20,26/13 foesHP=0,0
pattern trainer=0 turn=0 foePP=0,0 foeAtkDef=0,0 CarlAtk=0 foeLevel=0
support PP=0,0 Carl-defense=0 enemy-attack=0,0
party action uses=8,40 / 2,40
frame=17860 map=35.0 pos=48,19 flags=0
party=2 HP=30/30,26/26 battle=0 battlers=0 outcome=0 PP=0,0 trial=0 donut-ability=0
persistent PP=8,2 status=0,0
growth level/xp/item=8/399/0,8/709/0 stats maxHP/attack,maxHP/magic=30/20,26/13 foesHP=0,0
pattern trainer=0 turn=0 foePP=0,0 foeAtkDef=0,0 CarlAtk=0 foeLevel=0
support PP=0,0 Carl-defense=0 enemy-attack=0,0
party action uses=8,40 / 2,40
PASS expect 35 0 48 19 0
frame=17900 map=35.0 pos=48,19 flags=0
party=2 HP=30/30,26/26 battle=0 battlers=0 outcome=0 PP=0,0 trial=0 donut-ability=0
persistent PP=8,2 status=0,0
growth level/xp/item=8/399/0,8/709/0 stats maxHP/attack,maxHP/magic=30/20,26/13 foesHP=0,0
pattern trainer=0 turn=0 foePP=0,0 foeAtkDef=0,0 CarlAtk=0 foeLevel=0
support PP=0,0 Carl-defense=0 enemy-attack=0,0
party action uses=8,40 / 2,40
frame=18000 map=35.0 pos=42,19 flags=0
party=2 HP=30/30,26/26 battle=0 battlers=0 outcome=0 PP=0,0 trial=0 donut-ability=0
persistent PP=8,2 status=0,0
growth level/xp/item=8/399/0,8/709/0 stats maxHP/attack,maxHP/magic=30/20,26/13 foesHP=0,0
pattern trainer=0 turn=0 foePP=0,0 foeAtkDef=0,0 CarlAtk=0 foeLevel=0
support PP=0,0 Carl-defense=0 enemy-attack=0,0
party action uses=8,40 / 2,40
frame=18040 map=35.0 pos=42,19 flags=0
party=2 HP=30/30,26/26 battle=0 battlers=0 outcome=0 PP=0,0 trial=0 donut-ability=0
persistent PP=8,2 status=0,0
growth level/xp/item=8/399/0,8/709/0 stats maxHP/attack,maxHP/magic=30/20,26/13 foesHP=0,0
pattern trainer=0 turn=0 foePP=0,0 foeAtkDef=0,0 CarlAtk=0 foeLevel=0
support PP=0,0 Carl-defense=0 enemy-attack=0,0
party action uses=8,40 / 2,40
frame=18040 map=35.0 pos=42,19 flags=0
party=2 HP=30/30,26/26 battle=0 battlers=0 outcome=0 PP=0,0 trial=0 donut-ability=0
persistent PP=8,2 status=0,0
growth level/xp/item=8/399/0,8/709/0 stats maxHP/attack,maxHP/magic=30/20,26/13 foesHP=0,0
pattern trainer=0 turn=0 foePP=0,0 foeAtkDef=0,0 CarlAtk=0 foeLevel=0
support PP=0,0 Carl-defense=0 enemy-attack=0,0
party action uses=8,40 / 2,40
PASS expect 35 0 42 19 0
frame=18076 map=35.0 pos=42,17 flags=0
party=2 HP=30/30,26/26 battle=0 battlers=0 outcome=0 PP=0,0 trial=0 donut-ability=0
persistent PP=8,2 status=0,0
growth level/xp/item=8/399/0,8/709/0 stats maxHP/attack,maxHP/magic=30/20,26/13 foesHP=0,0
pattern trainer=0 turn=0 foePP=0,0 foeAtkDef=0,0 CarlAtk=0 foeLevel=0
support PP=0,0 Carl-defense=0 enemy-attack=0,0
party action uses=8,40 / 2,40
frame=18116 map=35.0 pos=42,17 flags=0
party=2 HP=30/30,26/26 battle=0 battlers=0 outcome=0 PP=0,0 trial=0 donut-ability=0
persistent PP=8,2 status=0,0
growth level/xp/item=8/399/0,8/709/0 stats maxHP/attack,maxHP/magic=30/20,26/13 foesHP=0,0
pattern trainer=0 turn=0 foePP=0,0 foeAtkDef=0,0 CarlAtk=0 foeLevel=0
support PP=0,0 Carl-defense=0 enemy-attack=0,0
party action uses=8,40 / 2,40
frame=18116 map=35.0 pos=42,17 flags=0
party=2 HP=30/30,26/26 battle=0 battlers=0 outcome=0 PP=0,0 trial=0 donut-ability=0
persistent PP=8,2 status=0,0
growth level/xp/item=8/399/0,8/709/0 stats maxHP/attack,maxHP/magic=30/20,26/13 foesHP=0,0
pattern trainer=0 turn=0 foePP=0,0 foeAtkDef=0,0 CarlAtk=0 foeLevel=0
support PP=0,0 Carl-defense=0 enemy-attack=0,0
party action uses=8,40 / 2,40
PASS expect 35 0 42 17 0
frame=18136 map=35.0 pos=41,17 flags=0
party=2 HP=30/30,26/26 battle=0 battlers=0 outcome=0 PP=0,0 trial=0 donut-ability=0
persistent PP=8,2 status=0,0
growth level/xp/item=8/399/0,8/709/0 stats maxHP/attack,maxHP/magic=30/20,26/13 foesHP=0,0
pattern trainer=0 turn=0 foePP=0,0 foeAtkDef=0,0 CarlAtk=0 foeLevel=0
support PP=0,0 Carl-defense=0 enemy-attack=0,0
party action uses=8,40 / 2,40
frame=18176 map=35.0 pos=41,17 flags=0
party=2 HP=30/30,26/26 battle=0 battlers=0 outcome=0 PP=0,0 trial=0 donut-ability=0
persistent PP=8,2 status=0,0
growth level/xp/item=8/399/0,8/709/0 stats maxHP/attack,maxHP/magic=30/20,26/13 foesHP=0,0
pattern trainer=0 turn=0 foePP=0,0 foeAtkDef=0,0 CarlAtk=0 foeLevel=0
support PP=0,0 Carl-defense=0 enemy-attack=0,0
party action uses=8,40 / 2,40
frame=18176 map=35.0 pos=41,17 flags=0
party=2 HP=30/30,26/26 battle=0 battlers=0 outcome=0 PP=0,0 trial=0 donut-ability=0
persistent PP=8,2 status=0,0
growth level/xp/item=8/399/0,8/709/0 stats maxHP/attack,maxHP/magic=30/20,26/13 foesHP=0,0
pattern trainer=0 turn=0 foePP=0,0 foeAtkDef=0,0 CarlAtk=0 foeLevel=0
support PP=0,0 Carl-defense=0 enemy-attack=0,0
party action uses=8,40 / 2,40
PASS expect 35 0 41 17 0
frame=18244 map=35.0 pos=41,13 flags=0
party=2 HP=30/30,26/26 battle=0 battlers=0 outcome=0 PP=0,0 trial=0 donut-ability=0
persistent PP=8,2 status=0,0
growth level/xp/item=8/399/0,8/709/0 stats maxHP/attack,maxHP/magic=30/20,26/13 foesHP=0,0
pattern trainer=0 turn=0 foePP=0,0 foeAtkDef=0,0 CarlAtk=0 foeLevel=0
support PP=0,0 Carl-defense=0 enemy-attack=0,0
party action uses=8,40 / 2,40
frame=18284 map=35.0 pos=41,13 flags=0
party=2 HP=30/30,26/26 battle=0 battlers=0 outcome=0 PP=0,0 trial=0 donut-ability=0
persistent PP=8,2 status=0,0
growth level/xp/item=8/399/0,8/709/0 stats maxHP/attack,maxHP/magic=30/20,26/13 foesHP=0,0
pattern trainer=0 turn=0 foePP=0,0 foeAtkDef=0,0 CarlAtk=0 foeLevel=0
support PP=0,0 Carl-defense=0 enemy-attack=0,0
party action uses=8,40 / 2,40
frame=18284 map=35.0 pos=41,13 flags=0
party=2 HP=30/30,26/26 battle=0 battlers=0 outcome=0 PP=0,0 trial=0 donut-ability=0
persistent PP=8,2 status=0,0
growth level/xp/item=8/399/0,8/709/0 stats maxHP/attack,maxHP/magic=30/20,26/13 foesHP=0,0
pattern trainer=0 turn=0 foePP=0,0 foeAtkDef=0,0 CarlAtk=0 foeLevel=0
support PP=0,0 Carl-defense=0 enemy-attack=0,0
party action uses=8,40 / 2,40
PASS expect 35 0 41 13 0
frame=18304 map=35.0 pos=40,13 flags=0
party=2 HP=30/30,26/26 battle=0 battlers=0 outcome=0 PP=0,0 trial=0 donut-ability=0
persistent PP=8,2 status=0,0
growth level/xp/item=8/399/0,8/709/0 stats maxHP/attack,maxHP/magic=30/20,26/13 foesHP=0,0
pattern trainer=0 turn=0 foePP=0,0 foeAtkDef=0,0 CarlAtk=0 foeLevel=0
support PP=0,0 Carl-defense=0 enemy-attack=0,0
party action uses=8,40 / 2,40
frame=18344 map=35.0 pos=40,13 flags=0
party=2 HP=30/30,26/26 battle=0 battlers=0 outcome=0 PP=0,0 trial=0 donut-ability=0
persistent PP=8,2 status=0,0
growth level/xp/item=8/399/0,8/709/0 stats maxHP/attack,maxHP/magic=30/20,26/13 foesHP=0,0
pattern trainer=0 turn=0 foePP=0,0 foeAtkDef=0,0 CarlAtk=0 foeLevel=0
support PP=0,0 Carl-defense=0 enemy-attack=0,0
party action uses=8,40 / 2,40
frame=18344 map=35.0 pos=40,13 flags=0
party=2 HP=30/30,26/26 battle=0 battlers=0 outcome=0 PP=0,0 trial=0 donut-ability=0
persistent PP=8,2 status=0,0
growth level/xp/item=8/399/0,8/709/0 stats maxHP/attack,maxHP/magic=30/20,26/13 foesHP=0,0
pattern trainer=0 turn=0 foePP=0,0 foeAtkDef=0,0 CarlAtk=0 foeLevel=0
support PP=0,0 Carl-defense=0 enemy-attack=0,0
party action uses=8,40 / 2,40
PASS expect 35 0 40 13 0
frame=18444 map=35.0 pos=40,19 flags=0
party=2 HP=30/30,26/26 battle=0 battlers=0 outcome=0 PP=0,0 trial=0 donut-ability=0
persistent PP=8,2 status=0,0
growth level/xp/item=8/399/0,8/709/0 stats maxHP/attack,maxHP/magic=30/20,26/13 foesHP=0,0
pattern trainer=0 turn=0 foePP=0,0 foeAtkDef=0,0 CarlAtk=0 foeLevel=0
support PP=0,0 Carl-defense=0 enemy-attack=0,0
party action uses=8,40 / 2,40
frame=18484 map=35.0 pos=40,19 flags=0
party=2 HP=30/30,26/26 battle=0 battlers=0 outcome=0 PP=0,0 trial=0 donut-ability=0
persistent PP=8,2 status=0,0
growth level/xp/item=8/399/0,8/709/0 stats maxHP/attack,maxHP/magic=30/20,26/13 foesHP=0,0
pattern trainer=0 turn=0 foePP=0,0 foeAtkDef=0,0 CarlAtk=0 foeLevel=0
support PP=0,0 Carl-defense=0 enemy-attack=0,0
party action uses=8,40 / 2,40
frame=18484 map=35.0 pos=40,19 flags=0
party=2 HP=30/30,26/26 battle=0 battlers=0 outcome=0 PP=0,0 trial=0 donut-ability=0
persistent PP=8,2 status=0,0
growth level/xp/item=8/399/0,8/709/0 stats maxHP/attack,maxHP/magic=30/20,26/13 foesHP=0,0
pattern trainer=0 turn=0 foePP=0,0 foeAtkDef=0,0 CarlAtk=0 foeLevel=0
support PP=0,0 Carl-defense=0 enemy-attack=0,0
party action uses=8,40 / 2,40
PASS expect 35 0 40 19 0
frame=18524 map=35.0 pos=40,19 flags=0
party=2 HP=30/30,26/26 battle=0 battlers=0 outcome=0 PP=0,0 trial=0 donut-ability=0
persistent PP=8,2 status=0,0
growth level/xp/item=8/399/0,8/709/0 stats maxHP/attack,maxHP/magic=30/20,26/13 foesHP=0,0
pattern trainer=0 turn=0 foePP=0,0 foeAtkDef=0,0 CarlAtk=0 foeLevel=0
support PP=0,0 Carl-defense=0 enemy-attack=0,0
party action uses=8,40 / 2,40
frame=18624 map=35.0 pos=40,13 flags=0
party=2 HP=30/30,26/26 battle=0 battlers=0 outcome=0 PP=0,0 trial=0 donut-ability=0
persistent PP=8,2 status=0,0
growth level/xp/item=8/399/0,8/709/0 stats maxHP/attack,maxHP/magic=30/20,26/13 foesHP=0,0
pattern trainer=0 turn=0 foePP=0,0 foeAtkDef=0,0 CarlAtk=0 foeLevel=0
support PP=0,0 Carl-defense=0 enemy-attack=0,0
party action uses=8,40 / 2,40
frame=18664 map=35.0 pos=40,13 flags=0
party=2 HP=30/30,26/26 battle=0 battlers=0 outcome=0 PP=0,0 trial=0 donut-ability=0
persistent PP=8,2 status=0,0
growth level/xp/item=8/399/0,8/709/0 stats maxHP/attack,maxHP/magic=30/20,26/13 foesHP=0,0
pattern trainer=0 turn=0 foePP=0,0 foeAtkDef=0,0 CarlAtk=0 foeLevel=0
support PP=0,0 Carl-defense=0 enemy-attack=0,0
party action uses=8,40 / 2,40
frame=18664 map=35.0 pos=40,13 flags=0
party=2 HP=30/30,26/26 battle=0 battlers=0 outcome=0 PP=0,0 trial=0 donut-ability=0
persistent PP=8,2 status=0,0
growth level/xp/item=8/399/0,8/709/0 stats maxHP/attack,maxHP/magic=30/20,26/13 foesHP=0,0
pattern trainer=0 turn=0 foePP=0,0 foeAtkDef=0,0 CarlAtk=0 foeLevel=0
support PP=0,0 Carl-defense=0 enemy-attack=0,0
party action uses=8,40 / 2,40
PASS expect 35 0 40 13 0
frame=18796 map=35.0 pos=40,21 flags=0
party=2 HP=30/30,26/26 battle=0 battlers=0 outcome=0 PP=0,0 trial=0 donut-ability=0
persistent PP=8,2 status=0,0
growth level/xp/item=8/399/0,8/709/0 stats maxHP/attack,maxHP/magic=30/20,26/13 foesHP=0,0
pattern trainer=0 turn=0 foePP=0,0 foeAtkDef=0,0 CarlAtk=0 foeLevel=0
support PP=0,0 Carl-defense=0 enemy-attack=0,0
party action uses=8,40 / 2,40
frame=18836 map=35.0 pos=40,21 flags=0
party=2 HP=30/30,26/26 battle=0 battlers=0 outcome=0 PP=0,0 trial=0 donut-ability=0
persistent PP=8,2 status=0,0
growth level/xp/item=8/399/0,8/709/0 stats maxHP/attack,maxHP/magic=30/20,26/13 foesHP=0,0
pattern trainer=0 turn=0 foePP=0,0 foeAtkDef=0,0 CarlAtk=0 foeLevel=0
support PP=0,0 Carl-defense=0 enemy-attack=0,0
party action uses=8,40 / 2,40
frame=18836 map=35.0 pos=40,21 flags=0
party=2 HP=30/30,26/26 battle=0 battlers=0 outcome=0 PP=0,0 trial=0 donut-ability=0
persistent PP=8,2 status=0,0
growth level/xp/item=8/399/0,8/709/0 stats maxHP/attack,maxHP/magic=30/20,26/13 foesHP=0,0
pattern trainer=0 turn=0 foePP=0,0 foeAtkDef=0,0 CarlAtk=0 foeLevel=0
support PP=0,0 Carl-defense=0 enemy-attack=0,0
party action uses=8,40 / 2,40
PASS expect 35 0 40 21 0
frame=18936 map=35.0 pos=34,21 flags=0
party=2 HP=30/30,26/26 battle=0 battlers=0 outcome=0 PP=0,0 trial=0 donut-ability=0
persistent PP=8,2 status=0,0
growth level/xp/item=8/399/0,8/709/0 stats maxHP/attack,maxHP/magic=30/20,26/13 foesHP=0,0
pattern trainer=0 turn=0 foePP=0,0 foeAtkDef=0,0 CarlAtk=0 foeLevel=0
support PP=0,0 Carl-defense=0 enemy-attack=0,0
party action uses=8,40 / 2,40
frame=18976 map=35.0 pos=34,21 flags=0
party=2 HP=30/30,26/26 battle=0 battlers=0 outcome=0 PP=0,0 trial=0 donut-ability=0
persistent PP=8,2 status=0,0
growth level/xp/item=8/399/0,8/709/0 stats maxHP/attack,maxHP/magic=30/20,26/13 foesHP=0,0
pattern trainer=0 turn=0 foePP=0,0 foeAtkDef=0,0 CarlAtk=0 foeLevel=0
support PP=0,0 Carl-defense=0 enemy-attack=0,0
party action uses=8,40 / 2,40
frame=18976 map=35.0 pos=34,21 flags=0
party=2 HP=30/30,26/26 battle=0 battlers=0 outcome=0 PP=0,0 trial=0 donut-ability=0
persistent PP=8,2 status=0,0
growth level/xp/item=8/399/0,8/709/0 stats maxHP/attack,maxHP/magic=30/20,26/13 foesHP=0,0
pattern trainer=0 turn=0 foePP=0,0 foeAtkDef=0,0 CarlAtk=0 foeLevel=0
support PP=0,0 Carl-defense=0 enemy-attack=0,0
party action uses=8,40 / 2,40
PASS expect 35 0 34 21 0
frame=19284 map=35.0 pos=34,40 flags=0
party=2 HP=30/30,26/26 battle=0 battlers=0 outcome=0 PP=0,0 trial=0 donut-ability=0
persistent PP=8,2 status=0,0
growth level/xp/item=8/399/0,8/709/0 stats maxHP/attack,maxHP/magic=30/20,26/13 foesHP=0,0
pattern trainer=0 turn=0 foePP=0,0 foeAtkDef=0,0 CarlAtk=0 foeLevel=0
support PP=0,0 Carl-defense=0 enemy-attack=0,0
party action uses=8,40 / 2,40
frame=19324 map=35.0 pos=34,40 flags=0
party=2 HP=30/30,26/26 battle=0 battlers=0 outcome=0 PP=0,0 trial=0 donut-ability=0
persistent PP=8,2 status=0,0
growth level/xp/item=8/399/0,8/709/0 stats maxHP/attack,maxHP/magic=30/20,26/13 foesHP=0,0
pattern trainer=0 turn=0 foePP=0,0 foeAtkDef=0,0 CarlAtk=0 foeLevel=0
support PP=0,0 Carl-defense=0 enemy-attack=0,0
party action uses=8,40 / 2,40
frame=19324 map=35.0 pos=34,40 flags=0
party=2 HP=30/30,26/26 battle=0 battlers=0 outcome=0 PP=0,0 trial=0 donut-ability=0
persistent PP=8,2 status=0,0
growth level/xp/item=8/399/0,8/709/0 stats maxHP/attack,maxHP/magic=30/20,26/13 foesHP=0,0
pattern trainer=0 turn=0 foePP=0,0 foeAtkDef=0,0 CarlAtk=0 foeLevel=0
support PP=0,0 Carl-defense=0 enemy-attack=0,0
party action uses=8,40 / 2,40
PASS expect 35 0 34 40 0
frame=19376 map=35.0 pos=31,40 flags=0
party=2 HP=30/30,26/26 battle=0 battlers=0 outcome=0 PP=0,0 trial=0 donut-ability=0
persistent PP=8,2 status=0,0
growth level/xp/item=8/399/0,8/709/0 stats maxHP/attack,maxHP/magic=30/20,26/13 foesHP=0,0
pattern trainer=0 turn=0 foePP=0,0 foeAtkDef=0,0 CarlAtk=0 foeLevel=0
support PP=0,0 Carl-defense=0 enemy-attack=0,0
party action uses=8,40 / 2,40
frame=19416 map=35.0 pos=31,40 flags=0
party=2 HP=30/30,26/26 battle=0 battlers=0 outcome=0 PP=0,0 trial=0 donut-ability=0
persistent PP=8,2 status=0,0
growth level/xp/item=8/399/0,8/709/0 stats maxHP/attack,maxHP/magic=30/20,26/13 foesHP=0,0
pattern trainer=0 turn=0 foePP=0,0 foeAtkDef=0,0 CarlAtk=0 foeLevel=0
support PP=0,0 Carl-defense=0 enemy-attack=0,0
party action uses=8,40 / 2,40
frame=19416 map=35.0 pos=31,40 flags=0
party=2 HP=30/30,26/26 battle=0 battlers=0 outcome=0 PP=0,0 trial=0 donut-ability=0
persistent PP=8,2 status=0,0
growth level/xp/item=8/399/0,8/709/0 stats maxHP/attack,maxHP/magic=30/20,26/13 foesHP=0,0
pattern trainer=0 turn=0 foePP=0,0 foeAtkDef=0,0 CarlAtk=0 foeLevel=0
support PP=0,0 Carl-defense=0 enemy-attack=0,0
party action uses=8,40 / 2,40
PASS expect 35 0 31 40 0
frame=19468 map=35.0 pos=34,40 flags=0
party=2 HP=30/30,26/26 battle=0 battlers=0 outcome=0 PP=0,0 trial=0 donut-ability=0
persistent PP=8,2 status=0,0
growth level/xp/item=8/399/0,8/709/0 stats maxHP/attack,maxHP/magic=30/20,26/13 foesHP=0,0
pattern trainer=0 turn=0 foePP=0,0 foeAtkDef=0,0 CarlAtk=0 foeLevel=0
support PP=0,0 Carl-defense=0 enemy-attack=0,0
party action uses=8,40 / 2,40
frame=19508 map=35.0 pos=34,40 flags=0
party=2 HP=30/30,26/26 battle=0 battlers=0 outcome=0 PP=0,0 trial=0 donut-ability=0
persistent PP=8,2 status=0,0
growth level/xp/item=8/399/0,8/709/0 stats maxHP/attack,maxHP/magic=30/20,26/13 foesHP=0,0
pattern trainer=0 turn=0 foePP=0,0 foeAtkDef=0,0 CarlAtk=0 foeLevel=0
support PP=0,0 Carl-defense=0 enemy-attack=0,0
party action uses=8,40 / 2,40
frame=19508 map=35.0 pos=34,40 flags=0
party=2 HP=30/30,26/26 battle=0 battlers=0 outcome=0 PP=0,0 trial=0 donut-ability=0
persistent PP=8,2 status=0,0
growth level/xp/item=8/399/0,8/709/0 stats maxHP/attack,maxHP/magic=30/20,26/13 foesHP=0,0
pattern trainer=0 turn=0 foePP=0,0 foeAtkDef=0,0 CarlAtk=0 foeLevel=0
support PP=0,0 Carl-defense=0 enemy-attack=0,0
party action uses=8,40 / 2,40
PASS expect 35 0 34 40 0
frame=19548 map=35.0 pos=34,40 flags=0
party=2 HP=30/30,26/26 battle=0 battlers=0 outcome=0 PP=0,0 trial=0 donut-ability=0
persistent PP=8,2 status=0,0
growth level/xp/item=8/399/0,8/709/0 stats maxHP/attack,maxHP/magic=30/20,26/13 foesHP=0,0
pattern trainer=0 turn=0 foePP=0,0 foeAtkDef=0,0 CarlAtk=0 foeLevel=0
support PP=0,0 Carl-defense=0 enemy-attack=0,0
party action uses=8,40 / 2,40
frame=19600 map=35.0 pos=31,40 flags=0
party=2 HP=30/30,26/26 battle=0 battlers=0 outcome=0 PP=0,0 trial=0 donut-ability=0
persistent PP=8,2 status=0,0
growth level/xp/item=8/399/0,8/709/0 stats maxHP/attack,maxHP/magic=30/20,26/13 foesHP=0,0
pattern trainer=0 turn=0 foePP=0,0 foeAtkDef=0,0 CarlAtk=0 foeLevel=0
support PP=0,0 Carl-defense=0 enemy-attack=0,0
party action uses=8,40 / 2,40
frame=19640 map=35.0 pos=31,40 flags=0
party=2 HP=30/30,26/26 battle=0 battlers=0 outcome=0 PP=0,0 trial=0 donut-ability=0
persistent PP=8,2 status=0,0
growth level/xp/item=8/399/0,8/709/0 stats maxHP/attack,maxHP/magic=30/20,26/13 foesHP=0,0
pattern trainer=0 turn=0 foePP=0,0 foeAtkDef=0,0 CarlAtk=0 foeLevel=0
support PP=0,0 Carl-defense=0 enemy-attack=0,0
party action uses=8,40 / 2,40
frame=19640 map=35.0 pos=31,40 flags=0
party=2 HP=30/30,26/26 battle=0 battlers=0 outcome=0 PP=0,0 trial=0 donut-ability=0
persistent PP=8,2 status=0,0
growth level/xp/item=8/399/0,8/709/0 stats maxHP/attack,maxHP/magic=30/20,26/13 foesHP=0,0
pattern trainer=0 turn=0 foePP=0,0 foeAtkDef=0,0 CarlAtk=0 foeLevel=0
support PP=0,0 Carl-defense=0 enemy-attack=0,0
party action uses=8,40 / 2,40
PASS expect 35 0 31 40 0
frame=19692 map=35.0 pos=34,40 flags=0
party=2 HP=30/30,26/26 battle=0 battlers=0 outcome=0 PP=0,0 trial=0 donut-ability=0
persistent PP=8,2 status=0,0
growth level/xp/item=8/399/0,8/709/0 stats maxHP/attack,maxHP/magic=30/20,26/13 foesHP=0,0
pattern trainer=0 turn=0 foePP=0,0 foeAtkDef=0,0 CarlAtk=0 foeLevel=0
support PP=0,0 Carl-defense=0 enemy-attack=0,0
party action uses=8,40 / 2,40
frame=19732 map=35.0 pos=34,40 flags=0
party=2 HP=30/30,26/26 battle=0 battlers=0 outcome=0 PP=0,0 trial=0 donut-ability=0
persistent PP=8,2 status=0,0
growth level/xp/item=8/399/0,8/709/0 stats maxHP/attack,maxHP/magic=30/20,26/13 foesHP=0,0
pattern trainer=0 turn=0 foePP=0,0 foeAtkDef=0,0 CarlAtk=0 foeLevel=0
support PP=0,0 Carl-defense=0 enemy-attack=0,0
party action uses=8,40 / 2,40
frame=19732 map=35.0 pos=34,40 flags=0
party=2 HP=30/30,26/26 battle=0 battlers=0 outcome=0 PP=0,0 trial=0 donut-ability=0
persistent PP=8,2 status=0,0
growth level/xp/item=8/399/0,8/709/0 stats maxHP/attack,maxHP/magic=30/20,26/13 foesHP=0,0
pattern trainer=0 turn=0 foePP=0,0 foeAtkDef=0,0 CarlAtk=0 foeLevel=0
support PP=0,0 Carl-defense=0 enemy-attack=0,0
party action uses=8,40 / 2,40
PASS expect 35 0 34 40 0
frame=19752 map=35.0 pos=34,41 flags=0
party=2 HP=30/30,26/26 battle=0 battlers=0 outcome=0 PP=0,0 trial=0 donut-ability=0
persistent PP=8,2 status=0,0
growth level/xp/item=8/399/0,8/709/0 stats maxHP/attack,maxHP/magic=30/20,26/13 foesHP=0,0
pattern trainer=0 turn=0 foePP=0,0 foeAtkDef=0,0 CarlAtk=0 foeLevel=0
support PP=0,0 Carl-defense=0 enemy-attack=0,0
party action uses=8,40 / 2,40
frame=19792 map=35.0 pos=34,41 flags=0
party=2 HP=30/30,26/26 battle=0 battlers=0 outcome=0 PP=0,0 trial=0 donut-ability=0
persistent PP=8,2 status=0,0
growth level/xp/item=8/399/0,8/709/0 stats maxHP/attack,maxHP/magic=30/20,26/13 foesHP=0,0
pattern trainer=0 turn=0 foePP=0,0 foeAtkDef=0,0 CarlAtk=0 foeLevel=0
support PP=0,0 Carl-defense=0 enemy-attack=0,0
party action uses=8,40 / 2,40
frame=19792 map=35.0 pos=34,41 flags=0
party=2 HP=30/30,26/26 battle=0 battlers=0 outcome=0 PP=0,0 trial=0 donut-ability=0
persistent PP=8,2 status=0,0
growth level/xp/item=8/399/0,8/709/0 stats maxHP/attack,maxHP/magic=30/20,26/13 foesHP=0,0
pattern trainer=0 turn=0 foePP=0,0 foeAtkDef=0,0 CarlAtk=0 foeLevel=0
support PP=0,0 Carl-defense=0 enemy-attack=0,0
party action uses=8,40 / 2,40
PASS expect 35 0 34 41 0
frame=19988 map=35.0 pos=46,41 flags=0
party=2 HP=30/30,26/26 battle=0 battlers=0 outcome=0 PP=0,0 trial=0 donut-ability=0
persistent PP=8,2 status=0,0
growth level/xp/item=8/399/0,8/709/0 stats maxHP/attack,maxHP/magic=30/20,26/13 foesHP=0,0
pattern trainer=0 turn=0 foePP=0,0 foeAtkDef=0,0 CarlAtk=0 foeLevel=0
support PP=0,0 Carl-defense=0 enemy-attack=0,0
party action uses=8,40 / 2,40
frame=20028 map=35.0 pos=46,41 flags=0
party=2 HP=30/30,26/26 battle=0 battlers=0 outcome=0 PP=0,0 trial=0 donut-ability=0
persistent PP=8,2 status=0,0
growth level/xp/item=8/399/0,8/709/0 stats maxHP/attack,maxHP/magic=30/20,26/13 foesHP=0,0
pattern trainer=0 turn=0 foePP=0,0 foeAtkDef=0,0 CarlAtk=0 foeLevel=0
support PP=0,0 Carl-defense=0 enemy-attack=0,0
party action uses=8,40 / 2,40
frame=20028 map=35.0 pos=46,41 flags=0
party=2 HP=30/30,26/26 battle=0 battlers=0 outcome=0 PP=0,0 trial=0 donut-ability=0
persistent PP=8,2 status=0,0
growth level/xp/item=8/399/0,8/709/0 stats maxHP/attack,maxHP/magic=30/20,26/13 foesHP=0,0
pattern trainer=0 turn=0 foePP=0,0 foeAtkDef=0,0 CarlAtk=0 foeLevel=0
support PP=0,0 Carl-defense=0 enemy-attack=0,0
party action uses=8,40 / 2,40
PASS expect 35 0 46 41 0
frame=20080 map=35.0 pos=46,44 flags=0
party=2 HP=30/30,26/26 battle=0 battlers=0 outcome=0 PP=0,0 trial=0 donut-ability=0
persistent PP=8,2 status=0,0
growth level/xp/item=8/399/0,8/709/0 stats maxHP/attack,maxHP/magic=30/20,26/13 foesHP=0,0
pattern trainer=0 turn=0 foePP=0,0 foeAtkDef=0,0 CarlAtk=0 foeLevel=0
support PP=0,0 Carl-defense=0 enemy-attack=0,0
party action uses=8,40 / 2,40
frame=20120 map=35.0 pos=46,44 flags=0
party=2 HP=30/30,26/26 battle=0 battlers=0 outcome=0 PP=0,0 trial=0 donut-ability=0
persistent PP=8,2 status=0,0
growth level/xp/item=8/399/0,8/709/0 stats maxHP/attack,maxHP/magic=30/20,26/13 foesHP=0,0
pattern trainer=0 turn=0 foePP=0,0 foeAtkDef=0,0 CarlAtk=0 foeLevel=0
support PP=0,0 Carl-defense=0 enemy-attack=0,0
party action uses=8,40 / 2,40
frame=20120 map=35.0 pos=46,44 flags=0
party=2 HP=30/30,26/26 battle=0 battlers=0 outcome=0 PP=0,0 trial=0 donut-ability=0
persistent PP=8,2 status=0,0
growth level/xp/item=8/399/0,8/709/0 stats maxHP/attack,maxHP/magic=30/20,26/13 foesHP=0,0
pattern trainer=0 turn=0 foePP=0,0 foeAtkDef=0,0 CarlAtk=0 foeLevel=0
support PP=0,0 Carl-defense=0 enemy-attack=0,0
party action uses=8,40 / 2,40
PASS expect 35 0 46 44 0
frame=20160 map=35.0 pos=46,44 flags=0
party=2 HP=30/30,26/26 battle=0 battlers=0 outcome=0 PP=0,0 trial=0 donut-ability=0
persistent PP=8,2 status=0,0
growth level/xp/item=8/399/0,8/709/0 stats maxHP/attack,maxHP/magic=30/20,26/13 foesHP=0,0
pattern trainer=0 turn=0 foePP=0,0 foeAtkDef=0,0 CarlAtk=0 foeLevel=0
support PP=0,0 Carl-defense=0 enemy-attack=0,0
party action uses=8,40 / 2,40
frame=20212 map=35.0 pos=46,41 flags=0
party=2 HP=30/30,26/26 battle=0 battlers=0 outcome=0 PP=0,0 trial=0 donut-ability=0
persistent PP=8,2 status=0,0
growth level/xp/item=8/399/0,8/709/0 stats maxHP/attack,maxHP/magic=30/20,26/13 foesHP=0,0
pattern trainer=0 turn=0 foePP=0,0 foeAtkDef=0,0 CarlAtk=0 foeLevel=0
support PP=0,0 Carl-defense=0 enemy-attack=0,0
party action uses=8,40 / 2,40
frame=20252 map=35.0 pos=46,41 flags=0
party=2 HP=30/30,26/26 battle=0 battlers=0 outcome=0 PP=0,0 trial=0 donut-ability=0
persistent PP=8,2 status=0,0
growth level/xp/item=8/399/0,8/709/0 stats maxHP/attack,maxHP/magic=30/20,26/13 foesHP=0,0
pattern trainer=0 turn=0 foePP=0,0 foeAtkDef=0,0 CarlAtk=0 foeLevel=0
support PP=0,0 Carl-defense=0 enemy-attack=0,0
party action uses=8,40 / 2,40
frame=20252 map=35.0 pos=46,41 flags=0
party=2 HP=30/30,26/26 battle=0 battlers=0 outcome=0 PP=0,0 trial=0 donut-ability=0
persistent PP=8,2 status=0,0
growth level/xp/item=8/399/0,8/709/0 stats maxHP/attack,maxHP/magic=30/20,26/13 foesHP=0,0
pattern trainer=0 turn=0 foePP=0,0 foeAtkDef=0,0 CarlAtk=0 foeLevel=0
support PP=0,0 Carl-defense=0 enemy-attack=0,0
party action uses=8,40 / 2,40
PASS expect 35 0 46 41 0
frame=20352 map=35.0 pos=52,41 flags=0
party=2 HP=30/30,26/26 battle=0 battlers=0 outcome=0 PP=0,0 trial=0 donut-ability=0
persistent PP=8,2 status=0,0
growth level/xp/item=8/399/0,8/709/0 stats maxHP/attack,maxHP/magic=30/20,26/13 foesHP=0,0
pattern trainer=0 turn=0 foePP=0,0 foeAtkDef=0,0 CarlAtk=0 foeLevel=0
support PP=0,0 Carl-defense=0 enemy-attack=0,0
party action uses=8,40 / 2,40
frame=20392 map=35.0 pos=52,41 flags=0
party=2 HP=30/30,26/26 battle=0 battlers=0 outcome=0 PP=0,0 trial=0 donut-ability=0
persistent PP=8,2 status=0,0
growth level/xp/item=8/399/0,8/709/0 stats maxHP/attack,maxHP/magic=30/20,26/13 foesHP=0,0
pattern trainer=0 turn=0 foePP=0,0 foeAtkDef=0,0 CarlAtk=0 foeLevel=0
support PP=0,0 Carl-defense=0 enemy-attack=0,0
party action uses=8,40 / 2,40
frame=20392 map=35.0 pos=52,41 flags=0
party=2 HP=30/30,26/26 battle=0 battlers=0 outcome=0 PP=0,0 trial=0 donut-ability=0
persistent PP=8,2 status=0,0
growth level/xp/item=8/399/0,8/709/0 stats maxHP/attack,maxHP/magic=30/20,26/13 foesHP=0,0
pattern trainer=0 turn=0 foePP=0,0 foeAtkDef=0,0 CarlAtk=0 foeLevel=0
support PP=0,0 Carl-defense=0 enemy-attack=0,0
party action uses=8,40 / 2,40
PASS expect 35 0 52 41 0
frame=20444 map=35.0 pos=52,44 flags=0
party=2 HP=30/30,26/26 battle=0 battlers=0 outcome=0 PP=0,0 trial=0 donut-ability=0
persistent PP=8,2 status=0,0
growth level/xp/item=8/399/0,8/709/0 stats maxHP/attack,maxHP/magic=30/20,26/13 foesHP=0,0
pattern trainer=0 turn=0 foePP=0,0 foeAtkDef=0,0 CarlAtk=0 foeLevel=0
support PP=0,0 Carl-defense=0 enemy-attack=0,0
party action uses=8,40 / 2,40
frame=20484 map=35.0 pos=52,44 flags=0
party=2 HP=30/30,26/26 battle=0 battlers=0 outcome=0 PP=0,0 trial=0 donut-ability=0
persistent PP=8,2 status=0,0
growth level/xp/item=8/399/0,8/709/0 stats maxHP/attack,maxHP/magic=30/20,26/13 foesHP=0,0
pattern trainer=0 turn=0 foePP=0,0 foeAtkDef=0,0 CarlAtk=0 foeLevel=0
support PP=0,0 Carl-defense=0 enemy-attack=0,0
party action uses=8,40 / 2,40
frame=20484 map=35.0 pos=52,44 flags=0
party=2 HP=30/30,26/26 battle=0 battlers=0 outcome=0 PP=0,0 trial=0 donut-ability=0
persistent PP=8,2 status=0,0
growth level/xp/item=8/399/0,8/709/0 stats maxHP/attack,maxHP/magic=30/20,26/13 foesHP=0,0
pattern trainer=0 turn=0 foePP=0,0 foeAtkDef=0,0 CarlAtk=0 foeLevel=0
support PP=0,0 Carl-defense=0 enemy-attack=0,0
party action uses=8,40 / 2,40
PASS expect 35 0 52 44 0
frame=20524 map=35.0 pos=52,44 flags=0
party=2 HP=30/30,26/26 battle=0 battlers=0 outcome=0 PP=0,0 trial=0 donut-ability=0
persistent PP=8,2 status=0,0
growth level/xp/item=8/399/0,8/709/0 stats maxHP/attack,maxHP/magic=30/20,26/13 foesHP=0,0
pattern trainer=0 turn=0 foePP=0,0 foeAtkDef=0,0 CarlAtk=0 foeLevel=0
support PP=0,0 Carl-defense=0 enemy-attack=0,0
party action uses=8,40 / 2,40
frame=20576 map=35.0 pos=52,41 flags=0
party=2 HP=30/30,26/26 battle=0 battlers=0 outcome=0 PP=0,0 trial=0 donut-ability=0
persistent PP=8,2 status=0,0
growth level/xp/item=8/399/0,8/709/0 stats maxHP/attack,maxHP/magic=30/20,26/13 foesHP=0,0
pattern trainer=0 turn=0 foePP=0,0 foeAtkDef=0,0 CarlAtk=0 foeLevel=0
support PP=0,0 Carl-defense=0 enemy-attack=0,0
party action uses=8,40 / 2,40
frame=20616 map=35.0 pos=52,41 flags=0
party=2 HP=30/30,26/26 battle=0 battlers=0 outcome=0 PP=0,0 trial=0 donut-ability=0
persistent PP=8,2 status=0,0
growth level/xp/item=8/399/0,8/709/0 stats maxHP/attack,maxHP/magic=30/20,26/13 foesHP=0,0
pattern trainer=0 turn=0 foePP=0,0 foeAtkDef=0,0 CarlAtk=0 foeLevel=0
support PP=0,0 Carl-defense=0 enemy-attack=0,0
party action uses=8,40 / 2,40
frame=20616 map=35.0 pos=52,41 flags=0
party=2 HP=30/30,26/26 battle=0 battlers=0 outcome=0 PP=0,0 trial=0 donut-ability=0
persistent PP=8,2 status=0,0
growth level/xp/item=8/399/0,8/709/0 stats maxHP/attack,maxHP/magic=30/20,26/13 foesHP=0,0
pattern trainer=0 turn=0 foePP=0,0 foeAtkDef=0,0 CarlAtk=0 foeLevel=0
support PP=0,0 Carl-defense=0 enemy-attack=0,0
party action uses=8,40 / 2,40
PASS expect 35 0 52 41 0
frame=20908 map=35.0 pos=34,41 flags=0
party=2 HP=30/30,26/26 battle=0 battlers=0 outcome=0 PP=0,0 trial=0 donut-ability=0
persistent PP=8,2 status=0,0
growth level/xp/item=8/399/0,8/709/0 stats maxHP/attack,maxHP/magic=30/20,26/13 foesHP=0,0
pattern trainer=0 turn=0 foePP=0,0 foeAtkDef=0,0 CarlAtk=0 foeLevel=0
support PP=0,0 Carl-defense=0 enemy-attack=0,0
party action uses=8,40 / 2,40
frame=20948 map=35.0 pos=34,41 flags=0
party=2 HP=30/30,26/26 battle=0 battlers=0 outcome=0 PP=0,0 trial=0 donut-ability=0
persistent PP=8,2 status=0,0
growth level/xp/item=8/399/0,8/709/0 stats maxHP/attack,maxHP/magic=30/20,26/13 foesHP=0,0
pattern trainer=0 turn=0 foePP=0,0 foeAtkDef=0,0 CarlAtk=0 foeLevel=0
support PP=0,0 Carl-defense=0 enemy-attack=0,0
party action uses=8,40 / 2,40
frame=20948 map=35.0 pos=34,41 flags=0
party=2 HP=30/30,26/26 battle=0 battlers=0 outcome=0 PP=0,0 trial=0 donut-ability=0
persistent PP=8,2 status=0,0
growth level/xp/item=8/399/0,8/709/0 stats maxHP/attack,maxHP/magic=30/20,26/13 foesHP=0,0
pattern trainer=0 turn=0 foePP=0,0 foeAtkDef=0,0 CarlAtk=0 foeLevel=0
support PP=0,0 Carl-defense=0 enemy-attack=0,0
party action uses=8,40 / 2,40
PASS expect 35 0 34 41 0
frame=21144 map=35.0 pos=34,29 flags=0
party=2 HP=30/30,26/26 battle=0 battlers=0 outcome=0 PP=0,0 trial=0 donut-ability=0
persistent PP=8,2 status=0,0
growth level/xp/item=8/399/0,8/709/0 stats maxHP/attack,maxHP/magic=30/20,26/13 foesHP=0,0
pattern trainer=0 turn=0 foePP=0,0 foeAtkDef=0,0 CarlAtk=0 foeLevel=0
support PP=0,0 Carl-defense=0 enemy-attack=0,0
party action uses=8,40 / 2,40
frame=21184 map=35.0 pos=34,29 flags=0
party=2 HP=30/30,26/26 battle=0 battlers=0 outcome=0 PP=0,0 trial=0 donut-ability=0
persistent PP=8,2 status=0,0
growth level/xp/item=8/399/0,8/709/0 stats maxHP/attack,maxHP/magic=30/20,26/13 foesHP=0,0
pattern trainer=0 turn=0 foePP=0,0 foeAtkDef=0,0 CarlAtk=0 foeLevel=0
support PP=0,0 Carl-defense=0 enemy-attack=0,0
party action uses=8,40 / 2,40
frame=21184 map=35.0 pos=34,29 flags=0
party=2 HP=30/30,26/26 battle=0 battlers=0 outcome=0 PP=0,0 trial=0 donut-ability=0
persistent PP=8,2 status=0,0
growth level/xp/item=8/399/0,8/709/0 stats maxHP/attack,maxHP/magic=30/20,26/13 foesHP=0,0
pattern trainer=0 turn=0 foePP=0,0 foeAtkDef=0,0 CarlAtk=0 foeLevel=0
support PP=0,0 Carl-defense=0 enemy-attack=0,0
party action uses=8,40 / 2,40
PASS expect 35 0 34 29 0
frame=21268 map=35.0 pos=29,29 flags=0
party=2 HP=30/30,26/26 battle=0 battlers=0 outcome=0 PP=0,0 trial=0 donut-ability=0
persistent PP=8,2 status=0,0
growth level/xp/item=8/399/0,8/709/0 stats maxHP/attack,maxHP/magic=30/20,26/13 foesHP=0,0
pattern trainer=0 turn=0 foePP=0,0 foeAtkDef=0,0 CarlAtk=0 foeLevel=0
support PP=0,0 Carl-defense=0 enemy-attack=0,0
party action uses=8,40 / 2,40
frame=21308 map=35.0 pos=29,29 flags=0
party=2 HP=30/30,26/26 battle=0 battlers=0 outcome=0 PP=0,0 trial=0 donut-ability=0
persistent PP=8,2 status=0,0
growth level/xp/item=8/399/0,8/709/0 stats maxHP/attack,maxHP/magic=30/20,26/13 foesHP=0,0
pattern trainer=0 turn=0 foePP=0,0 foeAtkDef=0,0 CarlAtk=0 foeLevel=0
support PP=0,0 Carl-defense=0 enemy-attack=0,0
party action uses=8,40 / 2,40
frame=21308 map=35.0 pos=29,29 flags=0
party=2 HP=30/30,26/26 battle=0 battlers=0 outcome=0 PP=0,0 trial=0 donut-ability=0
persistent PP=8,2 status=0,0
growth level/xp/item=8/399/0,8/709/0 stats maxHP/attack,maxHP/magic=30/20,26/13 foesHP=0,0
pattern trainer=0 turn=0 foePP=0,0 foeAtkDef=0,0 CarlAtk=0 foeLevel=0
support PP=0,0 Carl-defense=0 enemy-attack=0,0
party action uses=8,40 / 2,40
PASS expect 35 0 29 29 0
frame=21344 map=35.0 pos=29,27 flags=0
party=2 HP=30/30,26/26 battle=0 battlers=0 outcome=0 PP=0,0 trial=0 donut-ability=0
persistent PP=8,2 status=0,0
growth level/xp/item=8/399/0,8/709/0 stats maxHP/attack,maxHP/magic=30/20,26/13 foesHP=0,0
pattern trainer=0 turn=0 foePP=0,0 foeAtkDef=0,0 CarlAtk=0 foeLevel=0
support PP=0,0 Carl-defense=0 enemy-attack=0,0
party action uses=8,40 / 2,40
frame=21384 map=35.0 pos=29,27 flags=0
party=2 HP=30/30,26/26 battle=0 battlers=0 outcome=0 PP=0,0 trial=0 donut-ability=0
persistent PP=8,2 status=0,0
growth level/xp/item=8/399/0,8/709/0 stats maxHP/attack,maxHP/magic=30/20,26/13 foesHP=0,0
pattern trainer=0 turn=0 foePP=0,0 foeAtkDef=0,0 CarlAtk=0 foeLevel=0
support PP=0,0 Carl-defense=0 enemy-attack=0,0
party action uses=8,40 / 2,40
frame=21384 map=35.0 pos=29,27 flags=0
party=2 HP=30/30,26/26 battle=0 battlers=0 outcome=0 PP=0,0 trial=0 donut-ability=0
persistent PP=8,2 status=0,0
growth level/xp/item=8/399/0,8/709/0 stats maxHP/attack,maxHP/magic=30/20,26/13 foesHP=0,0
pattern trainer=0 turn=0 foePP=0,0 foeAtkDef=0,0 CarlAtk=0 foeLevel=0
support PP=0,0 Carl-defense=0 enemy-attack=0,0
party action uses=8,40 / 2,40
PASS expect 35 0 29 27 0
frame=21532 map=35.0 pos=29,27 flags=0
party=2 HP=30/30,26/26 battle=0 battlers=0 outcome=0 PP=0,0 trial=0 donut-ability=0
persistent PP=8,2 status=0,0
growth level/xp/item=8/399/0,8/709/0 stats maxHP/attack,maxHP/magic=30/20,26/13 foesHP=0,0
pattern trainer=0 turn=0 foePP=0,0 foeAtkDef=0,0 CarlAtk=0 foeLevel=0
support PP=0,0 Carl-defense=0 enemy-attack=0,0
party action uses=8,40 / 2,40
frame=21572 map=35.0 pos=29,27 flags=0
party=2 HP=30/30,26/26 battle=0 battlers=0 outcome=0 PP=0,0 trial=0 donut-ability=0
persistent PP=8,2 status=0,0
growth level/xp/item=8/399/0,8/709/0 stats maxHP/attack,maxHP/magic=30/20,26/13 foesHP=0,0
pattern trainer=0 turn=0 foePP=0,0 foeAtkDef=0,0 CarlAtk=0 foeLevel=0
support PP=0,0 Carl-defense=0 enemy-attack=0,0
party action uses=8,40 / 2,40
frame=21572 map=35.0 pos=29,27 flags=0
party=2 HP=30/30,26/26 battle=0 battlers=0 outcome=0 PP=0,0 trial=0 donut-ability=0
persistent PP=8,2 status=0,0
growth level/xp/item=8/399/0,8/709/0 stats maxHP/attack,maxHP/magic=30/20,26/13 foesHP=0,0
pattern trainer=0 turn=0 foePP=0,0 foeAtkDef=0,0 CarlAtk=0 foeLevel=0
support PP=0,0 Carl-defense=0 enemy-attack=0,0
party action uses=8,40 / 2,40
PASS expect 35 0 29 27 0
frame=21608 map=35.0 pos=29,25 flags=0
party=2 HP=30/30,26/26 battle=0 battlers=0 outcome=0 PP=0,0 trial=0 donut-ability=0
persistent PP=8,2 status=0,0
growth level/xp/item=8/399/0,8/709/0 stats maxHP/attack,maxHP/magic=30/20,26/13 foesHP=0,0
pattern trainer=0 turn=0 foePP=0,0 foeAtkDef=0,0 CarlAtk=0 foeLevel=0
support PP=0,0 Carl-defense=0 enemy-attack=0,0
party action uses=8,40 / 2,40
frame=21648 map=35.0 pos=29,25 flags=0
party=2 HP=30/30,26/26 battle=0 battlers=0 outcome=0 PP=0,0 trial=0 donut-ability=0
persistent PP=8,2 status=0,0
growth level/xp/item=8/399/0,8/709/0 stats maxHP/attack,maxHP/magic=30/20,26/13 foesHP=0,0
pattern trainer=0 turn=0 foePP=0,0 foeAtkDef=0,0 CarlAtk=0 foeLevel=0
support PP=0,0 Carl-defense=0 enemy-attack=0,0
party action uses=8,40 / 2,40
frame=21648 map=35.0 pos=29,25 flags=0
party=2 HP=30/30,26/26 battle=0 battlers=0 outcome=0 PP=0,0 trial=0 donut-ability=0
persistent PP=8,2 status=0,0
growth level/xp/item=8/399/0,8/709/0 stats maxHP/attack,maxHP/magic=30/20,26/13 foesHP=0,0
pattern trainer=0 turn=0 foePP=0,0 foeAtkDef=0,0 CarlAtk=0 foeLevel=0
support PP=0,0 Carl-defense=0 enemy-attack=0,0
party action uses=8,40 / 2,40
PASS expect 35 0 29 25 0
frame=21732 map=35.0 pos=34,25 flags=0
party=2 HP=30/30,26/26 battle=0 battlers=0 outcome=0 PP=0,0 trial=0 donut-ability=0
persistent PP=8,2 status=0,0
growth level/xp/item=8/399/0,8/709/0 stats maxHP/attack,maxHP/magic=30/20,26/13 foesHP=0,0
pattern trainer=0 turn=0 foePP=0,0 foeAtkDef=0,0 CarlAtk=0 foeLevel=0
support PP=0,0 Carl-defense=0 enemy-attack=0,0
party action uses=8,40 / 2,40
frame=21772 map=35.0 pos=34,25 flags=0
party=2 HP=30/30,26/26 battle=0 battlers=0 outcome=0 PP=0,0 trial=0 donut-ability=0
persistent PP=8,2 status=0,0
growth level/xp/item=8/399/0,8/709/0 stats maxHP/attack,maxHP/magic=30/20,26/13 foesHP=0,0
pattern trainer=0 turn=0 foePP=0,0 foeAtkDef=0,0 CarlAtk=0 foeLevel=0
support PP=0,0 Carl-defense=0 enemy-attack=0,0
party action uses=8,40 / 2,40
frame=21772 map=35.0 pos=34,25 flags=0
party=2 HP=30/30,26/26 battle=0 battlers=0 outcome=0 PP=0,0 trial=0 donut-ability=0
persistent PP=8,2 status=0,0
growth level/xp/item=8/399/0,8/709/0 stats maxHP/attack,maxHP/magic=30/20,26/13 foesHP=0,0
pattern trainer=0 turn=0 foePP=0,0 foeAtkDef=0,0 CarlAtk=0 foeLevel=0
support PP=0,0 Carl-defense=0 enemy-attack=0,0
party action uses=8,40 / 2,40
PASS expect 35 0 34 25 0
frame=21792 map=35.0 pos=34,26 flags=0
party=2 HP=30/30,26/26 battle=0 battlers=0 outcome=0 PP=0,0 trial=0 donut-ability=0
persistent PP=8,2 status=0,0
growth level/xp/item=8/399/0,8/709/0 stats maxHP/attack,maxHP/magic=30/20,26/13 foesHP=0,0
pattern trainer=0 turn=0 foePP=0,0 foeAtkDef=0,0 CarlAtk=0 foeLevel=0
support PP=0,0 Carl-defense=0 enemy-attack=0,0
party action uses=8,40 / 2,40
frame=21832 map=35.0 pos=34,26 flags=0
party=2 HP=30/30,26/26 battle=0 battlers=0 outcome=0 PP=0,0 trial=0 donut-ability=0
persistent PP=8,2 status=0,0
growth level/xp/item=8/399/0,8/709/0 stats maxHP/attack,maxHP/magic=30/20,26/13 foesHP=0,0
pattern trainer=0 turn=0 foePP=0,0 foeAtkDef=0,0 CarlAtk=0 foeLevel=0
support PP=0,0 Carl-defense=0 enemy-attack=0,0
party action uses=8,40 / 2,40
frame=21832 map=35.0 pos=34,26 flags=0
party=2 HP=30/30,26/26 battle=0 battlers=0 outcome=0 PP=0,0 trial=0 donut-ability=0
persistent PP=8,2 status=0,0
growth level/xp/item=8/399/0,8/709/0 stats maxHP/attack,maxHP/magic=30/20,26/13 foesHP=0,0
pattern trainer=0 turn=0 foePP=0,0 foeAtkDef=0,0 CarlAtk=0 foeLevel=0
support PP=0,0 Carl-defense=0 enemy-attack=0,0
party action uses=8,40 / 2,40
PASS expect 35 0 34 26 0
frame=21884 map=35.0 pos=37,26 flags=0
party=2 HP=30/30,26/26 battle=0 battlers=0 outcome=0 PP=0,0 trial=0 donut-ability=0
persistent PP=8,2 status=0,0
growth level/xp/item=8/399/0,8/709/0 stats maxHP/attack,maxHP/magic=30/20,26/13 foesHP=0,0
pattern trainer=0 turn=0 foePP=0,0 foeAtkDef=0,0 CarlAtk=0 foeLevel=0
support PP=0,0 Carl-defense=0 enemy-attack=0,0
party action uses=8,40 / 2,40
frame=21924 map=35.1 pos=4,3 flags=0
party=2 HP=30/30,26/26 battle=0 battlers=0 outcome=0 PP=0,0 trial=0 donut-ability=0
persistent PP=8,2 status=0,0
growth level/xp/item=8/399/0,8/709/0 stats maxHP/attack,maxHP/magic=30/20,26/13 foesHP=0,0
pattern trainer=0 turn=0 foePP=0,0 foeAtkDef=0,0 CarlAtk=0 foeLevel=0
support PP=0,0 Carl-defense=0 enemy-attack=0,0
party action uses=8,40 / 2,40
frame=22224 map=35.1 pos=4,3 flags=0
party=2 HP=30/30,26/26 battle=0 battlers=0 outcome=0 PP=0,0 trial=0 donut-ability=0
persistent PP=8,2 status=0,0
growth level/xp/item=8/399/0,8/709/0 stats maxHP/attack,maxHP/magic=30/20,26/13 foesHP=0,0
pattern trainer=0 turn=0 foePP=0,0 foeAtkDef=0,0 CarlAtk=0 foeLevel=0
support PP=0,0 Carl-defense=0 enemy-attack=0,0
party action uses=8,40 / 2,40
frame=22224 map=35.1 pos=4,3 flags=0
party=2 HP=30/30,26/26 battle=0 battlers=0 outcome=0 PP=0,0 trial=0 donut-ability=0
persistent PP=8,2 status=0,0
growth level/xp/item=8/399/0,8/709/0 stats maxHP/attack,maxHP/magic=30/20,26/13 foesHP=0,0
pattern trainer=0 turn=0 foePP=0,0 foeAtkDef=0,0 CarlAtk=0 foeLevel=0
support PP=0,0 Carl-defense=0 enemy-attack=0,0
party action uses=8,40 / 2,40
PASS expect 35 1 4 3 0
frame=22244 map=35.1 pos=4,4 flags=0
party=2 HP=30/30,26/26 battle=0 battlers=0 outcome=0 PP=0,0 trial=0 donut-ability=0
persistent PP=8,2 status=0,0
growth level/xp/item=8/399/0,8/709/0 stats maxHP/attack,maxHP/magic=30/20,26/13 foesHP=0,0
pattern trainer=0 turn=0 foePP=0,0 foeAtkDef=0,0 CarlAtk=0 foeLevel=0
support PP=0,0 Carl-defense=0 enemy-attack=0,0
party action uses=8,40 / 2,40
frame=22284 map=35.1 pos=4,4 flags=0
party=2 HP=30/30,26/26 battle=0 battlers=0 outcome=0 PP=0,0 trial=0 donut-ability=0
persistent PP=8,2 status=0,0
growth level/xp/item=8/399/0,8/709/0 stats maxHP/attack,maxHP/magic=30/20,26/13 foesHP=0,0
pattern trainer=0 turn=0 foePP=0,0 foeAtkDef=0,0 CarlAtk=0 foeLevel=0
support PP=0,0 Carl-defense=0 enemy-attack=0,0
party action uses=8,40 / 2,40
frame=22284 map=35.1 pos=4,4 flags=0
party=2 HP=30/30,26/26 battle=0 battlers=0 outcome=0 PP=0,0 trial=0 donut-ability=0
persistent PP=8,2 status=0,0
growth level/xp/item=8/399/0,8/709/0 stats maxHP/attack,maxHP/magic=30/20,26/13 foesHP=0,0
pattern trainer=0 turn=0 foePP=0,0 foeAtkDef=0,0 CarlAtk=0 foeLevel=0
support PP=0,0 Carl-defense=0 enemy-attack=0,0
party action uses=8,40 / 2,40
PASS expect 35 1 4 4 0
frame=22320 map=35.1 pos=2,4 flags=0
party=2 HP=30/30,26/26 battle=0 battlers=0 outcome=0 PP=0,0 trial=0 donut-ability=0
persistent PP=8,2 status=0,0
growth level/xp/item=8/399/0,8/709/0 stats maxHP/attack,maxHP/magic=30/20,26/13 foesHP=0,0
pattern trainer=0 turn=0 foePP=0,0 foeAtkDef=0,0 CarlAtk=0 foeLevel=0
support PP=0,0 Carl-defense=0 enemy-attack=0,0
party action uses=8,40 / 2,40
frame=22360 map=35.1 pos=2,4 flags=0
party=2 HP=30/30,26/26 battle=0 battlers=0 outcome=0 PP=0,0 trial=0 donut-ability=0
persistent PP=8,2 status=0,0
growth level/xp/item=8/399/0,8/709/0 stats maxHP/attack,maxHP/magic=30/20,26/13 foesHP=0,0
pattern trainer=0 turn=0 foePP=0,0 foeAtkDef=0,0 CarlAtk=0 foeLevel=0
support PP=0,0 Carl-defense=0 enemy-attack=0,0
party action uses=8,40 / 2,40
frame=22360 map=35.1 pos=2,4 flags=0
party=2 HP=30/30,26/26 battle=0 battlers=0 outcome=0 PP=0,0 trial=0 donut-ability=0
persistent PP=8,2 status=0,0
growth level/xp/item=8/399/0,8/709/0 stats maxHP/attack,maxHP/magic=30/20,26/13 foesHP=0,0
pattern trainer=0 turn=0 foePP=0,0 foeAtkDef=0,0 CarlAtk=0 foeLevel=0
support PP=0,0 Carl-defense=0 enemy-attack=0,0
party action uses=8,40 / 2,40
PASS expect 35 1 2 4 0
frame=22428 map=35.1 pos=6,4 flags=0
party=2 HP=30/30,26/26 battle=0 battlers=0 outcome=0 PP=0,0 trial=0 donut-ability=0
persistent PP=8,2 status=0,0
growth level/xp/item=8/399/0,8/709/0 stats maxHP/attack,maxHP/magic=30/20,26/13 foesHP=0,0
pattern trainer=0 turn=0 foePP=0,0 foeAtkDef=0,0 CarlAtk=0 foeLevel=0
support PP=0,0 Carl-defense=0 enemy-attack=0,0
party action uses=8,40 / 2,40
frame=22468 map=35.1 pos=6,4 flags=0
party=2 HP=30/30,26/26 battle=0 battlers=0 outcome=0 PP=0,0 trial=0 donut-ability=0
persistent PP=8,2 status=0,0
growth level/xp/item=8/399/0,8/709/0 stats maxHP/attack,maxHP/magic=30/20,26/13 foesHP=0,0
pattern trainer=0 turn=0 foePP=0,0 foeAtkDef=0,0 CarlAtk=0 foeLevel=0
support PP=0,0 Carl-defense=0 enemy-attack=0,0
party action uses=8,40 / 2,40
frame=22468 map=35.1 pos=6,4 flags=0
party=2 HP=30/30,26/26 battle=0 battlers=0 outcome=0 PP=0,0 trial=0 donut-ability=0
persistent PP=8,2 status=0,0
growth level/xp/item=8/399/0,8/709/0 stats maxHP/attack,maxHP/magic=30/20,26/13 foesHP=0,0
pattern trainer=0 turn=0 foePP=0,0 foeAtkDef=0,0 CarlAtk=0 foeLevel=0
support PP=0,0 Carl-defense=0 enemy-attack=0,0
party action uses=8,40 / 2,40
PASS expect 35 1 6 4 0
frame=22508 map=35.1 pos=6,4 flags=0
party=2 HP=30/30,26/26 battle=0 battlers=0 outcome=0 PP=0,0 trial=0 donut-ability=0
persistent PP=8,2 status=0,0
growth level/xp/item=8/399/0,8/709/0 stats maxHP/attack,maxHP/magic=30/20,26/13 foesHP=0,0
pattern trainer=0 turn=0 foePP=0,0 foeAtkDef=0,0 CarlAtk=0 foeLevel=0
support PP=0,0 Carl-defense=0 enemy-attack=0,0
party action uses=8,40 / 2,40
frame=22576 map=35.1 pos=2,4 flags=0
party=2 HP=30/30,26/26 battle=0 battlers=0 outcome=0 PP=0,0 trial=0 donut-ability=0
persistent PP=8,2 status=0,0
growth level/xp/item=8/399/0,8/709/0 stats maxHP/attack,maxHP/magic=30/20,26/13 foesHP=0,0
pattern trainer=0 turn=0 foePP=0,0 foeAtkDef=0,0 CarlAtk=0 foeLevel=0
support PP=0,0 Carl-defense=0 enemy-attack=0,0
party action uses=8,40 / 2,40
frame=22616 map=35.1 pos=2,4 flags=0
party=2 HP=30/30,26/26 battle=0 battlers=0 outcome=0 PP=0,0 trial=0 donut-ability=0
persistent PP=8,2 status=0,0
growth level/xp/item=8/399/0,8/709/0 stats maxHP/attack,maxHP/magic=30/20,26/13 foesHP=0,0
pattern trainer=0 turn=0 foePP=0,0 foeAtkDef=0,0 CarlAtk=0 foeLevel=0
support PP=0,0 Carl-defense=0 enemy-attack=0,0
party action uses=8,40 / 2,40
frame=22616 map=35.1 pos=2,4 flags=0
party=2 HP=30/30,26/26 battle=0 battlers=0 outcome=0 PP=0,0 trial=0 donut-ability=0
persistent PP=8,2 status=0,0
growth level/xp/item=8/399/0,8/709/0 stats maxHP/attack,maxHP/magic=30/20,26/13 foesHP=0,0
pattern trainer=0 turn=0 foePP=0,0 foeAtkDef=0,0 CarlAtk=0 foeLevel=0
support PP=0,0 Carl-defense=0 enemy-attack=0,0
party action uses=8,40 / 2,40
PASS expect 35 1 2 4 0
frame=22652 map=35.1 pos=2,2 flags=0
party=2 HP=30/30,26/26 battle=0 battlers=0 outcome=0 PP=0,0 trial=0 donut-ability=0
persistent PP=8,2 status=0,0
growth level/xp/item=8/399/0,8/709/0 stats maxHP/attack,maxHP/magic=30/20,26/13 foesHP=0,0
pattern trainer=0 turn=0 foePP=0,0 foeAtkDef=0,0 CarlAtk=0 foeLevel=0
support PP=0,0 Carl-defense=0 enemy-attack=0,0
party action uses=8,40 / 2,40
frame=22692 map=35.1 pos=2,2 flags=0
party=2 HP=30/30,26/26 battle=0 battlers=0 outcome=0 PP=0,0 trial=0 donut-ability=0
persistent PP=8,2 status=0,0
growth level/xp/item=8/399/0,8/709/0 stats maxHP/attack,maxHP/magic=30/20,26/13 foesHP=0,0
pattern trainer=0 turn=0 foePP=0,0 foeAtkDef=0,0 CarlAtk=0 foeLevel=0
support PP=0,0 Carl-defense=0 enemy-attack=0,0
party action uses=8,40 / 2,40
frame=22692 map=35.1 pos=2,2 flags=0
party=2 HP=30/30,26/26 battle=0 battlers=0 outcome=0 PP=0,0 trial=0 donut-ability=0
persistent PP=8,2 status=0,0
growth level/xp/item=8/399/0,8/709/0 stats maxHP/attack,maxHP/magic=30/20,26/13 foesHP=0,0
pattern trainer=0 turn=0 foePP=0,0 foeAtkDef=0,0 CarlAtk=0 foeLevel=0
support PP=0,0 Carl-defense=0 enemy-attack=0,0
party action uses=8,40 / 2,40
PASS expect 35 1 2 2 0
frame=22776 map=35.1 pos=7,2 flags=0
party=2 HP=30/30,26/26 battle=0 battlers=0 outcome=0 PP=0,0 trial=0 donut-ability=0
persistent PP=8,2 status=0,0
growth level/xp/item=8/399/0,8/709/0 stats maxHP/attack,maxHP/magic=30/20,26/13 foesHP=0,0
pattern trainer=0 turn=0 foePP=0,0 foeAtkDef=0,0 CarlAtk=0 foeLevel=0
support PP=0,0 Carl-defense=0 enemy-attack=0,0
party action uses=8,40 / 2,40
frame=22816 map=35.1 pos=7,2 flags=0
party=2 HP=30/30,26/26 battle=0 battlers=0 outcome=0 PP=0,0 trial=0 donut-ability=0
persistent PP=8,2 status=0,0
growth level/xp/item=8/399/0,8/709/0 stats maxHP/attack,maxHP/magic=30/20,26/13 foesHP=0,0
pattern trainer=0 turn=0 foePP=0,0 foeAtkDef=0,0 CarlAtk=0 foeLevel=0
support PP=0,0 Carl-defense=0 enemy-attack=0,0
party action uses=8,40 / 2,40
frame=22816 map=35.1 pos=7,2 flags=0
party=2 HP=30/30,26/26 battle=0 battlers=0 outcome=0 PP=0,0 trial=0 donut-ability=0
persistent PP=8,2 status=0,0
growth level/xp/item=8/399/0,8/709/0 stats maxHP/attack,maxHP/magic=30/20,26/13 foesHP=0,0
pattern trainer=0 turn=0 foePP=0,0 foeAtkDef=0,0 CarlAtk=0 foeLevel=0
support PP=0,0 Carl-defense=0 enemy-attack=0,0
party action uses=8,40 / 2,40
PASS expect 35 1 7 2 0
frame=22884 map=35.1 pos=7,6 flags=0
party=2 HP=30/30,26/26 battle=0 battlers=0 outcome=0 PP=0,0 trial=0 donut-ability=0
persistent PP=8,2 status=0,0
growth level/xp/item=8/399/0,8/709/0 stats maxHP/attack,maxHP/magic=30/20,26/13 foesHP=0,0
pattern trainer=0 turn=0 foePP=0,0 foeAtkDef=0,0 CarlAtk=0 foeLevel=0
support PP=0,0 Carl-defense=0 enemy-attack=0,0
party action uses=8,40 / 2,40
frame=22924 map=35.1 pos=7,6 flags=0
party=2 HP=30/30,26/26 battle=0 battlers=0 outcome=0 PP=0,0 trial=0 donut-ability=0
persistent PP=8,2 status=0,0
growth level/xp/item=8/399/0,8/709/0 stats maxHP/attack,maxHP/magic=30/20,26/13 foesHP=0,0
pattern trainer=0 turn=0 foePP=0,0 foeAtkDef=0,0 CarlAtk=0 foeLevel=0
support PP=0,0 Carl-defense=0 enemy-attack=0,0
party action uses=8,40 / 2,40
frame=22924 map=35.1 pos=7,6 flags=0
party=2 HP=30/30,26/26 battle=0 battlers=0 outcome=0 PP=0,0 trial=0 donut-ability=0
persistent PP=8,2 status=0,0
growth level/xp/item=8/399/0,8/709/0 stats maxHP/attack,maxHP/magic=30/20,26/13 foesHP=0,0
pattern trainer=0 turn=0 foePP=0,0 foeAtkDef=0,0 CarlAtk=0 foeLevel=0
support PP=0,0 Carl-defense=0 enemy-attack=0,0
party action uses=8,40 / 2,40
PASS expect 35 1 7 6 0
frame=22964 map=35.1 pos=7,6 flags=0
party=2 HP=30/30,26/26 battle=0 battlers=0 outcome=0 PP=0,0 trial=0 donut-ability=0
persistent PP=8,2 status=0,0
growth level/xp/item=8/399/0,8/709/0 stats maxHP/attack,maxHP/magic=30/20,26/13 foesHP=0,0
pattern trainer=0 turn=0 foePP=0,0 foeAtkDef=0,0 CarlAtk=0 foeLevel=0
support PP=0,0 Carl-defense=0 enemy-attack=0,0
party action uses=8,40 / 2,40
frame=23032 map=35.1 pos=7,2 flags=0
party=2 HP=30/30,26/26 battle=0 battlers=0 outcome=0 PP=0,0 trial=0 donut-ability=0
persistent PP=8,2 status=0,0
growth level/xp/item=8/399/0,8/709/0 stats maxHP/attack,maxHP/magic=30/20,26/13 foesHP=0,0
pattern trainer=0 turn=0 foePP=0,0 foeAtkDef=0,0 CarlAtk=0 foeLevel=0
support PP=0,0 Carl-defense=0 enemy-attack=0,0
party action uses=8,40 / 2,40
frame=23072 map=35.1 pos=7,2 flags=0
party=2 HP=30/30,26/26 battle=0 battlers=0 outcome=0 PP=0,0 trial=0 donut-ability=0
persistent PP=8,2 status=0,0
growth level/xp/item=8/399/0,8/709/0 stats maxHP/attack,maxHP/magic=30/20,26/13 foesHP=0,0
pattern trainer=0 turn=0 foePP=0,0 foeAtkDef=0,0 CarlAtk=0 foeLevel=0
support PP=0,0 Carl-defense=0 enemy-attack=0,0
party action uses=8,40 / 2,40
frame=23072 map=35.1 pos=7,2 flags=0
party=2 HP=30/30,26/26 battle=0 battlers=0 outcome=0 PP=0,0 trial=0 donut-ability=0
persistent PP=8,2 status=0,0
growth level/xp/item=8/399/0,8/709/0 stats maxHP/attack,maxHP/magic=30/20,26/13 foesHP=0,0
pattern trainer=0 turn=0 foePP=0,0 foeAtkDef=0,0 CarlAtk=0 foeLevel=0
support PP=0,0 Carl-defense=0 enemy-attack=0,0
party action uses=8,40 / 2,40
PASS expect 35 1 7 2 0
frame=23108 map=35.1 pos=9,2 flags=0
party=2 HP=30/30,26/26 battle=0 battlers=0 outcome=0 PP=0,0 trial=0 donut-ability=0
persistent PP=8,2 status=0,0
growth level/xp/item=8/399/0,8/709/0 stats maxHP/attack,maxHP/magic=30/20,26/13 foesHP=0,0
pattern trainer=0 turn=0 foePP=0,0 foeAtkDef=0,0 CarlAtk=0 foeLevel=0
support PP=0,0 Carl-defense=0 enemy-attack=0,0
party action uses=8,40 / 2,40
frame=23148 map=35.1 pos=9,2 flags=0
party=2 HP=30/30,26/26 battle=0 battlers=0 outcome=0 PP=0,0 trial=0 donut-ability=0
persistent PP=8,2 status=0,0
growth level/xp/item=8/399/0,8/709/0 stats maxHP/attack,maxHP/magic=30/20,26/13 foesHP=0,0
pattern trainer=0 turn=0 foePP=0,0 foeAtkDef=0,0 CarlAtk=0 foeLevel=0
support PP=0,0 Carl-defense=0 enemy-attack=0,0
party action uses=8,40 / 2,40
frame=23148 map=35.1 pos=9,2 flags=0
party=2 HP=30/30,26/26 battle=0 battlers=0 outcome=0 PP=0,0 trial=0 donut-ability=0
persistent PP=8,2 status=0,0
growth level/xp/item=8/399/0,8/709/0 stats maxHP/attack,maxHP/magic=30/20,26/13 foesHP=0,0
pattern trainer=0 turn=0 foePP=0,0 foeAtkDef=0,0 CarlAtk=0 foeLevel=0
support PP=0,0 Carl-defense=0 enemy-attack=0,0
party action uses=8,40 / 2,40
PASS expect 35 1 9 2 0
frame=23232 map=35.1 pos=9,7 flags=0
party=2 HP=30/30,26/26 battle=0 battlers=0 outcome=0 PP=0,0 trial=0 donut-ability=0
persistent PP=8,2 status=0,0
growth level/xp/item=8/399/0,8/709/0 stats maxHP/attack,maxHP/magic=30/20,26/13 foesHP=0,0
pattern trainer=0 turn=0 foePP=0,0 foeAtkDef=0,0 CarlAtk=0 foeLevel=0
support PP=0,0 Carl-defense=0 enemy-attack=0,0
party action uses=8,40 / 2,40
frame=23272 map=35.1 pos=9,7 flags=0
party=2 HP=30/30,26/26 battle=0 battlers=0 outcome=0 PP=0,0 trial=0 donut-ability=0
persistent PP=8,2 status=0,0
growth level/xp/item=8/399/0,8/709/0 stats maxHP/attack,maxHP/magic=30/20,26/13 foesHP=0,0
pattern trainer=0 turn=0 foePP=0,0 foeAtkDef=0,0 CarlAtk=0 foeLevel=0
support PP=0,0 Carl-defense=0 enemy-attack=0,0
party action uses=8,40 / 2,40
frame=23272 map=35.1 pos=9,7 flags=0
party=2 HP=30/30,26/26 battle=0 battlers=0 outcome=0 PP=0,0 trial=0 donut-ability=0
persistent PP=8,2 status=0,0
growth level/xp/item=8/399/0,8/709/0 stats maxHP/attack,maxHP/magic=30/20,26/13 foesHP=0,0
pattern trainer=0 turn=0 foePP=0,0 foeAtkDef=0,0 CarlAtk=0 foeLevel=0
support PP=0,0 Carl-defense=0 enemy-attack=0,0
party action uses=8,40 / 2,40
PASS expect 35 1 9 7 0
frame=23340 map=35.1 pos=13,7 flags=0
party=2 HP=30/30,26/26 battle=0 battlers=0 outcome=0 PP=0,0 trial=0 donut-ability=0
persistent PP=8,2 status=0,0
growth level/xp/item=8/399/0,8/709/0 stats maxHP/attack,maxHP/magic=30/20,26/13 foesHP=0,0
pattern trainer=0 turn=0 foePP=0,0 foeAtkDef=0,0 CarlAtk=0 foeLevel=0
support PP=0,0 Carl-defense=0 enemy-attack=0,0
party action uses=8,40 / 2,40
frame=23380 map=35.1 pos=13,7 flags=0
party=2 HP=30/30,26/26 battle=0 battlers=0 outcome=0 PP=0,0 trial=0 donut-ability=0
persistent PP=8,2 status=0,0
growth level/xp/item=8/399/0,8/709/0 stats maxHP/attack,maxHP/magic=30/20,26/13 foesHP=0,0
pattern trainer=0 turn=0 foePP=0,0 foeAtkDef=0,0 CarlAtk=0 foeLevel=0
support PP=0,0 Carl-defense=0 enemy-attack=0,0
party action uses=8,40 / 2,40
frame=23380 map=35.1 pos=13,7 flags=0
party=2 HP=30/30,26/26 battle=0 battlers=0 outcome=0 PP=0,0 trial=0 donut-ability=0
persistent PP=8,2 status=0,0
growth level/xp/item=8/399/0,8/709/0 stats maxHP/attack,maxHP/magic=30/20,26/13 foesHP=0,0
pattern trainer=0 turn=0 foePP=0,0 foeAtkDef=0,0 CarlAtk=0 foeLevel=0
support PP=0,0 Carl-defense=0 enemy-attack=0,0
party action uses=8,40 / 2,40
PASS expect 35 1 13 7 0
frame=23420 map=35.1 pos=13,7 flags=0
party=2 HP=30/30,26/26 battle=0 battlers=0 outcome=0 PP=0,0 trial=0 donut-ability=0
persistent PP=8,2 status=0,0
growth level/xp/item=8/399/0,8/709/0 stats maxHP/attack,maxHP/magic=30/20,26/13 foesHP=0,0
pattern trainer=0 turn=0 foePP=0,0 foeAtkDef=0,0 CarlAtk=0 foeLevel=0
support PP=0,0 Carl-defense=0 enemy-attack=0,0
party action uses=8,40 / 2,40
frame=23488 map=35.1 pos=9,7 flags=0
party=2 HP=30/30,26/26 battle=0 battlers=0 outcome=0 PP=0,0 trial=0 donut-ability=0
persistent PP=8,2 status=0,0
growth level/xp/item=8/399/0,8/709/0 stats maxHP/attack,maxHP/magic=30/20,26/13 foesHP=0,0
pattern trainer=0 turn=0 foePP=0,0 foeAtkDef=0,0 CarlAtk=0 foeLevel=0
support PP=0,0 Carl-defense=0 enemy-attack=0,0
party action uses=8,40 / 2,40
frame=23528 map=35.1 pos=9,7 flags=0
party=2 HP=30/30,26/26 battle=0 battlers=0 outcome=0 PP=0,0 trial=0 donut-ability=0
persistent PP=8,2 status=0,0
growth level/xp/item=8/399/0,8/709/0 stats maxHP/attack,maxHP/magic=30/20,26/13 foesHP=0,0
pattern trainer=0 turn=0 foePP=0,0 foeAtkDef=0,0 CarlAtk=0 foeLevel=0
support PP=0,0 Carl-defense=0 enemy-attack=0,0
party action uses=8,40 / 2,40
frame=23528 map=35.1 pos=9,7 flags=0
party=2 HP=30/30,26/26 battle=0 battlers=0 outcome=0 PP=0,0 trial=0 donut-ability=0
persistent PP=8,2 status=0,0
growth level/xp/item=8/399/0,8/709/0 stats maxHP/attack,maxHP/magic=30/20,26/13 foesHP=0,0
pattern trainer=0 turn=0 foePP=0,0 foeAtkDef=0,0 CarlAtk=0 foeLevel=0
support PP=0,0 Carl-defense=0 enemy-attack=0,0
party action uses=8,40 / 2,40
PASS expect 35 1 9 7 0
frame=23548 map=35.1 pos=10,7 flags=0
party=2 HP=30/30,26/26 battle=0 battlers=0 outcome=0 PP=0,0 trial=0 donut-ability=0
persistent PP=8,2 status=0,0
growth level/xp/item=8/399/0,8/709/0 stats maxHP/attack,maxHP/magic=30/20,26/13 foesHP=0,0
pattern trainer=0 turn=0 foePP=0,0 foeAtkDef=0,0 CarlAtk=0 foeLevel=0
support PP=0,0 Carl-defense=0 enemy-attack=0,0
party action uses=8,40 / 2,40
frame=23588 map=35.1 pos=10,7 flags=0
party=2 HP=30/30,26/26 battle=0 battlers=0 outcome=0 PP=0,0 trial=0 donut-ability=0
persistent PP=8,2 status=0,0
growth level/xp/item=8/399/0,8/709/0 stats maxHP/attack,maxHP/magic=30/20,26/13 foesHP=0,0
pattern trainer=0 turn=0 foePP=0,0 foeAtkDef=0,0 CarlAtk=0 foeLevel=0
support PP=0,0 Carl-defense=0 enemy-attack=0,0
party action uses=8,40 / 2,40
frame=23588 map=35.1 pos=10,7 flags=0
party=2 HP=30/30,26/26 battle=0 battlers=0 outcome=0 PP=0,0 trial=0 donut-ability=0
persistent PP=8,2 status=0,0
growth level/xp/item=8/399/0,8/709/0 stats maxHP/attack,maxHP/magic=30/20,26/13 foesHP=0,0
pattern trainer=0 turn=0 foePP=0,0 foeAtkDef=0,0 CarlAtk=0 foeLevel=0
support PP=0,0 Carl-defense=0 enemy-attack=0,0
party action uses=8,40 / 2,40
PASS expect 35 1 10 7 0
frame=23736 map=35.1 pos=10,7 flags=0
party=2 HP=30/30,26/26 battle=0 battlers=0 outcome=0 PP=0,0 trial=0 donut-ability=0
persistent PP=8,2 status=0,0
growth level/xp/item=8/399/0,8/709/0 stats maxHP/attack,maxHP/magic=30/20,26/13 foesHP=0,0
pattern trainer=0 turn=0 foePP=0,0 foeAtkDef=0,0 CarlAtk=0 foeLevel=0
support PP=0,0 Carl-defense=0 enemy-attack=0,0
party action uses=8,40 / 2,40
frame=23776 map=35.1 pos=10,7 flags=0
party=2 HP=30/30,26/26 battle=0 battlers=0 outcome=0 PP=0,0 trial=0 donut-ability=0
persistent PP=8,2 status=0,0
growth level/xp/item=8/399/0,8/709/0 stats maxHP/attack,maxHP/magic=30/20,26/13 foesHP=0,0
pattern trainer=0 turn=0 foePP=0,0 foeAtkDef=0,0 CarlAtk=0 foeLevel=0
support PP=0,0 Carl-defense=0 enemy-attack=0,0
party action uses=8,40 / 2,40
frame=23776 map=35.1 pos=10,7 flags=0
party=2 HP=30/30,26/26 battle=0 battlers=0 outcome=0 PP=0,0 trial=0 donut-ability=0
persistent PP=8,2 status=0,0
growth level/xp/item=8/399/0,8/709/0 stats maxHP/attack,maxHP/magic=30/20,26/13 foesHP=0,0
pattern trainer=0 turn=0 foePP=0,0 foeAtkDef=0,0 CarlAtk=0 foeLevel=0
support PP=0,0 Carl-defense=0 enemy-attack=0,0
party action uses=8,40 / 2,40
PASS expect 35 1 10 7 0
frame=23844 map=35.1 pos=10,3 flags=0
party=2 HP=30/30,26/26 battle=0 battlers=0 outcome=0 PP=0,0 trial=0 donut-ability=0
persistent PP=8,2 status=0,0
growth level/xp/item=8/399/0,8/709/0 stats maxHP/attack,maxHP/magic=30/20,26/13 foesHP=0,0
pattern trainer=0 turn=0 foePP=0,0 foeAtkDef=0,0 CarlAtk=0 foeLevel=0
support PP=0,0 Carl-defense=0 enemy-attack=0,0
party action uses=8,40 / 2,40
frame=23884 map=35.1 pos=10,3 flags=0
party=2 HP=30/30,26/26 battle=0 battlers=0 outcome=0 PP=0,0 trial=0 donut-ability=0
persistent PP=8,2 status=0,0
growth level/xp/item=8/399/0,8/709/0 stats maxHP/attack,maxHP/magic=30/20,26/13 foesHP=0,0
pattern trainer=0 turn=0 foePP=0,0 foeAtkDef=0,0 CarlAtk=0 foeLevel=0
support PP=0,0 Carl-defense=0 enemy-attack=0,0
party action uses=8,40 / 2,40
frame=23884 map=35.1 pos=10,3 flags=0
party=2 HP=30/30,26/26 battle=0 battlers=0 outcome=0 PP=0,0 trial=0 donut-ability=0
persistent PP=8,2 status=0,0
growth level/xp/item=8/399/0,8/709/0 stats maxHP/attack,maxHP/magic=30/20,26/13 foesHP=0,0
pattern trainer=0 turn=0 foePP=0,0 foeAtkDef=0,0 CarlAtk=0 foeLevel=0
support PP=0,0 Carl-defense=0 enemy-attack=0,0
party action uses=8,40 / 2,40
PASS expect 35 1 10 3 0
frame=23984 map=35.1 pos=4,3 flags=0
party=2 HP=30/30,26/26 battle=0 battlers=0 outcome=0 PP=0,0 trial=0 donut-ability=0
persistent PP=8,2 status=0,0
growth level/xp/item=8/399/0,8/709/0 stats maxHP/attack,maxHP/magic=30/20,26/13 foesHP=0,0
pattern trainer=0 turn=0 foePP=0,0 foeAtkDef=0,0 CarlAtk=0 foeLevel=0
support PP=0,0 Carl-defense=0 enemy-attack=0,0
party action uses=8,40 / 2,40
frame=24024 map=35.0 pos=37,26 flags=0
party=2 HP=30/30,26/26 battle=0 battlers=0 outcome=0 PP=0,0 trial=0 donut-ability=0
persistent PP=8,2 status=0,0
growth level/xp/item=8/399/0,8/709/0 stats maxHP/attack,maxHP/magic=30/20,26/13 foesHP=0,0
pattern trainer=0 turn=0 foePP=0,0 foeAtkDef=0,0 CarlAtk=0 foeLevel=0
support PP=0,0 Carl-defense=0 enemy-attack=0,0
party action uses=8,40 / 2,40
frame=24324 map=35.0 pos=37,26 flags=0
party=2 HP=30/30,26/26 battle=0 battlers=0 outcome=0 PP=0,0 trial=0 donut-ability=0
persistent PP=8,2 status=0,0
growth level/xp/item=8/399/0,8/709/0 stats maxHP/attack,maxHP/magic=30/20,26/13 foesHP=0,0
pattern trainer=0 turn=0 foePP=0,0 foeAtkDef=0,0 CarlAtk=0 foeLevel=0
support PP=0,0 Carl-defense=0 enemy-attack=0,0
party action uses=8,40 / 2,40
frame=24324 map=35.0 pos=37,26 flags=0
party=2 HP=30/30,26/26 battle=0 battlers=0 outcome=0 PP=0,0 trial=0 donut-ability=0
persistent PP=8,2 status=0,0
growth level/xp/item=8/399/0,8/709/0 stats maxHP/attack,maxHP/magic=30/20,26/13 foesHP=0,0
pattern trainer=0 turn=0 foePP=0,0 foeAtkDef=0,0 CarlAtk=0 foeLevel=0
support PP=0,0 Carl-defense=0 enemy-attack=0,0
party action uses=8,40 / 2,40
PASS expect 35 0 37 26 0
frame=24440 map=35.0 pos=44,26 flags=0
party=2 HP=30/30,26/26 battle=0 battlers=0 outcome=0 PP=0,0 trial=0 donut-ability=0
persistent PP=8,2 status=0,0
growth level/xp/item=8/399/0,8/709/0 stats maxHP/attack,maxHP/magic=30/20,26/13 foesHP=0,0
pattern trainer=0 turn=0 foePP=0,0 foeAtkDef=0,0 CarlAtk=0 foeLevel=0
support PP=0,0 Carl-defense=0 enemy-attack=0,0
party action uses=8,40 / 2,40
frame=24480 map=35.0 pos=44,26 flags=0
party=2 HP=30/30,26/26 battle=0 battlers=0 outcome=0 PP=0,0 trial=0 donut-ability=0
persistent PP=8,2 status=0,0
growth level/xp/item=8/399/0,8/709/0 stats maxHP/attack,maxHP/magic=30/20,26/13 foesHP=0,0
pattern trainer=0 turn=0 foePP=0,0 foeAtkDef=0,0 CarlAtk=0 foeLevel=0
support PP=0,0 Carl-defense=0 enemy-attack=0,0
party action uses=8,40 / 2,40
frame=24480 map=35.0 pos=44,26 flags=0
party=2 HP=30/30,26/26 battle=0 battlers=0 outcome=0 PP=0,0 trial=0 donut-ability=0
persistent PP=8,2 status=0,0
growth level/xp/item=8/399/0,8/709/0 stats maxHP/attack,maxHP/magic=30/20,26/13 foesHP=0,0
pattern trainer=0 turn=0 foePP=0,0 foeAtkDef=0,0 CarlAtk=0 foeLevel=0
support PP=0,0 Carl-defense=0 enemy-attack=0,0
party action uses=8,40 / 2,40
PASS expect 35 0 44 26 0
frame=24628 map=35.0 pos=44,17 flags=0
party=2 HP=30/30,26/26 battle=0 battlers=0 outcome=0 PP=0,0 trial=0 donut-ability=0
persistent PP=8,2 status=0,0
growth level/xp/item=8/399/0,8/709/0 stats maxHP/attack,maxHP/magic=30/20,26/13 foesHP=0,0
pattern trainer=0 turn=0 foePP=0,0 foeAtkDef=0,0 CarlAtk=0 foeLevel=0
support PP=0,0 Carl-defense=0 enemy-attack=0,0
party action uses=8,40 / 2,40
frame=24668 map=35.0 pos=44,17 flags=0
party=2 HP=30/30,26/26 battle=0 battlers=0 outcome=0 PP=0,0 trial=0 donut-ability=0
persistent PP=8,2 status=0,0
growth level/xp/item=8/399/0,8/709/0 stats maxHP/attack,maxHP/magic=30/20,26/13 foesHP=0,0
pattern trainer=0 turn=0 foePP=0,0 foeAtkDef=0,0 CarlAtk=0 foeLevel=0
support PP=0,0 Carl-defense=0 enemy-attack=0,0
party action uses=8,40 / 2,40
frame=24668 map=35.0 pos=44,17 flags=0
party=2 HP=30/30,26/26 battle=0 battlers=0 outcome=0 PP=0,0 trial=0 donut-ability=0
persistent PP=8,2 status=0,0
growth level/xp/item=8/399/0,8/709/0 stats maxHP/attack,maxHP/magic=30/20,26/13 foesHP=0,0
pattern trainer=0 turn=0 foePP=0,0 foeAtkDef=0,0 CarlAtk=0 foeLevel=0
support PP=0,0 Carl-defense=0 enemy-attack=0,0
party action uses=8,40 / 2,40
PASS expect 35 0 44 17 0
frame=24688 map=35.0 pos=45,17 flags=0
party=2 HP=30/30,26/26 battle=0 battlers=0 outcome=0 PP=0,0 trial=0 donut-ability=0
persistent PP=8,2 status=0,0
growth level/xp/item=8/399/0,8/709/0 stats maxHP/attack,maxHP/magic=30/20,26/13 foesHP=0,0
pattern trainer=0 turn=0 foePP=0,0 foeAtkDef=0,0 CarlAtk=0 foeLevel=0
support PP=0,0 Carl-defense=0 enemy-attack=0,0
party action uses=8,40 / 2,40
frame=24728 map=35.2 pos=4,3 flags=0
party=2 HP=30/30,26/26 battle=0 battlers=0 outcome=0 PP=0,0 trial=0 donut-ability=0
persistent PP=8,2 status=0,0
growth level/xp/item=8/399/0,8/709/0 stats maxHP/attack,maxHP/magic=30/20,26/13 foesHP=0,0
pattern trainer=0 turn=0 foePP=0,0 foeAtkDef=0,0 CarlAtk=0 foeLevel=0
support PP=0,0 Carl-defense=0 enemy-attack=0,0
party action uses=8,40 / 2,40
frame=25028 map=35.2 pos=4,3 flags=0
party=2 HP=30/30,26/26 battle=0 battlers=0 outcome=0 PP=0,0 trial=0 donut-ability=0
persistent PP=8,2 status=0,0
growth level/xp/item=8/399/0,8/709/0 stats maxHP/attack,maxHP/magic=30/20,26/13 foesHP=0,0
pattern trainer=0 turn=0 foePP=0,0 foeAtkDef=0,0 CarlAtk=0 foeLevel=0
support PP=0,0 Carl-defense=0 enemy-attack=0,0
party action uses=8,40 / 2,40
frame=25028 map=35.2 pos=4,3 flags=0
party=2 HP=30/30,26/26 battle=0 battlers=0 outcome=0 PP=0,0 trial=0 donut-ability=0
persistent PP=8,2 status=0,0
growth level/xp/item=8/399/0,8/709/0 stats maxHP/attack,maxHP/magic=30/20,26/13 foesHP=0,0
pattern trainer=0 turn=0 foePP=0,0 foeAtkDef=0,0 CarlAtk=0 foeLevel=0
support PP=0,0 Carl-defense=0 enemy-attack=0,0
party action uses=8,40 / 2,40
PASS expect 35 2 4 3 0
frame=25048 map=35.2 pos=4,4 flags=0
party=2 HP=30/30,26/26 battle=0 battlers=0 outcome=0 PP=0,0 trial=0 donut-ability=0
persistent PP=8,2 status=0,0
growth level/xp/item=8/399/0,8/709/0 stats maxHP/attack,maxHP/magic=30/20,26/13 foesHP=0,0
pattern trainer=0 turn=0 foePP=0,0 foeAtkDef=0,0 CarlAtk=0 foeLevel=0
support PP=0,0 Carl-defense=0 enemy-attack=0,0
party action uses=8,40 / 2,40
frame=25088 map=35.2 pos=4,4 flags=0
party=2 HP=30/30,26/26 battle=0 battlers=0 outcome=0 PP=0,0 trial=0 donut-ability=0
persistent PP=8,2 status=0,0
growth level/xp/item=8/399/0,8/709/0 stats maxHP/attack,maxHP/magic=30/20,26/13 foesHP=0,0
pattern trainer=0 turn=0 foePP=0,0 foeAtkDef=0,0 CarlAtk=0 foeLevel=0
support PP=0,0 Carl-defense=0 enemy-attack=0,0
party action uses=8,40 / 2,40
frame=25088 map=35.2 pos=4,4 flags=0
party=2 HP=30/30,26/26 battle=0 battlers=0 outcome=0 PP=0,0 trial=0 donut-ability=0
persistent PP=8,2 status=0,0
growth level/xp/item=8/399/0,8/709/0 stats maxHP/attack,maxHP/magic=30/20,26/13 foesHP=0,0
pattern trainer=0 turn=0 foePP=0,0 foeAtkDef=0,0 CarlAtk=0 foeLevel=0
support PP=0,0 Carl-defense=0 enemy-attack=0,0
party action uses=8,40 / 2,40
PASS expect 35 2 4 4 0
frame=25124 map=35.2 pos=2,4 flags=0
party=2 HP=30/30,26/26 battle=0 battlers=0 outcome=0 PP=0,0 trial=0 donut-ability=0
persistent PP=8,2 status=0,0
growth level/xp/item=8/399/0,8/709/0 stats maxHP/attack,maxHP/magic=30/20,26/13 foesHP=0,0
pattern trainer=0 turn=0 foePP=0,0 foeAtkDef=0,0 CarlAtk=0 foeLevel=0
support PP=0,0 Carl-defense=0 enemy-attack=0,0
party action uses=8,40 / 2,40
frame=25164 map=35.2 pos=2,4 flags=0
party=2 HP=30/30,26/26 battle=0 battlers=0 outcome=0 PP=0,0 trial=0 donut-ability=0
persistent PP=8,2 status=0,0
growth level/xp/item=8/399/0,8/709/0 stats maxHP/attack,maxHP/magic=30/20,26/13 foesHP=0,0
pattern trainer=0 turn=0 foePP=0,0 foeAtkDef=0,0 CarlAtk=0 foeLevel=0
support PP=0,0 Carl-defense=0 enemy-attack=0,0
party action uses=8,40 / 2,40
frame=25164 map=35.2 pos=2,4 flags=0
party=2 HP=30/30,26/26 battle=0 battlers=0 outcome=0 PP=0,0 trial=0 donut-ability=0
persistent PP=8,2 status=0,0
growth level/xp/item=8/399/0,8/709/0 stats maxHP/attack,maxHP/magic=30/20,26/13 foesHP=0,0
pattern trainer=0 turn=0 foePP=0,0 foeAtkDef=0,0 CarlAtk=0 foeLevel=0
support PP=0,0 Carl-defense=0 enemy-attack=0,0
party action uses=8,40 / 2,40
PASS expect 35 2 2 4 0
frame=25232 map=35.2 pos=6,4 flags=0
party=2 HP=30/30,26/26 battle=0 battlers=0 outcome=0 PP=0,0 trial=0 donut-ability=0
persistent PP=8,2 status=0,0
growth level/xp/item=8/399/0,8/709/0 stats maxHP/attack,maxHP/magic=30/20,26/13 foesHP=0,0
pattern trainer=0 turn=0 foePP=0,0 foeAtkDef=0,0 CarlAtk=0 foeLevel=0
support PP=0,0 Carl-defense=0 enemy-attack=0,0
party action uses=8,40 / 2,40
frame=25272 map=35.2 pos=6,4 flags=0
party=2 HP=30/30,26/26 battle=0 battlers=0 outcome=0 PP=0,0 trial=0 donut-ability=0
persistent PP=8,2 status=0,0
growth level/xp/item=8/399/0,8/709/0 stats maxHP/attack,maxHP/magic=30/20,26/13 foesHP=0,0
pattern trainer=0 turn=0 foePP=0,0 foeAtkDef=0,0 CarlAtk=0 foeLevel=0
support PP=0,0 Carl-defense=0 enemy-attack=0,0
party action uses=8,40 / 2,40
frame=25272 map=35.2 pos=6,4 flags=0
party=2 HP=30/30,26/26 battle=0 battlers=0 outcome=0 PP=0,0 trial=0 donut-ability=0
persistent PP=8,2 status=0,0
growth level/xp/item=8/399/0,8/709/0 stats maxHP/attack,maxHP/magic=30/20,26/13 foesHP=0,0
pattern trainer=0 turn=0 foePP=0,0 foeAtkDef=0,0 CarlAtk=0 foeLevel=0
support PP=0,0 Carl-defense=0 enemy-attack=0,0
party action uses=8,40 / 2,40
PASS expect 35 2 6 4 0
frame=25312 map=35.2 pos=6,4 flags=0
party=2 HP=30/30,26/26 battle=0 battlers=0 outcome=0 PP=0,0 trial=0 donut-ability=0
persistent PP=8,2 status=0,0
growth level/xp/item=8/399/0,8/709/0 stats maxHP/attack,maxHP/magic=30/20,26/13 foesHP=0,0
pattern trainer=0 turn=0 foePP=0,0 foeAtkDef=0,0 CarlAtk=0 foeLevel=0
support PP=0,0 Carl-defense=0 enemy-attack=0,0
party action uses=8,40 / 2,40
frame=25380 map=35.2 pos=2,4 flags=0
party=2 HP=30/30,26/26 battle=0 battlers=0 outcome=0 PP=0,0 trial=0 donut-ability=0
persistent PP=8,2 status=0,0
growth level/xp/item=8/399/0,8/709/0 stats maxHP/attack,maxHP/magic=30/20,26/13 foesHP=0,0
pattern trainer=0 turn=0 foePP=0,0 foeAtkDef=0,0 CarlAtk=0 foeLevel=0
support PP=0,0 Carl-defense=0 enemy-attack=0,0
party action uses=8,40 / 2,40
frame=25420 map=35.2 pos=2,4 flags=0
party=2 HP=30/30,26/26 battle=0 battlers=0 outcome=0 PP=0,0 trial=0 donut-ability=0
persistent PP=8,2 status=0,0
growth level/xp/item=8/399/0,8/709/0 stats maxHP/attack,maxHP/magic=30/20,26/13 foesHP=0,0
pattern trainer=0 turn=0 foePP=0,0 foeAtkDef=0,0 CarlAtk=0 foeLevel=0
support PP=0,0 Carl-defense=0 enemy-attack=0,0
party action uses=8,40 / 2,40
frame=25420 map=35.2 pos=2,4 flags=0
party=2 HP=30/30,26/26 battle=0 battlers=0 outcome=0 PP=0,0 trial=0 donut-ability=0
persistent PP=8,2 status=0,0
growth level/xp/item=8/399/0,8/709/0 stats maxHP/attack,maxHP/magic=30/20,26/13 foesHP=0,0
pattern trainer=0 turn=0 foePP=0,0 foeAtkDef=0,0 CarlAtk=0 foeLevel=0
support PP=0,0 Carl-defense=0 enemy-attack=0,0
party action uses=8,40 / 2,40
PASS expect 35 2 2 4 0
frame=25456 map=35.2 pos=2,2 flags=0
party=2 HP=30/30,26/26 battle=0 battlers=0 outcome=0 PP=0,0 trial=0 donut-ability=0
persistent PP=8,2 status=0,0
growth level/xp/item=8/399/0,8/709/0 stats maxHP/attack,maxHP/magic=30/20,26/13 foesHP=0,0
pattern trainer=0 turn=0 foePP=0,0 foeAtkDef=0,0 CarlAtk=0 foeLevel=0
support PP=0,0 Carl-defense=0 enemy-attack=0,0
party action uses=8,40 / 2,40
frame=25496 map=35.2 pos=2,2 flags=0
party=2 HP=30/30,26/26 battle=0 battlers=0 outcome=0 PP=0,0 trial=0 donut-ability=0
persistent PP=8,2 status=0,0
growth level/xp/item=8/399/0,8/709/0 stats maxHP/attack,maxHP/magic=30/20,26/13 foesHP=0,0
pattern trainer=0 turn=0 foePP=0,0 foeAtkDef=0,0 CarlAtk=0 foeLevel=0
support PP=0,0 Carl-defense=0 enemy-attack=0,0
party action uses=8,40 / 2,40
frame=25496 map=35.2 pos=2,2 flags=0
party=2 HP=30/30,26/26 battle=0 battlers=0 outcome=0 PP=0,0 trial=0 donut-ability=0
persistent PP=8,2 status=0,0
growth level/xp/item=8/399/0,8/709/0 stats maxHP/attack,maxHP/magic=30/20,26/13 foesHP=0,0
pattern trainer=0 turn=0 foePP=0,0 foeAtkDef=0,0 CarlAtk=0 foeLevel=0
support PP=0,0 Carl-defense=0 enemy-attack=0,0
party action uses=8,40 / 2,40
PASS expect 35 2 2 2 0
frame=25580 map=35.2 pos=7,2 flags=0
party=2 HP=30/30,26/26 battle=0 battlers=0 outcome=0 PP=0,0 trial=0 donut-ability=0
persistent PP=8,2 status=0,0
growth level/xp/item=8/399/0,8/709/0 stats maxHP/attack,maxHP/magic=30/20,26/13 foesHP=0,0
pattern trainer=0 turn=0 foePP=0,0 foeAtkDef=0,0 CarlAtk=0 foeLevel=0
support PP=0,0 Carl-defense=0 enemy-attack=0,0
party action uses=8,40 / 2,40
frame=25620 map=35.2 pos=7,2 flags=0
party=2 HP=30/30,26/26 battle=0 battlers=0 outcome=0 PP=0,0 trial=0 donut-ability=0
persistent PP=8,2 status=0,0
growth level/xp/item=8/399/0,8/709/0 stats maxHP/attack,maxHP/magic=30/20,26/13 foesHP=0,0
pattern trainer=0 turn=0 foePP=0,0 foeAtkDef=0,0 CarlAtk=0 foeLevel=0
support PP=0,0 Carl-defense=0 enemy-attack=0,0
party action uses=8,40 / 2,40
frame=25620 map=35.2 pos=7,2 flags=0
party=2 HP=30/30,26/26 battle=0 battlers=0 outcome=0 PP=0,0 trial=0 donut-ability=0
persistent PP=8,2 status=0,0
growth level/xp/item=8/399/0,8/709/0 stats maxHP/attack,maxHP/magic=30/20,26/13 foesHP=0,0
pattern trainer=0 turn=0 foePP=0,0 foeAtkDef=0,0 CarlAtk=0 foeLevel=0
support PP=0,0 Carl-defense=0 enemy-attack=0,0
party action uses=8,40 / 2,40
PASS expect 35 2 7 2 0
frame=25704 map=35.2 pos=7,7 flags=0
party=2 HP=30/30,26/26 battle=0 battlers=0 outcome=0 PP=0,0 trial=0 donut-ability=0
persistent PP=8,2 status=0,0
growth level/xp/item=8/399/0,8/709/0 stats maxHP/attack,maxHP/magic=30/20,26/13 foesHP=0,0
pattern trainer=0 turn=0 foePP=0,0 foeAtkDef=0,0 CarlAtk=0 foeLevel=0
support PP=0,0 Carl-defense=0 enemy-attack=0,0
party action uses=8,40 / 2,40
frame=25744 map=35.2 pos=7,7 flags=0
party=2 HP=30/30,26/26 battle=0 battlers=0 outcome=0 PP=0,0 trial=0 donut-ability=0
persistent PP=8,2 status=0,0
growth level/xp/item=8/399/0,8/709/0 stats maxHP/attack,maxHP/magic=30/20,26/13 foesHP=0,0
pattern trainer=0 turn=0 foePP=0,0 foeAtkDef=0,0 CarlAtk=0 foeLevel=0
support PP=0,0 Carl-defense=0 enemy-attack=0,0
party action uses=8,40 / 2,40
frame=25744 map=35.2 pos=7,7 flags=0
party=2 HP=30/30,26/26 battle=0 battlers=0 outcome=0 PP=0,0 trial=0 donut-ability=0
persistent PP=8,2 status=0,0
growth level/xp/item=8/399/0,8/709/0 stats maxHP/attack,maxHP/magic=30/20,26/13 foesHP=0,0
pattern trainer=0 turn=0 foePP=0,0 foeAtkDef=0,0 CarlAtk=0 foeLevel=0
support PP=0,0 Carl-defense=0 enemy-attack=0,0
party action uses=8,40 / 2,40
PASS expect 35 2 7 7 0
frame=25784 map=35.2 pos=7,7 flags=0
party=2 HP=30/30,26/26 battle=0 battlers=0 outcome=0 PP=0,0 trial=0 donut-ability=0
persistent PP=8,2 status=0,0
growth level/xp/item=8/399/0,8/709/0 stats maxHP/attack,maxHP/magic=30/20,26/13 foesHP=0,0
pattern trainer=0 turn=0 foePP=0,0 foeAtkDef=0,0 CarlAtk=0 foeLevel=0
support PP=0,0 Carl-defense=0 enemy-attack=0,0
party action uses=8,40 / 2,40
frame=25868 map=35.2 pos=7,2 flags=0
party=2 HP=30/30,26/26 battle=0 battlers=0 outcome=0 PP=0,0 trial=0 donut-ability=0
persistent PP=8,2 status=0,0
growth level/xp/item=8/399/0,8/709/0 stats maxHP/attack,maxHP/magic=30/20,26/13 foesHP=0,0
pattern trainer=0 turn=0 foePP=0,0 foeAtkDef=0,0 CarlAtk=0 foeLevel=0
support PP=0,0 Carl-defense=0 enemy-attack=0,0
party action uses=8,40 / 2,40
frame=25908 map=35.2 pos=7,2 flags=0
party=2 HP=30/30,26/26 battle=0 battlers=0 outcome=0 PP=0,0 trial=0 donut-ability=0
persistent PP=8,2 status=0,0
growth level/xp/item=8/399/0,8/709/0 stats maxHP/attack,maxHP/magic=30/20,26/13 foesHP=0,0
pattern trainer=0 turn=0 foePP=0,0 foeAtkDef=0,0 CarlAtk=0 foeLevel=0
support PP=0,0 Carl-defense=0 enemy-attack=0,0
party action uses=8,40 / 2,40
frame=25908 map=35.2 pos=7,2 flags=0
party=2 HP=30/30,26/26 battle=0 battlers=0 outcome=0 PP=0,0 trial=0 donut-ability=0
persistent PP=8,2 status=0,0
growth level/xp/item=8/399/0,8/709/0 stats maxHP/attack,maxHP/magic=30/20,26/13 foesHP=0,0
pattern trainer=0 turn=0 foePP=0,0 foeAtkDef=0,0 CarlAtk=0 foeLevel=0
support PP=0,0 Carl-defense=0 enemy-attack=0,0
party action uses=8,40 / 2,40
PASS expect 35 2 7 2 0
frame=25928 map=35.2 pos=8,2 flags=0
party=2 HP=30/30,26/26 battle=0 battlers=0 outcome=0 PP=0,0 trial=0 donut-ability=0
persistent PP=8,2 status=0,0
growth level/xp/item=8/399/0,8/709/0 stats maxHP/attack,maxHP/magic=30/20,26/13 foesHP=0,0
pattern trainer=0 turn=0 foePP=0,0 foeAtkDef=0,0 CarlAtk=0 foeLevel=0
support PP=0,0 Carl-defense=0 enemy-attack=0,0
party action uses=8,40 / 2,40
frame=25968 map=35.2 pos=8,2 flags=0
party=2 HP=30/30,26/26 battle=0 battlers=0 outcome=0 PP=0,0 trial=0 donut-ability=0
persistent PP=8,2 status=0,0
growth level/xp/item=8/399/0,8/709/0 stats maxHP/attack,maxHP/magic=30/20,26/13 foesHP=0,0
pattern trainer=0 turn=0 foePP=0,0 foeAtkDef=0,0 CarlAtk=0 foeLevel=0
support PP=0,0 Carl-defense=0 enemy-attack=0,0
party action uses=8,40 / 2,40
frame=25968 map=35.2 pos=8,2 flags=0
party=2 HP=30/30,26/26 battle=0 battlers=0 outcome=0 PP=0,0 trial=0 donut-ability=0
persistent PP=8,2 status=0,0
growth level/xp/item=8/399/0,8/709/0 stats maxHP/attack,maxHP/magic=30/20,26/13 foesHP=0,0
pattern trainer=0 turn=0 foePP=0,0 foeAtkDef=0,0 CarlAtk=0 foeLevel=0
support PP=0,0 Carl-defense=0 enemy-attack=0,0
party action uses=8,40 / 2,40
PASS expect 35 2 8 2 0
frame=26052 map=35.2 pos=8,7 flags=0
party=2 HP=30/30,26/26 battle=0 battlers=0 outcome=0 PP=0,0 trial=0 donut-ability=0
persistent PP=8,2 status=0,0
growth level/xp/item=8/399/0,8/709/0 stats maxHP/attack,maxHP/magic=30/20,26/13 foesHP=0,0
pattern trainer=0 turn=0 foePP=0,0 foeAtkDef=0,0 CarlAtk=0 foeLevel=0
support PP=0,0 Carl-defense=0 enemy-attack=0,0
party action uses=8,40 / 2,40
frame=26092 map=35.2 pos=8,7 flags=0
party=2 HP=30/30,26/26 battle=0 battlers=0 outcome=0 PP=0,0 trial=0 donut-ability=0
persistent PP=8,2 status=0,0
growth level/xp/item=8/399/0,8/709/0 stats maxHP/attack,maxHP/magic=30/20,26/13 foesHP=0,0
pattern trainer=0 turn=0 foePP=0,0 foeAtkDef=0,0 CarlAtk=0 foeLevel=0
support PP=0,0 Carl-defense=0 enemy-attack=0,0
party action uses=8,40 / 2,40
frame=26092 map=35.2 pos=8,7 flags=0
party=2 HP=30/30,26/26 battle=0 battlers=0 outcome=0 PP=0,0 trial=0 donut-ability=0
persistent PP=8,2 status=0,0
growth level/xp/item=8/399/0,8/709/0 stats maxHP/attack,maxHP/magic=30/20,26/13 foesHP=0,0
pattern trainer=0 turn=0 foePP=0,0 foeAtkDef=0,0 CarlAtk=0 foeLevel=0
support PP=0,0 Carl-defense=0 enemy-attack=0,0
party action uses=8,40 / 2,40
PASS expect 35 2 8 7 0
frame=26240 map=35.2 pos=8,7 flags=0
party=2 HP=30/30,26/26 battle=0 battlers=0 outcome=0 PP=0,0 trial=0 donut-ability=0
persistent PP=8,2 status=0,0
growth level/xp/item=8/399/0,8/709/0 stats maxHP/attack,maxHP/magic=30/20,26/13 foesHP=0,0
pattern trainer=0 turn=0 foePP=0,0 foeAtkDef=0,0 CarlAtk=0 foeLevel=0
support PP=0,0 Carl-defense=0 enemy-attack=0,0
party action uses=8,40 / 2,40
frame=26280 map=35.2 pos=8,7 flags=0
party=2 HP=30/30,26/26 battle=0 battlers=0 outcome=0 PP=0,0 trial=0 donut-ability=0
persistent PP=8,2 status=0,0
growth level/xp/item=8/399/0,8/709/0 stats maxHP/attack,maxHP/magic=30/20,26/13 foesHP=0,0
pattern trainer=0 turn=0 foePP=0,0 foeAtkDef=0,0 CarlAtk=0 foeLevel=0
support PP=0,0 Carl-defense=0 enemy-attack=0,0
party action uses=8,40 / 2,40
frame=26280 map=35.2 pos=8,7 flags=0
party=2 HP=30/30,26/26 battle=0 battlers=0 outcome=0 PP=0,0 trial=0 donut-ability=0
persistent PP=8,2 status=0,0
growth level/xp/item=8/399/0,8/709/0 stats maxHP/attack,maxHP/magic=30/20,26/13 foesHP=0,0
pattern trainer=0 turn=0 foePP=0,0 foeAtkDef=0,0 CarlAtk=0 foeLevel=0
support PP=0,0 Carl-defense=0 enemy-attack=0,0
party action uses=8,40 / 2,40
PASS expect 35 2 8 7 0
frame=26348 map=35.2 pos=8,3 flags=0
party=2 HP=30/30,26/26 battle=0 battlers=0 outcome=0 PP=0,0 trial=0 donut-ability=0
persistent PP=8,2 status=0,0
growth level/xp/item=8/399/0,8/709/0 stats maxHP/attack,maxHP/magic=30/20,26/13 foesHP=0,0
pattern trainer=0 turn=0 foePP=0,0 foeAtkDef=0,0 CarlAtk=0 foeLevel=0
support PP=0,0 Carl-defense=0 enemy-attack=0,0
party action uses=8,40 / 2,40
frame=26388 map=35.2 pos=8,3 flags=0
party=2 HP=30/30,26/26 battle=0 battlers=0 outcome=0 PP=0,0 trial=0 donut-ability=0
persistent PP=8,2 status=0,0
growth level/xp/item=8/399/0,8/709/0 stats maxHP/attack,maxHP/magic=30/20,26/13 foesHP=0,0
pattern trainer=0 turn=0 foePP=0,0 foeAtkDef=0,0 CarlAtk=0 foeLevel=0
support PP=0,0 Carl-defense=0 enemy-attack=0,0
party action uses=8,40 / 2,40
frame=26388 map=35.2 pos=8,3 flags=0
party=2 HP=30/30,26/26 battle=0 battlers=0 outcome=0 PP=0,0 trial=0 donut-ability=0
persistent PP=8,2 status=0,0
growth level/xp/item=8/399/0,8/709/0 stats maxHP/attack,maxHP/magic=30/20,26/13 foesHP=0,0
pattern trainer=0 turn=0 foePP=0,0 foeAtkDef=0,0 CarlAtk=0 foeLevel=0
support PP=0,0 Carl-defense=0 enemy-attack=0,0
party action uses=8,40 / 2,40
PASS expect 35 2 8 3 0
frame=26456 map=35.2 pos=4,3 flags=0
party=2 HP=30/30,26/26 battle=0 battlers=0 outcome=0 PP=0,0 trial=0 donut-ability=0
persistent PP=8,2 status=0,0
growth level/xp/item=8/399/0,8/709/0 stats maxHP/attack,maxHP/magic=30/20,26/13 foesHP=0,0
pattern trainer=0 turn=0 foePP=0,0 foeAtkDef=0,0 CarlAtk=0 foeLevel=0
support PP=0,0 Carl-defense=0 enemy-attack=0,0
party action uses=8,40 / 2,40
frame=26496 map=35.0 pos=45,17 flags=0
party=2 HP=30/30,26/26 battle=0 battlers=0 outcome=0 PP=0,0 trial=0 donut-ability=0
persistent PP=8,2 status=0,0
growth level/xp/item=8/399/0,8/709/0 stats maxHP/attack,maxHP/magic=30/20,26/13 foesHP=0,0
pattern trainer=0 turn=0 foePP=0,0 foeAtkDef=0,0 CarlAtk=0 foeLevel=0
support PP=0,0 Carl-defense=0 enemy-attack=0,0
party action uses=8,40 / 2,40
frame=26796 map=35.0 pos=45,17 flags=0
party=2 HP=30/30,26/26 battle=0 battlers=0 outcome=0 PP=0,0 trial=0 donut-ability=0
persistent PP=8,2 status=0,0
growth level/xp/item=8/399/0,8/709/0 stats maxHP/attack,maxHP/magic=30/20,26/13 foesHP=0,0
pattern trainer=0 turn=0 foePP=0,0 foeAtkDef=0,0 CarlAtk=0 foeLevel=0
support PP=0,0 Carl-defense=0 enemy-attack=0,0
party action uses=8,40 / 2,40
frame=26796 map=35.0 pos=45,17 flags=0
party=2 HP=30/30,26/26 battle=0 battlers=0 outcome=0 PP=0,0 trial=0 donut-ability=0
persistent PP=8,2 status=0,0
growth level/xp/item=8/399/0,8/709/0 stats maxHP/attack,maxHP/magic=30/20,26/13 foesHP=0,0
pattern trainer=0 turn=0 foePP=0,0 foeAtkDef=0,0 CarlAtk=0 foeLevel=0
support PP=0,0 Carl-defense=0 enemy-attack=0,0
party action uses=8,40 / 2,40
PASS expect 35 0 45 17 0
frame=26864 map=35.0 pos=45,21 flags=0
party=2 HP=30/30,26/26 battle=0 battlers=0 outcome=0 PP=0,0 trial=0 donut-ability=0
persistent PP=8,2 status=0,0
growth level/xp/item=8/399/0,8/709/0 stats maxHP/attack,maxHP/magic=30/20,26/13 foesHP=0,0
pattern trainer=0 turn=0 foePP=0,0 foeAtkDef=0,0 CarlAtk=0 foeLevel=0
support PP=0,0 Carl-defense=0 enemy-attack=0,0
party action uses=8,40 / 2,40
frame=26904 map=35.0 pos=45,21 flags=0
party=2 HP=30/30,26/26 battle=0 battlers=0 outcome=0 PP=0,0 trial=0 donut-ability=0
persistent PP=8,2 status=0,0
growth level/xp/item=8/399/0,8/709/0 stats maxHP/attack,maxHP/magic=30/20,26/13 foesHP=0,0
pattern trainer=0 turn=0 foePP=0,0 foeAtkDef=0,0 CarlAtk=0 foeLevel=0
support PP=0,0 Carl-defense=0 enemy-attack=0,0
party action uses=8,40 / 2,40
frame=26904 map=35.0 pos=45,21 flags=0
party=2 HP=30/30,26/26 battle=0 battlers=0 outcome=0 PP=0,0 trial=0 donut-ability=0
persistent PP=8,2 status=0,0
growth level/xp/item=8/399/0,8/709/0 stats maxHP/attack,maxHP/magic=30/20,26/13 foesHP=0,0
pattern trainer=0 turn=0 foePP=0,0 foeAtkDef=0,0 CarlAtk=0 foeLevel=0
support PP=0,0 Carl-defense=0 enemy-attack=0,0
party action uses=8,40 / 2,40
PASS expect 35 0 45 21 0
frame=27084 map=35.0 pos=34,21 flags=0
party=2 HP=30/30,26/26 battle=0 battlers=0 outcome=0 PP=0,0 trial=0 donut-ability=0
persistent PP=8,2 status=0,0
growth level/xp/item=8/399/0,8/709/0 stats maxHP/attack,maxHP/magic=30/20,26/13 foesHP=0,0
pattern trainer=0 turn=0 foePP=0,0 foeAtkDef=0,0 CarlAtk=0 foeLevel=0
support PP=0,0 Carl-defense=0 enemy-attack=0,0
party action uses=8,40 / 2,40
frame=27124 map=35.0 pos=34,21 flags=0
party=2 HP=30/30,26/26 battle=0 battlers=0 outcome=0 PP=0,0 trial=0 donut-ability=0
persistent PP=8,2 status=0,0
growth level/xp/item=8/399/0,8/709/0 stats maxHP/attack,maxHP/magic=30/20,26/13 foesHP=0,0
pattern trainer=0 turn=0 foePP=0,0 foeAtkDef=0,0 CarlAtk=0 foeLevel=0
support PP=0,0 Carl-defense=0 enemy-attack=0,0
party action uses=8,40 / 2,40
frame=27124 map=35.0 pos=34,21 flags=0
party=2 HP=30/30,26/26 battle=0 battlers=0 outcome=0 PP=0,0 trial=0 donut-ability=0
persistent PP=8,2 status=0,0
growth level/xp/item=8/399/0,8/709/0 stats maxHP/attack,maxHP/magic=30/20,26/13 foesHP=0,0
pattern trainer=0 turn=0 foePP=0,0 foeAtkDef=0,0 CarlAtk=0 foeLevel=0
support PP=0,0 Carl-defense=0 enemy-attack=0,0
party action uses=8,40 / 2,40
PASS expect 35 0 34 21 0
frame=27176 map=35.0 pos=34,24 flags=0
party=2 HP=30/30,26/26 battle=0 battlers=0 outcome=0 PP=0,0 trial=0 donut-ability=0
persistent PP=8,2 status=0,0
growth level/xp/item=8/399/0,8/709/0 stats maxHP/attack,maxHP/magic=30/20,26/13 foesHP=0,0
pattern trainer=0 turn=0 foePP=0,0 foeAtkDef=0,0 CarlAtk=0 foeLevel=0
support PP=0,0 Carl-defense=0 enemy-attack=0,0
party action uses=8,40 / 2,40
frame=27216 map=35.0 pos=34,24 flags=0
party=2 HP=30/30,26/26 battle=0 battlers=0 outcome=0 PP=0,0 trial=0 donut-ability=0
persistent PP=8,2 status=0,0
growth level/xp/item=8/399/0,8/709/0 stats maxHP/attack,maxHP/magic=30/20,26/13 foesHP=0,0
pattern trainer=0 turn=0 foePP=0,0 foeAtkDef=0,0 CarlAtk=0 foeLevel=0
support PP=0,0 Carl-defense=0 enemy-attack=0,0
party action uses=8,40 / 2,40
frame=27216 map=35.0 pos=34,24 flags=0
party=2 HP=30/30,26/26 battle=0 battlers=0 outcome=0 PP=0,0 trial=0 donut-ability=0
persistent PP=8,2 status=0,0
growth level/xp/item=8/399/0,8/709/0 stats maxHP/attack,maxHP/magic=30/20,26/13 foesHP=0,0
pattern trainer=0 turn=0 foePP=0,0 foeAtkDef=0,0 CarlAtk=0 foeLevel=0
support PP=0,0 Carl-defense=0 enemy-attack=0,0
party action uses=8,40 / 2,40
PASS expect 35 0 34 24 0
frame=27284 map=35.0 pos=30,24 flags=0
party=2 HP=30/30,26/26 battle=0 battlers=0 outcome=0 PP=0,0 trial=0 donut-ability=0
persistent PP=8,2 status=0,0
growth level/xp/item=8/399/0,8/709/0 stats maxHP/attack,maxHP/magic=30/20,26/13 foesHP=0,0
pattern trainer=0 turn=0 foePP=0,0 foeAtkDef=0,0 CarlAtk=0 foeLevel=0
support PP=0,0 Carl-defense=0 enemy-attack=0,0
party action uses=8,40 / 2,40
frame=27324 map=35.0 pos=30,24 flags=0
party=2 HP=30/30,26/26 battle=0 battlers=0 outcome=0 PP=0,0 trial=0 donut-ability=0
persistent PP=8,2 status=0,0
growth level/xp/item=8/399/0,8/709/0 stats maxHP/attack,maxHP/magic=30/20,26/13 foesHP=0,0
pattern trainer=0 turn=0 foePP=0,0 foeAtkDef=0,0 CarlAtk=0 foeLevel=0
support PP=0,0 Carl-defense=0 enemy-attack=0,0
party action uses=8,40 / 2,40
frame=27324 map=35.0 pos=30,24 flags=0
party=2 HP=30/30,26/26 battle=0 battlers=0 outcome=0 PP=0,0 trial=0 donut-ability=0
persistent PP=8,2 status=0,0
growth level/xp/item=8/399/0,8/709/0 stats maxHP/attack,maxHP/magic=30/20,26/13 foesHP=0,0
pattern trainer=0 turn=0 foePP=0,0 foeAtkDef=0,0 CarlAtk=0 foeLevel=0
support PP=0,0 Carl-defense=0 enemy-attack=0,0
party action uses=8,40 / 2,40
PASS expect 35 0 30 24 0
frame=27324 map=35.0 pos=30,24 flags=0
party=2 HP=30/30,26/26 battle=0 battlers=0 outcome=0 PP=0,0 trial=0 donut-ability=0
persistent PP=8,2 status=0,0
growth level/xp/item=8/399/0,8/709/0 stats maxHP/attack,maxHP/magic=30/20,26/13 foesHP=0,0
pattern trainer=0 turn=0 foePP=0,0 foeAtkDef=0,0 CarlAtk=0 foeLevel=0
support PP=0,0 Carl-defense=0 enemy-attack=0,0
party action uses=8,40 / 2,40
PASS duo healthy
frame=27324 map=35.0 pos=30,24 flags=0
party=2 HP=30/30,26/26 battle=0 battlers=0 outcome=0 PP=0,0 trial=0 donut-ability=0
persistent PP=8,2 status=0,0
growth level/xp/item=8/399/0,8/709/0 stats maxHP/attack,maxHP/magic=30/20,26/13 foesHP=0,0
pattern trainer=0 turn=0 foePP=0,0 foeAtkDef=0,0 CarlAtk=0 foeLevel=0
support PP=0,0 Carl-defense=0 enemy-attack=0,0
party action uses=8,40 / 2,40
PASS uses 8 40 2 40
frame=27324 map=35.0 pos=30,24 flags=0
party=2 HP=30/30,26/26 battle=0 battlers=0 outcome=0 PP=0,0 trial=0 donut-ability=0
persistent PP=8,2 status=0,0
growth level/xp/item=8/399/0,8/709/0 stats maxHP/attack,maxHP/magic=30/20,26/13 foesHP=0,0
PASS flag 32 0
pattern trainer=0 turn=0 foePP=0,0 foeAtkDef=0,0 CarlAtk=0 foeLevel=0
support PP=0,0 Carl-defense=0 enemy-attack=0,0
party action uses=8,40 / 2,40
frame=27324 map=35.0 pos=30,24 flags=0
party=2 HP=30/30,26/26 battle=0 battlers=0 outcome=0 PP=0,0 trial=0 donut-ability=0
persistent PP=8,2 status=0,0
growth level/xp/item=8/399/0,8/709/0 stats maxHP/attack,maxHP/magic=30/20,26/13 foesHP=0,0
PASS flag 33 0
pattern trainer=0 turn=0 foePP=0,0 foeAtkDef=0,0 CarlAtk=0 foeLevel=0
support PP=0,0 Carl-defense=0 enemy-attack=0,0
party action uses=8,40 / 2,40
frame=27324 map=35.0 pos=30,24 flags=0
party=2 HP=30/30,26/26 battle=0 battlers=0 outcome=0 PP=0,0 trial=0 donut-ability=0
persistent PP=8,2 status=0,0
growth level/xp/item=8/399/0,8/709/0 stats maxHP/attack,maxHP/magic=30/20,26/13 foesHP=0,0
PASS flag 34 0
pattern trainer=0 turn=0 foePP=0,0 foeAtkDef=0,0 CarlAtk=0 foeLevel=0
support PP=0,0 Carl-defense=0 enemy-attack=0,0
party action uses=8,40 / 2,40
frame=27324 map=35.0 pos=30,24 flags=0
party=2 HP=30/30,26/26 battle=0 battlers=0 outcome=0 PP=0,0 trial=0 donut-ability=0
persistent PP=8,2 status=0,0
growth level/xp/item=8/399/0,8/709/0 stats maxHP/attack,maxHP/magic=30/20,26/13 foesHP=0,0
PASS flag 35 0
pattern trainer=0 turn=0 foePP=0,0 foeAtkDef=0,0 CarlAtk=0 foeLevel=0
support PP=0,0 Carl-defense=0 enemy-attack=0,0
party action uses=8,40 / 2,40
frame=27324 map=35.0 pos=30,24 flags=0
party=2 HP=30/30,26/26 battle=0 battlers=0 outcome=0 PP=0,0 trial=0 donut-ability=0
persistent PP=8,2 status=0,0
growth level/xp/item=8/399/0,8/709/0 stats maxHP/attack,maxHP/magic=30/20,26/13 foesHP=0,0
PASS flag 36 0
pattern trainer=0 turn=0 foePP=0,0 foeAtkDef=0,0 CarlAtk=0 foeLevel=0
support PP=0,0 Carl-defense=0 enemy-attack=0,0
party action uses=8,40 / 2,40
frame=27324 map=35.0 pos=30,24 flags=0
party=2 HP=30/30,26/26 battle=0 battlers=0 outcome=0 PP=0,0 trial=0 donut-ability=0
persistent PP=8,2 status=0,0
growth level/xp/item=8/399/0,8/709/0 stats maxHP/attack,maxHP/magic=30/20,26/13 foesHP=0,0
PASS flag 37 0
pattern trainer=0 turn=0 foePP=0,0 foeAtkDef=0,0 CarlAtk=0 foeLevel=0
support PP=0,0 Carl-defense=0 enemy-attack=0,0
party action uses=8,40 / 2,40
frame=27324 map=35.0 pos=30,24 flags=0
party=2 HP=30/30,26/26 battle=0 battlers=0 outcome=0 PP=0,0 trial=0 donut-ability=0
persistent PP=8,2 status=0,0
growth level/xp/item=8/399/0,8/709/0 stats maxHP/attack,maxHP/magic=30/20,26/13 foesHP=0,0
PASS flag 38 0
pattern trainer=0 turn=0 foePP=0,0 foeAtkDef=0,0 CarlAtk=0 foeLevel=0
support PP=0,0 Carl-defense=0 enemy-attack=0,0
party action uses=8,40 / 2,40
frame=27324 map=35.0 pos=30,24 flags=0
party=2 HP=30/30,26/26 battle=0 battlers=0 outcome=0 PP=0,0 trial=0 donut-ability=0
persistent PP=8,2 status=0,0
growth level/xp/item=8/399/0,8/709/0 stats maxHP/attack,maxHP/magic=30/20,26/13 foesHP=0,0
PASS flag 39 0
pattern trainer=0 turn=0 foePP=0,0 foeAtkDef=0,0 CarlAtk=0 foeLevel=0
support PP=0,0 Carl-defense=0 enemy-attack=0,0
party action uses=8,40 / 2,40
frame=27324 map=35.0 pos=30,24 flags=0
party=2 HP=30/30,26/26 battle=0 battlers=0 outcome=0 PP=0,0 trial=0 donut-ability=0
persistent PP=8,2 status=0,0
growth level/xp/item=8/399/0,8/709/0 stats maxHP/attack,maxHP/magic=30/20,26/13 foesHP=0,0
PASS flag 40 0
pattern trainer=0 turn=0 foePP=0,0 foeAtkDef=0,0 CarlAtk=0 foeLevel=0
support PP=0,0 Carl-defense=0 enemy-attack=0,0
party action uses=8,40 / 2,40
frame=27324 map=35.0 pos=30,24 flags=0
party=2 HP=30/30,26/26 battle=0 battlers=0 outcome=0 PP=0,0 trial=0 donut-ability=0
persistent PP=8,2 status=0,0
growth level/xp/item=8/399/0,8/709/0 stats maxHP/attack,maxHP/magic=30/20,26/13 foesHP=0,0
PASS flag 41 0
pattern trainer=0 turn=0 foePP=0,0 foeAtkDef=0,0 CarlAtk=0 foeLevel=0
support PP=0,0 Carl-defense=0 enemy-attack=0,0
party action uses=8,40 / 2,40
frame=27324 map=35.0 pos=30,24 flags=0
party=2 HP=30/30,26/26 battle=0 battlers=0 outcome=0 PP=0,0 trial=0 donut-ability=0
persistent PP=8,2 status=0,0
growth level/xp/item=8/399/0,8/709/0 stats maxHP/attack,maxHP/magic=30/20,26/13 foesHP=0,0
PASS flag 42 0
pattern trainer=0 turn=0 foePP=0,0 foeAtkDef=0,0 CarlAtk=0 foeLevel=0
support PP=0,0 Carl-defense=0 enemy-attack=0,0
party action uses=8,40 / 2,40
frame=27324 map=35.0 pos=30,24 flags=0
party=2 HP=30/30,26/26 battle=0 battlers=0 outcome=0 PP=0,0 trial=0 donut-ability=0
persistent PP=8,2 status=0,0
growth level/xp/item=8/399/0,8/709/0 stats maxHP/attack,maxHP/magic=30/20,26/13 foesHP=0,0
PASS flag 43 0
pattern trainer=0 turn=0 foePP=0,0 foeAtkDef=0,0 CarlAtk=0 foeLevel=0
support PP=0,0 Carl-defense=0 enemy-attack=0,0
party action uses=8,40 / 2,40
frame=27324 map=35.0 pos=30,24 flags=0
party=2 HP=30/30,26/26 battle=0 battlers=0 outcome=0 PP=0,0 trial=0 donut-ability=0
persistent PP=8,2 status=0,0
growth level/xp/item=8/399/0,8/709/0 stats maxHP/attack,maxHP/magic=30/20,26/13 foesHP=0,0
PASS flag 44 0
pattern trainer=0 turn=0 foePP=0,0 foeAtkDef=0,0 CarlAtk=0 foeLevel=0
support PP=0,0 Carl-defense=0 enemy-attack=0,0
party action uses=8,40 / 2,40
frame=27324 map=35.0 pos=30,24 flags=0
party=2 HP=30/30,26/26 battle=0 battlers=0 outcome=0 PP=0,0 trial=0 donut-ability=0
persistent PP=8,2 status=0,0
growth level/xp/item=8/399/0,8/709/0 stats maxHP/attack,maxHP/magic=30/20,26/13 foesHP=0,0
PASS flag 45 0
pattern trainer=0 turn=0 foePP=0,0 foeAtkDef=0,0 CarlAtk=0 foeLevel=0
support PP=0,0 Carl-defense=0 enemy-attack=0,0
party action uses=8,40 / 2,40
frame=27324 map=35.0 pos=30,24 flags=0
party=2 HP=30/30,26/26 battle=0 battlers=0 outcome=0 PP=0,0 trial=0 donut-ability=0
persistent PP=8,2 status=0,0
growth level/xp/item=8/399/0,8/709/0 stats maxHP/attack,maxHP/magic=30/20,26/13 foesHP=0,0
PASS flag 46 0
pattern trainer=0 turn=0 foePP=0,0 foeAtkDef=0,0 CarlAtk=0 foeLevel=0
support PP=0,0 Carl-defense=0 enemy-attack=0,0
party action uses=8,40 / 2,40
frame=27324 map=35.0 pos=30,24 flags=0
party=2 HP=30/30,26/26 battle=0 battlers=0 outcome=0 PP=0,0 trial=0 donut-ability=0
persistent PP=8,2 status=0,0
growth level/xp/item=8/399/0,8/709/0 stats maxHP/attack,maxHP/magic=30/20,26/13 foesHP=0,0
PASS flag 47 0
pattern trainer=0 turn=0 foePP=0,0 foeAtkDef=0,0 CarlAtk=0 foeLevel=0
support PP=0,0 Carl-defense=0 enemy-attack=0,0
party action uses=8,40 / 2,40
frame=27324 map=35.0 pos=30,24 flags=0
party=2 HP=30/30,26/26 battle=0 battlers=0 outcome=0 PP=0,0 trial=0 donut-ability=0
persistent PP=8,2 status=0,0
growth level/xp/item=8/399/0,8/709/0 stats maxHP/attack,maxHP/magic=30/20,26/13 foesHP=0,0
PASS flag 48 0
pattern trainer=0 turn=0 foePP=0,0 foeAtkDef=0,0 CarlAtk=0 foeLevel=0
support PP=0,0 Carl-defense=0 enemy-attack=0,0
party action uses=8,40 / 2,40
frame=27324 map=35.0 pos=30,24 flags=0
party=2 HP=30/30,26/26 battle=0 battlers=0 outcome=0 PP=0,0 trial=0 donut-ability=0
persistent PP=8,2 status=0,0
growth level/xp/item=8/399/0,8/709/0 stats maxHP/attack,maxHP/magic=30/20,26/13 foesHP=0,0
PASS flag 2135 0
pattern trainer=0 turn=0 foePP=0,0 foeAtkDef=0,0 CarlAtk=0 foeLevel=0
support PP=0,0 Carl-defense=0 enemy-attack=0,0
party action uses=8,40 / 2,40
frame=27324 map=35.0 pos=30,24 flags=0
party=2 HP=30/30,26/26 battle=0 battlers=0 outcome=0 PP=0,0 trial=0 donut-ability=0
persistent PP=8,2 status=0,0
growth level/xp/item=8/399/0,8/709/0 stats maxHP/attack,maxHP/magic=30/20,26/13 foesHP=0,0
PASS flag 2136 0
pattern trainer=0 turn=0 foePP=0,0 foeAtkDef=0,0 CarlAtk=0 foeLevel=0
support PP=0,0 Carl-defense=0 enemy-attack=0,0
party action uses=8,40 / 2,40
frame=27324 map=35.0 pos=30,24 flags=0
party=2 HP=30/30,26/26 battle=0 battlers=0 outcome=0 PP=0,0 trial=0 donut-ability=0
persistent PP=8,2 status=0,0
growth level/xp/item=8/399/0,8/709/0 stats maxHP/attack,maxHP/magic=30/20,26/13 foesHP=0,0
PASS flag 2137 0
pattern trainer=0 turn=0 foePP=0,0 foeAtkDef=0,0 CarlAtk=0 foeLevel=0
support PP=0,0 Carl-defense=0 enemy-attack=0,0
party action uses=8,40 / 2,40
frame=27324 map=35.0 pos=30,24 flags=0
party=2 HP=30/30,26/26 battle=0 battlers=0 outcome=0 PP=0,0 trial=0 donut-ability=0
persistent PP=8,2 status=0,0
growth level/xp/item=8/399/0,8/709/0 stats maxHP/attack,maxHP/magic=30/20,26/13 foesHP=0,0
PASS flag 2138 0
pattern trainer=0 turn=0 foePP=0,0 foeAtkDef=0,0 CarlAtk=0 foeLevel=0
support PP=0,0 Carl-defense=0 enemy-attack=0,0
party action uses=8,40 / 2,40
frame=27324 map=35.0 pos=30,24 flags=0
party=2 HP=30/30,26/26 battle=0 battlers=0 outcome=0 PP=0,0 trial=0 donut-ability=0
persistent PP=8,2 status=0,0
growth level/xp/item=8/399/0,8/709/0 stats maxHP/attack,maxHP/magic=30/20,26/13 foesHP=0,0
PASS flag 2139 0
pattern trainer=0 turn=0 foePP=0,0 foeAtkDef=0,0 CarlAtk=0 foeLevel=0
support PP=0,0 Carl-defense=0 enemy-attack=0,0
party action uses=8,40 / 2,40
frame=27325 map=35.0 pos=30,24 flags=0
party=2 HP=30/30,26/26 battle=0 battlers=0 outcome=0 PP=0,0 trial=0 donut-ability=0
persistent PP=8,2 status=0,0
growth level/xp/item=8/399/0,8/709/0 stats maxHP/attack,maxHP/magic=30/20,26/13 foesHP=0,0
pattern trainer=0 turn=0 foePP=0,0 foeAtkDef=0,0 CarlAtk=0 foeLevel=0
support PP=0,0 Carl-defense=0 enemy-attack=0,0
party action uses=8,40 / 2,40
frame=27445 map=35.0 pos=30,24 flags=0
party=2 HP=30/30,26/26 battle=0 battlers=0 outcome=0 PP=0,0 trial=0 donut-ability=0
persistent PP=8,2 status=0,0
growth level/xp/item=8/399/0,8/709/0 stats maxHP/attack,maxHP/magic=30/20,26/13 foesHP=0,0
pattern trainer=0 turn=0 foePP=0,0 foeAtkDef=0,0 CarlAtk=0 foeLevel=0
support PP=0,0 Carl-defense=0 enemy-attack=0,0
party action uses=8,40 / 2,40
frame=27446 map=35.0 pos=30,24 flags=0
party=2 HP=30/30,26/26 battle=0 battlers=0 outcome=0 PP=0,0 trial=0 donut-ability=0
persistent PP=8,2 status=0,0
growth level/xp/item=8/399/0,8/709/0 stats maxHP/attack,maxHP/magic=30/20,26/13 foesHP=0,0
pattern trainer=0 turn=0 foePP=0,0 foeAtkDef=0,0 CarlAtk=0 foeLevel=0
support PP=0,0 Carl-defense=0 enemy-attack=0,0
party action uses=8,40 / 2,40
frame=27466 map=35.0 pos=30,24 flags=0
party=2 HP=30/30,26/26 battle=0 battlers=0 outcome=0 PP=0,0 trial=0 donut-ability=0
persistent PP=8,2 status=0,0
growth level/xp/item=8/399/0,8/709/0 stats maxHP/attack,maxHP/magic=30/20,26/13 foesHP=0,0
pattern trainer=0 turn=0 foePP=0,0 foeAtkDef=0,0 CarlAtk=0 foeLevel=0
support PP=0,0 Carl-defense=0 enemy-attack=0,0
party action uses=8,40 / 2,40
frame=27467 map=35.0 pos=30,24 flags=0
party=2 HP=30/30,26/26 battle=0 battlers=0 outcome=0 PP=0,0 trial=0 donut-ability=0
persistent PP=8,2 status=0,0
growth level/xp/item=8/399/0,8/709/0 stats maxHP/attack,maxHP/magic=30/20,26/13 foesHP=0,0
pattern trainer=0 turn=0 foePP=0,0 foeAtkDef=0,0 CarlAtk=0 foeLevel=0
support PP=0,0 Carl-defense=0 enemy-attack=0,0
party action uses=8,40 / 2,40
frame=27487 map=35.0 pos=30,24 flags=0
party=2 HP=30/30,26/26 battle=0 battlers=0 outcome=0 PP=0,0 trial=0 donut-ability=0
persistent PP=8,2 status=0,0
growth level/xp/item=8/399/0,8/709/0 stats maxHP/attack,maxHP/magic=30/20,26/13 foesHP=0,0
pattern trainer=0 turn=0 foePP=0,0 foeAtkDef=0,0 CarlAtk=0 foeLevel=0
support PP=0,0 Carl-defense=0 enemy-attack=0,0
party action uses=8,40 / 2,40
frame=27488 map=35.0 pos=30,24 flags=0
party=2 HP=30/30,26/26 battle=0 battlers=0 outcome=0 PP=0,0 trial=0 donut-ability=0
persistent PP=8,2 status=0,0
growth level/xp/item=8/399/0,8/709/0 stats maxHP/attack,maxHP/magic=30/20,26/13 foesHP=0,0
pattern trainer=0 turn=0 foePP=0,0 foeAtkDef=0,0 CarlAtk=0 foeLevel=0
support PP=0,0 Carl-defense=0 enemy-attack=0,0
party action uses=8,40 / 2,40
frame=27648 map=35.0 pos=30,24 flags=0
party=2 HP=30/30,26/26 battle=0 battlers=0 outcome=0 PP=0,0 trial=0 donut-ability=0
persistent PP=8,2 status=0,0
growth level/xp/item=8/399/0,8/709/0 stats maxHP/attack,maxHP/magic=30/20,26/13 foesHP=0,0
pattern trainer=0 turn=0 foePP=0,0 foeAtkDef=0,0 CarlAtk=0 foeLevel=0
support PP=0,0 Carl-defense=0 enemy-attack=0,0
party action uses=8,40 / 2,40
frame=27649 map=35.0 pos=30,24 flags=0
party=2 HP=30/30,26/26 battle=0 battlers=0 outcome=0 PP=0,0 trial=0 donut-ability=0
persistent PP=8,2 status=0,0
growth level/xp/item=8/399/0,8/709/0 stats maxHP/attack,maxHP/magic=30/20,26/13 foesHP=0,0
pattern trainer=0 turn=0 foePP=0,0 foeAtkDef=0,0 CarlAtk=0 foeLevel=0
support PP=0,0 Carl-defense=0 enemy-attack=0,0
party action uses=8,40 / 2,40
frame=28249 map=35.0 pos=30,24 flags=0
party=2 HP=30/30,26/26 battle=0 battlers=0 outcome=0 PP=0,0 trial=0 donut-ability=0
persistent PP=8,2 status=0,0
growth level/xp/item=8/399/0,8/709/0 stats maxHP/attack,maxHP/magic=30/20,26/13 foesHP=0,0
pattern trainer=0 turn=0 foePP=0,0 foeAtkDef=0,0 CarlAtk=0 foeLevel=0
support PP=0,0 Carl-defense=0 enemy-attack=0,0
party action uses=8,40 / 2,40
frame=28249 map=35.0 pos=30,24 flags=0
party=2 HP=30/30,26/26 battle=0 battlers=0 outcome=0 PP=0,0 trial=0 donut-ability=0
persistent PP=8,2 status=0,0
growth level/xp/item=8/399/0,8/709/0 stats maxHP/attack,maxHP/magic=30/20,26/13 foesHP=0,0
pattern trainer=0 turn=0 foePP=0,0 foeAtkDef=0,0 CarlAtk=0 foeLevel=0
support PP=0,0 Carl-defense=0 enemy-attack=0,0
party action uses=8,40 / 2,40
PASS expect 35 0 30 24 0
SCENE map=0 samples=19778 peak_objects=5 peak_sprites=9
SCENE map=1 samples=4773 peak_objects=6 peak_sprites=10
SCENE map=2 samples=1715 peak_objects=2 peak_sprites=6
result=0 assertions=255
