mGBA 0.10.5; 240x160; save=/workspace/DungeonCrawlerCarlemon/artifacts/floor1/g01/scene-7gjljta_/scene.sav; read-only RAM diagnostics
frame=720 map=0.0 pos=-7,-7 flags=0
party=0 HP=0/0,0/0 battle=0 battlers=0 outcome=0 PP=0,0 trial=0 donut-ability=0
persistent PP=0,0 status=0,0
growth level/xp/item=0/0/0,0/0/0 stats maxHP/attack,maxHP/magic=0/0,0/0 foesHP=0,0
pattern trainer=0 turn=0 foePP=0,0 foeAtkDef=0,0 CarlAtk=0 foeLevel=0
support PP=0,0 Carl-defense=0 enemy-attack=0,0
party action uses=0,0 / 0,0
frame=721 map=0.0 pos=-7,-7 flags=0
party=0 HP=0/0,0/0 battle=0 battlers=0 outcome=0 PP=0,0 trial=0 donut-ability=0
persistent PP=0,0 status=0,0
growth level/xp/item=0/0/0,0/0/0 stats maxHP/attack,maxHP/magic=0/0,0/0 foesHP=0,0
pattern trainer=0 turn=0 foePP=0,0 foeAtkDef=0,0 CarlAtk=0 foeLevel=0
support PP=0,0 Carl-defense=0 enemy-attack=0,0
party action uses=0,0 / 0,0
frame=1081 map=0.0 pos=-7,-7 flags=0
party=0 HP=0/0,0/0 battle=0 battlers=0 outcome=0 PP=0,0 trial=0 donut-ability=0
persistent PP=0,0 status=0,0
growth level/xp/item=0/0/0,0/0/0 stats maxHP/attack,maxHP/magic=0/0,0/0 foesHP=0,0
pattern trainer=0 turn=0 foePP=0,0 foeAtkDef=0,0 CarlAtk=0 foeLevel=0
support PP=0,0 Carl-defense=0 enemy-attack=0,0
party action uses=0,0 / 0,0
frame=1082 map=0.0 pos=-7,-7 flags=0
party=0 HP=0/0,0/0 battle=0 battlers=0 outcome=0 PP=0,0 trial=0 donut-ability=0
persistent PP=0,0 status=0,0
growth level/xp/item=0/0/0,0/0/0 stats maxHP/attack,maxHP/magic=0/0,0/0 foesHP=0,0
pattern trainer=0 turn=0 foePP=0,0 foeAtkDef=0,0 CarlAtk=0 foeLevel=0
support PP=0,0 Carl-defense=0 enemy-attack=0,0
party action uses=0,0 / 0,0
frame=1262 map=0.0 pos=-7,-7 flags=0
party=0 HP=0/0,0/0 battle=0 battlers=0 outcome=0 PP=0,0 trial=0 donut-ability=0
persistent PP=0,0 status=0,0
growth level/xp/item=0/0/0,0/0/0 stats maxHP/attack,maxHP/magic=0/0,0/0 foesHP=0,0
pattern trainer=0 turn=0 foePP=0,0 foeAtkDef=0,0 CarlAtk=0 foeLevel=0
support PP=0,0 Carl-defense=0 enemy-attack=0,0
party action uses=0,0 / 0,0
frame=1263 map=0.0 pos=-7,-7 flags=0
party=0 HP=0/0,0/0 battle=0 battlers=0 outcome=0 PP=0,0 trial=0 donut-ability=0
persistent PP=0,0 status=0,0
growth level/xp/item=0/0/0,0/0/0 stats maxHP/attack,maxHP/magic=0/0,0/0 foesHP=0,0
pattern trainer=0 turn=0 foePP=0,0 foeAtkDef=0,0 CarlAtk=0 foeLevel=0
support PP=0,0 Carl-defense=0 enemy-attack=0,0
party action uses=0,0 / 0,0
frame=1443 map=0.0 pos=-7,-7 flags=0
party=0 HP=0/0,0/0 battle=0 battlers=0 outcome=0 PP=0,0 trial=0 donut-ability=0
persistent PP=0,0 status=0,0
growth level/xp/item=0/0/0,0/0/0 stats maxHP/attack,maxHP/magic=0/0,0/0 foesHP=0,0
pattern trainer=0 turn=0 foePP=0,0 foeAtkDef=0,0 CarlAtk=0 foeLevel=0
support PP=0,0 Carl-defense=0 enemy-attack=0,0
party action uses=0,0 / 0,0
frame=1444 map=0.0 pos=-7,-7 flags=0
party=0 HP=0/0,0/0 battle=0 battlers=0 outcome=0 PP=0,0 trial=0 donut-ability=0
persistent PP=0,0 status=0,0
growth level/xp/item=0/0/0,0/0/0 stats maxHP/attack,maxHP/magic=0/0,0/0 foesHP=0,0
pattern trainer=0 turn=0 foePP=0,0 foeAtkDef=0,0 CarlAtk=0 foeLevel=0
support PP=0,0 Carl-defense=0 enemy-attack=0,0
party action uses=0,0 / 0,0
frame=2044 map=35.0 pos=8,38 flags=0
party=2 HP=30/30,26/26 battle=0 battlers=0 outcome=0 PP=0,0 trial=0 donut-ability=0
persistent PP=8,2 status=0,0
growth level/xp/item=8/399/0,8/709/0 stats maxHP/attack,maxHP/magic=30/20,26/13 foesHP=0,0
pattern trainer=0 turn=0 foePP=0,0 foeAtkDef=0,0 CarlAtk=0 foeLevel=0
support PP=0,0 Carl-defense=0 enemy-attack=0,0
party action uses=8,40 / 2,40
frame=2044 map=35.0 pos=8,38 flags=0
party=2 HP=30/30,26/26 battle=0 battlers=0 outcome=0 PP=0,0 trial=0 donut-ability=0
persistent PP=8,2 status=0,0
growth level/xp/item=8/399/0,8/709/0 stats maxHP/attack,maxHP/magic=30/20,26/13 foesHP=0,0
pattern trainer=0 turn=0 foePP=0,0 foeAtkDef=0,0 CarlAtk=0 foeLevel=0
support PP=0,0 Carl-defense=0 enemy-attack=0,0
party action uses=8,40 / 2,40
PASS expect 35 0 8 38 0
frame=2044 map=35.0 pos=8,38 flags=0
party=2 HP=30/30,26/26 battle=0 battlers=0 outcome=0 PP=0,0 trial=0 donut-ability=0
persistent PP=8,2 status=0,0
growth level/xp/item=8/399/0,8/709/0 stats maxHP/attack,maxHP/magic=30/20,26/13 foesHP=0,0
pattern trainer=0 turn=0 foePP=0,0 foeAtkDef=0,0 CarlAtk=0 foeLevel=0
support PP=0,0 Carl-defense=0 enemy-attack=0,0
party action uses=8,40 / 2,40
PASS duo healthy
frame=2044 map=35.0 pos=8,38 flags=0
party=2 HP=30/30,26/26 battle=0 battlers=0 outcome=0 PP=0,0 trial=0 donut-ability=0
persistent PP=8,2 status=0,0
growth level/xp/item=8/399/0,8/709/0 stats maxHP/attack,maxHP/magic=30/20,26/13 foesHP=0,0
pattern trainer=0 turn=0 foePP=0,0 foeAtkDef=0,0 CarlAtk=0 foeLevel=0
support PP=0,0 Carl-defense=0 enemy-attack=0,0
party action uses=8,40 / 2,40
PASS uses 8 40 2 40
frame=2112 map=35.0 pos=8,34 flags=0
party=2 HP=30/30,26/26 battle=0 battlers=0 outcome=0 PP=0,0 trial=0 donut-ability=0
persistent PP=8,2 status=0,0
growth level/xp/item=8/399/0,8/709/0 stats maxHP/attack,maxHP/magic=30/20,26/13 foesHP=0,0
pattern trainer=0 turn=0 foePP=0,0 foeAtkDef=0,0 CarlAtk=0 foeLevel=0
support PP=0,0 Carl-defense=0 enemy-attack=0,0
party action uses=8,40 / 2,40
frame=2152 map=35.0 pos=8,34 flags=0
party=2 HP=30/30,26/26 battle=0 battlers=0 outcome=0 PP=0,0 trial=0 donut-ability=0
persistent PP=8,2 status=0,0
growth level/xp/item=8/399/0,8/709/0 stats maxHP/attack,maxHP/magic=30/20,26/13 foesHP=0,0
pattern trainer=0 turn=0 foePP=0,0 foeAtkDef=0,0 CarlAtk=0 foeLevel=0
support PP=0,0 Carl-defense=0 enemy-attack=0,0
party action uses=8,40 / 2,40
frame=2152 map=35.0 pos=8,34 flags=0
party=2 HP=30/30,26/26 battle=0 battlers=0 outcome=0 PP=0,0 trial=0 donut-ability=0
persistent PP=8,2 status=0,0
growth level/xp/item=8/399/0,8/709/0 stats maxHP/attack,maxHP/magic=30/20,26/13 foesHP=0,0
pattern trainer=0 turn=0 foePP=0,0 foeAtkDef=0,0 CarlAtk=0 foeLevel=0
support PP=0,0 Carl-defense=0 enemy-attack=0,0
party action uses=8,40 / 2,40
PASS expect 35 0 8 34 0
frame=2316 map=35.0 pos=18,34 flags=0
party=2 HP=30/30,26/26 battle=0 battlers=0 outcome=0 PP=0,0 trial=0 donut-ability=0
persistent PP=8,2 status=0,0
growth level/xp/item=8/399/0,8/709/0 stats maxHP/attack,maxHP/magic=30/20,26/13 foesHP=0,0
pattern trainer=0 turn=0 foePP=0,0 foeAtkDef=0,0 CarlAtk=0 foeLevel=0
support PP=0,0 Carl-defense=0 enemy-attack=0,0
party action uses=8,40 / 2,40
frame=2356 map=35.0 pos=18,34 flags=0
party=2 HP=30/30,26/26 battle=0 battlers=0 outcome=0 PP=0,0 trial=0 donut-ability=0
persistent PP=8,2 status=0,0
growth level/xp/item=8/399/0,8/709/0 stats maxHP/attack,maxHP/magic=30/20,26/13 foesHP=0,0
pattern trainer=0 turn=0 foePP=0,0 foeAtkDef=0,0 CarlAtk=0 foeLevel=0
support PP=0,0 Carl-defense=0 enemy-attack=0,0
party action uses=8,40 / 2,40
frame=2356 map=35.0 pos=18,34 flags=0
party=2 HP=30/30,26/26 battle=0 battlers=0 outcome=0 PP=0,0 trial=0 donut-ability=0
persistent PP=8,2 status=0,0
growth level/xp/item=8/399/0,8/709/0 stats maxHP/attack,maxHP/magic=30/20,26/13 foesHP=0,0
pattern trainer=0 turn=0 foePP=0,0 foeAtkDef=0,0 CarlAtk=0 foeLevel=0
support PP=0,0 Carl-defense=0 enemy-attack=0,0
party action uses=8,40 / 2,40
PASS expect 35 0 18 34 0
frame=2488 map=35.0 pos=18,26 flags=0
party=2 HP=30/30,26/26 battle=0 battlers=0 outcome=0 PP=0,0 trial=0 donut-ability=0
persistent PP=8,2 status=0,0
growth level/xp/item=8/399/0,8/709/0 stats maxHP/attack,maxHP/magic=30/20,26/13 foesHP=0,0
pattern trainer=0 turn=0 foePP=0,0 foeAtkDef=0,0 CarlAtk=0 foeLevel=0
support PP=0,0 Carl-defense=0 enemy-attack=0,0
party action uses=8,40 / 2,40
frame=2528 map=35.0 pos=18,26 flags=0
party=2 HP=30/30,26/26 battle=0 battlers=0 outcome=0 PP=0,0 trial=0 donut-ability=0
persistent PP=8,2 status=0,0
growth level/xp/item=8/399/0,8/709/0 stats maxHP/attack,maxHP/magic=30/20,26/13 foesHP=0,0
pattern trainer=0 turn=0 foePP=0,0 foeAtkDef=0,0 CarlAtk=0 foeLevel=0
support PP=0,0 Carl-defense=0 enemy-attack=0,0
party action uses=8,40 / 2,40
frame=2528 map=35.0 pos=18,26 flags=0
party=2 HP=30/30,26/26 battle=0 battlers=0 outcome=0 PP=0,0 trial=0 donut-ability=0
persistent PP=8,2 status=0,0
growth level/xp/item=8/399/0,8/709/0 stats maxHP/attack,maxHP/magic=30/20,26/13 foesHP=0,0
pattern trainer=0 turn=0 foePP=0,0 foeAtkDef=0,0 CarlAtk=0 foeLevel=0
support PP=0,0 Carl-defense=0 enemy-attack=0,0
party action uses=8,40 / 2,40
PASS expect 35 0 18 26 0
frame=2596 map=35.0 pos=22,26 flags=0
party=2 HP=30/30,26/26 battle=0 battlers=0 outcome=0 PP=0,0 trial=0 donut-ability=0
persistent PP=8,2 status=0,0
growth level/xp/item=8/399/0,8/709/0 stats maxHP/attack,maxHP/magic=30/20,26/13 foesHP=0,0
pattern trainer=0 turn=0 foePP=0,0 foeAtkDef=0,0 CarlAtk=0 foeLevel=0
support PP=0,0 Carl-defense=0 enemy-attack=0,0
party action uses=8,40 / 2,40
frame=2636 map=35.0 pos=22,26 flags=0
party=2 HP=30/30,26/26 battle=0 battlers=0 outcome=0 PP=0,0 trial=0 donut-ability=0
persistent PP=8,2 status=0,0
growth level/xp/item=8/399/0,8/709/0 stats maxHP/attack,maxHP/magic=30/20,26/13 foesHP=0,0
pattern trainer=0 turn=0 foePP=0,0 foeAtkDef=0,0 CarlAtk=0 foeLevel=0
support PP=0,0 Carl-defense=0 enemy-attack=0,0
party action uses=8,40 / 2,40
frame=2636 map=35.0 pos=22,26 flags=0
party=2 HP=30/30,26/26 battle=0 battlers=0 outcome=0 PP=0,0 trial=0 donut-ability=0
persistent PP=8,2 status=0,0
growth level/xp/item=8/399/0,8/709/0 stats maxHP/attack,maxHP/magic=30/20,26/13 foesHP=0,0
pattern trainer=0 turn=0 foePP=0,0 foeAtkDef=0,0 CarlAtk=0 foeLevel=0
support PP=0,0 Carl-defense=0 enemy-attack=0,0
party action uses=8,40 / 2,40
PASS expect 35 0 22 26 0
frame=2676 map=35.0 pos=22,26 flags=0
party=2 HP=30/30,26/26 battle=0 battlers=0 outcome=0 PP=0,0 trial=0 donut-ability=0
persistent PP=8,2 status=0,0
growth level/xp/item=8/399/0,8/709/0 stats maxHP/attack,maxHP/magic=30/20,26/13 foesHP=0,0
pattern trainer=0 turn=0 foePP=0,0 foeAtkDef=0,0 CarlAtk=0 foeLevel=0
support PP=0,0 Carl-defense=0 enemy-attack=0,0
party action uses=8,40 / 2,40
frame=2888 map=35.0 pos=22,13 flags=0
party=2 HP=30/30,26/26 battle=0 battlers=0 outcome=0 PP=0,0 trial=0 donut-ability=0
persistent PP=8,2 status=0,0
growth level/xp/item=8/399/0,8/709/0 stats maxHP/attack,maxHP/magic=30/20,26/13 foesHP=0,0
pattern trainer=0 turn=0 foePP=0,0 foeAtkDef=0,0 CarlAtk=0 foeLevel=0
support PP=0,0 Carl-defense=0 enemy-attack=0,0
party action uses=8,40 / 2,40
frame=2928 map=35.0 pos=22,13 flags=0
party=2 HP=30/30,26/26 battle=0 battlers=0 outcome=0 PP=0,0 trial=0 donut-ability=0
persistent PP=8,2 status=0,0
growth level/xp/item=8/399/0,8/709/0 stats maxHP/attack,maxHP/magic=30/20,26/13 foesHP=0,0
pattern trainer=0 turn=0 foePP=0,0 foeAtkDef=0,0 CarlAtk=0 foeLevel=0
support PP=0,0 Carl-defense=0 enemy-attack=0,0
party action uses=8,40 / 2,40
frame=2928 map=35.0 pos=22,13 flags=0
party=2 HP=30/30,26/26 battle=0 battlers=0 outcome=0 PP=0,0 trial=0 donut-ability=0
persistent PP=8,2 status=0,0
growth level/xp/item=8/399/0,8/709/0 stats maxHP/attack,maxHP/magic=30/20,26/13 foesHP=0,0
pattern trainer=0 turn=0 foePP=0,0 foeAtkDef=0,0 CarlAtk=0 foeLevel=0
support PP=0,0 Carl-defense=0 enemy-attack=0,0
party action uses=8,40 / 2,40
PASS expect 35 0 22 13 0
frame=3012 map=35.0 pos=27,13 flags=0
party=2 HP=30/30,26/26 battle=0 battlers=0 outcome=0 PP=0,0 trial=0 donut-ability=0
persistent PP=8,2 status=0,0
growth level/xp/item=8/399/0,8/709/0 stats maxHP/attack,maxHP/magic=30/20,26/13 foesHP=0,0
pattern trainer=0 turn=0 foePP=0,0 foeAtkDef=0,0 CarlAtk=0 foeLevel=0
support PP=0,0 Carl-defense=0 enemy-attack=0,0
party action uses=8,40 / 2,40
frame=3052 map=35.0 pos=27,13 flags=0
party=2 HP=30/30,26/26 battle=0 battlers=0 outcome=0 PP=0,0 trial=0 donut-ability=0
persistent PP=8,2 status=0,0
growth level/xp/item=8/399/0,8/709/0 stats maxHP/attack,maxHP/magic=30/20,26/13 foesHP=0,0
pattern trainer=0 turn=0 foePP=0,0 foeAtkDef=0,0 CarlAtk=0 foeLevel=0
support PP=0,0 Carl-defense=0 enemy-attack=0,0
party action uses=8,40 / 2,40
frame=3052 map=35.0 pos=27,13 flags=0
party=2 HP=30/30,26/26 battle=0 battlers=0 outcome=0 PP=0,0 trial=0 donut-ability=0
persistent PP=8,2 status=0,0
growth level/xp/item=8/399/0,8/709/0 stats maxHP/attack,maxHP/magic=30/20,26/13 foesHP=0,0
pattern trainer=0 turn=0 foePP=0,0 foeAtkDef=0,0 CarlAtk=0 foeLevel=0
support PP=0,0 Carl-defense=0 enemy-attack=0,0
party action uses=8,40 / 2,40
PASS expect 35 0 27 13 0
frame=3072 map=35.0 pos=27,12 flags=0
party=2 HP=30/30,26/26 battle=0 battlers=0 outcome=0 PP=0,0 trial=0 donut-ability=0
persistent PP=8,2 status=0,0
growth level/xp/item=8/399/0,8/709/0 stats maxHP/attack,maxHP/magic=30/20,26/13 foesHP=0,0
pattern trainer=0 turn=0 foePP=0,0 foeAtkDef=0,0 CarlAtk=0 foeLevel=0
support PP=0,0 Carl-defense=0 enemy-attack=0,0
party action uses=8,40 / 2,40
frame=3112 map=35.0 pos=27,12 flags=0
party=2 HP=30/30,26/26 battle=0 battlers=0 outcome=0 PP=0,0 trial=0 donut-ability=0
persistent PP=8,2 status=0,0
growth level/xp/item=8/399/0,8/709/0 stats maxHP/attack,maxHP/magic=30/20,26/13 foesHP=0,0
pattern trainer=0 turn=0 foePP=0,0 foeAtkDef=0,0 CarlAtk=0 foeLevel=0
support PP=0,0 Carl-defense=0 enemy-attack=0,0
party action uses=8,40 / 2,40
frame=3112 map=35.0 pos=27,12 flags=0
party=2 HP=30/30,26/26 battle=0 battlers=0 outcome=0 PP=0,0 trial=0 donut-ability=0
persistent PP=8,2 status=0,0
growth level/xp/item=8/399/0,8/709/0 stats maxHP/attack,maxHP/magic=30/20,26/13 foesHP=0,0
pattern trainer=0 turn=0 foePP=0,0 foeAtkDef=0,0 CarlAtk=0 foeLevel=0
support PP=0,0 Carl-defense=0 enemy-attack=0,0
party action uses=8,40 / 2,40
PASS expect 35 0 27 12 0
frame=3164 map=35.0 pos=30,12 flags=0
party=2 HP=30/30,26/26 battle=0 battlers=0 outcome=0 PP=0,0 trial=0 donut-ability=0
persistent PP=8,2 status=0,0
growth level/xp/item=8/399/0,8/709/0 stats maxHP/attack,maxHP/magic=30/20,26/13 foesHP=0,0
pattern trainer=0 turn=0 foePP=0,0 foeAtkDef=0,0 CarlAtk=0 foeLevel=0
support PP=0,0 Carl-defense=0 enemy-attack=0,0
party action uses=8,40 / 2,40
frame=3204 map=35.0 pos=30,12 flags=0
party=2 HP=30/30,26/26 battle=0 battlers=0 outcome=0 PP=0,0 trial=0 donut-ability=0
persistent PP=8,2 status=0,0
growth level/xp/item=8/399/0,8/709/0 stats maxHP/attack,maxHP/magic=30/20,26/13 foesHP=0,0
pattern trainer=0 turn=0 foePP=0,0 foeAtkDef=0,0 CarlAtk=0 foeLevel=0
support PP=0,0 Carl-defense=0 enemy-attack=0,0
party action uses=8,40 / 2,40
frame=3204 map=35.0 pos=30,12 flags=0
party=2 HP=30/30,26/26 battle=0 battlers=0 outcome=0 PP=0,0 trial=0 donut-ability=0
persistent PP=8,2 status=0,0
growth level/xp/item=8/399/0,8/709/0 stats maxHP/attack,maxHP/magic=30/20,26/13 foesHP=0,0
pattern trainer=0 turn=0 foePP=0,0 foeAtkDef=0,0 CarlAtk=0 foeLevel=0
support PP=0,0 Carl-defense=0 enemy-attack=0,0
party action uses=8,40 / 2,40
PASS expect 35 0 30 12 0
frame=3244 map=35.0 pos=30,12 flags=0
party=2 HP=30/30,26/26 battle=0 battlers=0 outcome=0 PP=0,0 trial=0 donut-ability=0
persistent PP=8,2 status=0,0
growth level/xp/item=8/399/0,8/709/0 stats maxHP/attack,maxHP/magic=30/20,26/13 foesHP=0,0
pattern trainer=0 turn=0 foePP=0,0 foeAtkDef=0,0 CarlAtk=0 foeLevel=0
support PP=0,0 Carl-defense=0 enemy-attack=0,0
party action uses=8,40 / 2,40
frame=3292 map=35.0 pos=33,12 flags=0
party=2 HP=30/30,26/26 battle=0 battlers=0 outcome=0 PP=0,0 trial=0 donut-ability=0
persistent PP=8,2 status=0,0
growth level/xp/item=8/399/0,8/709/0 stats maxHP/attack,maxHP/magic=30/20,26/13 foesHP=0,0
pattern trainer=0 turn=0 foePP=0,0 foeAtkDef=0,0 CarlAtk=0 foeLevel=0
support PP=0,0 Carl-defense=0 enemy-attack=0,0
party action uses=8,40 / 2,40
frame=3332 map=35.0 pos=33,12 flags=0
party=2 HP=30/30,26/26 battle=0 battlers=0 outcome=0 PP=0,0 trial=0 donut-ability=0
persistent PP=8,2 status=0,0
growth level/xp/item=8/399/0,8/709/0 stats maxHP/attack,maxHP/magic=30/20,26/13 foesHP=0,0
pattern trainer=0 turn=0 foePP=0,0 foeAtkDef=0,0 CarlAtk=0 foeLevel=0
support PP=0,0 Carl-defense=0 enemy-attack=0,0
party action uses=8,40 / 2,40
frame=3332 map=35.0 pos=33,12 flags=0
party=2 HP=30/30,26/26 battle=0 battlers=0 outcome=0 PP=0,0 trial=0 donut-ability=0
persistent PP=8,2 status=0,0
growth level/xp/item=8/399/0,8/709/0 stats maxHP/attack,maxHP/magic=30/20,26/13 foesHP=0,0
pattern trainer=0 turn=0 foePP=0,0 foeAtkDef=0,0 CarlAtk=0 foeLevel=0
support PP=0,0 Carl-defense=0 enemy-attack=0,0
party action uses=8,40 / 2,40
PASS expect 35 0 33 12 0
frame=3352 map=35.0 pos=33,13 flags=0
party=2 HP=30/30,26/26 battle=0 battlers=0 outcome=0 PP=0,0 trial=0 donut-ability=0
persistent PP=8,2 status=0,0
growth level/xp/item=8/399/0,8/709/0 stats maxHP/attack,maxHP/magic=30/20,26/13 foesHP=0,0
pattern trainer=0 turn=0 foePP=0,0 foeAtkDef=0,0 CarlAtk=0 foeLevel=0
support PP=0,0 Carl-defense=0 enemy-attack=0,0
party action uses=8,40 / 2,40
frame=3392 map=35.0 pos=33,13 flags=0
party=2 HP=30/30,26/26 battle=0 battlers=0 outcome=0 PP=0,0 trial=0 donut-ability=0
persistent PP=8,2 status=0,0
growth level/xp/item=8/399/0,8/709/0 stats maxHP/attack,maxHP/magic=30/20,26/13 foesHP=0,0
pattern trainer=0 turn=0 foePP=0,0 foeAtkDef=0,0 CarlAtk=0 foeLevel=0
support PP=0,0 Carl-defense=0 enemy-attack=0,0
party action uses=8,40 / 2,40
frame=3392 map=35.0 pos=33,13 flags=0
party=2 HP=30/30,26/26 battle=0 battlers=0 outcome=0 PP=0,0 trial=0 donut-ability=0
persistent PP=8,2 status=0,0
growth level/xp/item=8/399/0,8/709/0 stats maxHP/attack,maxHP/magic=30/20,26/13 foesHP=0,0
pattern trainer=0 turn=0 foePP=0,0 foeAtkDef=0,0 CarlAtk=0 foeLevel=0
support PP=0,0 Carl-defense=0 enemy-attack=0,0
party action uses=8,40 / 2,40
PASS expect 35 0 33 13 0
frame=3540 map=35.0 pos=42,13 flags=0
party=2 HP=30/30,26/26 battle=0 battlers=0 outcome=0 PP=0,0 trial=0 donut-ability=0
persistent PP=8,2 status=0,0
growth level/xp/item=8/399/0,8/709/0 stats maxHP/attack,maxHP/magic=30/20,26/13 foesHP=0,0
pattern trainer=0 turn=0 foePP=0,0 foeAtkDef=0,0 CarlAtk=0 foeLevel=0
support PP=0,0 Carl-defense=0 enemy-attack=0,0
party action uses=8,40 / 2,40
frame=3580 map=35.0 pos=42,13 flags=0
party=2 HP=30/30,26/26 battle=0 battlers=0 outcome=0 PP=0,0 trial=0 donut-ability=0
persistent PP=8,2 status=0,0
growth level/xp/item=8/399/0,8/709/0 stats maxHP/attack,maxHP/magic=30/20,26/13 foesHP=0,0
pattern trainer=0 turn=0 foePP=0,0 foeAtkDef=0,0 CarlAtk=0 foeLevel=0
support PP=0,0 Carl-defense=0 enemy-attack=0,0
party action uses=8,40 / 2,40
frame=3580 map=35.0 pos=42,13 flags=0
party=2 HP=30/30,26/26 battle=0 battlers=0 outcome=0 PP=0,0 trial=0 donut-ability=0
persistent PP=8,2 status=0,0
growth level/xp/item=8/399/0,8/709/0 stats maxHP/attack,maxHP/magic=30/20,26/13 foesHP=0,0
pattern trainer=0 turn=0 foePP=0,0 foeAtkDef=0,0 CarlAtk=0 foeLevel=0
support PP=0,0 Carl-defense=0 enemy-attack=0,0
party action uses=8,40 / 2,40
PASS expect 35 0 42 13 0
frame=4016 map=35.0 pos=42,40 flags=0
party=2 HP=30/30,26/26 battle=0 battlers=0 outcome=0 PP=0,0 trial=0 donut-ability=0
persistent PP=8,2 status=0,0
growth level/xp/item=8/399/0,8/709/0 stats maxHP/attack,maxHP/magic=30/20,26/13 foesHP=0,0
pattern trainer=0 turn=0 foePP=0,0 foeAtkDef=0,0 CarlAtk=0 foeLevel=0
support PP=0,0 Carl-defense=0 enemy-attack=0,0
party action uses=8,40 / 2,40
frame=4056 map=35.0 pos=42,40 flags=0
party=2 HP=30/30,26/26 battle=0 battlers=0 outcome=0 PP=0,0 trial=0 donut-ability=0
persistent PP=8,2 status=0,0
growth level/xp/item=8/399/0,8/709/0 stats maxHP/attack,maxHP/magic=30/20,26/13 foesHP=0,0
pattern trainer=0 turn=0 foePP=0,0 foeAtkDef=0,0 CarlAtk=0 foeLevel=0
support PP=0,0 Carl-defense=0 enemy-attack=0,0
party action uses=8,40 / 2,40
frame=4056 map=35.0 pos=42,40 flags=0
party=2 HP=30/30,26/26 battle=0 battlers=0 outcome=0 PP=0,0 trial=0 donut-ability=0
persistent PP=8,2 status=0,0
growth level/xp/item=8/399/0,8/709/0 stats maxHP/attack,maxHP/magic=30/20,26/13 foesHP=0,0
pattern trainer=0 turn=0 foePP=0,0 foeAtkDef=0,0 CarlAtk=0 foeLevel=0
support PP=0,0 Carl-defense=0 enemy-attack=0,0
party action uses=8,40 / 2,40
PASS expect 35 0 42 40 0
frame=4096 map=35.0 pos=42,40 flags=0
party=2 HP=30/30,26/26 battle=0 battlers=0 outcome=0 PP=0,0 trial=0 donut-ability=0
persistent PP=8,2 status=0,0
growth level/xp/item=8/399/0,8/709/0 stats maxHP/attack,maxHP/magic=30/20,26/13 foesHP=0,0
pattern trainer=0 turn=0 foePP=0,0 foeAtkDef=0,0 CarlAtk=0 foeLevel=0
support PP=0,0 Carl-defense=0 enemy-attack=0,0
party action uses=8,40 / 2,40
frame=4112 map=35.0 pos=42,41 flags=0
party=2 HP=30/30,26/26 battle=0 battlers=0 outcome=0 PP=0,0 trial=0 donut-ability=0
persistent PP=8,2 status=0,0
growth level/xp/item=8/399/0,8/709/0 stats maxHP/attack,maxHP/magic=30/20,26/13 foesHP=0,0
pattern trainer=0 turn=0 foePP=0,0 foeAtkDef=0,0 CarlAtk=0 foeLevel=0
support PP=0,0 Carl-defense=0 enemy-attack=0,0
party action uses=8,40 / 2,40
frame=4152 map=35.0 pos=42,41 flags=0
party=2 HP=30/30,26/26 battle=0 battlers=0 outcome=0 PP=0,0 trial=0 donut-ability=0
persistent PP=8,2 status=0,0
growth level/xp/item=8/399/0,8/709/0 stats maxHP/attack,maxHP/magic=30/20,26/13 foesHP=0,0
pattern trainer=0 turn=0 foePP=0,0 foeAtkDef=0,0 CarlAtk=0 foeLevel=0
support PP=0,0 Carl-defense=0 enemy-attack=0,0
party action uses=8,40 / 2,40
frame=4152 map=35.0 pos=42,41 flags=0
party=2 HP=30/30,26/26 battle=0 battlers=0 outcome=0 PP=0,0 trial=0 donut-ability=0
persistent PP=8,2 status=0,0
growth level/xp/item=8/399/0,8/709/0 stats maxHP/attack,maxHP/magic=30/20,26/13 foesHP=0,0
pattern trainer=0 turn=0 foePP=0,0 foeAtkDef=0,0 CarlAtk=0 foeLevel=0
support PP=0,0 Carl-defense=0 enemy-attack=0,0
party action uses=8,40 / 2,40
PASS expect 35 0 42 41 0
frame=4220 map=35.0 pos=46,41 flags=0
party=2 HP=30/30,26/26 battle=0 battlers=0 outcome=0 PP=0,0 trial=0 donut-ability=0
persistent PP=8,2 status=0,0
growth level/xp/item=8/399/0,8/709/0 stats maxHP/attack,maxHP/magic=30/20,26/13 foesHP=0,0
pattern trainer=0 turn=0 foePP=0,0 foeAtkDef=0,0 CarlAtk=0 foeLevel=0
support PP=0,0 Carl-defense=0 enemy-attack=0,0
party action uses=8,40 / 2,40
frame=4260 map=35.0 pos=46,41 flags=0
party=2 HP=30/30,26/26 battle=0 battlers=0 outcome=0 PP=0,0 trial=0 donut-ability=0
persistent PP=8,2 status=0,0
growth level/xp/item=8/399/0,8/709/0 stats maxHP/attack,maxHP/magic=30/20,26/13 foesHP=0,0
pattern trainer=0 turn=0 foePP=0,0 foeAtkDef=0,0 CarlAtk=0 foeLevel=0
support PP=0,0 Carl-defense=0 enemy-attack=0,0
party action uses=8,40 / 2,40
frame=4260 map=35.0 pos=46,41 flags=0
party=2 HP=30/30,26/26 battle=0 battlers=0 outcome=0 PP=0,0 trial=0 donut-ability=0
persistent PP=8,2 status=0,0
growth level/xp/item=8/399/0,8/709/0 stats maxHP/attack,maxHP/magic=30/20,26/13 foesHP=0,0
pattern trainer=0 turn=0 foePP=0,0 foeAtkDef=0,0 CarlAtk=0 foeLevel=0
support PP=0,0 Carl-defense=0 enemy-attack=0,0
party action uses=8,40 / 2,40
PASS expect 35 0 46 41 0
frame=4280 map=35.0 pos=46,42 flags=0
party=2 HP=30/30,26/26 battle=0 battlers=0 outcome=0 PP=0,0 trial=0 donut-ability=0
persistent PP=8,2 status=0,0
growth level/xp/item=8/399/0,8/709/0 stats maxHP/attack,maxHP/magic=30/20,26/13 foesHP=0,0
pattern trainer=0 turn=0 foePP=0,0 foeAtkDef=0,0 CarlAtk=0 foeLevel=0
support PP=0,0 Carl-defense=0 enemy-attack=0,0
party action uses=8,40 / 2,40
frame=4320 map=35.0 pos=46,42 flags=0
party=2 HP=30/30,26/26 battle=0 battlers=0 outcome=0 PP=0,0 trial=0 donut-ability=0
persistent PP=8,2 status=0,0
growth level/xp/item=8/399/0,8/709/0 stats maxHP/attack,maxHP/magic=30/20,26/13 foesHP=0,0
pattern trainer=0 turn=0 foePP=0,0 foeAtkDef=0,0 CarlAtk=0 foeLevel=0
support PP=0,0 Carl-defense=0 enemy-attack=0,0
party action uses=8,40 / 2,40
frame=4320 map=35.0 pos=46,42 flags=0
party=2 HP=30/30,26/26 battle=0 battlers=0 outcome=0 PP=0,0 trial=0 donut-ability=0
persistent PP=8,2 status=0,0
growth level/xp/item=8/399/0,8/709/0 stats maxHP/attack,maxHP/magic=30/20,26/13 foesHP=0,0
pattern trainer=0 turn=0 foePP=0,0 foeAtkDef=0,0 CarlAtk=0 foeLevel=0
support PP=0,0 Carl-defense=0 enemy-attack=0,0
party action uses=8,40 / 2,40
PASS expect 35 0 46 42 0
frame=4360 map=35.0 pos=46,42 flags=0
party=2 HP=30/30,26/26 battle=0 battlers=0 outcome=0 PP=0,0 trial=0 donut-ability=0
persistent PP=8,2 status=0,0
growth level/xp/item=8/399/0,8/709/0 stats maxHP/attack,maxHP/magic=30/20,26/13 foesHP=0,0
pattern trainer=0 turn=0 foePP=0,0 foeAtkDef=0,0 CarlAtk=0 foeLevel=0
support PP=0,0 Carl-defense=0 enemy-attack=0,0
party action uses=8,40 / 2,40
frame=4428 map=35.0 pos=50,42 flags=0
party=2 HP=30/30,26/26 battle=0 battlers=0 outcome=0 PP=0,0 trial=0 donut-ability=0
persistent PP=8,2 status=0,0
growth level/xp/item=8/399/0,8/709/0 stats maxHP/attack,maxHP/magic=30/20,26/13 foesHP=0,0
pattern trainer=0 turn=0 foePP=0,0 foeAtkDef=0,0 CarlAtk=0 foeLevel=0
support PP=0,0 Carl-defense=0 enemy-attack=0,0
party action uses=8,40 / 2,40
frame=4468 map=35.0 pos=50,42 flags=0
party=2 HP=30/30,26/26 battle=0 battlers=0 outcome=0 PP=0,0 trial=0 donut-ability=0
persistent PP=8,2 status=0,0
growth level/xp/item=8/399/0,8/709/0 stats maxHP/attack,maxHP/magic=30/20,26/13 foesHP=0,0
pattern trainer=0 turn=0 foePP=0,0 foeAtkDef=0,0 CarlAtk=0 foeLevel=0
support PP=0,0 Carl-defense=0 enemy-attack=0,0
party action uses=8,40 / 2,40
frame=4468 map=35.0 pos=50,42 flags=0
party=2 HP=30/30,26/26 battle=0 battlers=0 outcome=0 PP=0,0 trial=0 donut-ability=0
persistent PP=8,2 status=0,0
growth level/xp/item=8/399/0,8/709/0 stats maxHP/attack,maxHP/magic=30/20,26/13 foesHP=0,0
pattern trainer=0 turn=0 foePP=0,0 foeAtkDef=0,0 CarlAtk=0 foeLevel=0
support PP=0,0 Carl-defense=0 enemy-attack=0,0
party action uses=8,40 / 2,40
PASS expect 35 0 50 42 0
frame=4508 map=35.0 pos=50,42 flags=0
party=2 HP=30/30,26/26 battle=0 battlers=0 outcome=0 PP=0,0 trial=0 donut-ability=0
persistent PP=8,2 status=0,0
growth level/xp/item=8/399/0,8/709/0 stats maxHP/attack,maxHP/magic=30/20,26/13 foesHP=0,0
pattern trainer=0 turn=0 foePP=0,0 foeAtkDef=0,0 CarlAtk=0 foeLevel=0
support PP=0,0 Carl-defense=0 enemy-attack=0,0
party action uses=8,40 / 2,40
frame=4588 map=35.0 pos=55,42 flags=0
party=2 HP=30/30,26/26 battle=0 battlers=0 outcome=0 PP=0,0 trial=0 donut-ability=0
persistent PP=8,2 status=0,0
growth level/xp/item=8/399/0,8/709/0 stats maxHP/attack,maxHP/magic=30/20,26/13 foesHP=0,0
pattern trainer=0 turn=0 foePP=0,0 foeAtkDef=0,0 CarlAtk=0 foeLevel=0
support PP=0,0 Carl-defense=0 enemy-attack=0,0
party action uses=8,40 / 2,40
frame=4628 map=35.0 pos=55,42 flags=0
party=2 HP=30/30,26/26 battle=0 battlers=0 outcome=0 PP=0,0 trial=0 donut-ability=0
persistent PP=8,2 status=0,0
growth level/xp/item=8/399/0,8/709/0 stats maxHP/attack,maxHP/magic=30/20,26/13 foesHP=0,0
pattern trainer=0 turn=0 foePP=0,0 foeAtkDef=0,0 CarlAtk=0 foeLevel=0
support PP=0,0 Carl-defense=0 enemy-attack=0,0
party action uses=8,40 / 2,40
frame=4628 map=35.0 pos=55,42 flags=0
party=2 HP=30/30,26/26 battle=0 battlers=0 outcome=0 PP=0,0 trial=0 donut-ability=0
persistent PP=8,2 status=0,0
growth level/xp/item=8/399/0,8/709/0 stats maxHP/attack,maxHP/magic=30/20,26/13 foesHP=0,0
pattern trainer=0 turn=0 foePP=0,0 foeAtkDef=0,0 CarlAtk=0 foeLevel=0
support PP=0,0 Carl-defense=0 enemy-attack=0,0
party action uses=8,40 / 2,40
PASS expect 35 0 55 42 0
frame=4668 map=35.0 pos=55,42 flags=0
party=2 HP=30/30,26/26 battle=0 battlers=0 outcome=0 PP=0,0 trial=0 donut-ability=0
persistent PP=8,2 status=0,0
growth level/xp/item=8/399/0,8/709/0 stats maxHP/attack,maxHP/magic=30/20,26/13 foesHP=0,0
pattern trainer=0 turn=0 foePP=0,0 foeAtkDef=0,0 CarlAtk=0 foeLevel=0
support PP=0,0 Carl-defense=0 enemy-attack=0,0
party action uses=8,40 / 2,40
frame=4704 map=35.0 pos=53,42 flags=0
party=2 HP=30/30,26/26 battle=0 battlers=0 outcome=0 PP=0,0 trial=0 donut-ability=0
persistent PP=8,2 status=0,0
growth level/xp/item=8/399/0,8/709/0 stats maxHP/attack,maxHP/magic=30/20,26/13 foesHP=0,0
pattern trainer=0 turn=0 foePP=0,0 foeAtkDef=0,0 CarlAtk=0 foeLevel=0
support PP=0,0 Carl-defense=0 enemy-attack=0,0
party action uses=8,40 / 2,40
frame=4744 map=35.0 pos=53,42 flags=0
party=2 HP=30/30,26/26 battle=0 battlers=0 outcome=0 PP=0,0 trial=0 donut-ability=0
persistent PP=8,2 status=0,0
growth level/xp/item=8/399/0,8/709/0 stats maxHP/attack,maxHP/magic=30/20,26/13 foesHP=0,0
pattern trainer=0 turn=0 foePP=0,0 foeAtkDef=0,0 CarlAtk=0 foeLevel=0
support PP=0,0 Carl-defense=0 enemy-attack=0,0
party action uses=8,40 / 2,40
frame=4744 map=35.0 pos=53,42 flags=0
party=2 HP=30/30,26/26 battle=0 battlers=0 outcome=0 PP=0,0 trial=0 donut-ability=0
persistent PP=8,2 status=0,0
growth level/xp/item=8/399/0,8/709/0 stats maxHP/attack,maxHP/magic=30/20,26/13 foesHP=0,0
pattern trainer=0 turn=0 foePP=0,0 foeAtkDef=0,0 CarlAtk=0 foeLevel=0
support PP=0,0 Carl-defense=0 enemy-attack=0,0
party action uses=8,40 / 2,40
PASS expect 35 0 53 42 0
frame=4764 map=35.0 pos=53,41 flags=0
party=2 HP=30/30,26/26 battle=0 battlers=0 outcome=0 PP=0,0 trial=0 donut-ability=0
persistent PP=8,2 status=0,0
growth level/xp/item=8/399/0,8/709/0 stats maxHP/attack,maxHP/magic=30/20,26/13 foesHP=0,0
pattern trainer=0 turn=0 foePP=0,0 foeAtkDef=0,0 CarlAtk=0 foeLevel=0
support PP=0,0 Carl-defense=0 enemy-attack=0,0
party action uses=8,40 / 2,40
frame=4804 map=35.0 pos=53,41 flags=0
party=2 HP=30/30,26/26 battle=0 battlers=0 outcome=0 PP=0,0 trial=0 donut-ability=0
persistent PP=8,2 status=0,0
growth level/xp/item=8/399/0,8/709/0 stats maxHP/attack,maxHP/magic=30/20,26/13 foesHP=0,0
pattern trainer=0 turn=0 foePP=0,0 foeAtkDef=0,0 CarlAtk=0 foeLevel=0
support PP=0,0 Carl-defense=0 enemy-attack=0,0
party action uses=8,40 / 2,40
frame=4804 map=35.0 pos=53,41 flags=0
party=2 HP=30/30,26/26 battle=0 battlers=0 outcome=0 PP=0,0 trial=0 donut-ability=0
persistent PP=8,2 status=0,0
growth level/xp/item=8/399/0,8/709/0 stats maxHP/attack,maxHP/magic=30/20,26/13 foesHP=0,0
pattern trainer=0 turn=0 foePP=0,0 foeAtkDef=0,0 CarlAtk=0 foeLevel=0
support PP=0,0 Carl-defense=0 enemy-attack=0,0
party action uses=8,40 / 2,40
PASS expect 35 0 53 41 0
frame=4984 map=35.0 pos=42,41 flags=0
party=2 HP=30/30,26/26 battle=0 battlers=0 outcome=0 PP=0,0 trial=0 donut-ability=0
persistent PP=8,2 status=0,0
growth level/xp/item=8/399/0,8/709/0 stats maxHP/attack,maxHP/magic=30/20,26/13 foesHP=0,0
pattern trainer=0 turn=0 foePP=0,0 foeAtkDef=0,0 CarlAtk=0 foeLevel=0
support PP=0,0 Carl-defense=0 enemy-attack=0,0
party action uses=8,40 / 2,40
frame=5024 map=35.0 pos=42,41 flags=0
party=2 HP=30/30,26/26 battle=0 battlers=0 outcome=0 PP=0,0 trial=0 donut-ability=0
persistent PP=8,2 status=0,0
growth level/xp/item=8/399/0,8/709/0 stats maxHP/attack,maxHP/magic=30/20,26/13 foesHP=0,0
pattern trainer=0 turn=0 foePP=0,0 foeAtkDef=0,0 CarlAtk=0 foeLevel=0
support PP=0,0 Carl-defense=0 enemy-attack=0,0
party action uses=8,40 / 2,40
frame=5024 map=35.0 pos=42,41 flags=0
party=2 HP=30/30,26/26 battle=0 battlers=0 outcome=0 PP=0,0 trial=0 donut-ability=0
persistent PP=8,2 status=0,0
growth level/xp/item=8/399/0,8/709/0 stats maxHP/attack,maxHP/magic=30/20,26/13 foesHP=0,0
pattern trainer=0 turn=0 foePP=0,0 foeAtkDef=0,0 CarlAtk=0 foeLevel=0
support PP=0,0 Carl-defense=0 enemy-attack=0,0
party action uses=8,40 / 2,40
PASS expect 35 0 42 41 0
frame=5252 map=35.0 pos=42,27 flags=0
party=2 HP=30/30,26/26 battle=0 battlers=0 outcome=0 PP=0,0 trial=0 donut-ability=0
persistent PP=8,2 status=0,0
growth level/xp/item=8/399/0,8/709/0 stats maxHP/attack,maxHP/magic=30/20,26/13 foesHP=0,0
pattern trainer=0 turn=0 foePP=0,0 foeAtkDef=0,0 CarlAtk=0 foeLevel=0
support PP=0,0 Carl-defense=0 enemy-attack=0,0
party action uses=8,40 / 2,40
frame=5292 map=35.0 pos=42,27 flags=0
party=2 HP=30/30,26/26 battle=0 battlers=0 outcome=0 PP=0,0 trial=0 donut-ability=0
persistent PP=8,2 status=0,0
growth level/xp/item=8/399/0,8/709/0 stats maxHP/attack,maxHP/magic=30/20,26/13 foesHP=0,0
pattern trainer=0 turn=0 foePP=0,0 foeAtkDef=0,0 CarlAtk=0 foeLevel=0
support PP=0,0 Carl-defense=0 enemy-attack=0,0
party action uses=8,40 / 2,40
frame=5292 map=35.0 pos=42,27 flags=0
party=2 HP=30/30,26/26 battle=0 battlers=0 outcome=0 PP=0,0 trial=0 donut-ability=0
persistent PP=8,2 status=0,0
growth level/xp/item=8/399/0,8/709/0 stats maxHP/attack,maxHP/magic=30/20,26/13 foesHP=0,0
pattern trainer=0 turn=0 foePP=0,0 foeAtkDef=0,0 CarlAtk=0 foeLevel=0
support PP=0,0 Carl-defense=0 enemy-attack=0,0
party action uses=8,40 / 2,40
PASS expect 35 0 42 27 0
frame=5344 map=35.0 pos=39,27 flags=0
party=2 HP=30/30,26/26 battle=0 battlers=0 outcome=0 PP=0,0 trial=0 donut-ability=0
persistent PP=8,2 status=0,0
growth level/xp/item=8/399/0,8/709/0 stats maxHP/attack,maxHP/magic=30/20,26/13 foesHP=0,0
pattern trainer=0 turn=0 foePP=0,0 foeAtkDef=0,0 CarlAtk=0 foeLevel=0
support PP=0,0 Carl-defense=0 enemy-attack=0,0
party action uses=8,40 / 2,40
frame=5384 map=35.0 pos=39,27 flags=0
party=2 HP=30/30,26/26 battle=0 battlers=0 outcome=0 PP=0,0 trial=0 donut-ability=0
persistent PP=8,2 status=0,0
growth level/xp/item=8/399/0,8/709/0 stats maxHP/attack,maxHP/magic=30/20,26/13 foesHP=0,0
pattern trainer=0 turn=0 foePP=0,0 foeAtkDef=0,0 CarlAtk=0 foeLevel=0
support PP=0,0 Carl-defense=0 enemy-attack=0,0
party action uses=8,40 / 2,40
frame=5384 map=35.0 pos=39,27 flags=0
party=2 HP=30/30,26/26 battle=0 battlers=0 outcome=0 PP=0,0 trial=0 donut-ability=0
persistent PP=8,2 status=0,0
growth level/xp/item=8/399/0,8/709/0 stats maxHP/attack,maxHP/magic=30/20,26/13 foesHP=0,0
pattern trainer=0 turn=0 foePP=0,0 foeAtkDef=0,0 CarlAtk=0 foeLevel=0
support PP=0,0 Carl-defense=0 enemy-attack=0,0
party action uses=8,40 / 2,40
PASS expect 35 0 39 27 0
frame=5424 map=35.0 pos=39,27 flags=0
party=2 HP=30/30,26/26 battle=0 battlers=0 outcome=0 PP=0,0 trial=0 donut-ability=0
persistent PP=8,2 status=0,0
growth level/xp/item=8/399/0,8/709/0 stats maxHP/attack,maxHP/magic=30/20,26/13 foesHP=0,0
pattern trainer=0 turn=0 foePP=0,0 foeAtkDef=0,0 CarlAtk=0 foeLevel=0
support PP=0,0 Carl-defense=0 enemy-attack=0,0
party action uses=8,40 / 2,40
frame=5508 map=35.0 pos=44,27 flags=0
party=2 HP=30/30,26/26 battle=0 battlers=0 outcome=0 PP=0,0 trial=0 donut-ability=0
persistent PP=8,2 status=0,0
growth level/xp/item=8/399/0,8/709/0 stats maxHP/attack,maxHP/magic=30/20,26/13 foesHP=0,0
pattern trainer=0 turn=0 foePP=0,0 foeAtkDef=0,0 CarlAtk=0 foeLevel=0
support PP=0,0 Carl-defense=0 enemy-attack=0,0
party action uses=8,40 / 2,40
frame=5548 map=35.0 pos=44,27 flags=0
party=2 HP=30/30,26/26 battle=0 battlers=0 outcome=0 PP=0,0 trial=0 donut-ability=0
persistent PP=8,2 status=0,0
growth level/xp/item=8/399/0,8/709/0 stats maxHP/attack,maxHP/magic=30/20,26/13 foesHP=0,0
pattern trainer=0 turn=0 foePP=0,0 foeAtkDef=0,0 CarlAtk=0 foeLevel=0
support PP=0,0 Carl-defense=0 enemy-attack=0,0
party action uses=8,40 / 2,40
frame=5548 map=35.0 pos=44,27 flags=0
party=2 HP=30/30,26/26 battle=0 battlers=0 outcome=0 PP=0,0 trial=0 donut-ability=0
persistent PP=8,2 status=0,0
growth level/xp/item=8/399/0,8/709/0 stats maxHP/attack,maxHP/magic=30/20,26/13 foesHP=0,0
pattern trainer=0 turn=0 foePP=0,0 foeAtkDef=0,0 CarlAtk=0 foeLevel=0
support PP=0,0 Carl-defense=0 enemy-attack=0,0
party action uses=8,40 / 2,40
PASS expect 35 0 44 27 0
frame=5680 map=35.0 pos=44,35 flags=0
party=2 HP=30/30,26/26 battle=0 battlers=0 outcome=0 PP=0,0 trial=0 donut-ability=0
persistent PP=8,2 status=0,0
growth level/xp/item=8/399/0,8/709/0 stats maxHP/attack,maxHP/magic=30/20,26/13 foesHP=0,0
pattern trainer=0 turn=0 foePP=0,0 foeAtkDef=0,0 CarlAtk=0 foeLevel=0
support PP=0,0 Carl-defense=0 enemy-attack=0,0
party action uses=8,40 / 2,40
frame=5720 map=35.0 pos=44,35 flags=0
party=2 HP=30/30,26/26 battle=0 battlers=0 outcome=0 PP=0,0 trial=0 donut-ability=0
persistent PP=8,2 status=0,0
growth level/xp/item=8/399/0,8/709/0 stats maxHP/attack,maxHP/magic=30/20,26/13 foesHP=0,0
pattern trainer=0 turn=0 foePP=0,0 foeAtkDef=0,0 CarlAtk=0 foeLevel=0
support PP=0,0 Carl-defense=0 enemy-attack=0,0
party action uses=8,40 / 2,40
frame=5720 map=35.0 pos=44,35 flags=0
party=2 HP=30/30,26/26 battle=0 battlers=0 outcome=0 PP=0,0 trial=0 donut-ability=0
persistent PP=8,2 status=0,0
growth level/xp/item=8/399/0,8/709/0 stats maxHP/attack,maxHP/magic=30/20,26/13 foesHP=0,0
pattern trainer=0 turn=0 foePP=0,0 foeAtkDef=0,0 CarlAtk=0 foeLevel=0
support PP=0,0 Carl-defense=0 enemy-attack=0,0
party action uses=8,40 / 2,40
PASS expect 35 0 44 35 0
frame=5760 map=35.0 pos=44,35 flags=0
party=2 HP=30/30,26/26 battle=0 battlers=0 outcome=0 PP=0,0 trial=0 donut-ability=0
persistent PP=8,2 status=0,0
growth level/xp/item=8/399/0,8/709/0 stats maxHP/attack,maxHP/magic=30/20,26/13 foesHP=0,0
pattern trainer=0 turn=0 foePP=0,0 foeAtkDef=0,0 CarlAtk=0 foeLevel=0
support PP=0,0 Carl-defense=0 enemy-attack=0,0
party action uses=8,40 / 2,40
frame=6020 map=35.0 pos=44,19 flags=0
party=2 HP=30/30,26/26 battle=0 battlers=0 outcome=0 PP=0,0 trial=0 donut-ability=0
persistent PP=8,2 status=0,0
growth level/xp/item=8/399/0,8/709/0 stats maxHP/attack,maxHP/magic=30/20,26/13 foesHP=0,0
pattern trainer=0 turn=0 foePP=0,0 foeAtkDef=0,0 CarlAtk=0 foeLevel=0
support PP=0,0 Carl-defense=0 enemy-attack=0,0
party action uses=8,40 / 2,40
frame=6060 map=35.0 pos=44,19 flags=0
party=2 HP=30/30,26/26 battle=0 battlers=0 outcome=0 PP=0,0 trial=0 donut-ability=0
persistent PP=8,2 status=0,0
growth level/xp/item=8/399/0,8/709/0 stats maxHP/attack,maxHP/magic=30/20,26/13 foesHP=0,0
pattern trainer=0 turn=0 foePP=0,0 foeAtkDef=0,0 CarlAtk=0 foeLevel=0
support PP=0,0 Carl-defense=0 enemy-attack=0,0
party action uses=8,40 / 2,40
frame=6060 map=35.0 pos=44,19 flags=0
party=2 HP=30/30,26/26 battle=0 battlers=0 outcome=0 PP=0,0 trial=0 donut-ability=0
persistent PP=8,2 status=0,0
growth level/xp/item=8/399/0,8/709/0 stats maxHP/attack,maxHP/magic=30/20,26/13 foesHP=0,0
pattern trainer=0 turn=0 foePP=0,0 foeAtkDef=0,0 CarlAtk=0 foeLevel=0
support PP=0,0 Carl-defense=0 enemy-attack=0,0
party action uses=8,40 / 2,40
PASS expect 35 0 44 19 0
frame=6160 map=35.0 pos=50,19 flags=0
party=2 HP=30/30,26/26 battle=0 battlers=0 outcome=0 PP=0,0 trial=0 donut-ability=0
persistent PP=8,2 status=0,0
growth level/xp/item=8/399/0,8/709/0 stats maxHP/attack,maxHP/magic=30/20,26/13 foesHP=0,0
pattern trainer=0 turn=0 foePP=0,0 foeAtkDef=0,0 CarlAtk=0 foeLevel=0
support PP=0,0 Carl-defense=0 enemy-attack=0,0
party action uses=8,40 / 2,40
frame=6200 map=35.0 pos=50,19 flags=0
party=2 HP=30/30,26/26 battle=0 battlers=0 outcome=0 PP=0,0 trial=0 donut-ability=0
persistent PP=8,2 status=0,0
growth level/xp/item=8/399/0,8/709/0 stats maxHP/attack,maxHP/magic=30/20,26/13 foesHP=0,0
pattern trainer=0 turn=0 foePP=0,0 foeAtkDef=0,0 CarlAtk=0 foeLevel=0
support PP=0,0 Carl-defense=0 enemy-attack=0,0
party action uses=8,40 / 2,40
frame=6200 map=35.0 pos=50,19 flags=0
party=2 HP=30/30,26/26 battle=0 battlers=0 outcome=0 PP=0,0 trial=0 donut-ability=0
persistent PP=8,2 status=0,0
growth level/xp/item=8/399/0,8/709/0 stats maxHP/attack,maxHP/magic=30/20,26/13 foesHP=0,0
pattern trainer=0 turn=0 foePP=0,0 foeAtkDef=0,0 CarlAtk=0 foeLevel=0
support PP=0,0 Carl-defense=0 enemy-attack=0,0
party action uses=8,40 / 2,40
PASS expect 35 0 50 19 0
frame=6240 map=35.0 pos=50,19 flags=0
party=2 HP=30/30,26/26 battle=0 battlers=0 outcome=0 PP=0,0 trial=0 donut-ability=0
persistent PP=8,2 status=0,0
growth level/xp/item=8/399/0,8/709/0 stats maxHP/attack,maxHP/magic=30/20,26/13 foesHP=0,0
pattern trainer=0 turn=0 foePP=0,0 foeAtkDef=0,0 CarlAtk=0 foeLevel=0
support PP=0,0 Carl-defense=0 enemy-attack=0,0
party action uses=8,40 / 2,40
frame=6340 map=35.0 pos=50,13 flags=0
party=2 HP=30/30,26/26 battle=0 battlers=0 outcome=0 PP=0,0 trial=0 donut-ability=0
persistent PP=8,2 status=0,0
growth level/xp/item=8/399/0,8/709/0 stats maxHP/attack,maxHP/magic=30/20,26/13 foesHP=0,0
pattern trainer=0 turn=0 foePP=0,0 foeAtkDef=0,0 CarlAtk=0 foeLevel=0
support PP=0,0 Carl-defense=0 enemy-attack=0,0
party action uses=8,40 / 2,40
frame=6380 map=35.0 pos=50,13 flags=0
party=2 HP=30/30,26/26 battle=0 battlers=0 outcome=0 PP=0,0 trial=0 donut-ability=0
persistent PP=8,2 status=0,0
growth level/xp/item=8/399/0,8/709/0 stats maxHP/attack,maxHP/magic=30/20,26/13 foesHP=0,0
pattern trainer=0 turn=0 foePP=0,0 foeAtkDef=0,0 CarlAtk=0 foeLevel=0
support PP=0,0 Carl-defense=0 enemy-attack=0,0
party action uses=8,40 / 2,40
frame=6380 map=35.0 pos=50,13 flags=0
party=2 HP=30/30,26/26 battle=0 battlers=0 outcome=0 PP=0,0 trial=0 donut-ability=0
persistent PP=8,2 status=0,0
growth level/xp/item=8/399/0,8/709/0 stats maxHP/attack,maxHP/magic=30/20,26/13 foesHP=0,0
pattern trainer=0 turn=0 foePP=0,0 foeAtkDef=0,0 CarlAtk=0 foeLevel=0
support PP=0,0 Carl-defense=0 enemy-attack=0,0
party action uses=8,40 / 2,40
PASS expect 35 0 50 13 0
frame=6464 map=35.0 pos=45,13 flags=0
party=2 HP=30/30,26/26 battle=0 battlers=0 outcome=0 PP=0,0 trial=0 donut-ability=0
persistent PP=8,2 status=0,0
growth level/xp/item=8/399/0,8/709/0 stats maxHP/attack,maxHP/magic=30/20,26/13 foesHP=0,0
pattern trainer=0 turn=0 foePP=0,0 foeAtkDef=0,0 CarlAtk=0 foeLevel=0
support PP=0,0 Carl-defense=0 enemy-attack=0,0
party action uses=8,40 / 2,40
frame=6504 map=35.0 pos=45,13 flags=0
party=2 HP=30/30,26/26 battle=0 battlers=0 outcome=0 PP=0,0 trial=0 donut-ability=0
persistent PP=8,2 status=0,0
growth level/xp/item=8/399/0,8/709/0 stats maxHP/attack,maxHP/magic=30/20,26/13 foesHP=0,0
pattern trainer=0 turn=0 foePP=0,0 foeAtkDef=0,0 CarlAtk=0 foeLevel=0
support PP=0,0 Carl-defense=0 enemy-attack=0,0
party action uses=8,40 / 2,40
frame=6504 map=35.0 pos=45,13 flags=0
party=2 HP=30/30,26/26 battle=0 battlers=0 outcome=0 PP=0,0 trial=0 donut-ability=0
persistent PP=8,2 status=0,0
growth level/xp/item=8/399/0,8/709/0 stats maxHP/attack,maxHP/magic=30/20,26/13 foesHP=0,0
pattern trainer=0 turn=0 foePP=0,0 foeAtkDef=0,0 CarlAtk=0 foeLevel=0
support PP=0,0 Carl-defense=0 enemy-attack=0,0
party action uses=8,40 / 2,40
PASS expect 35 0 45 13 0
frame=6544 map=35.0 pos=45,13 flags=0
party=2 HP=30/30,26/26 battle=0 battlers=0 outcome=0 PP=0,0 trial=0 donut-ability=0
persistent PP=8,2 status=0,0
growth level/xp/item=8/399/0,8/709/0 stats maxHP/attack,maxHP/magic=30/20,26/13 foesHP=0,0
pattern trainer=0 turn=0 foePP=0,0 foeAtkDef=0,0 CarlAtk=0 foeLevel=0
support PP=0,0 Carl-defense=0 enemy-attack=0,0
party action uses=8,40 / 2,40
frame=6628 map=35.0 pos=50,13 flags=0
party=2 HP=30/30,26/26 battle=0 battlers=0 outcome=0 PP=0,0 trial=0 donut-ability=0
persistent PP=8,2 status=0,0
growth level/xp/item=8/399/0,8/709/0 stats maxHP/attack,maxHP/magic=30/20,26/13 foesHP=0,0
pattern trainer=0 turn=0 foePP=0,0 foeAtkDef=0,0 CarlAtk=0 foeLevel=0
support PP=0,0 Carl-defense=0 enemy-attack=0,0
party action uses=8,40 / 2,40
frame=6668 map=35.0 pos=50,13 flags=0
party=2 HP=30/30,26/26 battle=0 battlers=0 outcome=0 PP=0,0 trial=0 donut-ability=0
persistent PP=8,2 status=0,0
growth level/xp/item=8/399/0,8/709/0 stats maxHP/attack,maxHP/magic=30/20,26/13 foesHP=0,0
pattern trainer=0 turn=0 foePP=0,0 foeAtkDef=0,0 CarlAtk=0 foeLevel=0
support PP=0,0 Carl-defense=0 enemy-attack=0,0
party action uses=8,40 / 2,40
frame=6668 map=35.0 pos=50,13 flags=0
party=2 HP=30/30,26/26 battle=0 battlers=0 outcome=0 PP=0,0 trial=0 donut-ability=0
persistent PP=8,2 status=0,0
growth level/xp/item=8/399/0,8/709/0 stats maxHP/attack,maxHP/magic=30/20,26/13 foesHP=0,0
pattern trainer=0 turn=0 foePP=0,0 foeAtkDef=0,0 CarlAtk=0 foeLevel=0
support PP=0,0 Carl-defense=0 enemy-attack=0,0
party action uses=8,40 / 2,40
PASS expect 35 0 50 13 0
frame=6768 map=35.0 pos=50,19 flags=0
party=2 HP=30/30,26/26 battle=0 battlers=0 outcome=0 PP=0,0 trial=0 donut-ability=0
persistent PP=8,2 status=0,0
growth level/xp/item=8/399/0,8/709/0 stats maxHP/attack,maxHP/magic=30/20,26/13 foesHP=0,0
pattern trainer=0 turn=0 foePP=0,0 foeAtkDef=0,0 CarlAtk=0 foeLevel=0
support PP=0,0 Carl-defense=0 enemy-attack=0,0
party action uses=8,40 / 2,40
frame=6808 map=35.0 pos=50,19 flags=0
party=2 HP=30/30,26/26 battle=0 battlers=0 outcome=0 PP=0,0 trial=0 donut-ability=0
persistent PP=8,2 status=0,0
growth level/xp/item=8/399/0,8/709/0 stats maxHP/attack,maxHP/magic=30/20,26/13 foesHP=0,0
pattern trainer=0 turn=0 foePP=0,0 foeAtkDef=0,0 CarlAtk=0 foeLevel=0
support PP=0,0 Carl-defense=0 enemy-attack=0,0
party action uses=8,40 / 2,40
frame=6808 map=35.0 pos=50,19 flags=0
party=2 HP=30/30,26/26 battle=0 battlers=0 outcome=0 PP=0,0 trial=0 donut-ability=0
persistent PP=8,2 status=0,0
growth level/xp/item=8/399/0,8/709/0 stats maxHP/attack,maxHP/magic=30/20,26/13 foesHP=0,0
pattern trainer=0 turn=0 foePP=0,0 foeAtkDef=0,0 CarlAtk=0 foeLevel=0
support PP=0,0 Carl-defense=0 enemy-attack=0,0
party action uses=8,40 / 2,40
PASS expect 35 0 50 19 0
frame=6848 map=35.0 pos=50,19 flags=0
party=2 HP=30/30,26/26 battle=0 battlers=0 outcome=0 PP=0,0 trial=0 donut-ability=0
persistent PP=8,2 status=0,0
growth level/xp/item=8/399/0,8/709/0 stats maxHP/attack,maxHP/magic=30/20,26/13 foesHP=0,0
pattern trainer=0 turn=0 foePP=0,0 foeAtkDef=0,0 CarlAtk=0 foeLevel=0
support PP=0,0 Carl-defense=0 enemy-attack=0,0
party action uses=8,40 / 2,40
frame=6948 map=35.0 pos=50,13 flags=0
party=2 HP=30/30,26/26 battle=0 battlers=0 outcome=0 PP=0,0 trial=0 donut-ability=0
persistent PP=8,2 status=0,0
growth level/xp/item=8/399/0,8/709/0 stats maxHP/attack,maxHP/magic=30/20,26/13 foesHP=0,0
pattern trainer=0 turn=0 foePP=0,0 foeAtkDef=0,0 CarlAtk=0 foeLevel=0
support PP=0,0 Carl-defense=0 enemy-attack=0,0
party action uses=8,40 / 2,40
frame=6988 map=35.0 pos=50,13 flags=0
party=2 HP=30/30,26/26 battle=0 battlers=0 outcome=0 PP=0,0 trial=0 donut-ability=0
persistent PP=8,2 status=0,0
growth level/xp/item=8/399/0,8/709/0 stats maxHP/attack,maxHP/magic=30/20,26/13 foesHP=0,0
pattern trainer=0 turn=0 foePP=0,0 foeAtkDef=0,0 CarlAtk=0 foeLevel=0
support PP=0,0 Carl-defense=0 enemy-attack=0,0
party action uses=8,40 / 2,40
frame=6988 map=35.0 pos=50,13 flags=0
party=2 HP=30/30,26/26 battle=0 battlers=0 outcome=0 PP=0,0 trial=0 donut-ability=0
persistent PP=8,2 status=0,0
growth level/xp/item=8/399/0,8/709/0 stats maxHP/attack,maxHP/magic=30/20,26/13 foesHP=0,0
pattern trainer=0 turn=0 foePP=0,0 foeAtkDef=0,0 CarlAtk=0 foeLevel=0
support PP=0,0 Carl-defense=0 enemy-attack=0,0
party action uses=8,40 / 2,40
PASS expect 35 0 50 13 0
frame=7264 map=35.0 pos=33,13 flags=0
party=2 HP=30/30,26/26 battle=0 battlers=0 outcome=0 PP=0,0 trial=0 donut-ability=0
persistent PP=8,2 status=0,0
growth level/xp/item=8/399/0,8/709/0 stats maxHP/attack,maxHP/magic=30/20,26/13 foesHP=0,0
pattern trainer=0 turn=0 foePP=0,0 foeAtkDef=0,0 CarlAtk=0 foeLevel=0
support PP=0,0 Carl-defense=0 enemy-attack=0,0
party action uses=8,40 / 2,40
frame=7304 map=35.0 pos=33,13 flags=0
party=2 HP=30/30,26/26 battle=0 battlers=0 outcome=0 PP=0,0 trial=0 donut-ability=0
persistent PP=8,2 status=0,0
growth level/xp/item=8/399/0,8/709/0 stats maxHP/attack,maxHP/magic=30/20,26/13 foesHP=0,0
pattern trainer=0 turn=0 foePP=0,0 foeAtkDef=0,0 CarlAtk=0 foeLevel=0
support PP=0,0 Carl-defense=0 enemy-attack=0,0
party action uses=8,40 / 2,40
frame=7304 map=35.0 pos=33,13 flags=0
party=2 HP=30/30,26/26 battle=0 battlers=0 outcome=0 PP=0,0 trial=0 donut-ability=0
persistent PP=8,2 status=0,0
growth level/xp/item=8/399/0,8/709/0 stats maxHP/attack,maxHP/magic=30/20,26/13 foesHP=0,0
pattern trainer=0 turn=0 foePP=0,0 foeAtkDef=0,0 CarlAtk=0 foeLevel=0
support PP=0,0 Carl-defense=0 enemy-attack=0,0
party action uses=8,40 / 2,40
PASS expect 35 0 33 13 0
frame=7324 map=35.0 pos=33,12 flags=0
party=2 HP=30/30,26/26 battle=0 battlers=0 outcome=0 PP=0,0 trial=0 donut-ability=0
persistent PP=8,2 status=0,0
growth level/xp/item=8/399/0,8/709/0 stats maxHP/attack,maxHP/magic=30/20,26/13 foesHP=0,0
pattern trainer=0 turn=0 foePP=0,0 foeAtkDef=0,0 CarlAtk=0 foeLevel=0
support PP=0,0 Carl-defense=0 enemy-attack=0,0
party action uses=8,40 / 2,40
frame=7364 map=35.0 pos=33,12 flags=0
party=2 HP=30/30,26/26 battle=0 battlers=0 outcome=0 PP=0,0 trial=0 donut-ability=0
persistent PP=8,2 status=0,0
growth level/xp/item=8/399/0,8/709/0 stats maxHP/attack,maxHP/magic=30/20,26/13 foesHP=0,0
pattern trainer=0 turn=0 foePP=0,0 foeAtkDef=0,0 CarlAtk=0 foeLevel=0
support PP=0,0 Carl-defense=0 enemy-attack=0,0
party action uses=8,40 / 2,40
frame=7364 map=35.0 pos=33,12 flags=0
party=2 HP=30/30,26/26 battle=0 battlers=0 outcome=0 PP=0,0 trial=0 donut-ability=0
persistent PP=8,2 status=0,0
growth level/xp/item=8/399/0,8/709/0 stats maxHP/attack,maxHP/magic=30/20,26/13 foesHP=0,0
pattern trainer=0 turn=0 foePP=0,0 foeAtkDef=0,0 CarlAtk=0 foeLevel=0
support PP=0,0 Carl-defense=0 enemy-attack=0,0
party action uses=8,40 / 2,40
PASS expect 35 0 33 12 0
frame=7416 map=35.0 pos=30,12 flags=0
party=2 HP=30/30,26/26 battle=0 battlers=0 outcome=0 PP=0,0 trial=0 donut-ability=0
persistent PP=8,2 status=0,0
growth level/xp/item=8/399/0,8/709/0 stats maxHP/attack,maxHP/magic=30/20,26/13 foesHP=0,0
pattern trainer=0 turn=0 foePP=0,0 foeAtkDef=0,0 CarlAtk=0 foeLevel=0
support PP=0,0 Carl-defense=0 enemy-attack=0,0
party action uses=8,40 / 2,40
frame=7456 map=35.0 pos=30,12 flags=0
party=2 HP=30/30,26/26 battle=0 battlers=0 outcome=0 PP=0,0 trial=0 donut-ability=0
persistent PP=8,2 status=0,0
growth level/xp/item=8/399/0,8/709/0 stats maxHP/attack,maxHP/magic=30/20,26/13 foesHP=0,0
pattern trainer=0 turn=0 foePP=0,0 foeAtkDef=0,0 CarlAtk=0 foeLevel=0
support PP=0,0 Carl-defense=0 enemy-attack=0,0
party action uses=8,40 / 2,40
frame=7456 map=35.0 pos=30,12 flags=0
party=2 HP=30/30,26/26 battle=0 battlers=0 outcome=0 PP=0,0 trial=0 donut-ability=0
persistent PP=8,2 status=0,0
growth level/xp/item=8/399/0,8/709/0 stats maxHP/attack,maxHP/magic=30/20,26/13 foesHP=0,0
pattern trainer=0 turn=0 foePP=0,0 foeAtkDef=0,0 CarlAtk=0 foeLevel=0
support PP=0,0 Carl-defense=0 enemy-attack=0,0
party action uses=8,40 / 2,40
PASS expect 35 0 30 12 0
frame=7496 map=35.0 pos=30,12 flags=0
party=2 HP=30/30,26/26 battle=0 battlers=0 outcome=0 PP=0,0 trial=0 donut-ability=0
persistent PP=8,2 status=0,0
growth level/xp/item=8/399/0,8/709/0 stats maxHP/attack,maxHP/magic=30/20,26/13 foesHP=0,0
pattern trainer=0 turn=0 foePP=0,0 foeAtkDef=0,0 CarlAtk=0 foeLevel=0
support PP=0,0 Carl-defense=0 enemy-attack=0,0
party action uses=8,40 / 2,40
frame=7788 map=35.0 pos=30,30 flags=0
party=2 HP=30/30,26/26 battle=0 battlers=0 outcome=0 PP=0,0 trial=0 donut-ability=0
persistent PP=8,2 status=0,0
growth level/xp/item=8/399/0,8/709/0 stats maxHP/attack,maxHP/magic=30/20,26/13 foesHP=0,0
pattern trainer=0 turn=0 foePP=0,0 foeAtkDef=0,0 CarlAtk=0 foeLevel=0
support PP=0,0 Carl-defense=0 enemy-attack=0,0
party action uses=8,40 / 2,40
frame=7828 map=35.0 pos=30,30 flags=0
party=2 HP=30/30,26/26 battle=0 battlers=0 outcome=0 PP=0,0 trial=0 donut-ability=0
persistent PP=8,2 status=0,0
growth level/xp/item=8/399/0,8/709/0 stats maxHP/attack,maxHP/magic=30/20,26/13 foesHP=0,0
pattern trainer=0 turn=0 foePP=0,0 foeAtkDef=0,0 CarlAtk=0 foeLevel=0
support PP=0,0 Carl-defense=0 enemy-attack=0,0
party action uses=8,40 / 2,40
frame=7828 map=35.0 pos=30,30 flags=0
party=2 HP=30/30,26/26 battle=0 battlers=0 outcome=0 PP=0,0 trial=0 donut-ability=0
persistent PP=8,2 status=0,0
growth level/xp/item=8/399/0,8/709/0 stats maxHP/attack,maxHP/magic=30/20,26/13 foesHP=0,0
pattern trainer=0 turn=0 foePP=0,0 foeAtkDef=0,0 CarlAtk=0 foeLevel=0
support PP=0,0 Carl-defense=0 enemy-attack=0,0
party action uses=8,40 / 2,40
PASS expect 35 0 30 30 0
frame=7928 map=35.0 pos=24,30 flags=0
party=2 HP=30/30,26/26 battle=0 battlers=0 outcome=0 PP=0,0 trial=0 donut-ability=0
persistent PP=8,2 status=0,0
growth level/xp/item=8/399/0,8/709/0 stats maxHP/attack,maxHP/magic=30/20,26/13 foesHP=0,0
pattern trainer=0 turn=0 foePP=0,0 foeAtkDef=0,0 CarlAtk=0 foeLevel=0
support PP=0,0 Carl-defense=0 enemy-attack=0,0
party action uses=8,40 / 2,40
frame=7968 map=35.0 pos=24,30 flags=0
party=2 HP=30/30,26/26 battle=0 battlers=0 outcome=0 PP=0,0 trial=0 donut-ability=0
persistent PP=8,2 status=0,0
growth level/xp/item=8/399/0,8/709/0 stats maxHP/attack,maxHP/magic=30/20,26/13 foesHP=0,0
pattern trainer=0 turn=0 foePP=0,0 foeAtkDef=0,0 CarlAtk=0 foeLevel=0
support PP=0,0 Carl-defense=0 enemy-attack=0,0
party action uses=8,40 / 2,40
frame=7968 map=35.0 pos=24,30 flags=0
party=2 HP=30/30,26/26 battle=0 battlers=0 outcome=0 PP=0,0 trial=0 donut-ability=0
persistent PP=8,2 status=0,0
growth level/xp/item=8/399/0,8/709/0 stats maxHP/attack,maxHP/magic=30/20,26/13 foesHP=0,0
pattern trainer=0 turn=0 foePP=0,0 foeAtkDef=0,0 CarlAtk=0 foeLevel=0
support PP=0,0 Carl-defense=0 enemy-attack=0,0
party action uses=8,40 / 2,40
PASS expect 35 0 24 30 0
frame=8036 map=35.0 pos=24,34 flags=0
party=2 HP=30/30,26/26 battle=0 battlers=0 outcome=0 PP=0,0 trial=0 donut-ability=0
persistent PP=8,2 status=0,0
growth level/xp/item=8/399/0,8/709/0 stats maxHP/attack,maxHP/magic=30/20,26/13 foesHP=0,0
pattern trainer=0 turn=0 foePP=0,0 foeAtkDef=0,0 CarlAtk=0 foeLevel=0
support PP=0,0 Carl-defense=0 enemy-attack=0,0
party action uses=8,40 / 2,40
frame=8076 map=35.0 pos=24,34 flags=0
party=2 HP=30/30,26/26 battle=0 battlers=0 outcome=0 PP=0,0 trial=0 donut-ability=0
persistent PP=8,2 status=0,0
growth level/xp/item=8/399/0,8/709/0 stats maxHP/attack,maxHP/magic=30/20,26/13 foesHP=0,0
pattern trainer=0 turn=0 foePP=0,0 foeAtkDef=0,0 CarlAtk=0 foeLevel=0
support PP=0,0 Carl-defense=0 enemy-attack=0,0
party action uses=8,40 / 2,40
frame=8076 map=35.0 pos=24,34 flags=0
party=2 HP=30/30,26/26 battle=0 battlers=0 outcome=0 PP=0,0 trial=0 donut-ability=0
persistent PP=8,2 status=0,0
growth level/xp/item=8/399/0,8/709/0 stats maxHP/attack,maxHP/magic=30/20,26/13 foesHP=0,0
pattern trainer=0 turn=0 foePP=0,0 foeAtkDef=0,0 CarlAtk=0 foeLevel=0
support PP=0,0 Carl-defense=0 enemy-attack=0,0
party action uses=8,40 / 2,40
PASS expect 35 0 24 34 0
frame=8336 map=35.0 pos=8,34 flags=0
party=2 HP=30/30,26/26 battle=0 battlers=0 outcome=0 PP=0,0 trial=0 donut-ability=0
persistent PP=8,2 status=0,0
growth level/xp/item=8/399/0,8/709/0 stats maxHP/attack,maxHP/magic=30/20,26/13 foesHP=0,0
pattern trainer=0 turn=0 foePP=0,0 foeAtkDef=0,0 CarlAtk=0 foeLevel=0
support PP=0,0 Carl-defense=0 enemy-attack=0,0
party action uses=8,40 / 2,40
frame=8376 map=35.0 pos=8,34 flags=0
party=2 HP=30/30,26/26 battle=0 battlers=0 outcome=0 PP=0,0 trial=0 donut-ability=0
persistent PP=8,2 status=0,0
growth level/xp/item=8/399/0,8/709/0 stats maxHP/attack,maxHP/magic=30/20,26/13 foesHP=0,0
pattern trainer=0 turn=0 foePP=0,0 foeAtkDef=0,0 CarlAtk=0 foeLevel=0
support PP=0,0 Carl-defense=0 enemy-attack=0,0
party action uses=8,40 / 2,40
frame=8376 map=35.0 pos=8,34 flags=0
party=2 HP=30/30,26/26 battle=0 battlers=0 outcome=0 PP=0,0 trial=0 donut-ability=0
persistent PP=8,2 status=0,0
growth level/xp/item=8/399/0,8/709/0 stats maxHP/attack,maxHP/magic=30/20,26/13 foesHP=0,0
pattern trainer=0 turn=0 foePP=0,0 foeAtkDef=0,0 CarlAtk=0 foeLevel=0
support PP=0,0 Carl-defense=0 enemy-attack=0,0
party action uses=8,40 / 2,40
PASS expect 35 0 8 34 0
frame=8476 map=35.0 pos=8,40 flags=0
party=2 HP=30/30,26/26 battle=0 battlers=0 outcome=0 PP=0,0 trial=0 donut-ability=0
persistent PP=8,2 status=0,0
growth level/xp/item=8/399/0,8/709/0 stats maxHP/attack,maxHP/magic=30/20,26/13 foesHP=0,0
pattern trainer=0 turn=0 foePP=0,0 foeAtkDef=0,0 CarlAtk=0 foeLevel=0
support PP=0,0 Carl-defense=0 enemy-attack=0,0
party action uses=8,40 / 2,40
frame=8516 map=35.0 pos=8,40 flags=0
party=2 HP=30/30,26/26 battle=0 battlers=0 outcome=0 PP=0,0 trial=0 donut-ability=0
persistent PP=8,2 status=0,0
growth level/xp/item=8/399/0,8/709/0 stats maxHP/attack,maxHP/magic=30/20,26/13 foesHP=0,0
pattern trainer=0 turn=0 foePP=0,0 foeAtkDef=0,0 CarlAtk=0 foeLevel=0
support PP=0,0 Carl-defense=0 enemy-attack=0,0
party action uses=8,40 / 2,40
frame=8516 map=35.0 pos=8,40 flags=0
party=2 HP=30/30,26/26 battle=0 battlers=0 outcome=0 PP=0,0 trial=0 donut-ability=0
persistent PP=8,2 status=0,0
growth level/xp/item=8/399/0,8/709/0 stats maxHP/attack,maxHP/magic=30/20,26/13 foesHP=0,0
pattern trainer=0 turn=0 foePP=0,0 foeAtkDef=0,0 CarlAtk=0 foeLevel=0
support PP=0,0 Carl-defense=0 enemy-attack=0,0
party action uses=8,40 / 2,40
PASS expect 35 0 8 40 0
frame=8556 map=35.0 pos=8,40 flags=0
party=2 HP=30/30,26/26 battle=0 battlers=0 outcome=0 PP=0,0 trial=0 donut-ability=0
persistent PP=8,2 status=0,0
growth level/xp/item=8/399/0,8/709/0 stats maxHP/attack,maxHP/magic=30/20,26/13 foesHP=0,0
pattern trainer=0 turn=0 foePP=0,0 foeAtkDef=0,0 CarlAtk=0 foeLevel=0
support PP=0,0 Carl-defense=0 enemy-attack=0,0
party action uses=8,40 / 2,40
frame=8656 map=35.0 pos=8,34 flags=0
party=2 HP=30/30,26/26 battle=0 battlers=0 outcome=0 PP=0,0 trial=0 donut-ability=0
persistent PP=8,2 status=0,0
growth level/xp/item=8/399/0,8/709/0 stats maxHP/attack,maxHP/magic=30/20,26/13 foesHP=0,0
pattern trainer=0 turn=0 foePP=0,0 foeAtkDef=0,0 CarlAtk=0 foeLevel=0
support PP=0,0 Carl-defense=0 enemy-attack=0,0
party action uses=8,40 / 2,40
frame=8696 map=35.0 pos=8,34 flags=0
party=2 HP=30/30,26/26 battle=0 battlers=0 outcome=0 PP=0,0 trial=0 donut-ability=0
persistent PP=8,2 status=0,0
growth level/xp/item=8/399/0,8/709/0 stats maxHP/attack,maxHP/magic=30/20,26/13 foesHP=0,0
pattern trainer=0 turn=0 foePP=0,0 foeAtkDef=0,0 CarlAtk=0 foeLevel=0
support PP=0,0 Carl-defense=0 enemy-attack=0,0
party action uses=8,40 / 2,40
frame=8696 map=35.0 pos=8,34 flags=0
party=2 HP=30/30,26/26 battle=0 battlers=0 outcome=0 PP=0,0 trial=0 donut-ability=0
persistent PP=8,2 status=0,0
growth level/xp/item=8/399/0,8/709/0 stats maxHP/attack,maxHP/magic=30/20,26/13 foesHP=0,0
pattern trainer=0 turn=0 foePP=0,0 foeAtkDef=0,0 CarlAtk=0 foeLevel=0
support PP=0,0 Carl-defense=0 enemy-attack=0,0
party action uses=8,40 / 2,40
PASS expect 35 0 8 34 0
frame=8860 map=35.0 pos=18,34 flags=0
party=2 HP=30/30,26/26 battle=0 battlers=0 outcome=0 PP=0,0 trial=0 donut-ability=0
persistent PP=8,2 status=0,0
growth level/xp/item=8/399/0,8/709/0 stats maxHP/attack,maxHP/magic=30/20,26/13 foesHP=0,0
pattern trainer=0 turn=0 foePP=0,0 foeAtkDef=0,0 CarlAtk=0 foeLevel=0
support PP=0,0 Carl-defense=0 enemy-attack=0,0
party action uses=8,40 / 2,40
frame=8900 map=35.0 pos=18,34 flags=0
party=2 HP=30/30,26/26 battle=0 battlers=0 outcome=0 PP=0,0 trial=0 donut-ability=0
persistent PP=8,2 status=0,0
growth level/xp/item=8/399/0,8/709/0 stats maxHP/attack,maxHP/magic=30/20,26/13 foesHP=0,0
pattern trainer=0 turn=0 foePP=0,0 foeAtkDef=0,0 CarlAtk=0 foeLevel=0
support PP=0,0 Carl-defense=0 enemy-attack=0,0
party action uses=8,40 / 2,40
frame=8900 map=35.0 pos=18,34 flags=0
party=2 HP=30/30,26/26 battle=0 battlers=0 outcome=0 PP=0,0 trial=0 donut-ability=0
persistent PP=8,2 status=0,0
growth level/xp/item=8/399/0,8/709/0 stats maxHP/attack,maxHP/magic=30/20,26/13 foesHP=0,0
pattern trainer=0 turn=0 foePP=0,0 foeAtkDef=0,0 CarlAtk=0 foeLevel=0
support PP=0,0 Carl-defense=0 enemy-attack=0,0
party action uses=8,40 / 2,40
PASS expect 35 0 18 34 0
frame=8920 map=35.0 pos=18,33 flags=0
party=2 HP=30/30,26/26 battle=0 battlers=0 outcome=0 PP=0,0 trial=0 donut-ability=0
persistent PP=8,2 status=0,0
growth level/xp/item=8/399/0,8/709/0 stats maxHP/attack,maxHP/magic=30/20,26/13 foesHP=0,0
pattern trainer=0 turn=0 foePP=0,0 foeAtkDef=0,0 CarlAtk=0 foeLevel=0
support PP=0,0 Carl-defense=0 enemy-attack=0,0
party action uses=8,40 / 2,40
frame=8960 map=35.0 pos=18,33 flags=0
party=2 HP=30/30,26/26 battle=0 battlers=0 outcome=0 PP=0,0 trial=0 donut-ability=0
persistent PP=8,2 status=0,0
growth level/xp/item=8/399/0,8/709/0 stats maxHP/attack,maxHP/magic=30/20,26/13 foesHP=0,0
pattern trainer=0 turn=0 foePP=0,0 foeAtkDef=0,0 CarlAtk=0 foeLevel=0
support PP=0,0 Carl-defense=0 enemy-attack=0,0
party action uses=8,40 / 2,40
frame=8960 map=35.0 pos=18,33 flags=0
party=2 HP=30/30,26/26 battle=0 battlers=0 outcome=0 PP=0,0 trial=0 donut-ability=0
persistent PP=8,2 status=0,0
growth level/xp/item=8/399/0,8/709/0 stats maxHP/attack,maxHP/magic=30/20,26/13 foesHP=0,0
pattern trainer=0 turn=0 foePP=0,0 foeAtkDef=0,0 CarlAtk=0 foeLevel=0
support PP=0,0 Carl-defense=0 enemy-attack=0,0
party action uses=8,40 / 2,40
PASS expect 35 0 18 33 0
frame=9060 map=35.0 pos=24,33 flags=0
party=2 HP=30/30,26/26 battle=0 battlers=0 outcome=0 PP=0,0 trial=0 donut-ability=0
persistent PP=8,2 status=0,0
growth level/xp/item=8/399/0,8/709/0 stats maxHP/attack,maxHP/magic=30/20,26/13 foesHP=0,0
pattern trainer=0 turn=0 foePP=0,0 foeAtkDef=0,0 CarlAtk=0 foeLevel=0
support PP=0,0 Carl-defense=0 enemy-attack=0,0
party action uses=8,40 / 2,40
frame=9100 map=35.0 pos=24,33 flags=0
party=2 HP=30/30,26/26 battle=0 battlers=0 outcome=0 PP=0,0 trial=0 donut-ability=0
persistent PP=8,2 status=0,0
growth level/xp/item=8/399/0,8/709/0 stats maxHP/attack,maxHP/magic=30/20,26/13 foesHP=0,0
pattern trainer=0 turn=0 foePP=0,0 foeAtkDef=0,0 CarlAtk=0 foeLevel=0
support PP=0,0 Carl-defense=0 enemy-attack=0,0
party action uses=8,40 / 2,40
frame=9100 map=35.0 pos=24,33 flags=0
party=2 HP=30/30,26/26 battle=0 battlers=0 outcome=0 PP=0,0 trial=0 donut-ability=0
persistent PP=8,2 status=0,0
growth level/xp/item=8/399/0,8/709/0 stats maxHP/attack,maxHP/magic=30/20,26/13 foesHP=0,0
pattern trainer=0 turn=0 foePP=0,0 foeAtkDef=0,0 CarlAtk=0 foeLevel=0
support PP=0,0 Carl-defense=0 enemy-attack=0,0
party action uses=8,40 / 2,40
PASS expect 35 0 24 33 0
frame=9140 map=35.0 pos=24,33 flags=0
party=2 HP=30/30,26/26 battle=0 battlers=0 outcome=0 PP=0,0 trial=0 donut-ability=0
persistent PP=8,2 status=0,0
growth level/xp/item=8/399/0,8/709/0 stats maxHP/attack,maxHP/magic=30/20,26/13 foesHP=0,0
pattern trainer=0 turn=0 foePP=0,0 foeAtkDef=0,0 CarlAtk=0 foeLevel=0
support PP=0,0 Carl-defense=0 enemy-attack=0,0
party action uses=8,40 / 2,40
frame=9240 map=35.0 pos=18,33 flags=0
party=2 HP=30/30,26/26 battle=0 battlers=0 outcome=0 PP=0,0 trial=0 donut-ability=0
persistent PP=8,2 status=0,0
growth level/xp/item=8/399/0,8/709/0 stats maxHP/attack,maxHP/magic=30/20,26/13 foesHP=0,0
pattern trainer=0 turn=0 foePP=0,0 foeAtkDef=0,0 CarlAtk=0 foeLevel=0
support PP=0,0 Carl-defense=0 enemy-attack=0,0
party action uses=8,40 / 2,40
frame=9280 map=35.0 pos=18,33 flags=0
party=2 HP=30/30,26/26 battle=0 battlers=0 outcome=0 PP=0,0 trial=0 donut-ability=0
persistent PP=8,2 status=0,0
growth level/xp/item=8/399/0,8/709/0 stats maxHP/attack,maxHP/magic=30/20,26/13 foesHP=0,0
pattern trainer=0 turn=0 foePP=0,0 foeAtkDef=0,0 CarlAtk=0 foeLevel=0
support PP=0,0 Carl-defense=0 enemy-attack=0,0
party action uses=8,40 / 2,40
frame=9280 map=35.0 pos=18,33 flags=0
party=2 HP=30/30,26/26 battle=0 battlers=0 outcome=0 PP=0,0 trial=0 donut-ability=0
persistent PP=8,2 status=0,0
growth level/xp/item=8/399/0,8/709/0 stats maxHP/attack,maxHP/magic=30/20,26/13 foesHP=0,0
pattern trainer=0 turn=0 foePP=0,0 foeAtkDef=0,0 CarlAtk=0 foeLevel=0
support PP=0,0 Carl-defense=0 enemy-attack=0,0
party action uses=8,40 / 2,40
PASS expect 35 0 18 33 0
frame=9444 map=35.0 pos=18,23 flags=0
party=2 HP=30/30,26/26 battle=0 battlers=0 outcome=0 PP=0,0 trial=0 donut-ability=0
persistent PP=8,2 status=0,0
growth level/xp/item=8/399/0,8/709/0 stats maxHP/attack,maxHP/magic=30/20,26/13 foesHP=0,0
pattern trainer=0 turn=0 foePP=0,0 foeAtkDef=0,0 CarlAtk=0 foeLevel=0
support PP=0,0 Carl-defense=0 enemy-attack=0,0
party action uses=8,40 / 2,40
frame=9484 map=35.0 pos=18,23 flags=0
party=2 HP=30/30,26/26 battle=0 battlers=0 outcome=0 PP=0,0 trial=0 donut-ability=0
persistent PP=8,2 status=0,0
growth level/xp/item=8/399/0,8/709/0 stats maxHP/attack,maxHP/magic=30/20,26/13 foesHP=0,0
pattern trainer=0 turn=0 foePP=0,0 foeAtkDef=0,0 CarlAtk=0 foeLevel=0
support PP=0,0 Carl-defense=0 enemy-attack=0,0
party action uses=8,40 / 2,40
frame=9484 map=35.0 pos=18,23 flags=0
party=2 HP=30/30,26/26 battle=0 battlers=0 outcome=0 PP=0,0 trial=0 donut-ability=0
persistent PP=8,2 status=0,0
growth level/xp/item=8/399/0,8/709/0 stats maxHP/attack,maxHP/magic=30/20,26/13 foesHP=0,0
pattern trainer=0 turn=0 foePP=0,0 foeAtkDef=0,0 CarlAtk=0 foeLevel=0
support PP=0,0 Carl-defense=0 enemy-attack=0,0
party action uses=8,40 / 2,40
PASS expect 35 0 18 23 0
frame=9520 map=35.0 pos=16,23 flags=0
party=2 HP=30/30,26/26 battle=0 battlers=0 outcome=0 PP=0,0 trial=0 donut-ability=0
persistent PP=8,2 status=0,0
growth level/xp/item=8/399/0,8/709/0 stats maxHP/attack,maxHP/magic=30/20,26/13 foesHP=0,0
pattern trainer=0 turn=0 foePP=0,0 foeAtkDef=0,0 CarlAtk=0 foeLevel=0
support PP=0,0 Carl-defense=0 enemy-attack=0,0
party action uses=8,40 / 2,40
frame=9560 map=35.0 pos=16,23 flags=0
party=2 HP=30/30,26/26 battle=0 battlers=0 outcome=0 PP=0,0 trial=0 donut-ability=0
persistent PP=8,2 status=0,0
growth level/xp/item=8/399/0,8/709/0 stats maxHP/attack,maxHP/magic=30/20,26/13 foesHP=0,0
pattern trainer=0 turn=0 foePP=0,0 foeAtkDef=0,0 CarlAtk=0 foeLevel=0
support PP=0,0 Carl-defense=0 enemy-attack=0,0
party action uses=8,40 / 2,40
frame=9560 map=35.0 pos=16,23 flags=0
party=2 HP=30/30,26/26 battle=0 battlers=0 outcome=0 PP=0,0 trial=0 donut-ability=0
persistent PP=8,2 status=0,0
growth level/xp/item=8/399/0,8/709/0 stats maxHP/attack,maxHP/magic=30/20,26/13 foesHP=0,0
pattern trainer=0 turn=0 foePP=0,0 foeAtkDef=0,0 CarlAtk=0 foeLevel=0
support PP=0,0 Carl-defense=0 enemy-attack=0,0
party action uses=8,40 / 2,40
PASS expect 35 0 16 23 0
frame=9676 map=35.0 pos=23,23 flags=0
party=2 HP=30/30,26/26 battle=0 battlers=0 outcome=0 PP=0,0 trial=0 donut-ability=0
persistent PP=8,2 status=0,0
growth level/xp/item=8/399/0,8/709/0 stats maxHP/attack,maxHP/magic=30/20,26/13 foesHP=0,0
pattern trainer=0 turn=0 foePP=0,0 foeAtkDef=0,0 CarlAtk=0 foeLevel=0
support PP=0,0 Carl-defense=0 enemy-attack=0,0
party action uses=8,40 / 2,40
frame=9716 map=35.0 pos=23,23 flags=0
party=2 HP=30/30,26/26 battle=0 battlers=0 outcome=0 PP=0,0 trial=0 donut-ability=0
persistent PP=8,2 status=0,0
growth level/xp/item=8/399/0,8/709/0 stats maxHP/attack,maxHP/magic=30/20,26/13 foesHP=0,0
pattern trainer=0 turn=0 foePP=0,0 foeAtkDef=0,0 CarlAtk=0 foeLevel=0
support PP=0,0 Carl-defense=0 enemy-attack=0,0
party action uses=8,40 / 2,40
frame=9716 map=35.0 pos=23,23 flags=0
party=2 HP=30/30,26/26 battle=0 battlers=0 outcome=0 PP=0,0 trial=0 donut-ability=0
persistent PP=8,2 status=0,0
growth level/xp/item=8/399/0,8/709/0 stats maxHP/attack,maxHP/magic=30/20,26/13 foesHP=0,0
pattern trainer=0 turn=0 foePP=0,0 foeAtkDef=0,0 CarlAtk=0 foeLevel=0
support PP=0,0 Carl-defense=0 enemy-attack=0,0
party action uses=8,40 / 2,40
PASS expect 35 0 23 23 0
frame=9756 map=35.0 pos=23,23 flags=0
party=2 HP=30/30,26/26 battle=0 battlers=0 outcome=0 PP=0,0 trial=0 donut-ability=0
persistent PP=8,2 status=0,0
growth level/xp/item=8/399/0,8/709/0 stats maxHP/attack,maxHP/magic=30/20,26/13 foesHP=0,0
pattern trainer=0 turn=0 foePP=0,0 foeAtkDef=0,0 CarlAtk=0 foeLevel=0
support PP=0,0 Carl-defense=0 enemy-attack=0,0
party action uses=8,40 / 2,40
frame=9872 map=35.0 pos=16,23 flags=0
party=2 HP=30/30,26/26 battle=0 battlers=0 outcome=0 PP=0,0 trial=0 donut-ability=0
persistent PP=8,2 status=0,0
growth level/xp/item=8/399/0,8/709/0 stats maxHP/attack,maxHP/magic=30/20,26/13 foesHP=0,0
pattern trainer=0 turn=0 foePP=0,0 foeAtkDef=0,0 CarlAtk=0 foeLevel=0
support PP=0,0 Carl-defense=0 enemy-attack=0,0
party action uses=8,40 / 2,40
frame=9912 map=35.0 pos=16,23 flags=0
party=2 HP=30/30,26/26 battle=0 battlers=0 outcome=0 PP=0,0 trial=0 donut-ability=0
persistent PP=8,2 status=0,0
growth level/xp/item=8/399/0,8/709/0 stats maxHP/attack,maxHP/magic=30/20,26/13 foesHP=0,0
pattern trainer=0 turn=0 foePP=0,0 foeAtkDef=0,0 CarlAtk=0 foeLevel=0
support PP=0,0 Carl-defense=0 enemy-attack=0,0
party action uses=8,40 / 2,40
frame=9912 map=35.0 pos=16,23 flags=0
party=2 HP=30/30,26/26 battle=0 battlers=0 outcome=0 PP=0,0 trial=0 donut-ability=0
persistent PP=8,2 status=0,0
growth level/xp/item=8/399/0,8/709/0 stats maxHP/attack,maxHP/magic=30/20,26/13 foesHP=0,0
pattern trainer=0 turn=0 foePP=0,0 foeAtkDef=0,0 CarlAtk=0 foeLevel=0
support PP=0,0 Carl-defense=0 enemy-attack=0,0
party action uses=8,40 / 2,40
PASS expect 35 0 16 23 0
frame=9948 map=35.0 pos=16,21 flags=0
party=2 HP=30/30,26/26 battle=0 battlers=0 outcome=0 PP=0,0 trial=0 donut-ability=0
persistent PP=8,2 status=0,0
growth level/xp/item=8/399/0,8/709/0 stats maxHP/attack,maxHP/magic=30/20,26/13 foesHP=0,0
pattern trainer=0 turn=0 foePP=0,0 foeAtkDef=0,0 CarlAtk=0 foeLevel=0
support PP=0,0 Carl-defense=0 enemy-attack=0,0
party action uses=8,40 / 2,40
frame=9988 map=35.0 pos=16,21 flags=0
party=2 HP=30/30,26/26 battle=0 battlers=0 outcome=0 PP=0,0 trial=0 donut-ability=0
persistent PP=8,2 status=0,0
growth level/xp/item=8/399/0,8/709/0 stats maxHP/attack,maxHP/magic=30/20,26/13 foesHP=0,0
pattern trainer=0 turn=0 foePP=0,0 foeAtkDef=0,0 CarlAtk=0 foeLevel=0
support PP=0,0 Carl-defense=0 enemy-attack=0,0
party action uses=8,40 / 2,40
frame=9988 map=35.0 pos=16,21 flags=0
party=2 HP=30/30,26/26 battle=0 battlers=0 outcome=0 PP=0,0 trial=0 donut-ability=0
persistent PP=8,2 status=0,0
growth level/xp/item=8/399/0,8/709/0 stats maxHP/attack,maxHP/magic=30/20,26/13 foesHP=0,0
pattern trainer=0 turn=0 foePP=0,0 foeAtkDef=0,0 CarlAtk=0 foeLevel=0
support PP=0,0 Carl-defense=0 enemy-attack=0,0
party action uses=8,40 / 2,40
PASS expect 35 0 16 21 0
frame=10168 map=35.0 pos=27,21 flags=0
party=2 HP=30/30,26/26 battle=0 battlers=0 outcome=0 PP=0,0 trial=0 donut-ability=0
persistent PP=8,2 status=0,0
growth level/xp/item=8/399/0,8/709/0 stats maxHP/attack,maxHP/magic=30/20,26/13 foesHP=0,0
pattern trainer=0 turn=0 foePP=0,0 foeAtkDef=0,0 CarlAtk=0 foeLevel=0
support PP=0,0 Carl-defense=0 enemy-attack=0,0
party action uses=8,40 / 2,40
frame=10208 map=35.0 pos=27,21 flags=0
party=2 HP=30/30,26/26 battle=0 battlers=0 outcome=0 PP=0,0 trial=0 donut-ability=0
persistent PP=8,2 status=0,0
growth level/xp/item=8/399/0,8/709/0 stats maxHP/attack,maxHP/magic=30/20,26/13 foesHP=0,0
pattern trainer=0 turn=0 foePP=0,0 foeAtkDef=0,0 CarlAtk=0 foeLevel=0
support PP=0,0 Carl-defense=0 enemy-attack=0,0
party action uses=8,40 / 2,40
frame=10208 map=35.0 pos=27,21 flags=0
party=2 HP=30/30,26/26 battle=0 battlers=0 outcome=0 PP=0,0 trial=0 donut-ability=0
persistent PP=8,2 status=0,0
growth level/xp/item=8/399/0,8/709/0 stats maxHP/attack,maxHP/magic=30/20,26/13 foesHP=0,0
pattern trainer=0 turn=0 foePP=0,0 foeAtkDef=0,0 CarlAtk=0 foeLevel=0
support PP=0,0 Carl-defense=0 enemy-attack=0,0
party action uses=8,40 / 2,40
PASS expect 35 0 27 21 0
frame=10244 map=35.0 pos=27,23 flags=0
party=2 HP=30/30,26/26 battle=0 battlers=0 outcome=0 PP=0,0 trial=0 donut-ability=0
persistent PP=8,2 status=0,0
growth level/xp/item=8/399/0,8/709/0 stats maxHP/attack,maxHP/magic=30/20,26/13 foesHP=0,0
pattern trainer=0 turn=0 foePP=0,0 foeAtkDef=0,0 CarlAtk=0 foeLevel=0
support PP=0,0 Carl-defense=0 enemy-attack=0,0
party action uses=8,40 / 2,40
frame=10284 map=35.0 pos=27,23 flags=0
party=2 HP=30/30,26/26 battle=0 battlers=0 outcome=0 PP=0,0 trial=0 donut-ability=0
persistent PP=8,2 status=0,0
growth level/xp/item=8/399/0,8/709/0 stats maxHP/attack,maxHP/magic=30/20,26/13 foesHP=0,0
pattern trainer=0 turn=0 foePP=0,0 foeAtkDef=0,0 CarlAtk=0 foeLevel=0
support PP=0,0 Carl-defense=0 enemy-attack=0,0
party action uses=8,40 / 2,40
frame=10284 map=35.0 pos=27,23 flags=0
party=2 HP=30/30,26/26 battle=0 battlers=0 outcome=0 PP=0,0 trial=0 donut-ability=0
persistent PP=8,2 status=0,0
growth level/xp/item=8/399/0,8/709/0 stats maxHP/attack,maxHP/magic=30/20,26/13 foesHP=0,0
pattern trainer=0 turn=0 foePP=0,0 foeAtkDef=0,0 CarlAtk=0 foeLevel=0
support PP=0,0 Carl-defense=0 enemy-attack=0,0
party action uses=8,40 / 2,40
PASS expect 35 0 27 23 0
frame=10400 map=35.0 pos=34,23 flags=0
party=2 HP=30/30,26/26 battle=0 battlers=0 outcome=0 PP=0,0 trial=0 donut-ability=0
persistent PP=8,2 status=0,0
growth level/xp/item=8/399/0,8/709/0 stats maxHP/attack,maxHP/magic=30/20,26/13 foesHP=0,0
pattern trainer=0 turn=0 foePP=0,0 foeAtkDef=0,0 CarlAtk=0 foeLevel=0
support PP=0,0 Carl-defense=0 enemy-attack=0,0
party action uses=8,40 / 2,40
frame=10440 map=35.0 pos=34,23 flags=0
party=2 HP=30/30,26/26 battle=0 battlers=0 outcome=0 PP=0,0 trial=0 donut-ability=0
persistent PP=8,2 status=0,0
growth level/xp/item=8/399/0,8/709/0 stats maxHP/attack,maxHP/magic=30/20,26/13 foesHP=0,0
pattern trainer=0 turn=0 foePP=0,0 foeAtkDef=0,0 CarlAtk=0 foeLevel=0
support PP=0,0 Carl-defense=0 enemy-attack=0,0
party action uses=8,40 / 2,40
frame=10440 map=35.0 pos=34,23 flags=0
party=2 HP=30/30,26/26 battle=0 battlers=0 outcome=0 PP=0,0 trial=0 donut-ability=0
persistent PP=8,2 status=0,0
growth level/xp/item=8/399/0,8/709/0 stats maxHP/attack,maxHP/magic=30/20,26/13 foesHP=0,0
pattern trainer=0 turn=0 foePP=0,0 foeAtkDef=0,0 CarlAtk=0 foeLevel=0
support PP=0,0 Carl-defense=0 enemy-attack=0,0
party action uses=8,40 / 2,40
PASS expect 35 0 34 23 0
frame=10480 map=35.0 pos=34,23 flags=0
party=2 HP=30/30,26/26 battle=0 battlers=0 outcome=0 PP=0,0 trial=0 donut-ability=0
persistent PP=8,2 status=0,0
growth level/xp/item=8/399/0,8/709/0 stats maxHP/attack,maxHP/magic=30/20,26/13 foesHP=0,0
pattern trainer=0 turn=0 foePP=0,0 foeAtkDef=0,0 CarlAtk=0 foeLevel=0
support PP=0,0 Carl-defense=0 enemy-attack=0,0
party action uses=8,40 / 2,40
frame=10596 map=35.0 pos=27,23 flags=0
party=2 HP=30/30,26/26 battle=0 battlers=0 outcome=0 PP=0,0 trial=0 donut-ability=0
persistent PP=8,2 status=0,0
growth level/xp/item=8/399/0,8/709/0 stats maxHP/attack,maxHP/magic=30/20,26/13 foesHP=0,0
pattern trainer=0 turn=0 foePP=0,0 foeAtkDef=0,0 CarlAtk=0 foeLevel=0
support PP=0,0 Carl-defense=0 enemy-attack=0,0
party action uses=8,40 / 2,40
frame=10636 map=35.0 pos=27,23 flags=0
party=2 HP=30/30,26/26 battle=0 battlers=0 outcome=0 PP=0,0 trial=0 donut-ability=0
persistent PP=8,2 status=0,0
growth level/xp/item=8/399/0,8/709/0 stats maxHP/attack,maxHP/magic=30/20,26/13 foesHP=0,0
pattern trainer=0 turn=0 foePP=0,0 foeAtkDef=0,0 CarlAtk=0 foeLevel=0
support PP=0,0 Carl-defense=0 enemy-attack=0,0
party action uses=8,40 / 2,40
frame=10636 map=35.0 pos=27,23 flags=0
party=2 HP=30/30,26/26 battle=0 battlers=0 outcome=0 PP=0,0 trial=0 donut-ability=0
persistent PP=8,2 status=0,0
growth level/xp/item=8/399/0,8/709/0 stats maxHP/attack,maxHP/magic=30/20,26/13 foesHP=0,0
pattern trainer=0 turn=0 foePP=0,0 foeAtkDef=0,0 CarlAtk=0 foeLevel=0
support PP=0,0 Carl-defense=0 enemy-attack=0,0
party action uses=8,40 / 2,40
PASS expect 35 0 27 23 0
frame=10944 map=35.0 pos=46,23 flags=0
party=2 HP=30/30,26/26 battle=0 battlers=0 outcome=0 PP=0,0 trial=0 donut-ability=0
persistent PP=8,2 status=0,0
growth level/xp/item=8/399/0,8/709/0 stats maxHP/attack,maxHP/magic=30/20,26/13 foesHP=0,0
pattern trainer=0 turn=0 foePP=0,0 foeAtkDef=0,0 CarlAtk=0 foeLevel=0
support PP=0,0 Carl-defense=0 enemy-attack=0,0
party action uses=8,40 / 2,40
frame=10984 map=35.0 pos=46,23 flags=0
party=2 HP=30/30,26/26 battle=0 battlers=0 outcome=0 PP=0,0 trial=0 donut-ability=0
persistent PP=8,2 status=0,0
growth level/xp/item=8/399/0,8/709/0 stats maxHP/attack,maxHP/magic=30/20,26/13 foesHP=0,0
pattern trainer=0 turn=0 foePP=0,0 foeAtkDef=0,0 CarlAtk=0 foeLevel=0
support PP=0,0 Carl-defense=0 enemy-attack=0,0
party action uses=8,40 / 2,40
frame=10984 map=35.0 pos=46,23 flags=0
party=2 HP=30/30,26/26 battle=0 battlers=0 outcome=0 PP=0,0 trial=0 donut-ability=0
persistent PP=8,2 status=0,0
growth level/xp/item=8/399/0,8/709/0 stats maxHP/attack,maxHP/magic=30/20,26/13 foesHP=0,0
pattern trainer=0 turn=0 foePP=0,0 foeAtkDef=0,0 CarlAtk=0 foeLevel=0
support PP=0,0 Carl-defense=0 enemy-attack=0,0
party action uses=8,40 / 2,40
PASS expect 35 0 46 23 0
frame=11004 map=35.0 pos=46,24 flags=0
party=2 HP=30/30,26/26 battle=0 battlers=0 outcome=0 PP=0,0 trial=0 donut-ability=0
persistent PP=8,2 status=0,0
growth level/xp/item=8/399/0,8/709/0 stats maxHP/attack,maxHP/magic=30/20,26/13 foesHP=0,0
pattern trainer=0 turn=0 foePP=0,0 foeAtkDef=0,0 CarlAtk=0 foeLevel=0
support PP=0,0 Carl-defense=0 enemy-attack=0,0
party action uses=8,40 / 2,40
frame=11044 map=35.0 pos=46,24 flags=0
party=2 HP=30/30,26/26 battle=0 battlers=0 outcome=0 PP=0,0 trial=0 donut-ability=0
persistent PP=8,2 status=0,0
growth level/xp/item=8/399/0,8/709/0 stats maxHP/attack,maxHP/magic=30/20,26/13 foesHP=0,0
pattern trainer=0 turn=0 foePP=0,0 foeAtkDef=0,0 CarlAtk=0 foeLevel=0
support PP=0,0 Carl-defense=0 enemy-attack=0,0
party action uses=8,40 / 2,40
frame=11044 map=35.0 pos=46,24 flags=0
party=2 HP=30/30,26/26 battle=0 battlers=0 outcome=0 PP=0,0 trial=0 donut-ability=0
persistent PP=8,2 status=0,0
growth level/xp/item=8/399/0,8/709/0 stats maxHP/attack,maxHP/magic=30/20,26/13 foesHP=0,0
pattern trainer=0 turn=0 foePP=0,0 foeAtkDef=0,0 CarlAtk=0 foeLevel=0
support PP=0,0 Carl-defense=0 enemy-attack=0,0
party action uses=8,40 / 2,40
PASS expect 35 0 46 24 0
frame=11140 map=35.0 pos=46,30 flags=0
party=2 HP=30/30,26/26 battle=0 battlers=0 outcome=0 PP=0,0 trial=0 donut-ability=0
persistent PP=8,2 status=0,0
growth level/xp/item=8/399/0,8/709/0 stats maxHP/attack,maxHP/magic=30/20,26/13 foesHP=0,0
pattern trainer=0 turn=0 foePP=0,0 foeAtkDef=0,0 CarlAtk=0 foeLevel=0
support PP=0,0 Carl-defense=0 enemy-attack=0,0
party action uses=8,40 / 2,40
frame=11180 map=35.0 pos=46,30 flags=0
party=2 HP=30/30,26/26 battle=0 battlers=0 outcome=0 PP=0,0 trial=0 donut-ability=0
persistent PP=8,2 status=0,0
growth level/xp/item=8/399/0,8/709/0 stats maxHP/attack,maxHP/magic=30/20,26/13 foesHP=0,0
pattern trainer=0 turn=0 foePP=0,0 foeAtkDef=0,0 CarlAtk=0 foeLevel=0
support PP=0,0 Carl-defense=0 enemy-attack=0,0
party action uses=8,40 / 2,40
frame=11180 map=35.0 pos=46,30 flags=0
party=2 HP=30/30,26/26 battle=0 battlers=0 outcome=0 PP=0,0 trial=0 donut-ability=0
persistent PP=8,2 status=0,0
growth level/xp/item=8/399/0,8/709/0 stats maxHP/attack,maxHP/magic=30/20,26/13 foesHP=0,0
pattern trainer=0 turn=0 foePP=0,0 foeAtkDef=0,0 CarlAtk=0 foeLevel=0
support PP=0,0 Carl-defense=0 enemy-attack=0,0
party action uses=8,40 / 2,40
PASS expect 35 0 46 30 0
frame=11220 map=35.0 pos=46,30 flags=0
party=2 HP=30/30,26/26 battle=0 battlers=0 outcome=0 PP=0,0 trial=0 donut-ability=0
persistent PP=8,2 status=0,0
growth level/xp/item=8/399/0,8/709/0 stats maxHP/attack,maxHP/magic=30/20,26/13 foesHP=0,0
pattern trainer=0 turn=0 foePP=0,0 foeAtkDef=0,0 CarlAtk=0 foeLevel=0
support PP=0,0 Carl-defense=0 enemy-attack=0,0
party action uses=8,40 / 2,40
frame=11320 map=35.0 pos=46,24 flags=0
party=2 HP=30/30,26/26 battle=0 battlers=0 outcome=0 PP=0,0 trial=0 donut-ability=0
persistent PP=8,2 status=0,0
growth level/xp/item=8/399/0,8/709/0 stats maxHP/attack,maxHP/magic=30/20,26/13 foesHP=0,0
pattern trainer=0 turn=0 foePP=0,0 foeAtkDef=0,0 CarlAtk=0 foeLevel=0
support PP=0,0 Carl-defense=0 enemy-attack=0,0
party action uses=8,40 / 2,40
frame=11360 map=35.0 pos=46,24 flags=0
party=2 HP=30/30,26/26 battle=0 battlers=0 outcome=0 PP=0,0 trial=0 donut-ability=0
persistent PP=8,2 status=0,0
growth level/xp/item=8/399/0,8/709/0 stats maxHP/attack,maxHP/magic=30/20,26/13 foesHP=0,0
pattern trainer=0 turn=0 foePP=0,0 foeAtkDef=0,0 CarlAtk=0 foeLevel=0
support PP=0,0 Carl-defense=0 enemy-attack=0,0
party action uses=8,40 / 2,40
frame=11360 map=35.0 pos=46,24 flags=0
party=2 HP=30/30,26/26 battle=0 battlers=0 outcome=0 PP=0,0 trial=0 donut-ability=0
persistent PP=8,2 status=0,0
growth level/xp/item=8/399/0,8/709/0 stats maxHP/attack,maxHP/magic=30/20,26/13 foesHP=0,0
pattern trainer=0 turn=0 foePP=0,0 foeAtkDef=0,0 CarlAtk=0 foeLevel=0
support PP=0,0 Carl-defense=0 enemy-attack=0,0
party action uses=8,40 / 2,40
PASS expect 35 0 46 24 0
frame=11492 map=35.0 pos=46,32 flags=0
party=2 HP=30/30,26/26 battle=0 battlers=0 outcome=0 PP=0,0 trial=0 donut-ability=0
persistent PP=8,2 status=0,0
growth level/xp/item=8/399/0,8/709/0 stats maxHP/attack,maxHP/magic=30/20,26/13 foesHP=0,0
pattern trainer=0 turn=0 foePP=0,0 foeAtkDef=0,0 CarlAtk=0 foeLevel=0
support PP=0,0 Carl-defense=0 enemy-attack=0,0
party action uses=8,40 / 2,40
frame=11532 map=35.0 pos=46,32 flags=0
party=2 HP=30/30,26/26 battle=0 battlers=0 outcome=0 PP=0,0 trial=0 donut-ability=0
persistent PP=8,2 status=0,0
growth level/xp/item=8/399/0,8/709/0 stats maxHP/attack,maxHP/magic=30/20,26/13 foesHP=0,0
pattern trainer=0 turn=0 foePP=0,0 foeAtkDef=0,0 CarlAtk=0 foeLevel=0
support PP=0,0 Carl-defense=0 enemy-attack=0,0
party action uses=8,40 / 2,40
frame=11532 map=35.0 pos=46,32 flags=0
party=2 HP=30/30,26/26 battle=0 battlers=0 outcome=0 PP=0,0 trial=0 donut-ability=0
persistent PP=8,2 status=0,0
growth level/xp/item=8/399/0,8/709/0 stats maxHP/attack,maxHP/magic=30/20,26/13 foesHP=0,0
pattern trainer=0 turn=0 foePP=0,0 foeAtkDef=0,0 CarlAtk=0 foeLevel=0
support PP=0,0 Carl-defense=0 enemy-attack=0,0
party action uses=8,40 / 2,40
PASS expect 35 0 46 32 0
frame=11648 map=35.0 pos=39,32 flags=0
party=2 HP=30/30,26/26 battle=0 battlers=0 outcome=0 PP=0,0 trial=0 donut-ability=0
persistent PP=8,2 status=0,0
growth level/xp/item=8/399/0,8/709/0 stats maxHP/attack,maxHP/magic=30/20,26/13 foesHP=0,0
pattern trainer=0 turn=0 foePP=0,0 foeAtkDef=0,0 CarlAtk=0 foeLevel=0
support PP=0,0 Carl-defense=0 enemy-attack=0,0
party action uses=8,40 / 2,40
frame=11688 map=35.0 pos=39,32 flags=0
party=2 HP=30/30,26/26 battle=0 battlers=0 outcome=0 PP=0,0 trial=0 donut-ability=0
persistent PP=8,2 status=0,0
growth level/xp/item=8/399/0,8/709/0 stats maxHP/attack,maxHP/magic=30/20,26/13 foesHP=0,0
pattern trainer=0 turn=0 foePP=0,0 foeAtkDef=0,0 CarlAtk=0 foeLevel=0
support PP=0,0 Carl-defense=0 enemy-attack=0,0
party action uses=8,40 / 2,40
frame=11688 map=35.0 pos=39,32 flags=0
party=2 HP=30/30,26/26 battle=0 battlers=0 outcome=0 PP=0,0 trial=0 donut-ability=0
persistent PP=8,2 status=0,0
growth level/xp/item=8/399/0,8/709/0 stats maxHP/attack,maxHP/magic=30/20,26/13 foesHP=0,0
pattern trainer=0 turn=0 foePP=0,0 foeAtkDef=0,0 CarlAtk=0 foeLevel=0
support PP=0,0 Carl-defense=0 enemy-attack=0,0
party action uses=8,40 / 2,40
PASS expect 35 0 39 32 0
frame=11788 map=35.0 pos=39,38 flags=0
party=2 HP=30/30,26/26 battle=0 battlers=0 outcome=0 PP=0,0 trial=0 donut-ability=0
persistent PP=8,2 status=0,0
growth level/xp/item=8/399/0,8/709/0 stats maxHP/attack,maxHP/magic=30/20,26/13 foesHP=0,0
pattern trainer=0 turn=0 foePP=0,0 foeAtkDef=0,0 CarlAtk=0 foeLevel=0
support PP=0,0 Carl-defense=0 enemy-attack=0,0
party action uses=8,40 / 2,40
frame=11828 map=35.0 pos=39,38 flags=0
party=2 HP=30/30,26/26 battle=0 battlers=0 outcome=0 PP=0,0 trial=0 donut-ability=0
persistent PP=8,2 status=0,0
growth level/xp/item=8/399/0,8/709/0 stats maxHP/attack,maxHP/magic=30/20,26/13 foesHP=0,0
pattern trainer=0 turn=0 foePP=0,0 foeAtkDef=0,0 CarlAtk=0 foeLevel=0
support PP=0,0 Carl-defense=0 enemy-attack=0,0
party action uses=8,40 / 2,40
frame=11828 map=35.0 pos=39,38 flags=0
party=2 HP=30/30,26/26 battle=0 battlers=0 outcome=0 PP=0,0 trial=0 donut-ability=0
persistent PP=8,2 status=0,0
growth level/xp/item=8/399/0,8/709/0 stats maxHP/attack,maxHP/magic=30/20,26/13 foesHP=0,0
pattern trainer=0 turn=0 foePP=0,0 foeAtkDef=0,0 CarlAtk=0 foeLevel=0
support PP=0,0 Carl-defense=0 enemy-attack=0,0
party action uses=8,40 / 2,40
PASS expect 35 0 39 38 0
frame=11868 map=35.0 pos=39,38 flags=0
party=2 HP=30/30,26/26 battle=0 battlers=0 outcome=0 PP=0,0 trial=0 donut-ability=0
persistent PP=8,2 status=0,0
growth level/xp/item=8/399/0,8/709/0 stats maxHP/attack,maxHP/magic=30/20,26/13 foesHP=0,0
pattern trainer=0 turn=0 foePP=0,0 foeAtkDef=0,0 CarlAtk=0 foeLevel=0
support PP=0,0 Carl-defense=0 enemy-attack=0,0
party action uses=8,40 / 2,40
frame=11968 map=35.0 pos=39,32 flags=0
party=2 HP=30/30,26/26 battle=0 battlers=0 outcome=0 PP=0,0 trial=0 donut-ability=0
persistent PP=8,2 status=0,0
growth level/xp/item=8/399/0,8/709/0 stats maxHP/attack,maxHP/magic=30/20,26/13 foesHP=0,0
pattern trainer=0 turn=0 foePP=0,0 foeAtkDef=0,0 CarlAtk=0 foeLevel=0
support PP=0,0 Carl-defense=0 enemy-attack=0,0
party action uses=8,40 / 2,40
frame=12008 map=35.0 pos=39,32 flags=0
party=2 HP=30/30,26/26 battle=0 battlers=0 outcome=0 PP=0,0 trial=0 donut-ability=0
persistent PP=8,2 status=0,0
growth level/xp/item=8/399/0,8/709/0 stats maxHP/attack,maxHP/magic=30/20,26/13 foesHP=0,0
pattern trainer=0 turn=0 foePP=0,0 foeAtkDef=0,0 CarlAtk=0 foeLevel=0
support PP=0,0 Carl-defense=0 enemy-attack=0,0
party action uses=8,40 / 2,40
frame=12008 map=35.0 pos=39,32 flags=0
party=2 HP=30/30,26/26 battle=0 battlers=0 outcome=0 PP=0,0 trial=0 donut-ability=0
persistent PP=8,2 status=0,0
growth level/xp/item=8/399/0,8/709/0 stats maxHP/attack,maxHP/magic=30/20,26/13 foesHP=0,0
pattern trainer=0 turn=0 foePP=0,0 foeAtkDef=0,0 CarlAtk=0 foeLevel=0
support PP=0,0 Carl-defense=0 enemy-attack=0,0
party action uses=8,40 / 2,40
PASS expect 35 0 39 32 0
frame=12140 map=35.0 pos=47,32 flags=0
party=2 HP=30/30,26/26 battle=0 battlers=0 outcome=0 PP=0,0 trial=0 donut-ability=0
persistent PP=8,2 status=0,0
growth level/xp/item=8/399/0,8/709/0 stats maxHP/attack,maxHP/magic=30/20,26/13 foesHP=0,0
pattern trainer=0 turn=0 foePP=0,0 foeAtkDef=0,0 CarlAtk=0 foeLevel=0
support PP=0,0 Carl-defense=0 enemy-attack=0,0
party action uses=8,40 / 2,40
frame=12180 map=35.0 pos=47,32 flags=0
party=2 HP=30/30,26/26 battle=0 battlers=0 outcome=0 PP=0,0 trial=0 donut-ability=0
persistent PP=8,2 status=0,0
growth level/xp/item=8/399/0,8/709/0 stats maxHP/attack,maxHP/magic=30/20,26/13 foesHP=0,0
pattern trainer=0 turn=0 foePP=0,0 foeAtkDef=0,0 CarlAtk=0 foeLevel=0
support PP=0,0 Carl-defense=0 enemy-attack=0,0
party action uses=8,40 / 2,40
frame=12180 map=35.0 pos=47,32 flags=0
party=2 HP=30/30,26/26 battle=0 battlers=0 outcome=0 PP=0,0 trial=0 donut-ability=0
persistent PP=8,2 status=0,0
growth level/xp/item=8/399/0,8/709/0 stats maxHP/attack,maxHP/magic=30/20,26/13 foesHP=0,0
pattern trainer=0 turn=0 foePP=0,0 foeAtkDef=0,0 CarlAtk=0 foeLevel=0
support PP=0,0 Carl-defense=0 enemy-attack=0,0
party action uses=8,40 / 2,40
PASS expect 35 0 47 32 0
frame=12232 map=35.0 pos=47,35 flags=0
party=2 HP=30/30,26/26 battle=0 battlers=0 outcome=0 PP=0,0 trial=0 donut-ability=0
persistent PP=8,2 status=0,0
growth level/xp/item=8/399/0,8/709/0 stats maxHP/attack,maxHP/magic=30/20,26/13 foesHP=0,0
pattern trainer=0 turn=0 foePP=0,0 foeAtkDef=0,0 CarlAtk=0 foeLevel=0
support PP=0,0 Carl-defense=0 enemy-attack=0,0
party action uses=8,40 / 2,40
frame=12272 map=35.0 pos=47,35 flags=0
party=2 HP=30/30,26/26 battle=0 battlers=0 outcome=0 PP=0,0 trial=0 donut-ability=0
persistent PP=8,2 status=0,0
growth level/xp/item=8/399/0,8/709/0 stats maxHP/attack,maxHP/magic=30/20,26/13 foesHP=0,0
pattern trainer=0 turn=0 foePP=0,0 foeAtkDef=0,0 CarlAtk=0 foeLevel=0
support PP=0,0 Carl-defense=0 enemy-attack=0,0
party action uses=8,40 / 2,40
frame=12272 map=35.0 pos=47,35 flags=0
party=2 HP=30/30,26/26 battle=0 battlers=0 outcome=0 PP=0,0 trial=0 donut-ability=0
persistent PP=8,2 status=0,0
growth level/xp/item=8/399/0,8/709/0 stats maxHP/attack,maxHP/magic=30/20,26/13 foesHP=0,0
pattern trainer=0 turn=0 foePP=0,0 foeAtkDef=0,0 CarlAtk=0 foeLevel=0
support PP=0,0 Carl-defense=0 enemy-attack=0,0
party action uses=8,40 / 2,40
PASS expect 35 0 47 35 0
frame=12372 map=35.0 pos=53,35 flags=0
party=2 HP=30/30,26/26 battle=0 battlers=0 outcome=0 PP=0,0 trial=0 donut-ability=0
persistent PP=8,2 status=0,0
growth level/xp/item=8/399/0,8/709/0 stats maxHP/attack,maxHP/magic=30/20,26/13 foesHP=0,0
pattern trainer=0 turn=0 foePP=0,0 foeAtkDef=0,0 CarlAtk=0 foeLevel=0
support PP=0,0 Carl-defense=0 enemy-attack=0,0
party action uses=8,40 / 2,40
frame=12412 map=35.0 pos=53,35 flags=0
party=2 HP=30/30,26/26 battle=0 battlers=0 outcome=0 PP=0,0 trial=0 donut-ability=0
persistent PP=8,2 status=0,0
growth level/xp/item=8/399/0,8/709/0 stats maxHP/attack,maxHP/magic=30/20,26/13 foesHP=0,0
pattern trainer=0 turn=0 foePP=0,0 foeAtkDef=0,0 CarlAtk=0 foeLevel=0
support PP=0,0 Carl-defense=0 enemy-attack=0,0
party action uses=8,40 / 2,40
frame=12412 map=35.0 pos=53,35 flags=0
party=2 HP=30/30,26/26 battle=0 battlers=0 outcome=0 PP=0,0 trial=0 donut-ability=0
persistent PP=8,2 status=0,0
growth level/xp/item=8/399/0,8/709/0 stats maxHP/attack,maxHP/magic=30/20,26/13 foesHP=0,0
pattern trainer=0 turn=0 foePP=0,0 foeAtkDef=0,0 CarlAtk=0 foeLevel=0
support PP=0,0 Carl-defense=0 enemy-attack=0,0
party action uses=8,40 / 2,40
PASS expect 35 0 53 35 0
frame=12452 map=35.0 pos=53,35 flags=0
party=2 HP=30/30,26/26 battle=0 battlers=0 outcome=0 PP=0,0 trial=0 donut-ability=0
persistent PP=8,2 status=0,0
growth level/xp/item=8/399/0,8/709/0 stats maxHP/attack,maxHP/magic=30/20,26/13 foesHP=0,0
pattern trainer=0 turn=0 foePP=0,0 foeAtkDef=0,0 CarlAtk=0 foeLevel=0
support PP=0,0 Carl-defense=0 enemy-attack=0,0
party action uses=8,40 / 2,40
frame=12552 map=35.0 pos=47,35 flags=0
party=2 HP=30/30,26/26 battle=0 battlers=0 outcome=0 PP=0,0 trial=0 donut-ability=0
persistent PP=8,2 status=0,0
growth level/xp/item=8/399/0,8/709/0 stats maxHP/attack,maxHP/magic=30/20,26/13 foesHP=0,0
pattern trainer=0 turn=0 foePP=0,0 foeAtkDef=0,0 CarlAtk=0 foeLevel=0
support PP=0,0 Carl-defense=0 enemy-attack=0,0
party action uses=8,40 / 2,40
frame=12592 map=35.0 pos=47,35 flags=0
party=2 HP=30/30,26/26 battle=0 battlers=0 outcome=0 PP=0,0 trial=0 donut-ability=0
persistent PP=8,2 status=0,0
growth level/xp/item=8/399/0,8/709/0 stats maxHP/attack,maxHP/magic=30/20,26/13 foesHP=0,0
pattern trainer=0 turn=0 foePP=0,0 foeAtkDef=0,0 CarlAtk=0 foeLevel=0
support PP=0,0 Carl-defense=0 enemy-attack=0,0
party action uses=8,40 / 2,40
frame=12592 map=35.0 pos=47,35 flags=0
party=2 HP=30/30,26/26 battle=0 battlers=0 outcome=0 PP=0,0 trial=0 donut-ability=0
persistent PP=8,2 status=0,0
growth level/xp/item=8/399/0,8/709/0 stats maxHP/attack,maxHP/magic=30/20,26/13 foesHP=0,0
pattern trainer=0 turn=0 foePP=0,0 foeAtkDef=0,0 CarlAtk=0 foeLevel=0
support PP=0,0 Carl-defense=0 enemy-attack=0,0
party action uses=8,40 / 2,40
PASS expect 35 0 47 35 0
frame=12836 map=35.0 pos=47,20 flags=0
party=2 HP=30/30,26/26 battle=0 battlers=0 outcome=0 PP=0,0 trial=0 donut-ability=0
persistent PP=8,2 status=0,0
growth level/xp/item=8/399/0,8/709/0 stats maxHP/attack,maxHP/magic=30/20,26/13 foesHP=0,0
pattern trainer=0 turn=0 foePP=0,0 foeAtkDef=0,0 CarlAtk=0 foeLevel=0
support PP=0,0 Carl-defense=0 enemy-attack=0,0
party action uses=8,40 / 2,40
frame=12876 map=35.0 pos=47,20 flags=0
party=2 HP=30/30,26/26 battle=0 battlers=0 outcome=0 PP=0,0 trial=0 donut-ability=0
persistent PP=8,2 status=0,0
growth level/xp/item=8/399/0,8/709/0 stats maxHP/attack,maxHP/magic=30/20,26/13 foesHP=0,0
pattern trainer=0 turn=0 foePP=0,0 foeAtkDef=0,0 CarlAtk=0 foeLevel=0
support PP=0,0 Carl-defense=0 enemy-attack=0,0
party action uses=8,40 / 2,40
frame=12876 map=35.0 pos=47,20 flags=0
party=2 HP=30/30,26/26 battle=0 battlers=0 outcome=0 PP=0,0 trial=0 donut-ability=0
persistent PP=8,2 status=0,0
growth level/xp/item=8/399/0,8/709/0 stats maxHP/attack,maxHP/magic=30/20,26/13 foesHP=0,0
pattern trainer=0 turn=0 foePP=0,0 foeAtkDef=0,0 CarlAtk=0 foeLevel=0
support PP=0,0 Carl-defense=0 enemy-attack=0,0
party action uses=8,40 / 2,40
PASS expect 35 0 47 20 0
frame=12960 map=35.0 pos=42,20 flags=0
party=2 HP=30/30,26/26 battle=0 battlers=0 outcome=0 PP=0,0 trial=0 donut-ability=0
persistent PP=8,2 status=0,0
growth level/xp/item=8/399/0,8/709/0 stats maxHP/attack,maxHP/magic=30/20,26/13 foesHP=0,0
pattern trainer=0 turn=0 foePP=0,0 foeAtkDef=0,0 CarlAtk=0 foeLevel=0
support PP=0,0 Carl-defense=0 enemy-attack=0,0
party action uses=8,40 / 2,40
frame=13000 map=35.0 pos=42,20 flags=0
party=2 HP=30/30,26/26 battle=0 battlers=0 outcome=0 PP=0,0 trial=0 donut-ability=0
persistent PP=8,2 status=0,0
growth level/xp/item=8/399/0,8/709/0 stats maxHP/attack,maxHP/magic=30/20,26/13 foesHP=0,0
pattern trainer=0 turn=0 foePP=0,0 foeAtkDef=0,0 CarlAtk=0 foeLevel=0
support PP=0,0 Carl-defense=0 enemy-attack=0,0
party action uses=8,40 / 2,40
frame=13000 map=35.0 pos=42,20 flags=0
party=2 HP=30/30,26/26 battle=0 battlers=0 outcome=0 PP=0,0 trial=0 donut-ability=0
persistent PP=8,2 status=0,0
growth level/xp/item=8/399/0,8/709/0 stats maxHP/attack,maxHP/magic=30/20,26/13 foesHP=0,0
pattern trainer=0 turn=0 foePP=0,0 foeAtkDef=0,0 CarlAtk=0 foeLevel=0
support PP=0,0 Carl-defense=0 enemy-attack=0,0
party action uses=8,40 / 2,40
PASS expect 35 0 42 20 0
frame=13100 map=35.0 pos=48,20 flags=0
party=2 HP=30/30,26/26 battle=0 battlers=0 outcome=0 PP=0,0 trial=0 donut-ability=0
persistent PP=8,2 status=0,0
growth level/xp/item=8/399/0,8/709/0 stats maxHP/attack,maxHP/magic=30/20,26/13 foesHP=0,0
pattern trainer=0 turn=0 foePP=0,0 foeAtkDef=0,0 CarlAtk=0 foeLevel=0
support PP=0,0 Carl-defense=0 enemy-attack=0,0
party action uses=8,40 / 2,40
frame=13140 map=35.0 pos=48,20 flags=0
party=2 HP=30/30,26/26 battle=0 battlers=0 outcome=0 PP=0,0 trial=0 donut-ability=0
persistent PP=8,2 status=0,0
growth level/xp/item=8/399/0,8/709/0 stats maxHP/attack,maxHP/magic=30/20,26/13 foesHP=0,0
pattern trainer=0 turn=0 foePP=0,0 foeAtkDef=0,0 CarlAtk=0 foeLevel=0
support PP=0,0 Carl-defense=0 enemy-attack=0,0
party action uses=8,40 / 2,40
frame=13140 map=35.0 pos=48,20 flags=0
party=2 HP=30/30,26/26 battle=0 battlers=0 outcome=0 PP=0,0 trial=0 donut-ability=0
persistent PP=8,2 status=0,0
growth level/xp/item=8/399/0,8/709/0 stats maxHP/attack,maxHP/magic=30/20,26/13 foesHP=0,0
pattern trainer=0 turn=0 foePP=0,0 foeAtkDef=0,0 CarlAtk=0 foeLevel=0
support PP=0,0 Carl-defense=0 enemy-attack=0,0
party action uses=8,40 / 2,40
PASS expect 35 0 48 20 0
frame=13180 map=35.0 pos=48,20 flags=0
party=2 HP=30/30,26/26 battle=0 battlers=0 outcome=0 PP=0,0 trial=0 donut-ability=0
persistent PP=8,2 status=0,0
growth level/xp/item=8/399/0,8/709/0 stats maxHP/attack,maxHP/magic=30/20,26/13 foesHP=0,0
pattern trainer=0 turn=0 foePP=0,0 foeAtkDef=0,0 CarlAtk=0 foeLevel=0
support PP=0,0 Carl-defense=0 enemy-attack=0,0
party action uses=8,40 / 2,40
frame=13280 map=35.0 pos=42,20 flags=0
party=2 HP=30/30,26/26 battle=0 battlers=0 outcome=0 PP=0,0 trial=0 donut-ability=0
persistent PP=8,2 status=0,0
growth level/xp/item=8/399/0,8/709/0 stats maxHP/attack,maxHP/magic=30/20,26/13 foesHP=0,0
pattern trainer=0 turn=0 foePP=0,0 foeAtkDef=0,0 CarlAtk=0 foeLevel=0
support PP=0,0 Carl-defense=0 enemy-attack=0,0
party action uses=8,40 / 2,40
frame=13320 map=35.0 pos=42,20 flags=0
party=2 HP=30/30,26/26 battle=0 battlers=0 outcome=0 PP=0,0 trial=0 donut-ability=0
persistent PP=8,2 status=0,0
growth level/xp/item=8/399/0,8/709/0 stats maxHP/attack,maxHP/magic=30/20,26/13 foesHP=0,0
pattern trainer=0 turn=0 foePP=0,0 foeAtkDef=0,0 CarlAtk=0 foeLevel=0
support PP=0,0 Carl-defense=0 enemy-attack=0,0
party action uses=8,40 / 2,40
frame=13320 map=35.0 pos=42,20 flags=0
party=2 HP=30/30,26/26 battle=0 battlers=0 outcome=0 PP=0,0 trial=0 donut-ability=0
persistent PP=8,2 status=0,0
growth level/xp/item=8/399/0,8/709/0 stats maxHP/attack,maxHP/magic=30/20,26/13 foesHP=0,0
pattern trainer=0 turn=0 foePP=0,0 foeAtkDef=0,0 CarlAtk=0 foeLevel=0
support PP=0,0 Carl-defense=0 enemy-attack=0,0
party action uses=8,40 / 2,40
PASS expect 35 0 42 20 0
frame=13436 map=35.0 pos=42,13 flags=0
party=2 HP=30/30,26/26 battle=0 battlers=0 outcome=0 PP=0,0 trial=0 donut-ability=0
persistent PP=8,2 status=0,0
growth level/xp/item=8/399/0,8/709/0 stats maxHP/attack,maxHP/magic=30/20,26/13 foesHP=0,0
pattern trainer=0 turn=0 foePP=0,0 foeAtkDef=0,0 CarlAtk=0 foeLevel=0
support PP=0,0 Carl-defense=0 enemy-attack=0,0
party action uses=8,40 / 2,40
frame=13476 map=35.0 pos=42,13 flags=0
party=2 HP=30/30,26/26 battle=0 battlers=0 outcome=0 PP=0,0 trial=0 donut-ability=0
persistent PP=8,2 status=0,0
growth level/xp/item=8/399/0,8/709/0 stats maxHP/attack,maxHP/magic=30/20,26/13 foesHP=0,0
pattern trainer=0 turn=0 foePP=0,0 foeAtkDef=0,0 CarlAtk=0 foeLevel=0
support PP=0,0 Carl-defense=0 enemy-attack=0,0
party action uses=8,40 / 2,40
frame=13476 map=35.0 pos=42,13 flags=0
party=2 HP=30/30,26/26 battle=0 battlers=0 outcome=0 PP=0,0 trial=0 donut-ability=0
persistent PP=8,2 status=0,0
growth level/xp/item=8/399/0,8/709/0 stats maxHP/attack,maxHP/magic=30/20,26/13 foesHP=0,0
pattern trainer=0 turn=0 foePP=0,0 foeAtkDef=0,0 CarlAtk=0 foeLevel=0
support PP=0,0 Carl-defense=0 enemy-attack=0,0
party action uses=8,40 / 2,40
PASS expect 35 0 42 13 0
frame=13512 map=35.0 pos=40,13 flags=0
party=2 HP=30/30,26/26 battle=0 battlers=0 outcome=0 PP=0,0 trial=0 donut-ability=0
persistent PP=8,2 status=0,0
growth level/xp/item=8/399/0,8/709/0 stats maxHP/attack,maxHP/magic=30/20,26/13 foesHP=0,0
pattern trainer=0 turn=0 foePP=0,0 foeAtkDef=0,0 CarlAtk=0 foeLevel=0
support PP=0,0 Carl-defense=0 enemy-attack=0,0
party action uses=8,40 / 2,40
frame=13552 map=35.0 pos=40,13 flags=0
party=2 HP=30/30,26/26 battle=0 battlers=0 outcome=0 PP=0,0 trial=0 donut-ability=0
persistent PP=8,2 status=0,0
growth level/xp/item=8/399/0,8/709/0 stats maxHP/attack,maxHP/magic=30/20,26/13 foesHP=0,0
pattern trainer=0 turn=0 foePP=0,0 foeAtkDef=0,0 CarlAtk=0 foeLevel=0
support PP=0,0 Carl-defense=0 enemy-attack=0,0
party action uses=8,40 / 2,40
frame=13552 map=35.0 pos=40,13 flags=0
party=2 HP=30/30,26/26 battle=0 battlers=0 outcome=0 PP=0,0 trial=0 donut-ability=0
persistent PP=8,2 status=0,0
growth level/xp/item=8/399/0,8/709/0 stats maxHP/attack,maxHP/magic=30/20,26/13 foesHP=0,0
pattern trainer=0 turn=0 foePP=0,0 foeAtkDef=0,0 CarlAtk=0 foeLevel=0
support PP=0,0 Carl-defense=0 enemy-attack=0,0
party action uses=8,40 / 2,40
PASS expect 35 0 40 13 0
frame=13652 map=35.0 pos=40,19 flags=0
party=2 HP=30/30,26/26 battle=0 battlers=0 outcome=0 PP=0,0 trial=0 donut-ability=0
persistent PP=8,2 status=0,0
growth level/xp/item=8/399/0,8/709/0 stats maxHP/attack,maxHP/magic=30/20,26/13 foesHP=0,0
pattern trainer=0 turn=0 foePP=0,0 foeAtkDef=0,0 CarlAtk=0 foeLevel=0
support PP=0,0 Carl-defense=0 enemy-attack=0,0
party action uses=8,40 / 2,40
frame=13692 map=35.0 pos=40,19 flags=0
party=2 HP=30/30,26/26 battle=0 battlers=0 outcome=0 PP=0,0 trial=0 donut-ability=0
persistent PP=8,2 status=0,0
growth level/xp/item=8/399/0,8/709/0 stats maxHP/attack,maxHP/magic=30/20,26/13 foesHP=0,0
pattern trainer=0 turn=0 foePP=0,0 foeAtkDef=0,0 CarlAtk=0 foeLevel=0
support PP=0,0 Carl-defense=0 enemy-attack=0,0
party action uses=8,40 / 2,40
frame=13692 map=35.0 pos=40,19 flags=0
party=2 HP=30/30,26/26 battle=0 battlers=0 outcome=0 PP=0,0 trial=0 donut-ability=0
persistent PP=8,2 status=0,0
growth level/xp/item=8/399/0,8/709/0 stats maxHP/attack,maxHP/magic=30/20,26/13 foesHP=0,0
pattern trainer=0 turn=0 foePP=0,0 foeAtkDef=0,0 CarlAtk=0 foeLevel=0
support PP=0,0 Carl-defense=0 enemy-attack=0,0
party action uses=8,40 / 2,40
PASS expect 35 0 40 19 0
frame=13732 map=35.0 pos=40,19 flags=0
party=2 HP=30/30,26/26 battle=0 battlers=0 outcome=0 PP=0,0 trial=0 donut-ability=0
persistent PP=8,2 status=0,0
growth level/xp/item=8/399/0,8/709/0 stats maxHP/attack,maxHP/magic=30/20,26/13 foesHP=0,0
pattern trainer=0 turn=0 foePP=0,0 foeAtkDef=0,0 CarlAtk=0 foeLevel=0
support PP=0,0 Carl-defense=0 enemy-attack=0,0
party action uses=8,40 / 2,40
frame=13832 map=35.0 pos=40,13 flags=0
party=2 HP=30/30,26/26 battle=0 battlers=0 outcome=0 PP=0,0 trial=0 donut-ability=0
persistent PP=8,2 status=0,0
growth level/xp/item=8/399/0,8/709/0 stats maxHP/attack,maxHP/magic=30/20,26/13 foesHP=0,0
pattern trainer=0 turn=0 foePP=0,0 foeAtkDef=0,0 CarlAtk=0 foeLevel=0
support PP=0,0 Carl-defense=0 enemy-attack=0,0
party action uses=8,40 / 2,40
frame=13872 map=35.0 pos=40,13 flags=0
party=2 HP=30/30,26/26 battle=0 battlers=0 outcome=0 PP=0,0 trial=0 donut-ability=0
persistent PP=8,2 status=0,0
growth level/xp/item=8/399/0,8/709/0 stats maxHP/attack,maxHP/magic=30/20,26/13 foesHP=0,0
pattern trainer=0 turn=0 foePP=0,0 foeAtkDef=0,0 CarlAtk=0 foeLevel=0
support PP=0,0 Carl-defense=0 enemy-attack=0,0
party action uses=8,40 / 2,40
frame=13872 map=35.0 pos=40,13 flags=0
party=2 HP=30/30,26/26 battle=0 battlers=0 outcome=0 PP=0,0 trial=0 donut-ability=0
persistent PP=8,2 status=0,0
growth level/xp/item=8/399/0,8/709/0 stats maxHP/attack,maxHP/magic=30/20,26/13 foesHP=0,0
pattern trainer=0 turn=0 foePP=0,0 foeAtkDef=0,0 CarlAtk=0 foeLevel=0
support PP=0,0 Carl-defense=0 enemy-attack=0,0
party action uses=8,40 / 2,40
PASS expect 35 0 40 13 0
frame=13972 map=35.0 pos=40,19 flags=0
party=2 HP=30/30,26/26 battle=0 battlers=0 outcome=0 PP=0,0 trial=0 donut-ability=0
persistent PP=8,2 status=0,0
growth level/xp/item=8/399/0,8/709/0 stats maxHP/attack,maxHP/magic=30/20,26/13 foesHP=0,0
pattern trainer=0 turn=0 foePP=0,0 foeAtkDef=0,0 CarlAtk=0 foeLevel=0
support PP=0,0 Carl-defense=0 enemy-attack=0,0
party action uses=8,40 / 2,40
frame=14012 map=35.0 pos=40,19 flags=0
party=2 HP=30/30,26/26 battle=0 battlers=0 outcome=0 PP=0,0 trial=0 donut-ability=0
persistent PP=8,2 status=0,0
growth level/xp/item=8/399/0,8/709/0 stats maxHP/attack,maxHP/magic=30/20,26/13 foesHP=0,0
pattern trainer=0 turn=0 foePP=0,0 foeAtkDef=0,0 CarlAtk=0 foeLevel=0
support PP=0,0 Carl-defense=0 enemy-attack=0,0
party action uses=8,40 / 2,40
frame=14012 map=35.0 pos=40,19 flags=0
party=2 HP=30/30,26/26 battle=0 battlers=0 outcome=0 PP=0,0 trial=0 donut-ability=0
persistent PP=8,2 status=0,0
growth level/xp/item=8/399/0,8/709/0 stats maxHP/attack,maxHP/magic=30/20,26/13 foesHP=0,0
pattern trainer=0 turn=0 foePP=0,0 foeAtkDef=0,0 CarlAtk=0 foeLevel=0
support PP=0,0 Carl-defense=0 enemy-attack=0,0
party action uses=8,40 / 2,40
PASS expect 35 0 40 19 0
frame=14112 map=35.0 pos=34,19 flags=0
party=2 HP=30/30,26/26 battle=0 battlers=0 outcome=0 PP=0,0 trial=0 donut-ability=0
persistent PP=8,2 status=0,0
growth level/xp/item=8/399/0,8/709/0 stats maxHP/attack,maxHP/magic=30/20,26/13 foesHP=0,0
pattern trainer=0 turn=0 foePP=0,0 foeAtkDef=0,0 CarlAtk=0 foeLevel=0
support PP=0,0 Carl-defense=0 enemy-attack=0,0
party action uses=8,40 / 2,40
frame=14152 map=35.0 pos=34,19 flags=0
party=2 HP=30/30,26/26 battle=0 battlers=0 outcome=0 PP=0,0 trial=0 donut-ability=0
persistent PP=8,2 status=0,0
growth level/xp/item=8/399/0,8/709/0 stats maxHP/attack,maxHP/magic=30/20,26/13 foesHP=0,0
pattern trainer=0 turn=0 foePP=0,0 foeAtkDef=0,0 CarlAtk=0 foeLevel=0
support PP=0,0 Carl-defense=0 enemy-attack=0,0
party action uses=8,40 / 2,40
frame=14152 map=35.0 pos=34,19 flags=0
party=2 HP=30/30,26/26 battle=0 battlers=0 outcome=0 PP=0,0 trial=0 donut-ability=0
persistent PP=8,2 status=0,0
growth level/xp/item=8/399/0,8/709/0 stats maxHP/attack,maxHP/magic=30/20,26/13 foesHP=0,0
pattern trainer=0 turn=0 foePP=0,0 foeAtkDef=0,0 CarlAtk=0 foeLevel=0
support PP=0,0 Carl-defense=0 enemy-attack=0,0
party action uses=8,40 / 2,40
PASS expect 35 0 34 19 0
frame=14492 map=35.0 pos=34,40 flags=0
party=2 HP=30/30,26/26 battle=0 battlers=0 outcome=0 PP=0,0 trial=0 donut-ability=0
persistent PP=8,2 status=0,0
growth level/xp/item=8/399/0,8/709/0 stats maxHP/attack,maxHP/magic=30/20,26/13 foesHP=0,0
pattern trainer=0 turn=0 foePP=0,0 foeAtkDef=0,0 CarlAtk=0 foeLevel=0
support PP=0,0 Carl-defense=0 enemy-attack=0,0
party action uses=8,40 / 2,40
frame=14532 map=35.0 pos=34,40 flags=0
party=2 HP=30/30,26/26 battle=0 battlers=0 outcome=0 PP=0,0 trial=0 donut-ability=0
persistent PP=8,2 status=0,0
growth level/xp/item=8/399/0,8/709/0 stats maxHP/attack,maxHP/magic=30/20,26/13 foesHP=0,0
pattern trainer=0 turn=0 foePP=0,0 foeAtkDef=0,0 CarlAtk=0 foeLevel=0
support PP=0,0 Carl-defense=0 enemy-attack=0,0
party action uses=8,40 / 2,40
frame=14532 map=35.0 pos=34,40 flags=0
party=2 HP=30/30,26/26 battle=0 battlers=0 outcome=0 PP=0,0 trial=0 donut-ability=0
persistent PP=8,2 status=0,0
growth level/xp/item=8/399/0,8/709/0 stats maxHP/attack,maxHP/magic=30/20,26/13 foesHP=0,0
pattern trainer=0 turn=0 foePP=0,0 foeAtkDef=0,0 CarlAtk=0 foeLevel=0
support PP=0,0 Carl-defense=0 enemy-attack=0,0
party action uses=8,40 / 2,40
PASS expect 35 0 34 40 0
frame=14584 map=35.0 pos=31,40 flags=0
party=2 HP=30/30,26/26 battle=0 battlers=0 outcome=0 PP=0,0 trial=0 donut-ability=0
persistent PP=8,2 status=0,0
growth level/xp/item=8/399/0,8/709/0 stats maxHP/attack,maxHP/magic=30/20,26/13 foesHP=0,0
pattern trainer=0 turn=0 foePP=0,0 foeAtkDef=0,0 CarlAtk=0 foeLevel=0
support PP=0,0 Carl-defense=0 enemy-attack=0,0
party action uses=8,40 / 2,40
frame=14624 map=35.0 pos=31,40 flags=0
party=2 HP=30/30,26/26 battle=0 battlers=0 outcome=0 PP=0,0 trial=0 donut-ability=0
persistent PP=8,2 status=0,0
growth level/xp/item=8/399/0,8/709/0 stats maxHP/attack,maxHP/magic=30/20,26/13 foesHP=0,0
pattern trainer=0 turn=0 foePP=0,0 foeAtkDef=0,0 CarlAtk=0 foeLevel=0
support PP=0,0 Carl-defense=0 enemy-attack=0,0
party action uses=8,40 / 2,40
frame=14624 map=35.0 pos=31,40 flags=0
party=2 HP=30/30,26/26 battle=0 battlers=0 outcome=0 PP=0,0 trial=0 donut-ability=0
persistent PP=8,2 status=0,0
growth level/xp/item=8/399/0,8/709/0 stats maxHP/attack,maxHP/magic=30/20,26/13 foesHP=0,0
pattern trainer=0 turn=0 foePP=0,0 foeAtkDef=0,0 CarlAtk=0 foeLevel=0
support PP=0,0 Carl-defense=0 enemy-attack=0,0
party action uses=8,40 / 2,40
PASS expect 35 0 31 40 0
frame=14676 map=35.0 pos=34,40 flags=0
party=2 HP=30/30,26/26 battle=0 battlers=0 outcome=0 PP=0,0 trial=0 donut-ability=0
persistent PP=8,2 status=0,0
growth level/xp/item=8/399/0,8/709/0 stats maxHP/attack,maxHP/magic=30/20,26/13 foesHP=0,0
pattern trainer=0 turn=0 foePP=0,0 foeAtkDef=0,0 CarlAtk=0 foeLevel=0
support PP=0,0 Carl-defense=0 enemy-attack=0,0
party action uses=8,40 / 2,40
frame=14716 map=35.0 pos=34,40 flags=0
party=2 HP=30/30,26/26 battle=0 battlers=0 outcome=0 PP=0,0 trial=0 donut-ability=0
persistent PP=8,2 status=0,0
growth level/xp/item=8/399/0,8/709/0 stats maxHP/attack,maxHP/magic=30/20,26/13 foesHP=0,0
pattern trainer=0 turn=0 foePP=0,0 foeAtkDef=0,0 CarlAtk=0 foeLevel=0
support PP=0,0 Carl-defense=0 enemy-attack=0,0
party action uses=8,40 / 2,40
frame=14716 map=35.0 pos=34,40 flags=0
party=2 HP=30/30,26/26 battle=0 battlers=0 outcome=0 PP=0,0 trial=0 donut-ability=0
persistent PP=8,2 status=0,0
growth level/xp/item=8/399/0,8/709/0 stats maxHP/attack,maxHP/magic=30/20,26/13 foesHP=0,0
pattern trainer=0 turn=0 foePP=0,0 foeAtkDef=0,0 CarlAtk=0 foeLevel=0
support PP=0,0 Carl-defense=0 enemy-attack=0,0
party action uses=8,40 / 2,40
PASS expect 35 0 34 40 0
frame=14756 map=35.0 pos=34,40 flags=0
party=2 HP=30/30,26/26 battle=0 battlers=0 outcome=0 PP=0,0 trial=0 donut-ability=0
persistent PP=8,2 status=0,0
growth level/xp/item=8/399/0,8/709/0 stats maxHP/attack,maxHP/magic=30/20,26/13 foesHP=0,0
pattern trainer=0 turn=0 foePP=0,0 foeAtkDef=0,0 CarlAtk=0 foeLevel=0
support PP=0,0 Carl-defense=0 enemy-attack=0,0
party action uses=8,40 / 2,40
frame=14808 map=35.0 pos=31,40 flags=0
party=2 HP=30/30,26/26 battle=0 battlers=0 outcome=0 PP=0,0 trial=0 donut-ability=0
persistent PP=8,2 status=0,0
growth level/xp/item=8/399/0,8/709/0 stats maxHP/attack,maxHP/magic=30/20,26/13 foesHP=0,0
pattern trainer=0 turn=0 foePP=0,0 foeAtkDef=0,0 CarlAtk=0 foeLevel=0
support PP=0,0 Carl-defense=0 enemy-attack=0,0
party action uses=8,40 / 2,40
frame=14848 map=35.0 pos=31,40 flags=0
party=2 HP=30/30,26/26 battle=0 battlers=0 outcome=0 PP=0,0 trial=0 donut-ability=0
persistent PP=8,2 status=0,0
growth level/xp/item=8/399/0,8/709/0 stats maxHP/attack,maxHP/magic=30/20,26/13 foesHP=0,0
pattern trainer=0 turn=0 foePP=0,0 foeAtkDef=0,0 CarlAtk=0 foeLevel=0
support PP=0,0 Carl-defense=0 enemy-attack=0,0
party action uses=8,40 / 2,40
frame=14848 map=35.0 pos=31,40 flags=0
party=2 HP=30/30,26/26 battle=0 battlers=0 outcome=0 PP=0,0 trial=0 donut-ability=0
persistent PP=8,2 status=0,0
growth level/xp/item=8/399/0,8/709/0 stats maxHP/attack,maxHP/magic=30/20,26/13 foesHP=0,0
pattern trainer=0 turn=0 foePP=0,0 foeAtkDef=0,0 CarlAtk=0 foeLevel=0
support PP=0,0 Carl-defense=0 enemy-attack=0,0
party action uses=8,40 / 2,40
PASS expect 35 0 31 40 0
frame=14900 map=35.0 pos=34,40 flags=0
party=2 HP=30/30,26/26 battle=0 battlers=0 outcome=0 PP=0,0 trial=0 donut-ability=0
persistent PP=8,2 status=0,0
growth level/xp/item=8/399/0,8/709/0 stats maxHP/attack,maxHP/magic=30/20,26/13 foesHP=0,0
pattern trainer=0 turn=0 foePP=0,0 foeAtkDef=0,0 CarlAtk=0 foeLevel=0
support PP=0,0 Carl-defense=0 enemy-attack=0,0
party action uses=8,40 / 2,40
frame=14940 map=35.0 pos=34,40 flags=0
party=2 HP=30/30,26/26 battle=0 battlers=0 outcome=0 PP=0,0 trial=0 donut-ability=0
persistent PP=8,2 status=0,0
growth level/xp/item=8/399/0,8/709/0 stats maxHP/attack,maxHP/magic=30/20,26/13 foesHP=0,0
pattern trainer=0 turn=0 foePP=0,0 foeAtkDef=0,0 CarlAtk=0 foeLevel=0
support PP=0,0 Carl-defense=0 enemy-attack=0,0
party action uses=8,40 / 2,40
frame=14940 map=35.0 pos=34,40 flags=0
party=2 HP=30/30,26/26 battle=0 battlers=0 outcome=0 PP=0,0 trial=0 donut-ability=0
persistent PP=8,2 status=0,0
growth level/xp/item=8/399/0,8/709/0 stats maxHP/attack,maxHP/magic=30/20,26/13 foesHP=0,0
pattern trainer=0 turn=0 foePP=0,0 foeAtkDef=0,0 CarlAtk=0 foeLevel=0
support PP=0,0 Carl-defense=0 enemy-attack=0,0
party action uses=8,40 / 2,40
PASS expect 35 0 34 40 0
frame=14960 map=35.0 pos=34,41 flags=0
party=2 HP=30/30,26/26 battle=0 battlers=0 outcome=0 PP=0,0 trial=0 donut-ability=0
persistent PP=8,2 status=0,0
growth level/xp/item=8/399/0,8/709/0 stats maxHP/attack,maxHP/magic=30/20,26/13 foesHP=0,0
pattern trainer=0 turn=0 foePP=0,0 foeAtkDef=0,0 CarlAtk=0 foeLevel=0
support PP=0,0 Carl-defense=0 enemy-attack=0,0
party action uses=8,40 / 2,40
frame=15000 map=35.0 pos=34,41 flags=0
party=2 HP=30/30,26/26 battle=0 battlers=0 outcome=0 PP=0,0 trial=0 donut-ability=0
persistent PP=8,2 status=0,0
growth level/xp/item=8/399/0,8/709/0 stats maxHP/attack,maxHP/magic=30/20,26/13 foesHP=0,0
pattern trainer=0 turn=0 foePP=0,0 foeAtkDef=0,0 CarlAtk=0 foeLevel=0
support PP=0,0 Carl-defense=0 enemy-attack=0,0
party action uses=8,40 / 2,40
frame=15000 map=35.0 pos=34,41 flags=0
party=2 HP=30/30,26/26 battle=0 battlers=0 outcome=0 PP=0,0 trial=0 donut-ability=0
persistent PP=8,2 status=0,0
growth level/xp/item=8/399/0,8/709/0 stats maxHP/attack,maxHP/magic=30/20,26/13 foesHP=0,0
pattern trainer=0 turn=0 foePP=0,0 foeAtkDef=0,0 CarlAtk=0 foeLevel=0
support PP=0,0 Carl-defense=0 enemy-attack=0,0
party action uses=8,40 / 2,40
PASS expect 35 0 34 41 0
frame=15196 map=35.0 pos=46,41 flags=0
party=2 HP=30/30,26/26 battle=0 battlers=0 outcome=0 PP=0,0 trial=0 donut-ability=0
persistent PP=8,2 status=0,0
growth level/xp/item=8/399/0,8/709/0 stats maxHP/attack,maxHP/magic=30/20,26/13 foesHP=0,0
pattern trainer=0 turn=0 foePP=0,0 foeAtkDef=0,0 CarlAtk=0 foeLevel=0
support PP=0,0 Carl-defense=0 enemy-attack=0,0
party action uses=8,40 / 2,40
frame=15236 map=35.0 pos=46,41 flags=0
party=2 HP=30/30,26/26 battle=0 battlers=0 outcome=0 PP=0,0 trial=0 donut-ability=0
persistent PP=8,2 status=0,0
growth level/xp/item=8/399/0,8/709/0 stats maxHP/attack,maxHP/magic=30/20,26/13 foesHP=0,0
pattern trainer=0 turn=0 foePP=0,0 foeAtkDef=0,0 CarlAtk=0 foeLevel=0
support PP=0,0 Carl-defense=0 enemy-attack=0,0
party action uses=8,40 / 2,40
frame=15236 map=35.0 pos=46,41 flags=0
party=2 HP=30/30,26/26 battle=0 battlers=0 outcome=0 PP=0,0 trial=0 donut-ability=0
persistent PP=8,2 status=0,0
growth level/xp/item=8/399/0,8/709/0 stats maxHP/attack,maxHP/magic=30/20,26/13 foesHP=0,0
pattern trainer=0 turn=0 foePP=0,0 foeAtkDef=0,0 CarlAtk=0 foeLevel=0
support PP=0,0 Carl-defense=0 enemy-attack=0,0
party action uses=8,40 / 2,40
PASS expect 35 0 46 41 0
frame=15288 map=35.0 pos=46,44 flags=0
party=2 HP=30/30,26/26 battle=0 battlers=0 outcome=0 PP=0,0 trial=0 donut-ability=0
persistent PP=8,2 status=0,0
growth level/xp/item=8/399/0,8/709/0 stats maxHP/attack,maxHP/magic=30/20,26/13 foesHP=0,0
pattern trainer=0 turn=0 foePP=0,0 foeAtkDef=0,0 CarlAtk=0 foeLevel=0
support PP=0,0 Carl-defense=0 enemy-attack=0,0
party action uses=8,40 / 2,40
frame=15328 map=35.0 pos=46,44 flags=0
party=2 HP=30/30,26/26 battle=0 battlers=0 outcome=0 PP=0,0 trial=0 donut-ability=0
persistent PP=8,2 status=0,0
growth level/xp/item=8/399/0,8/709/0 stats maxHP/attack,maxHP/magic=30/20,26/13 foesHP=0,0
pattern trainer=0 turn=0 foePP=0,0 foeAtkDef=0,0 CarlAtk=0 foeLevel=0
support PP=0,0 Carl-defense=0 enemy-attack=0,0
party action uses=8,40 / 2,40
frame=15328 map=35.0 pos=46,44 flags=0
party=2 HP=30/30,26/26 battle=0 battlers=0 outcome=0 PP=0,0 trial=0 donut-ability=0
persistent PP=8,2 status=0,0
growth level/xp/item=8/399/0,8/709/0 stats maxHP/attack,maxHP/magic=30/20,26/13 foesHP=0,0
pattern trainer=0 turn=0 foePP=0,0 foeAtkDef=0,0 CarlAtk=0 foeLevel=0
support PP=0,0 Carl-defense=0 enemy-attack=0,0
party action uses=8,40 / 2,40
PASS expect 35 0 46 44 0
frame=15368 map=35.0 pos=46,44 flags=0
party=2 HP=30/30,26/26 battle=0 battlers=0 outcome=0 PP=0,0 trial=0 donut-ability=0
persistent PP=8,2 status=0,0
growth level/xp/item=8/399/0,8/709/0 stats maxHP/attack,maxHP/magic=30/20,26/13 foesHP=0,0
pattern trainer=0 turn=0 foePP=0,0 foeAtkDef=0,0 CarlAtk=0 foeLevel=0
support PP=0,0 Carl-defense=0 enemy-attack=0,0
party action uses=8,40 / 2,40
frame=15420 map=35.0 pos=46,41 flags=0
party=2 HP=30/30,26/26 battle=0 battlers=0 outcome=0 PP=0,0 trial=0 donut-ability=0
persistent PP=8,2 status=0,0
growth level/xp/item=8/399/0,8/709/0 stats maxHP/attack,maxHP/magic=30/20,26/13 foesHP=0,0
pattern trainer=0 turn=0 foePP=0,0 foeAtkDef=0,0 CarlAtk=0 foeLevel=0
support PP=0,0 Carl-defense=0 enemy-attack=0,0
party action uses=8,40 / 2,40
frame=15460 map=35.0 pos=46,41 flags=0
party=2 HP=30/30,26/26 battle=0 battlers=0 outcome=0 PP=0,0 trial=0 donut-ability=0
persistent PP=8,2 status=0,0
growth level/xp/item=8/399/0,8/709/0 stats maxHP/attack,maxHP/magic=30/20,26/13 foesHP=0,0
pattern trainer=0 turn=0 foePP=0,0 foeAtkDef=0,0 CarlAtk=0 foeLevel=0
support PP=0,0 Carl-defense=0 enemy-attack=0,0
party action uses=8,40 / 2,40
frame=15460 map=35.0 pos=46,41 flags=0
party=2 HP=30/30,26/26 battle=0 battlers=0 outcome=0 PP=0,0 trial=0 donut-ability=0
persistent PP=8,2 status=0,0
growth level/xp/item=8/399/0,8/709/0 stats maxHP/attack,maxHP/magic=30/20,26/13 foesHP=0,0
pattern trainer=0 turn=0 foePP=0,0 foeAtkDef=0,0 CarlAtk=0 foeLevel=0
support PP=0,0 Carl-defense=0 enemy-attack=0,0
party action uses=8,40 / 2,40
PASS expect 35 0 46 41 0
frame=15560 map=35.0 pos=52,41 flags=0
party=2 HP=30/30,26/26 battle=0 battlers=0 outcome=0 PP=0,0 trial=0 donut-ability=0
persistent PP=8,2 status=0,0
growth level/xp/item=8/399/0,8/709/0 stats maxHP/attack,maxHP/magic=30/20,26/13 foesHP=0,0
pattern trainer=0 turn=0 foePP=0,0 foeAtkDef=0,0 CarlAtk=0 foeLevel=0
support PP=0,0 Carl-defense=0 enemy-attack=0,0
party action uses=8,40 / 2,40
frame=15600 map=35.0 pos=52,41 flags=0
party=2 HP=30/30,26/26 battle=0 battlers=0 outcome=0 PP=0,0 trial=0 donut-ability=0
persistent PP=8,2 status=0,0
growth level/xp/item=8/399/0,8/709/0 stats maxHP/attack,maxHP/magic=30/20,26/13 foesHP=0,0
pattern trainer=0 turn=0 foePP=0,0 foeAtkDef=0,0 CarlAtk=0 foeLevel=0
support PP=0,0 Carl-defense=0 enemy-attack=0,0
party action uses=8,40 / 2,40
frame=15600 map=35.0 pos=52,41 flags=0
party=2 HP=30/30,26/26 battle=0 battlers=0 outcome=0 PP=0,0 trial=0 donut-ability=0
persistent PP=8,2 status=0,0
growth level/xp/item=8/399/0,8/709/0 stats maxHP/attack,maxHP/magic=30/20,26/13 foesHP=0,0
pattern trainer=0 turn=0 foePP=0,0 foeAtkDef=0,0 CarlAtk=0 foeLevel=0
support PP=0,0 Carl-defense=0 enemy-attack=0,0
party action uses=8,40 / 2,40
PASS expect 35 0 52 41 0
frame=15652 map=35.0 pos=52,44 flags=0
party=2 HP=30/30,26/26 battle=0 battlers=0 outcome=0 PP=0,0 trial=0 donut-ability=0
persistent PP=8,2 status=0,0
growth level/xp/item=8/399/0,8/709/0 stats maxHP/attack,maxHP/magic=30/20,26/13 foesHP=0,0
pattern trainer=0 turn=0 foePP=0,0 foeAtkDef=0,0 CarlAtk=0 foeLevel=0
support PP=0,0 Carl-defense=0 enemy-attack=0,0
party action uses=8,40 / 2,40
frame=15692 map=35.0 pos=52,44 flags=0
party=2 HP=30/30,26/26 battle=0 battlers=0 outcome=0 PP=0,0 trial=0 donut-ability=0
persistent PP=8,2 status=0,0
growth level/xp/item=8/399/0,8/709/0 stats maxHP/attack,maxHP/magic=30/20,26/13 foesHP=0,0
pattern trainer=0 turn=0 foePP=0,0 foeAtkDef=0,0 CarlAtk=0 foeLevel=0
support PP=0,0 Carl-defense=0 enemy-attack=0,0
party action uses=8,40 / 2,40
frame=15692 map=35.0 pos=52,44 flags=0
party=2 HP=30/30,26/26 battle=0 battlers=0 outcome=0 PP=0,0 trial=0 donut-ability=0
persistent PP=8,2 status=0,0
growth level/xp/item=8/399/0,8/709/0 stats maxHP/attack,maxHP/magic=30/20,26/13 foesHP=0,0
pattern trainer=0 turn=0 foePP=0,0 foeAtkDef=0,0 CarlAtk=0 foeLevel=0
support PP=0,0 Carl-defense=0 enemy-attack=0,0
party action uses=8,40 / 2,40
PASS expect 35 0 52 44 0
frame=15732 map=35.0 pos=52,44 flags=0
party=2 HP=30/30,26/26 battle=0 battlers=0 outcome=0 PP=0,0 trial=0 donut-ability=0
persistent PP=8,2 status=0,0
growth level/xp/item=8/399/0,8/709/0 stats maxHP/attack,maxHP/magic=30/20,26/13 foesHP=0,0
pattern trainer=0 turn=0 foePP=0,0 foeAtkDef=0,0 CarlAtk=0 foeLevel=0
support PP=0,0 Carl-defense=0 enemy-attack=0,0
party action uses=8,40 / 2,40
frame=15784 map=35.0 pos=52,41 flags=0
party=2 HP=30/30,26/26 battle=0 battlers=0 outcome=0 PP=0,0 trial=0 donut-ability=0
persistent PP=8,2 status=0,0
growth level/xp/item=8/399/0,8/709/0 stats maxHP/attack,maxHP/magic=30/20,26/13 foesHP=0,0
pattern trainer=0 turn=0 foePP=0,0 foeAtkDef=0,0 CarlAtk=0 foeLevel=0
support PP=0,0 Carl-defense=0 enemy-attack=0,0
party action uses=8,40 / 2,40
frame=15824 map=35.0 pos=52,41 flags=0
party=2 HP=30/30,26/26 battle=0 battlers=0 outcome=0 PP=0,0 trial=0 donut-ability=0
persistent PP=8,2 status=0,0
growth level/xp/item=8/399/0,8/709/0 stats maxHP/attack,maxHP/magic=30/20,26/13 foesHP=0,0
pattern trainer=0 turn=0 foePP=0,0 foeAtkDef=0,0 CarlAtk=0 foeLevel=0
support PP=0,0 Carl-defense=0 enemy-attack=0,0
party action uses=8,40 / 2,40
frame=15824 map=35.0 pos=52,41 flags=0
party=2 HP=30/30,26/26 battle=0 battlers=0 outcome=0 PP=0,0 trial=0 donut-ability=0
persistent PP=8,2 status=0,0
growth level/xp/item=8/399/0,8/709/0 stats maxHP/attack,maxHP/magic=30/20,26/13 foesHP=0,0
pattern trainer=0 turn=0 foePP=0,0 foeAtkDef=0,0 CarlAtk=0 foeLevel=0
support PP=0,0 Carl-defense=0 enemy-attack=0,0
party action uses=8,40 / 2,40
PASS expect 35 0 52 41 0
frame=15988 map=35.0 pos=42,41 flags=0
party=2 HP=30/30,26/26 battle=0 battlers=0 outcome=0 PP=0,0 trial=0 donut-ability=0
persistent PP=8,2 status=0,0
growth level/xp/item=8/399/0,8/709/0 stats maxHP/attack,maxHP/magic=30/20,26/13 foesHP=0,0
pattern trainer=0 turn=0 foePP=0,0 foeAtkDef=0,0 CarlAtk=0 foeLevel=0
support PP=0,0 Carl-defense=0 enemy-attack=0,0
party action uses=8,40 / 2,40
frame=16028 map=35.0 pos=42,41 flags=0
party=2 HP=30/30,26/26 battle=0 battlers=0 outcome=0 PP=0,0 trial=0 donut-ability=0
persistent PP=8,2 status=0,0
growth level/xp/item=8/399/0,8/709/0 stats maxHP/attack,maxHP/magic=30/20,26/13 foesHP=0,0
pattern trainer=0 turn=0 foePP=0,0 foeAtkDef=0,0 CarlAtk=0 foeLevel=0
support PP=0,0 Carl-defense=0 enemy-attack=0,0
party action uses=8,40 / 2,40
frame=16028 map=35.0 pos=42,41 flags=0
party=2 HP=30/30,26/26 battle=0 battlers=0 outcome=0 PP=0,0 trial=0 donut-ability=0
persistent PP=8,2 status=0,0
growth level/xp/item=8/399/0,8/709/0 stats maxHP/attack,maxHP/magic=30/20,26/13 foesHP=0,0
pattern trainer=0 turn=0 foePP=0,0 foeAtkDef=0,0 CarlAtk=0 foeLevel=0
support PP=0,0 Carl-defense=0 enemy-attack=0,0
party action uses=8,40 / 2,40
PASS expect 35 0 42 41 0
frame=16192 map=35.0 pos=42,31 flags=0
party=2 HP=30/30,26/26 battle=0 battlers=0 outcome=0 PP=0,0 trial=0 donut-ability=0
persistent PP=8,2 status=0,0
growth level/xp/item=8/399/0,8/709/0 stats maxHP/attack,maxHP/magic=30/20,26/13 foesHP=0,0
pattern trainer=0 turn=0 foePP=0,0 foeAtkDef=0,0 CarlAtk=0 foeLevel=0
support PP=0,0 Carl-defense=0 enemy-attack=0,0
party action uses=8,40 / 2,40
frame=16232 map=35.0 pos=42,31 flags=0
party=2 HP=30/30,26/26 battle=0 battlers=0 outcome=0 PP=0,0 trial=0 donut-ability=0
persistent PP=8,2 status=0,0
growth level/xp/item=8/399/0,8/709/0 stats maxHP/attack,maxHP/magic=30/20,26/13 foesHP=0,0
pattern trainer=0 turn=0 foePP=0,0 foeAtkDef=0,0 CarlAtk=0 foeLevel=0
support PP=0,0 Carl-defense=0 enemy-attack=0,0
party action uses=8,40 / 2,40
frame=16232 map=35.0 pos=42,31 flags=0
party=2 HP=30/30,26/26 battle=0 battlers=0 outcome=0 PP=0,0 trial=0 donut-ability=0
persistent PP=8,2 status=0,0
growth level/xp/item=8/399/0,8/709/0 stats maxHP/attack,maxHP/magic=30/20,26/13 foesHP=0,0
pattern trainer=0 turn=0 foePP=0,0 foeAtkDef=0,0 CarlAtk=0 foeLevel=0
support PP=0,0 Carl-defense=0 enemy-attack=0,0
party action uses=8,40 / 2,40
PASS expect 35 0 42 31 0
frame=16396 map=35.0 pos=32,31 flags=0
party=2 HP=30/30,26/26 battle=0 battlers=0 outcome=0 PP=0,0 trial=0 donut-ability=0
persistent PP=8,2 status=0,0
growth level/xp/item=8/399/0,8/709/0 stats maxHP/attack,maxHP/magic=30/20,26/13 foesHP=0,0
pattern trainer=0 turn=0 foePP=0,0 foeAtkDef=0,0 CarlAtk=0 foeLevel=0
support PP=0,0 Carl-defense=0 enemy-attack=0,0
party action uses=8,40 / 2,40
frame=16436 map=35.0 pos=32,31 flags=0
party=2 HP=30/30,26/26 battle=0 battlers=0 outcome=0 PP=0,0 trial=0 donut-ability=0
persistent PP=8,2 status=0,0
growth level/xp/item=8/399/0,8/709/0 stats maxHP/attack,maxHP/magic=30/20,26/13 foesHP=0,0
pattern trainer=0 turn=0 foePP=0,0 foeAtkDef=0,0 CarlAtk=0 foeLevel=0
support PP=0,0 Carl-defense=0 enemy-attack=0,0
party action uses=8,40 / 2,40
frame=16436 map=35.0 pos=32,31 flags=0
party=2 HP=30/30,26/26 battle=0 battlers=0 outcome=0 PP=0,0 trial=0 donut-ability=0
persistent PP=8,2 status=0,0
growth level/xp/item=8/399/0,8/709/0 stats maxHP/attack,maxHP/magic=30/20,26/13 foesHP=0,0
pattern trainer=0 turn=0 foePP=0,0 foeAtkDef=0,0 CarlAtk=0 foeLevel=0
support PP=0,0 Carl-defense=0 enemy-attack=0,0
party action uses=8,40 / 2,40
PASS expect 35 0 32 31 0
frame=16536 map=35.0 pos=38,31 flags=0
party=2 HP=30/30,26/26 battle=0 battlers=0 outcome=0 PP=0,0 trial=0 donut-ability=0
persistent PP=8,2 status=0,0
growth level/xp/item=8/399/0,8/709/0 stats maxHP/attack,maxHP/magic=30/20,26/13 foesHP=0,0
pattern trainer=0 turn=0 foePP=0,0 foeAtkDef=0,0 CarlAtk=0 foeLevel=0
support PP=0,0 Carl-defense=0 enemy-attack=0,0
party action uses=8,40 / 2,40
frame=16576 map=35.0 pos=38,31 flags=0
party=2 HP=30/30,26/26 battle=0 battlers=0 outcome=0 PP=0,0 trial=0 donut-ability=0
persistent PP=8,2 status=0,0
growth level/xp/item=8/399/0,8/709/0 stats maxHP/attack,maxHP/magic=30/20,26/13 foesHP=0,0
pattern trainer=0 turn=0 foePP=0,0 foeAtkDef=0,0 CarlAtk=0 foeLevel=0
support PP=0,0 Carl-defense=0 enemy-attack=0,0
party action uses=8,40 / 2,40
frame=16576 map=35.0 pos=38,31 flags=0
party=2 HP=30/30,26/26 battle=0 battlers=0 outcome=0 PP=0,0 trial=0 donut-ability=0
persistent PP=8,2 status=0,0
growth level/xp/item=8/399/0,8/709/0 stats maxHP/attack,maxHP/magic=30/20,26/13 foesHP=0,0
pattern trainer=0 turn=0 foePP=0,0 foeAtkDef=0,0 CarlAtk=0 foeLevel=0
support PP=0,0 Carl-defense=0 enemy-attack=0,0
party action uses=8,40 / 2,40
PASS expect 35 0 38 31 0
frame=16616 map=35.0 pos=38,31 flags=0
party=2 HP=30/30,26/26 battle=0 battlers=0 outcome=0 PP=0,0 trial=0 donut-ability=0
persistent PP=8,2 status=0,0
growth level/xp/item=8/399/0,8/709/0 stats maxHP/attack,maxHP/magic=30/20,26/13 foesHP=0,0
pattern trainer=0 turn=0 foePP=0,0 foeAtkDef=0,0 CarlAtk=0 foeLevel=0
support PP=0,0 Carl-defense=0 enemy-attack=0,0
party action uses=8,40 / 2,40
frame=16716 map=35.0 pos=32,31 flags=0
party=2 HP=30/30,26/26 battle=0 battlers=0 outcome=0 PP=0,0 trial=0 donut-ability=0
persistent PP=8,2 status=0,0
growth level/xp/item=8/399/0,8/709/0 stats maxHP/attack,maxHP/magic=30/20,26/13 foesHP=0,0
pattern trainer=0 turn=0 foePP=0,0 foeAtkDef=0,0 CarlAtk=0 foeLevel=0
support PP=0,0 Carl-defense=0 enemy-attack=0,0
party action uses=8,40 / 2,40
frame=16756 map=35.0 pos=32,31 flags=0
party=2 HP=30/30,26/26 battle=0 battlers=0 outcome=0 PP=0,0 trial=0 donut-ability=0
persistent PP=8,2 status=0,0
growth level/xp/item=8/399/0,8/709/0 stats maxHP/attack,maxHP/magic=30/20,26/13 foesHP=0,0
pattern trainer=0 turn=0 foePP=0,0 foeAtkDef=0,0 CarlAtk=0 foeLevel=0
support PP=0,0 Carl-defense=0 enemy-attack=0,0
party action uses=8,40 / 2,40
frame=16756 map=35.0 pos=32,31 flags=0
party=2 HP=30/30,26/26 battle=0 battlers=0 outcome=0 PP=0,0 trial=0 donut-ability=0
persistent PP=8,2 status=0,0
growth level/xp/item=8/399/0,8/709/0 stats maxHP/attack,maxHP/magic=30/20,26/13 foesHP=0,0
pattern trainer=0 turn=0 foePP=0,0 foeAtkDef=0,0 CarlAtk=0 foeLevel=0
support PP=0,0 Carl-defense=0 enemy-attack=0,0
party action uses=8,40 / 2,40
PASS expect 35 0 32 31 0
frame=16776 map=35.0 pos=32,30 flags=0
party=2 HP=30/30,26/26 battle=0 battlers=0 outcome=0 PP=0,0 trial=0 donut-ability=0
persistent PP=8,2 status=0,0
growth level/xp/item=8/399/0,8/709/0 stats maxHP/attack,maxHP/magic=30/20,26/13 foesHP=0,0
pattern trainer=0 turn=0 foePP=0,0 foeAtkDef=0,0 CarlAtk=0 foeLevel=0
support PP=0,0 Carl-defense=0 enemy-attack=0,0
party action uses=8,40 / 2,40
frame=16816 map=35.0 pos=32,30 flags=0
party=2 HP=30/30,26/26 battle=0 battlers=0 outcome=0 PP=0,0 trial=0 donut-ability=0
persistent PP=8,2 status=0,0
growth level/xp/item=8/399/0,8/709/0 stats maxHP/attack,maxHP/magic=30/20,26/13 foesHP=0,0
pattern trainer=0 turn=0 foePP=0,0 foeAtkDef=0,0 CarlAtk=0 foeLevel=0
support PP=0,0 Carl-defense=0 enemy-attack=0,0
party action uses=8,40 / 2,40
frame=16816 map=35.0 pos=32,30 flags=0
party=2 HP=30/30,26/26 battle=0 battlers=0 outcome=0 PP=0,0 trial=0 donut-ability=0
persistent PP=8,2 status=0,0
growth level/xp/item=8/399/0,8/709/0 stats maxHP/attack,maxHP/magic=30/20,26/13 foesHP=0,0
pattern trainer=0 turn=0 foePP=0,0 foeAtkDef=0,0 CarlAtk=0 foeLevel=0
support PP=0,0 Carl-defense=0 enemy-attack=0,0
party action uses=8,40 / 2,40
PASS expect 35 0 32 30 0
frame=16948 map=35.0 pos=24,30 flags=0
party=2 HP=30/30,26/26 battle=0 battlers=0 outcome=0 PP=0,0 trial=0 donut-ability=0
persistent PP=8,2 status=0,0
growth level/xp/item=8/399/0,8/709/0 stats maxHP/attack,maxHP/magic=30/20,26/13 foesHP=0,0
pattern trainer=0 turn=0 foePP=0,0 foeAtkDef=0,0 CarlAtk=0 foeLevel=0
support PP=0,0 Carl-defense=0 enemy-attack=0,0
party action uses=8,40 / 2,40
frame=16988 map=35.0 pos=24,30 flags=0
party=2 HP=30/30,26/26 battle=0 battlers=0 outcome=0 PP=0,0 trial=0 donut-ability=0
persistent PP=8,2 status=0,0
growth level/xp/item=8/399/0,8/709/0 stats maxHP/attack,maxHP/magic=30/20,26/13 foesHP=0,0
pattern trainer=0 turn=0 foePP=0,0 foeAtkDef=0,0 CarlAtk=0 foeLevel=0
support PP=0,0 Carl-defense=0 enemy-attack=0,0
party action uses=8,40 / 2,40
frame=16988 map=35.0 pos=24,30 flags=0
party=2 HP=30/30,26/26 battle=0 battlers=0 outcome=0 PP=0,0 trial=0 donut-ability=0
persistent PP=8,2 status=0,0
growth level/xp/item=8/399/0,8/709/0 stats maxHP/attack,maxHP/magic=30/20,26/13 foesHP=0,0
pattern trainer=0 turn=0 foePP=0,0 foeAtkDef=0,0 CarlAtk=0 foeLevel=0
support PP=0,0 Carl-defense=0 enemy-attack=0,0
party action uses=8,40 / 2,40
PASS expect 35 0 24 30 0
frame=17120 map=35.0 pos=24,38 flags=0
party=2 HP=30/30,26/26 battle=0 battlers=0 outcome=0 PP=0,0 trial=0 donut-ability=0
persistent PP=8,2 status=0,0
growth level/xp/item=8/399/0,8/709/0 stats maxHP/attack,maxHP/magic=30/20,26/13 foesHP=0,0
pattern trainer=0 turn=0 foePP=0,0 foeAtkDef=0,0 CarlAtk=0 foeLevel=0
support PP=0,0 Carl-defense=0 enemy-attack=0,0
party action uses=8,40 / 2,40
frame=17160 map=35.0 pos=24,38 flags=0
party=2 HP=30/30,26/26 battle=0 battlers=0 outcome=0 PP=0,0 trial=0 donut-ability=0
persistent PP=8,2 status=0,0
growth level/xp/item=8/399/0,8/709/0 stats maxHP/attack,maxHP/magic=30/20,26/13 foesHP=0,0
pattern trainer=0 turn=0 foePP=0,0 foeAtkDef=0,0 CarlAtk=0 foeLevel=0
support PP=0,0 Carl-defense=0 enemy-attack=0,0
party action uses=8,40 / 2,40
frame=17160 map=35.0 pos=24,38 flags=0
party=2 HP=30/30,26/26 battle=0 battlers=0 outcome=0 PP=0,0 trial=0 donut-ability=0
persistent PP=8,2 status=0,0
growth level/xp/item=8/399/0,8/709/0 stats maxHP/attack,maxHP/magic=30/20,26/13 foesHP=0,0
pattern trainer=0 turn=0 foePP=0,0 foeAtkDef=0,0 CarlAtk=0 foeLevel=0
support PP=0,0 Carl-defense=0 enemy-attack=0,0
party action uses=8,40 / 2,40
PASS expect 35 0 24 38 0
frame=17452 map=35.0 pos=6,38 flags=0
party=2 HP=30/30,26/26 battle=0 battlers=0 outcome=0 PP=0,0 trial=0 donut-ability=0
persistent PP=8,2 status=0,0
growth level/xp/item=8/399/0,8/709/0 stats maxHP/attack,maxHP/magic=30/20,26/13 foesHP=0,0
pattern trainer=0 turn=0 foePP=0,0 foeAtkDef=0,0 CarlAtk=0 foeLevel=0
support PP=0,0 Carl-defense=0 enemy-attack=0,0
party action uses=8,40 / 2,40
frame=17492 map=35.0 pos=6,38 flags=0
party=2 HP=30/30,26/26 battle=0 battlers=0 outcome=0 PP=0,0 trial=0 donut-ability=0
persistent PP=8,2 status=0,0
growth level/xp/item=8/399/0,8/709/0 stats maxHP/attack,maxHP/magic=30/20,26/13 foesHP=0,0
pattern trainer=0 turn=0 foePP=0,0 foeAtkDef=0,0 CarlAtk=0 foeLevel=0
support PP=0,0 Carl-defense=0 enemy-attack=0,0
party action uses=8,40 / 2,40
frame=17492 map=35.0 pos=6,38 flags=0
party=2 HP=30/30,26/26 battle=0 battlers=0 outcome=0 PP=0,0 trial=0 donut-ability=0
persistent PP=8,2 status=0,0
growth level/xp/item=8/399/0,8/709/0 stats maxHP/attack,maxHP/magic=30/20,26/13 foesHP=0,0
pattern trainer=0 turn=0 foePP=0,0 foeAtkDef=0,0 CarlAtk=0 foeLevel=0
support PP=0,0 Carl-defense=0 enemy-attack=0,0
party action uses=8,40 / 2,40
PASS expect 35 0 6 38 0
frame=17640 map=35.0 pos=6,38 flags=0
party=2 HP=30/30,26/26 battle=0 battlers=0 outcome=0 PP=0,0 trial=0 donut-ability=0
persistent PP=8,2 status=0,0
growth level/xp/item=8/399/0,8/709/0 stats maxHP/attack,maxHP/magic=30/20,26/13 foesHP=0,0
pattern trainer=0 turn=0 foePP=0,0 foeAtkDef=0,0 CarlAtk=0 foeLevel=0
support PP=0,0 Carl-defense=0 enemy-attack=0,0
party action uses=8,40 / 2,40
frame=17680 map=35.0 pos=6,38 flags=0
party=2 HP=30/30,26/26 battle=0 battlers=0 outcome=0 PP=0,0 trial=0 donut-ability=0
persistent PP=8,2 status=0,0
growth level/xp/item=8/399/0,8/709/0 stats maxHP/attack,maxHP/magic=30/20,26/13 foesHP=0,0
pattern trainer=0 turn=0 foePP=0,0 foeAtkDef=0,0 CarlAtk=0 foeLevel=0
support PP=0,0 Carl-defense=0 enemy-attack=0,0
party action uses=8,40 / 2,40
frame=17680 map=35.0 pos=6,38 flags=0
party=2 HP=30/30,26/26 battle=0 battlers=0 outcome=0 PP=0,0 trial=0 donut-ability=0
persistent PP=8,2 status=0,0
growth level/xp/item=8/399/0,8/709/0 stats maxHP/attack,maxHP/magic=30/20,26/13 foesHP=0,0
pattern trainer=0 turn=0 foePP=0,0 foeAtkDef=0,0 CarlAtk=0 foeLevel=0
support PP=0,0 Carl-defense=0 enemy-attack=0,0
party action uses=8,40 / 2,40
PASS expect 35 0 6 38 0
frame=17748 map=35.0 pos=6,34 flags=0
party=2 HP=30/30,26/26 battle=0 battlers=0 outcome=0 PP=0,0 trial=0 donut-ability=0
persistent PP=8,2 status=0,0
growth level/xp/item=8/399/0,8/709/0 stats maxHP/attack,maxHP/magic=30/20,26/13 foesHP=0,0
pattern trainer=0 turn=0 foePP=0,0 foeAtkDef=0,0 CarlAtk=0 foeLevel=0
support PP=0,0 Carl-defense=0 enemy-attack=0,0
party action uses=8,40 / 2,40
frame=17788 map=35.0 pos=6,34 flags=0
party=2 HP=30/30,26/26 battle=0 battlers=0 outcome=0 PP=0,0 trial=0 donut-ability=0
persistent PP=8,2 status=0,0
growth level/xp/item=8/399/0,8/709/0 stats maxHP/attack,maxHP/magic=30/20,26/13 foesHP=0,0
pattern trainer=0 turn=0 foePP=0,0 foeAtkDef=0,0 CarlAtk=0 foeLevel=0
support PP=0,0 Carl-defense=0 enemy-attack=0,0
party action uses=8,40 / 2,40
frame=17788 map=35.0 pos=6,34 flags=0
party=2 HP=30/30,26/26 battle=0 battlers=0 outcome=0 PP=0,0 trial=0 donut-ability=0
persistent PP=8,2 status=0,0
growth level/xp/item=8/399/0,8/709/0 stats maxHP/attack,maxHP/magic=30/20,26/13 foesHP=0,0
pattern trainer=0 turn=0 foePP=0,0 foeAtkDef=0,0 CarlAtk=0 foeLevel=0
support PP=0,0 Carl-defense=0 enemy-attack=0,0
party action uses=8,40 / 2,40
PASS expect 35 0 6 34 0
frame=17984 map=35.0 pos=18,34 flags=0
party=2 HP=30/30,26/26 battle=0 battlers=0 outcome=0 PP=0,0 trial=0 donut-ability=0
persistent PP=8,2 status=0,0
growth level/xp/item=8/399/0,8/709/0 stats maxHP/attack,maxHP/magic=30/20,26/13 foesHP=0,0
pattern trainer=0 turn=0 foePP=0,0 foeAtkDef=0,0 CarlAtk=0 foeLevel=0
support PP=0,0 Carl-defense=0 enemy-attack=0,0
party action uses=8,40 / 2,40
frame=18024 map=35.0 pos=18,34 flags=0
party=2 HP=30/30,26/26 battle=0 battlers=0 outcome=0 PP=0,0 trial=0 donut-ability=0
persistent PP=8,2 status=0,0
growth level/xp/item=8/399/0,8/709/0 stats maxHP/attack,maxHP/magic=30/20,26/13 foesHP=0,0
pattern trainer=0 turn=0 foePP=0,0 foeAtkDef=0,0 CarlAtk=0 foeLevel=0
support PP=0,0 Carl-defense=0 enemy-attack=0,0
party action uses=8,40 / 2,40
frame=18024 map=35.0 pos=18,34 flags=0
party=2 HP=30/30,26/26 battle=0 battlers=0 outcome=0 PP=0,0 trial=0 donut-ability=0
persistent PP=8,2 status=0,0
growth level/xp/item=8/399/0,8/709/0 stats maxHP/attack,maxHP/magic=30/20,26/13 foesHP=0,0
pattern trainer=0 turn=0 foePP=0,0 foeAtkDef=0,0 CarlAtk=0 foeLevel=0
support PP=0,0 Carl-defense=0 enemy-attack=0,0
party action uses=8,40 / 2,40
PASS expect 35 0 18 34 0
frame=18204 map=35.0 pos=18,23 flags=0
party=2 HP=30/30,26/26 battle=0 battlers=0 outcome=0 PP=0,0 trial=0 donut-ability=0
persistent PP=8,2 status=0,0
growth level/xp/item=8/399/0,8/709/0 stats maxHP/attack,maxHP/magic=30/20,26/13 foesHP=0,0
pattern trainer=0 turn=0 foePP=0,0 foeAtkDef=0,0 CarlAtk=0 foeLevel=0
support PP=0,0 Carl-defense=0 enemy-attack=0,0
party action uses=8,40 / 2,40
frame=18244 map=35.0 pos=18,23 flags=0
party=2 HP=30/30,26/26 battle=0 battlers=0 outcome=0 PP=0,0 trial=0 donut-ability=0
persistent PP=8,2 status=0,0
growth level/xp/item=8/399/0,8/709/0 stats maxHP/attack,maxHP/magic=30/20,26/13 foesHP=0,0
pattern trainer=0 turn=0 foePP=0,0 foeAtkDef=0,0 CarlAtk=0 foeLevel=0
support PP=0,0 Carl-defense=0 enemy-attack=0,0
party action uses=8,40 / 2,40
frame=18244 map=35.0 pos=18,23 flags=0
party=2 HP=30/30,26/26 battle=0 battlers=0 outcome=0 PP=0,0 trial=0 donut-ability=0
persistent PP=8,2 status=0,0
growth level/xp/item=8/399/0,8/709/0 stats maxHP/attack,maxHP/magic=30/20,26/13 foesHP=0,0
pattern trainer=0 turn=0 foePP=0,0 foeAtkDef=0,0 CarlAtk=0 foeLevel=0
support PP=0,0 Carl-defense=0 enemy-attack=0,0
party action uses=8,40 / 2,40
PASS expect 35 0 18 23 0
frame=18328 map=35.0 pos=23,23 flags=0
party=2 HP=30/30,26/26 battle=0 battlers=0 outcome=0 PP=0,0 trial=0 donut-ability=0
persistent PP=8,2 status=0,0
growth level/xp/item=8/399/0,8/709/0 stats maxHP/attack,maxHP/magic=30/20,26/13 foesHP=0,0
pattern trainer=0 turn=0 foePP=0,0 foeAtkDef=0,0 CarlAtk=0 foeLevel=0
support PP=0,0 Carl-defense=0 enemy-attack=0,0
party action uses=8,40 / 2,40
frame=18368 map=35.0 pos=23,23 flags=0
party=2 HP=30/30,26/26 battle=0 battlers=0 outcome=0 PP=0,0 trial=0 donut-ability=0
persistent PP=8,2 status=0,0
growth level/xp/item=8/399/0,8/709/0 stats maxHP/attack,maxHP/magic=30/20,26/13 foesHP=0,0
pattern trainer=0 turn=0 foePP=0,0 foeAtkDef=0,0 CarlAtk=0 foeLevel=0
support PP=0,0 Carl-defense=0 enemy-attack=0,0
party action uses=8,40 / 2,40
frame=18368 map=35.0 pos=23,23 flags=0
party=2 HP=30/30,26/26 battle=0 battlers=0 outcome=0 PP=0,0 trial=0 donut-ability=0
persistent PP=8,2 status=0,0
growth level/xp/item=8/399/0,8/709/0 stats maxHP/attack,maxHP/magic=30/20,26/13 foesHP=0,0
pattern trainer=0 turn=0 foePP=0,0 foeAtkDef=0,0 CarlAtk=0 foeLevel=0
support PP=0,0 Carl-defense=0 enemy-attack=0,0
party action uses=8,40 / 2,40
PASS expect 35 0 23 23 0
frame=18516 map=35.0 pos=23,23 flags=0
party=2 HP=30/30,26/26 battle=0 battlers=0 outcome=0 PP=0,0 trial=0 donut-ability=0
persistent PP=8,2 status=0,0
growth level/xp/item=8/399/0,8/709/0 stats maxHP/attack,maxHP/magic=30/20,26/13 foesHP=0,0
pattern trainer=0 turn=0 foePP=0,0 foeAtkDef=0,0 CarlAtk=0 foeLevel=0
support PP=0,0 Carl-defense=0 enemy-attack=0,0
party action uses=8,40 / 2,40
frame=18556 map=35.0 pos=23,23 flags=0
party=2 HP=30/30,26/26 battle=0 battlers=0 outcome=0 PP=0,0 trial=0 donut-ability=0
persistent PP=8,2 status=0,0
growth level/xp/item=8/399/0,8/709/0 stats maxHP/attack,maxHP/magic=30/20,26/13 foesHP=0,0
pattern trainer=0 turn=0 foePP=0,0 foeAtkDef=0,0 CarlAtk=0 foeLevel=0
support PP=0,0 Carl-defense=0 enemy-attack=0,0
party action uses=8,40 / 2,40
frame=18556 map=35.0 pos=23,23 flags=0
party=2 HP=30/30,26/26 battle=0 battlers=0 outcome=0 PP=0,0 trial=0 donut-ability=0
persistent PP=8,2 status=0,0
growth level/xp/item=8/399/0,8/709/0 stats maxHP/attack,maxHP/magic=30/20,26/13 foesHP=0,0
pattern trainer=0 turn=0 foePP=0,0 foeAtkDef=0,0 CarlAtk=0 foeLevel=0
support PP=0,0 Carl-defense=0 enemy-attack=0,0
party action uses=8,40 / 2,40
PASS expect 35 0 23 23 0
frame=18592 map=35.0 pos=23,25 flags=0
party=2 HP=30/30,26/26 battle=0 battlers=0 outcome=0 PP=0,0 trial=0 donut-ability=0
persistent PP=8,2 status=0,0
growth level/xp/item=8/399/0,8/709/0 stats maxHP/attack,maxHP/magic=30/20,26/13 foesHP=0,0
pattern trainer=0 turn=0 foePP=0,0 foeAtkDef=0,0 CarlAtk=0 foeLevel=0
support PP=0,0 Carl-defense=0 enemy-attack=0,0
party action uses=8,40 / 2,40
frame=18632 map=35.0 pos=23,25 flags=0
party=2 HP=30/30,26/26 battle=0 battlers=0 outcome=0 PP=0,0 trial=0 donut-ability=0
persistent PP=8,2 status=0,0
growth level/xp/item=8/399/0,8/709/0 stats maxHP/attack,maxHP/magic=30/20,26/13 foesHP=0,0
pattern trainer=0 turn=0 foePP=0,0 foeAtkDef=0,0 CarlAtk=0 foeLevel=0
support PP=0,0 Carl-defense=0 enemy-attack=0,0
party action uses=8,40 / 2,40
frame=18632 map=35.0 pos=23,25 flags=0
party=2 HP=30/30,26/26 battle=0 battlers=0 outcome=0 PP=0,0 trial=0 donut-ability=0
persistent PP=8,2 status=0,0
growth level/xp/item=8/399/0,8/709/0 stats maxHP/attack,maxHP/magic=30/20,26/13 foesHP=0,0
pattern trainer=0 turn=0 foePP=0,0 foeAtkDef=0,0 CarlAtk=0 foeLevel=0
support PP=0,0 Carl-defense=0 enemy-attack=0,0
party action uses=8,40 / 2,40
PASS expect 35 0 23 25 0
frame=18860 map=35.0 pos=37,25 flags=0
party=2 HP=30/30,26/26 battle=0 battlers=0 outcome=0 PP=0,0 trial=0 donut-ability=0
persistent PP=8,2 status=0,0
growth level/xp/item=8/399/0,8/709/0 stats maxHP/attack,maxHP/magic=30/20,26/13 foesHP=0,0
pattern trainer=0 turn=0 foePP=0,0 foeAtkDef=0,0 CarlAtk=0 foeLevel=0
support PP=0,0 Carl-defense=0 enemy-attack=0,0
party action uses=8,40 / 2,40
frame=18900 map=35.0 pos=37,25 flags=0
party=2 HP=30/30,26/26 battle=0 battlers=0 outcome=0 PP=0,0 trial=0 donut-ability=0
persistent PP=8,2 status=0,0
growth level/xp/item=8/399/0,8/709/0 stats maxHP/attack,maxHP/magic=30/20,26/13 foesHP=0,0
pattern trainer=0 turn=0 foePP=0,0 foeAtkDef=0,0 CarlAtk=0 foeLevel=0
support PP=0,0 Carl-defense=0 enemy-attack=0,0
party action uses=8,40 / 2,40
frame=18900 map=35.0 pos=37,25 flags=0
party=2 HP=30/30,26/26 battle=0 battlers=0 outcome=0 PP=0,0 trial=0 donut-ability=0
persistent PP=8,2 status=0,0
growth level/xp/item=8/399/0,8/709/0 stats maxHP/attack,maxHP/magic=30/20,26/13 foesHP=0,0
pattern trainer=0 turn=0 foePP=0,0 foeAtkDef=0,0 CarlAtk=0 foeLevel=0
support PP=0,0 Carl-defense=0 enemy-attack=0,0
party action uses=8,40 / 2,40
PASS expect 35 0 37 25 0
frame=18936 map=35.0 pos=37,27 flags=0
party=2 HP=30/30,26/26 battle=0 battlers=0 outcome=0 PP=0,0 trial=0 donut-ability=0
persistent PP=8,2 status=0,0
growth level/xp/item=8/399/0,8/709/0 stats maxHP/attack,maxHP/magic=30/20,26/13 foesHP=0,0
pattern trainer=0 turn=0 foePP=0,0 foeAtkDef=0,0 CarlAtk=0 foeLevel=0
support PP=0,0 Carl-defense=0 enemy-attack=0,0
party action uses=8,40 / 2,40
frame=18976 map=35.0 pos=37,27 flags=0
party=2 HP=30/30,26/26 battle=0 battlers=0 outcome=0 PP=0,0 trial=0 donut-ability=0
persistent PP=8,2 status=0,0
growth level/xp/item=8/399/0,8/709/0 stats maxHP/attack,maxHP/magic=30/20,26/13 foesHP=0,0
pattern trainer=0 turn=0 foePP=0,0 foeAtkDef=0,0 CarlAtk=0 foeLevel=0
support PP=0,0 Carl-defense=0 enemy-attack=0,0
party action uses=8,40 / 2,40
frame=18976 map=35.0 pos=37,27 flags=0
party=2 HP=30/30,26/26 battle=0 battlers=0 outcome=0 PP=0,0 trial=0 donut-ability=0
persistent PP=8,2 status=0,0
growth level/xp/item=8/399/0,8/709/0 stats maxHP/attack,maxHP/magic=30/20,26/13 foesHP=0,0
pattern trainer=0 turn=0 foePP=0,0 foeAtkDef=0,0 CarlAtk=0 foeLevel=0
support PP=0,0 Carl-defense=0 enemy-attack=0,0
party action uses=8,40 / 2,40
PASS expect 35 0 37 27 0
frame=18996 map=35.0 pos=38,27 flags=0
party=2 HP=30/30,26/26 battle=0 battlers=0 outcome=0 PP=0,0 trial=0 donut-ability=0
persistent PP=8,2 status=0,0
growth level/xp/item=8/399/0,8/709/0 stats maxHP/attack,maxHP/magic=30/20,26/13 foesHP=0,0
pattern trainer=0 turn=0 foePP=0,0 foeAtkDef=0,0 CarlAtk=0 foeLevel=0
support PP=0,0 Carl-defense=0 enemy-attack=0,0
party action uses=8,40 / 2,40
frame=19036 map=35.0 pos=38,27 flags=0
party=2 HP=30/30,26/26 battle=0 battlers=0 outcome=0 PP=0,0 trial=0 donut-ability=0
persistent PP=8,2 status=0,0
growth level/xp/item=8/399/0,8/709/0 stats maxHP/attack,maxHP/magic=30/20,26/13 foesHP=0,0
pattern trainer=0 turn=0 foePP=0,0 foeAtkDef=0,0 CarlAtk=0 foeLevel=0
support PP=0,0 Carl-defense=0 enemy-attack=0,0
party action uses=8,40 / 2,40
frame=19036 map=35.0 pos=38,27 flags=0
party=2 HP=30/30,26/26 battle=0 battlers=0 outcome=0 PP=0,0 trial=0 donut-ability=0
persistent PP=8,2 status=0,0
growth level/xp/item=8/399/0,8/709/0 stats maxHP/attack,maxHP/magic=30/20,26/13 foesHP=0,0
pattern trainer=0 turn=0 foePP=0,0 foeAtkDef=0,0 CarlAtk=0 foeLevel=0
support PP=0,0 Carl-defense=0 enemy-attack=0,0
party action uses=8,40 / 2,40
PASS expect 35 0 38 27 0
frame=19184 map=35.0 pos=38,27 flags=0
party=2 HP=30/30,26/26 battle=0 battlers=0 outcome=0 PP=0,0 trial=0 donut-ability=0
persistent PP=8,2 status=0,0
growth level/xp/item=8/399/0,8/709/0 stats maxHP/attack,maxHP/magic=30/20,26/13 foesHP=0,0
pattern trainer=0 turn=0 foePP=0,0 foeAtkDef=0,0 CarlAtk=0 foeLevel=0
support PP=0,0 Carl-defense=0 enemy-attack=0,0
party action uses=8,40 / 2,40
frame=19224 map=35.0 pos=38,27 flags=0
party=2 HP=30/30,26/26 battle=0 battlers=0 outcome=0 PP=0,0 trial=0 donut-ability=0
persistent PP=8,2 status=0,0
growth level/xp/item=8/399/0,8/709/0 stats maxHP/attack,maxHP/magic=30/20,26/13 foesHP=0,0
pattern trainer=0 turn=0 foePP=0,0 foeAtkDef=0,0 CarlAtk=0 foeLevel=0
support PP=0,0 Carl-defense=0 enemy-attack=0,0
party action uses=8,40 / 2,40
frame=19224 map=35.0 pos=38,27 flags=0
party=2 HP=30/30,26/26 battle=0 battlers=0 outcome=0 PP=0,0 trial=0 donut-ability=0
persistent PP=8,2 status=0,0
growth level/xp/item=8/399/0,8/709/0 stats maxHP/attack,maxHP/magic=30/20,26/13 foesHP=0,0
pattern trainer=0 turn=0 foePP=0,0 foeAtkDef=0,0 CarlAtk=0 foeLevel=0
support PP=0,0 Carl-defense=0 enemy-attack=0,0
party action uses=8,40 / 2,40
PASS expect 35 0 38 27 0
frame=19225 map=35.0 pos=38,27 flags=0
party=2 HP=30/30,26/26 battle=0 battlers=0 outcome=0 PP=0,0 trial=0 donut-ability=0
persistent PP=8,2 status=0,0
growth level/xp/item=8/399/0,8/709/0 stats maxHP/attack,maxHP/magic=30/20,26/13 foesHP=0,0
pattern trainer=0 turn=0 foePP=0,0 foeAtkDef=0,0 CarlAtk=0 foeLevel=0
support PP=0,0 Carl-defense=0 enemy-attack=0,0
party action uses=8,40 / 2,40
frame=19625 map=35.0 pos=38,27 flags=0
party=2 HP=30/30,26/26 battle=0 battlers=0 outcome=0 PP=0,0 trial=0 donut-ability=0
persistent PP=8,2 status=0,0
growth level/xp/item=8/399/0,8/709/0 stats maxHP/attack,maxHP/magic=30/20,26/13 foesHP=0,0
pattern trainer=0 turn=0 foePP=0,0 foeAtkDef=0,0 CarlAtk=0 foeLevel=0
support PP=0,0 Carl-defense=0 enemy-attack=0,0
party action uses=8,40 / 2,40
frame=19626 map=35.0 pos=38,27 flags=0
party=2 HP=30/30,26/26 battle=0 battlers=0 outcome=0 PP=0,0 trial=0 donut-ability=0
persistent PP=8,2 status=0,0
growth level/xp/item=8/399/0,8/709/0 stats maxHP/attack,maxHP/magic=30/20,26/13 foesHP=0,0
pattern trainer=0 turn=0 foePP=0,0 foeAtkDef=0,0 CarlAtk=0 foeLevel=0
support PP=0,0 Carl-defense=0 enemy-attack=0,0
party action uses=8,40 / 2,40
frame=20026 map=35.0 pos=38,27 flags=0
party=2 HP=30/30,26/26 battle=0 battlers=0 outcome=0 PP=0,0 trial=0 donut-ability=0
persistent PP=8,2 status=0,0
growth level/xp/item=8/399/0,8/709/0 stats maxHP/attack,maxHP/magic=30/20,26/13 foesHP=0,0
pattern trainer=0 turn=0 foePP=0,0 foeAtkDef=0,0 CarlAtk=0 foeLevel=0
support PP=0,0 Carl-defense=0 enemy-attack=0,0
party action uses=8,40 / 2,40
frame=20027 map=35.0 pos=38,27 flags=0
party=2 HP=30/30,26/26 battle=0 battlers=0 outcome=0 PP=0,0 trial=0 donut-ability=0
persistent PP=8,2 status=0,0
growth level/xp/item=8/399/0,8/709/0 stats maxHP/attack,maxHP/magic=30/20,26/13 foesHP=0,0
pattern trainer=0 turn=0 foePP=0,0 foeAtkDef=0,0 CarlAtk=0 foeLevel=0
support PP=0,0 Carl-defense=0 enemy-attack=0,0
party action uses=8,40 / 2,40
frame=20147 map=35.0 pos=38,27 flags=0
party=2 HP=30/30,26/26 battle=0 battlers=0 outcome=0 PP=0,0 trial=0 donut-ability=0
persistent PP=8,2 status=0,0
growth level/xp/item=8/399/0,8/709/0 stats maxHP/attack,maxHP/magic=30/20,26/13 foesHP=0,0
pattern trainer=0 turn=0 foePP=0,0 foeAtkDef=0,0 CarlAtk=0 foeLevel=0
support PP=0,0 Carl-defense=0 enemy-attack=0,0
party action uses=8,40 / 2,40
frame=20147 map=35.0 pos=38,27 flags=0
party=2 HP=30/30,26/26 battle=0 battlers=0 outcome=0 PP=0,0 trial=0 donut-ability=0
persistent PP=8,2 status=0,0
growth level/xp/item=8/399/0,8/709/0 stats maxHP/attack,maxHP/magic=30/20,26/13 foesHP=0,0
pattern trainer=0 turn=0 foePP=0,0 foeAtkDef=0,0 CarlAtk=0 foeLevel=0
support PP=0,0 Carl-defense=0 enemy-attack=0,0
party action uses=8,40 / 2,40
PASS expect 35 0 38 27 0
frame=20215 map=35.0 pos=42,27 flags=0
party=2 HP=30/30,26/26 battle=0 battlers=0 outcome=0 PP=0,0 trial=0 donut-ability=0
persistent PP=8,2 status=0,0
growth level/xp/item=8/399/0,8/709/0 stats maxHP/attack,maxHP/magic=30/20,26/13 foesHP=0,0
pattern trainer=0 turn=0 foePP=0,0 foeAtkDef=0,0 CarlAtk=0 foeLevel=0
support PP=0,0 Carl-defense=0 enemy-attack=0,0
party action uses=8,40 / 2,40
frame=20255 map=35.0 pos=42,27 flags=0
party=2 HP=30/30,26/26 battle=0 battlers=0 outcome=0 PP=0,0 trial=0 donut-ability=0
persistent PP=8,2 status=0,0
growth level/xp/item=8/399/0,8/709/0 stats maxHP/attack,maxHP/magic=30/20,26/13 foesHP=0,0
pattern trainer=0 turn=0 foePP=0,0 foeAtkDef=0,0 CarlAtk=0 foeLevel=0
support PP=0,0 Carl-defense=0 enemy-attack=0,0
party action uses=8,40 / 2,40
frame=20255 map=35.0 pos=42,27 flags=0
party=2 HP=30/30,26/26 battle=0 battlers=0 outcome=0 PP=0,0 trial=0 donut-ability=0
persistent PP=8,2 status=0,0
growth level/xp/item=8/399/0,8/709/0 stats maxHP/attack,maxHP/magic=30/20,26/13 foesHP=0,0
pattern trainer=0 turn=0 foePP=0,0 foeAtkDef=0,0 CarlAtk=0 foeLevel=0
support PP=0,0 Carl-defense=0 enemy-attack=0,0
party action uses=8,40 / 2,40
PASS expect 35 0 42 27 0
frame=20483 map=35.0 pos=42,41 flags=0
party=2 HP=30/30,26/26 battle=0 battlers=0 outcome=0 PP=0,0 trial=0 donut-ability=0
persistent PP=8,2 status=0,0
growth level/xp/item=8/399/0,8/709/0 stats maxHP/attack,maxHP/magic=30/20,26/13 foesHP=0,0
pattern trainer=0 turn=0 foePP=0,0 foeAtkDef=0,0 CarlAtk=0 foeLevel=0
support PP=0,0 Carl-defense=0 enemy-attack=0,0
party action uses=8,40 / 2,40
frame=20523 map=35.0 pos=42,41 flags=0
party=2 HP=30/30,26/26 battle=0 battlers=0 outcome=0 PP=0,0 trial=0 donut-ability=0
persistent PP=8,2 status=0,0
growth level/xp/item=8/399/0,8/709/0 stats maxHP/attack,maxHP/magic=30/20,26/13 foesHP=0,0
pattern trainer=0 turn=0 foePP=0,0 foeAtkDef=0,0 CarlAtk=0 foeLevel=0
support PP=0,0 Carl-defense=0 enemy-attack=0,0
party action uses=8,40 / 2,40
frame=20523 map=35.0 pos=42,41 flags=0
party=2 HP=30/30,26/26 battle=0 battlers=0 outcome=0 PP=0,0 trial=0 donut-ability=0
persistent PP=8,2 status=0,0
growth level/xp/item=8/399/0,8/709/0 stats maxHP/attack,maxHP/magic=30/20,26/13 foesHP=0,0
pattern trainer=0 turn=0 foePP=0,0 foeAtkDef=0,0 CarlAtk=0 foeLevel=0
support PP=0,0 Carl-defense=0 enemy-attack=0,0
party action uses=8,40 / 2,40
PASS expect 35 0 42 41 0
frame=20703 map=35.0 pos=53,41 flags=0
party=2 HP=30/30,26/26 battle=0 battlers=0 outcome=0 PP=0,0 trial=0 donut-ability=0
persistent PP=8,2 status=0,0
growth level/xp/item=8/399/0,8/709/0 stats maxHP/attack,maxHP/magic=30/20,26/13 foesHP=0,0
pattern trainer=0 turn=0 foePP=0,0 foeAtkDef=0,0 CarlAtk=0 foeLevel=0
support PP=0,0 Carl-defense=0 enemy-attack=0,0
party action uses=8,40 / 2,40
frame=20743 map=35.0 pos=53,41 flags=0
party=2 HP=30/30,26/26 battle=0 battlers=0 outcome=0 PP=0,0 trial=0 donut-ability=0
persistent PP=8,2 status=0,0
growth level/xp/item=8/399/0,8/709/0 stats maxHP/attack,maxHP/magic=30/20,26/13 foesHP=0,0
pattern trainer=0 turn=0 foePP=0,0 foeAtkDef=0,0 CarlAtk=0 foeLevel=0
support PP=0,0 Carl-defense=0 enemy-attack=0,0
party action uses=8,40 / 2,40
frame=20743 map=35.0 pos=53,41 flags=0
party=2 HP=30/30,26/26 battle=0 battlers=0 outcome=0 PP=0,0 trial=0 donut-ability=0
persistent PP=8,2 status=0,0
growth level/xp/item=8/399/0,8/709/0 stats maxHP/attack,maxHP/magic=30/20,26/13 foesHP=0,0
pattern trainer=0 turn=0 foePP=0,0 foeAtkDef=0,0 CarlAtk=0 foeLevel=0
support PP=0,0 Carl-defense=0 enemy-attack=0,0
party action uses=8,40 / 2,40
PASS expect 35 0 53 41 0
frame=20763 map=35.0 pos=53,42 flags=0
party=2 HP=30/30,26/26 battle=0 battlers=0 outcome=0 PP=0,0 trial=0 donut-ability=0
persistent PP=8,2 status=0,0
growth level/xp/item=8/399/0,8/709/0 stats maxHP/attack,maxHP/magic=30/20,26/13 foesHP=0,0
pattern trainer=0 turn=0 foePP=0,0 foeAtkDef=0,0 CarlAtk=0 foeLevel=0
support PP=0,0 Carl-defense=0 enemy-attack=0,0
party action uses=8,40 / 2,40
frame=20803 map=35.0 pos=53,42 flags=0
party=2 HP=30/30,26/26 battle=0 battlers=0 outcome=0 PP=0,0 trial=0 donut-ability=0
persistent PP=8,2 status=0,0
growth level/xp/item=8/399/0,8/709/0 stats maxHP/attack,maxHP/magic=30/20,26/13 foesHP=0,0
pattern trainer=0 turn=0 foePP=0,0 foeAtkDef=0,0 CarlAtk=0 foeLevel=0
support PP=0,0 Carl-defense=0 enemy-attack=0,0
party action uses=8,40 / 2,40
frame=20803 map=35.0 pos=53,42 flags=0
party=2 HP=30/30,26/26 battle=0 battlers=0 outcome=0 PP=0,0 trial=0 donut-ability=0
persistent PP=8,2 status=0,0
growth level/xp/item=8/399/0,8/709/0 stats maxHP/attack,maxHP/magic=30/20,26/13 foesHP=0,0
pattern trainer=0 turn=0 foePP=0,0 foeAtkDef=0,0 CarlAtk=0 foeLevel=0
support PP=0,0 Carl-defense=0 enemy-attack=0,0
party action uses=8,40 / 2,40
PASS expect 35 0 53 42 0
frame=20839 map=35.0 pos=55,42 flags=0
party=2 HP=30/30,26/26 battle=0 battlers=0 outcome=0 PP=0,0 trial=0 donut-ability=0
persistent PP=8,2 status=0,0
growth level/xp/item=8/399/0,8/709/0 stats maxHP/attack,maxHP/magic=30/20,26/13 foesHP=0,0
pattern trainer=0 turn=0 foePP=0,0 foeAtkDef=0,0 CarlAtk=0 foeLevel=0
support PP=0,0 Carl-defense=0 enemy-attack=0,0
party action uses=8,40 / 2,40
frame=20879 map=35.0 pos=55,42 flags=0
party=2 HP=30/30,26/26 battle=0 battlers=0 outcome=0 PP=0,0 trial=0 donut-ability=0
persistent PP=8,2 status=0,0
growth level/xp/item=8/399/0,8/709/0 stats maxHP/attack,maxHP/magic=30/20,26/13 foesHP=0,0
pattern trainer=0 turn=0 foePP=0,0 foeAtkDef=0,0 CarlAtk=0 foeLevel=0
support PP=0,0 Carl-defense=0 enemy-attack=0,0
party action uses=8,40 / 2,40
frame=20879 map=35.0 pos=55,42 flags=0
party=2 HP=30/30,26/26 battle=0 battlers=0 outcome=0 PP=0,0 trial=0 donut-ability=0
persistent PP=8,2 status=0,0
growth level/xp/item=8/399/0,8/709/0 stats maxHP/attack,maxHP/magic=30/20,26/13 foesHP=0,0
pattern trainer=0 turn=0 foePP=0,0 foeAtkDef=0,0 CarlAtk=0 foeLevel=0
support PP=0,0 Carl-defense=0 enemy-attack=0,0
party action uses=8,40 / 2,40
PASS expect 35 0 55 42 0
frame=21027 map=35.0 pos=55,42 flags=0
party=2 HP=30/30,26/26 battle=0 battlers=0 outcome=0 PP=0,0 trial=0 donut-ability=0
persistent PP=8,2 status=0,0
growth level/xp/item=8/399/0,8/709/0 stats maxHP/attack,maxHP/magic=30/20,26/13 foesHP=0,0
pattern trainer=0 turn=0 foePP=0,0 foeAtkDef=0,0 CarlAtk=0 foeLevel=0
support PP=0,0 Carl-defense=0 enemy-attack=0,0
party action uses=8,40 / 2,40
frame=21067 map=35.0 pos=55,42 flags=0
party=2 HP=30/30,26/26 battle=0 battlers=0 outcome=0 PP=0,0 trial=0 donut-ability=0
persistent PP=8,2 status=0,0
growth level/xp/item=8/399/0,8/709/0 stats maxHP/attack,maxHP/magic=30/20,26/13 foesHP=0,0
pattern trainer=0 turn=0 foePP=0,0 foeAtkDef=0,0 CarlAtk=0 foeLevel=0
support PP=0,0 Carl-defense=0 enemy-attack=0,0
party action uses=8,40 / 2,40
frame=21067 map=35.0 pos=55,42 flags=0
party=2 HP=30/30,26/26 battle=0 battlers=0 outcome=0 PP=0,0 trial=0 donut-ability=0
persistent PP=8,2 status=0,0
growth level/xp/item=8/399/0,8/709/0 stats maxHP/attack,maxHP/magic=30/20,26/13 foesHP=0,0
pattern trainer=0 turn=0 foePP=0,0 foeAtkDef=0,0 CarlAtk=0 foeLevel=0
support PP=0,0 Carl-defense=0 enemy-attack=0,0
party action uses=8,40 / 2,40
PASS expect 35 0 55 42 0
frame=21103 map=35.0 pos=53,42 flags=0
party=2 HP=30/30,26/26 battle=0 battlers=0 outcome=0 PP=0,0 trial=0 donut-ability=0
persistent PP=8,2 status=0,0
growth level/xp/item=8/399/0,8/709/0 stats maxHP/attack,maxHP/magic=30/20,26/13 foesHP=0,0
pattern trainer=0 turn=0 foePP=0,0 foeAtkDef=0,0 CarlAtk=0 foeLevel=0
support PP=0,0 Carl-defense=0 enemy-attack=0,0
party action uses=8,40 / 2,40
frame=21143 map=35.0 pos=53,42 flags=0
party=2 HP=30/30,26/26 battle=0 battlers=0 outcome=0 PP=0,0 trial=0 donut-ability=0
persistent PP=8,2 status=0,0
growth level/xp/item=8/399/0,8/709/0 stats maxHP/attack,maxHP/magic=30/20,26/13 foesHP=0,0
pattern trainer=0 turn=0 foePP=0,0 foeAtkDef=0,0 CarlAtk=0 foeLevel=0
support PP=0,0 Carl-defense=0 enemy-attack=0,0
party action uses=8,40 / 2,40
frame=21143 map=35.0 pos=53,42 flags=0
party=2 HP=30/30,26/26 battle=0 battlers=0 outcome=0 PP=0,0 trial=0 donut-ability=0
persistent PP=8,2 status=0,0
growth level/xp/item=8/399/0,8/709/0 stats maxHP/attack,maxHP/magic=30/20,26/13 foesHP=0,0
pattern trainer=0 turn=0 foePP=0,0 foeAtkDef=0,0 CarlAtk=0 foeLevel=0
support PP=0,0 Carl-defense=0 enemy-attack=0,0
party action uses=8,40 / 2,40
PASS expect 35 0 53 42 0
frame=21163 map=35.0 pos=53,41 flags=0
party=2 HP=30/30,26/26 battle=0 battlers=0 outcome=0 PP=0,0 trial=0 donut-ability=0
persistent PP=8,2 status=0,0
growth level/xp/item=8/399/0,8/709/0 stats maxHP/attack,maxHP/magic=30/20,26/13 foesHP=0,0
pattern trainer=0 turn=0 foePP=0,0 foeAtkDef=0,0 CarlAtk=0 foeLevel=0
support PP=0,0 Carl-defense=0 enemy-attack=0,0
party action uses=8,40 / 2,40
frame=21203 map=35.0 pos=53,41 flags=0
party=2 HP=30/30,26/26 battle=0 battlers=0 outcome=0 PP=0,0 trial=0 donut-ability=0
persistent PP=8,2 status=0,0
growth level/xp/item=8/399/0,8/709/0 stats maxHP/attack,maxHP/magic=30/20,26/13 foesHP=0,0
pattern trainer=0 turn=0 foePP=0,0 foeAtkDef=0,0 CarlAtk=0 foeLevel=0
support PP=0,0 Carl-defense=0 enemy-attack=0,0
party action uses=8,40 / 2,40
frame=21203 map=35.0 pos=53,41 flags=0
party=2 HP=30/30,26/26 battle=0 battlers=0 outcome=0 PP=0,0 trial=0 donut-ability=0
persistent PP=8,2 status=0,0
growth level/xp/item=8/399/0,8/709/0 stats maxHP/attack,maxHP/magic=30/20,26/13 foesHP=0,0
pattern trainer=0 turn=0 foePP=0,0 foeAtkDef=0,0 CarlAtk=0 foeLevel=0
support PP=0,0 Carl-defense=0 enemy-attack=0,0
party action uses=8,40 / 2,40
PASS expect 35 0 53 41 0
frame=21383 map=35.0 pos=42,41 flags=0
party=2 HP=30/30,26/26 battle=0 battlers=0 outcome=0 PP=0,0 trial=0 donut-ability=0
persistent PP=8,2 status=0,0
growth level/xp/item=8/399/0,8/709/0 stats maxHP/attack,maxHP/magic=30/20,26/13 foesHP=0,0
pattern trainer=0 turn=0 foePP=0,0 foeAtkDef=0,0 CarlAtk=0 foeLevel=0
support PP=0,0 Carl-defense=0 enemy-attack=0,0
party action uses=8,40 / 2,40
frame=21423 map=35.0 pos=42,41 flags=0
party=2 HP=30/30,26/26 battle=0 battlers=0 outcome=0 PP=0,0 trial=0 donut-ability=0
persistent PP=8,2 status=0,0
growth level/xp/item=8/399/0,8/709/0 stats maxHP/attack,maxHP/magic=30/20,26/13 foesHP=0,0
pattern trainer=0 turn=0 foePP=0,0 foeAtkDef=0,0 CarlAtk=0 foeLevel=0
support PP=0,0 Carl-defense=0 enemy-attack=0,0
party action uses=8,40 / 2,40
frame=21423 map=35.0 pos=42,41 flags=0
party=2 HP=30/30,26/26 battle=0 battlers=0 outcome=0 PP=0,0 trial=0 donut-ability=0
persistent PP=8,2 status=0,0
growth level/xp/item=8/399/0,8/709/0 stats maxHP/attack,maxHP/magic=30/20,26/13 foesHP=0,0
pattern trainer=0 turn=0 foePP=0,0 foeAtkDef=0,0 CarlAtk=0 foeLevel=0
support PP=0,0 Carl-defense=0 enemy-attack=0,0
party action uses=8,40 / 2,40
PASS expect 35 0 42 41 0
frame=21875 map=35.0 pos=42,13 flags=0
party=2 HP=30/30,26/26 battle=0 battlers=0 outcome=0 PP=0,0 trial=0 donut-ability=0
persistent PP=8,2 status=0,0
growth level/xp/item=8/399/0,8/709/0 stats maxHP/attack,maxHP/magic=30/20,26/13 foesHP=0,0
pattern trainer=0 turn=0 foePP=0,0 foeAtkDef=0,0 CarlAtk=0 foeLevel=0
support PP=0,0 Carl-defense=0 enemy-attack=0,0
party action uses=8,40 / 2,40
frame=21915 map=35.0 pos=42,13 flags=0
party=2 HP=30/30,26/26 battle=0 battlers=0 outcome=0 PP=0,0 trial=0 donut-ability=0
persistent PP=8,2 status=0,0
growth level/xp/item=8/399/0,8/709/0 stats maxHP/attack,maxHP/magic=30/20,26/13 foesHP=0,0
pattern trainer=0 turn=0 foePP=0,0 foeAtkDef=0,0 CarlAtk=0 foeLevel=0
support PP=0,0 Carl-defense=0 enemy-attack=0,0
party action uses=8,40 / 2,40
frame=21915 map=35.0 pos=42,13 flags=0
party=2 HP=30/30,26/26 battle=0 battlers=0 outcome=0 PP=0,0 trial=0 donut-ability=0
persistent PP=8,2 status=0,0
growth level/xp/item=8/399/0,8/709/0 stats maxHP/attack,maxHP/magic=30/20,26/13 foesHP=0,0
pattern trainer=0 turn=0 foePP=0,0 foeAtkDef=0,0 CarlAtk=0 foeLevel=0
support PP=0,0 Carl-defense=0 enemy-attack=0,0
party action uses=8,40 / 2,40
PASS expect 35 0 42 13 0
frame=21967 map=35.0 pos=45,13 flags=0
party=2 HP=30/30,26/26 battle=0 battlers=0 outcome=0 PP=0,0 trial=0 donut-ability=0
persistent PP=8,2 status=0,0
growth level/xp/item=8/399/0,8/709/0 stats maxHP/attack,maxHP/magic=30/20,26/13 foesHP=0,0
pattern trainer=0 turn=0 foePP=0,0 foeAtkDef=0,0 CarlAtk=0 foeLevel=0
support PP=0,0 Carl-defense=0 enemy-attack=0,0
party action uses=8,40 / 2,40
frame=22007 map=35.0 pos=45,13 flags=0
party=2 HP=30/30,26/26 battle=0 battlers=0 outcome=0 PP=0,0 trial=0 donut-ability=0
persistent PP=8,2 status=0,0
growth level/xp/item=8/399/0,8/709/0 stats maxHP/attack,maxHP/magic=30/20,26/13 foesHP=0,0
pattern trainer=0 turn=0 foePP=0,0 foeAtkDef=0,0 CarlAtk=0 foeLevel=0
support PP=0,0 Carl-defense=0 enemy-attack=0,0
party action uses=8,40 / 2,40
frame=22007 map=35.0 pos=45,13 flags=0
party=2 HP=30/30,26/26 battle=0 battlers=0 outcome=0 PP=0,0 trial=0 donut-ability=0
persistent PP=8,2 status=0,0
growth level/xp/item=8/399/0,8/709/0 stats maxHP/attack,maxHP/magic=30/20,26/13 foesHP=0,0
pattern trainer=0 turn=0 foePP=0,0 foeAtkDef=0,0 CarlAtk=0 foeLevel=0
support PP=0,0 Carl-defense=0 enemy-attack=0,0
party action uses=8,40 / 2,40
PASS expect 35 0 45 13 0
frame=22155 map=35.0 pos=45,13 flags=0
party=2 HP=30/30,26/26 battle=0 battlers=0 outcome=0 PP=0,0 trial=0 donut-ability=0
persistent PP=8,2 status=0,0
growth level/xp/item=8/399/0,8/709/0 stats maxHP/attack,maxHP/magic=30/20,26/13 foesHP=0,0
pattern trainer=0 turn=0 foePP=0,0 foeAtkDef=0,0 CarlAtk=0 foeLevel=0
support PP=0,0 Carl-defense=0 enemy-attack=0,0
party action uses=8,40 / 2,40
frame=22195 map=35.0 pos=45,13 flags=0
party=2 HP=30/30,26/26 battle=0 battlers=0 outcome=0 PP=0,0 trial=0 donut-ability=0
persistent PP=8,2 status=0,0
growth level/xp/item=8/399/0,8/709/0 stats maxHP/attack,maxHP/magic=30/20,26/13 foesHP=0,0
pattern trainer=0 turn=0 foePP=0,0 foeAtkDef=0,0 CarlAtk=0 foeLevel=0
support PP=0,0 Carl-defense=0 enemy-attack=0,0
party action uses=8,40 / 2,40
frame=22195 map=35.0 pos=45,13 flags=0
party=2 HP=30/30,26/26 battle=0 battlers=0 outcome=0 PP=0,0 trial=0 donut-ability=0
persistent PP=8,2 status=0,0
growth level/xp/item=8/399/0,8/709/0 stats maxHP/attack,maxHP/magic=30/20,26/13 foesHP=0,0
pattern trainer=0 turn=0 foePP=0,0 foeAtkDef=0,0 CarlAtk=0 foeLevel=0
support PP=0,0 Carl-defense=0 enemy-attack=0,0
party action uses=8,40 / 2,40
PASS expect 35 0 45 13 0
frame=22247 map=35.0 pos=45,16 flags=0
party=2 HP=30/30,26/26 battle=0 battlers=0 outcome=0 PP=0,0 trial=0 donut-ability=0
persistent PP=8,2 status=0,0
growth level/xp/item=8/399/0,8/709/0 stats maxHP/attack,maxHP/magic=30/20,26/13 foesHP=0,0
pattern trainer=0 turn=0 foePP=0,0 foeAtkDef=0,0 CarlAtk=0 foeLevel=0
support PP=0,0 Carl-defense=0 enemy-attack=0,0
party action uses=8,40 / 2,40
frame=22287 map=35.0 pos=45,16 flags=0
party=2 HP=30/30,26/26 battle=0 battlers=0 outcome=0 PP=0,0 trial=0 donut-ability=0
persistent PP=8,2 status=0,0
growth level/xp/item=8/399/0,8/709/0 stats maxHP/attack,maxHP/magic=30/20,26/13 foesHP=0,0
pattern trainer=0 turn=0 foePP=0,0 foeAtkDef=0,0 CarlAtk=0 foeLevel=0
support PP=0,0 Carl-defense=0 enemy-attack=0,0
party action uses=8,40 / 2,40
frame=22287 map=35.0 pos=45,16 flags=0
party=2 HP=30/30,26/26 battle=0 battlers=0 outcome=0 PP=0,0 trial=0 donut-ability=0
persistent PP=8,2 status=0,0
growth level/xp/item=8/399/0,8/709/0 stats maxHP/attack,maxHP/magic=30/20,26/13 foesHP=0,0
pattern trainer=0 turn=0 foePP=0,0 foeAtkDef=0,0 CarlAtk=0 foeLevel=0
support PP=0,0 Carl-defense=0 enemy-attack=0,0
party action uses=8,40 / 2,40
PASS expect 35 0 45 16 0
frame=22467 map=35.0 pos=34,16 flags=0
party=2 HP=30/30,26/26 battle=0 battlers=0 outcome=0 PP=0,0 trial=0 donut-ability=0
persistent PP=8,2 status=0,0
growth level/xp/item=8/399/0,8/709/0 stats maxHP/attack,maxHP/magic=30/20,26/13 foesHP=0,0
pattern trainer=0 turn=0 foePP=0,0 foeAtkDef=0,0 CarlAtk=0 foeLevel=0
support PP=0,0 Carl-defense=0 enemy-attack=0,0
party action uses=8,40 / 2,40
frame=22507 map=35.0 pos=34,16 flags=0
party=2 HP=30/30,26/26 battle=0 battlers=0 outcome=0 PP=0,0 trial=0 donut-ability=0
persistent PP=8,2 status=0,0
growth level/xp/item=8/399/0,8/709/0 stats maxHP/attack,maxHP/magic=30/20,26/13 foesHP=0,0
pattern trainer=0 turn=0 foePP=0,0 foeAtkDef=0,0 CarlAtk=0 foeLevel=0
support PP=0,0 Carl-defense=0 enemy-attack=0,0
party action uses=8,40 / 2,40
frame=22507 map=35.0 pos=34,16 flags=0
party=2 HP=30/30,26/26 battle=0 battlers=0 outcome=0 PP=0,0 trial=0 donut-ability=0
persistent PP=8,2 status=0,0
growth level/xp/item=8/399/0,8/709/0 stats maxHP/attack,maxHP/magic=30/20,26/13 foesHP=0,0
pattern trainer=0 turn=0 foePP=0,0 foeAtkDef=0,0 CarlAtk=0 foeLevel=0
support PP=0,0 Carl-defense=0 enemy-attack=0,0
party action uses=8,40 / 2,40
PASS expect 35 0 34 16 0
frame=22543 map=35.0 pos=36,16 flags=0
party=2 HP=30/30,26/26 battle=0 battlers=0 outcome=0 PP=0,0 trial=0 donut-ability=0
persistent PP=8,2 status=0,0
growth level/xp/item=8/399/0,8/709/0 stats maxHP/attack,maxHP/magic=30/20,26/13 foesHP=0,0
pattern trainer=0 turn=0 foePP=0,0 foeAtkDef=0,0 CarlAtk=0 foeLevel=0
support PP=0,0 Carl-defense=0 enemy-attack=0,0
party action uses=8,40 / 2,40
frame=22583 map=35.0 pos=36,16 flags=0
party=2 HP=30/30,26/26 battle=0 battlers=0 outcome=0 PP=0,0 trial=0 donut-ability=0
persistent PP=8,2 status=0,0
growth level/xp/item=8/399/0,8/709/0 stats maxHP/attack,maxHP/magic=30/20,26/13 foesHP=0,0
pattern trainer=0 turn=0 foePP=0,0 foeAtkDef=0,0 CarlAtk=0 foeLevel=0
support PP=0,0 Carl-defense=0 enemy-attack=0,0
party action uses=8,40 / 2,40
frame=22583 map=35.0 pos=36,16 flags=0
party=2 HP=30/30,26/26 battle=0 battlers=0 outcome=0 PP=0,0 trial=0 donut-ability=0
persistent PP=8,2 status=0,0
growth level/xp/item=8/399/0,8/709/0 stats maxHP/attack,maxHP/magic=30/20,26/13 foesHP=0,0
pattern trainer=0 turn=0 foePP=0,0 foeAtkDef=0,0 CarlAtk=0 foeLevel=0
support PP=0,0 Carl-defense=0 enemy-attack=0,0
party action uses=8,40 / 2,40
PASS expect 35 0 36 16 0
frame=22635 map=35.0 pos=36,13 flags=0
party=2 HP=30/30,26/26 battle=0 battlers=0 outcome=0 PP=0,0 trial=0 donut-ability=0
persistent PP=8,2 status=0,0
growth level/xp/item=8/399/0,8/709/0 stats maxHP/attack,maxHP/magic=30/20,26/13 foesHP=0,0
pattern trainer=0 turn=0 foePP=0,0 foeAtkDef=0,0 CarlAtk=0 foeLevel=0
support PP=0,0 Carl-defense=0 enemy-attack=0,0
party action uses=8,40 / 2,40
frame=22675 map=35.0 pos=36,13 flags=0
party=2 HP=30/30,26/26 battle=0 battlers=0 outcome=0 PP=0,0 trial=0 donut-ability=0
persistent PP=8,2 status=0,0
growth level/xp/item=8/399/0,8/709/0 stats maxHP/attack,maxHP/magic=30/20,26/13 foesHP=0,0
pattern trainer=0 turn=0 foePP=0,0 foeAtkDef=0,0 CarlAtk=0 foeLevel=0
support PP=0,0 Carl-defense=0 enemy-attack=0,0
party action uses=8,40 / 2,40
frame=22675 map=35.0 pos=36,13 flags=0
party=2 HP=30/30,26/26 battle=0 battlers=0 outcome=0 PP=0,0 trial=0 donut-ability=0
persistent PP=8,2 status=0,0
growth level/xp/item=8/399/0,8/709/0 stats maxHP/attack,maxHP/magic=30/20,26/13 foesHP=0,0
pattern trainer=0 turn=0 foePP=0,0 foeAtkDef=0,0 CarlAtk=0 foeLevel=0
support PP=0,0 Carl-defense=0 enemy-attack=0,0
party action uses=8,40 / 2,40
PASS expect 35 0 36 13 0
frame=22727 map=35.0 pos=33,13 flags=0
party=2 HP=30/30,26/26 battle=0 battlers=0 outcome=0 PP=0,0 trial=0 donut-ability=0
persistent PP=8,2 status=0,0
growth level/xp/item=8/399/0,8/709/0 stats maxHP/attack,maxHP/magic=30/20,26/13 foesHP=0,0
pattern trainer=0 turn=0 foePP=0,0 foeAtkDef=0,0 CarlAtk=0 foeLevel=0
support PP=0,0 Carl-defense=0 enemy-attack=0,0
party action uses=8,40 / 2,40
frame=22767 map=35.0 pos=33,13 flags=0
party=2 HP=30/30,26/26 battle=0 battlers=0 outcome=0 PP=0,0 trial=0 donut-ability=0
persistent PP=8,2 status=0,0
growth level/xp/item=8/399/0,8/709/0 stats maxHP/attack,maxHP/magic=30/20,26/13 foesHP=0,0
pattern trainer=0 turn=0 foePP=0,0 foeAtkDef=0,0 CarlAtk=0 foeLevel=0
support PP=0,0 Carl-defense=0 enemy-attack=0,0
party action uses=8,40 / 2,40
frame=22767 map=35.0 pos=33,13 flags=0
party=2 HP=30/30,26/26 battle=0 battlers=0 outcome=0 PP=0,0 trial=0 donut-ability=0
persistent PP=8,2 status=0,0
growth level/xp/item=8/399/0,8/709/0 stats maxHP/attack,maxHP/magic=30/20,26/13 foesHP=0,0
pattern trainer=0 turn=0 foePP=0,0 foeAtkDef=0,0 CarlAtk=0 foeLevel=0
support PP=0,0 Carl-defense=0 enemy-attack=0,0
party action uses=8,40 / 2,40
PASS expect 35 0 33 13 0
frame=22787 map=35.0 pos=33,12 flags=0
party=2 HP=30/30,26/26 battle=0 battlers=0 outcome=0 PP=0,0 trial=0 donut-ability=0
persistent PP=8,2 status=0,0
growth level/xp/item=8/399/0,8/709/0 stats maxHP/attack,maxHP/magic=30/20,26/13 foesHP=0,0
pattern trainer=0 turn=0 foePP=0,0 foeAtkDef=0,0 CarlAtk=0 foeLevel=0
support PP=0,0 Carl-defense=0 enemy-attack=0,0
party action uses=8,40 / 2,40
frame=22827 map=35.0 pos=33,12 flags=0
party=2 HP=30/30,26/26 battle=0 battlers=0 outcome=0 PP=0,0 trial=0 donut-ability=0
persistent PP=8,2 status=0,0
growth level/xp/item=8/399/0,8/709/0 stats maxHP/attack,maxHP/magic=30/20,26/13 foesHP=0,0
pattern trainer=0 turn=0 foePP=0,0 foeAtkDef=0,0 CarlAtk=0 foeLevel=0
support PP=0,0 Carl-defense=0 enemy-attack=0,0
party action uses=8,40 / 2,40
frame=22827 map=35.0 pos=33,12 flags=0
party=2 HP=30/30,26/26 battle=0 battlers=0 outcome=0 PP=0,0 trial=0 donut-ability=0
persistent PP=8,2 status=0,0
growth level/xp/item=8/399/0,8/709/0 stats maxHP/attack,maxHP/magic=30/20,26/13 foesHP=0,0
pattern trainer=0 turn=0 foePP=0,0 foeAtkDef=0,0 CarlAtk=0 foeLevel=0
support PP=0,0 Carl-defense=0 enemy-attack=0,0
party action uses=8,40 / 2,40
PASS expect 35 0 33 12 0
frame=22879 map=35.0 pos=30,12 flags=0
party=2 HP=30/30,26/26 battle=0 battlers=0 outcome=0 PP=0,0 trial=0 donut-ability=0
persistent PP=8,2 status=0,0
growth level/xp/item=8/399/0,8/709/0 stats maxHP/attack,maxHP/magic=30/20,26/13 foesHP=0,0
pattern trainer=0 turn=0 foePP=0,0 foeAtkDef=0,0 CarlAtk=0 foeLevel=0
support PP=0,0 Carl-defense=0 enemy-attack=0,0
party action uses=8,40 / 2,40
frame=22919 map=35.0 pos=30,12 flags=0
party=2 HP=30/30,26/26 battle=0 battlers=0 outcome=0 PP=0,0 trial=0 donut-ability=0
persistent PP=8,2 status=0,0
growth level/xp/item=8/399/0,8/709/0 stats maxHP/attack,maxHP/magic=30/20,26/13 foesHP=0,0
pattern trainer=0 turn=0 foePP=0,0 foeAtkDef=0,0 CarlAtk=0 foeLevel=0
support PP=0,0 Carl-defense=0 enemy-attack=0,0
party action uses=8,40 / 2,40
frame=22919 map=35.0 pos=30,12 flags=0
party=2 HP=30/30,26/26 battle=0 battlers=0 outcome=0 PP=0,0 trial=0 donut-ability=0
persistent PP=8,2 status=0,0
growth level/xp/item=8/399/0,8/709/0 stats maxHP/attack,maxHP/magic=30/20,26/13 foesHP=0,0
pattern trainer=0 turn=0 foePP=0,0 foeAtkDef=0,0 CarlAtk=0 foeLevel=0
support PP=0,0 Carl-defense=0 enemy-attack=0,0
party action uses=8,40 / 2,40
PASS expect 35 0 30 12 0
frame=22959 map=35.0 pos=30,12 flags=0
party=2 HP=30/30,26/26 battle=0 battlers=0 outcome=0 PP=0,0 trial=0 donut-ability=0
persistent PP=8,2 status=0,0
growth level/xp/item=8/399/0,8/709/0 stats maxHP/attack,maxHP/magic=30/20,26/13 foesHP=0,0
pattern trainer=0 turn=0 foePP=0,0 foeAtkDef=0,0 CarlAtk=0 foeLevel=0
support PP=0,0 Carl-defense=0 enemy-attack=0,0
party action uses=8,40 / 2,40
frame=22959 map=35.0 pos=30,12 flags=0
party=2 HP=30/30,26/26 battle=0 battlers=0 outcome=0 PP=0,0 trial=0 donut-ability=0
persistent PP=8,2 status=0,0
growth level/xp/item=8/399/0,8/709/0 stats maxHP/attack,maxHP/magic=30/20,26/13 foesHP=0,0
PASS flag 32 0
pattern trainer=0 turn=0 foePP=0,0 foeAtkDef=0,0 CarlAtk=0 foeLevel=0
support PP=0,0 Carl-defense=0 enemy-attack=0,0
party action uses=8,40 / 2,40
frame=22959 map=35.0 pos=30,12 flags=0
party=2 HP=30/30,26/26 battle=0 battlers=0 outcome=0 PP=0,0 trial=0 donut-ability=0
persistent PP=8,2 status=0,0
growth level/xp/item=8/399/0,8/709/0 stats maxHP/attack,maxHP/magic=30/20,26/13 foesHP=0,0
PASS flag 33 0
pattern trainer=0 turn=0 foePP=0,0 foeAtkDef=0,0 CarlAtk=0 foeLevel=0
support PP=0,0 Carl-defense=0 enemy-attack=0,0
party action uses=8,40 / 2,40
frame=22959 map=35.0 pos=30,12 flags=0
party=2 HP=30/30,26/26 battle=0 battlers=0 outcome=0 PP=0,0 trial=0 donut-ability=0
persistent PP=8,2 status=0,0
growth level/xp/item=8/399/0,8/709/0 stats maxHP/attack,maxHP/magic=30/20,26/13 foesHP=0,0
PASS flag 34 0
pattern trainer=0 turn=0 foePP=0,0 foeAtkDef=0,0 CarlAtk=0 foeLevel=0
support PP=0,0 Carl-defense=0 enemy-attack=0,0
party action uses=8,40 / 2,40
frame=22959 map=35.0 pos=30,12 flags=0
party=2 HP=30/30,26/26 battle=0 battlers=0 outcome=0 PP=0,0 trial=0 donut-ability=0
persistent PP=8,2 status=0,0
growth level/xp/item=8/399/0,8/709/0 stats maxHP/attack,maxHP/magic=30/20,26/13 foesHP=0,0
PASS flag 35 0
pattern trainer=0 turn=0 foePP=0,0 foeAtkDef=0,0 CarlAtk=0 foeLevel=0
support PP=0,0 Carl-defense=0 enemy-attack=0,0
party action uses=8,40 / 2,40
frame=22959 map=35.0 pos=30,12 flags=0
party=2 HP=30/30,26/26 battle=0 battlers=0 outcome=0 PP=0,0 trial=0 donut-ability=0
persistent PP=8,2 status=0,0
growth level/xp/item=8/399/0,8/709/0 stats maxHP/attack,maxHP/magic=30/20,26/13 foesHP=0,0
PASS flag 36 0
pattern trainer=0 turn=0 foePP=0,0 foeAtkDef=0,0 CarlAtk=0 foeLevel=0
support PP=0,0 Carl-defense=0 enemy-attack=0,0
party action uses=8,40 / 2,40
frame=22959 map=35.0 pos=30,12 flags=0
party=2 HP=30/30,26/26 battle=0 battlers=0 outcome=0 PP=0,0 trial=0 donut-ability=0
persistent PP=8,2 status=0,0
growth level/xp/item=8/399/0,8/709/0 stats maxHP/attack,maxHP/magic=30/20,26/13 foesHP=0,0
PASS flag 37 0
pattern trainer=0 turn=0 foePP=0,0 foeAtkDef=0,0 CarlAtk=0 foeLevel=0
support PP=0,0 Carl-defense=0 enemy-attack=0,0
party action uses=8,40 / 2,40
frame=22959 map=35.0 pos=30,12 flags=0
party=2 HP=30/30,26/26 battle=0 battlers=0 outcome=0 PP=0,0 trial=0 donut-ability=0
persistent PP=8,2 status=0,0
growth level/xp/item=8/399/0,8/709/0 stats maxHP/attack,maxHP/magic=30/20,26/13 foesHP=0,0
PASS flag 38 0
pattern trainer=0 turn=0 foePP=0,0 foeAtkDef=0,0 CarlAtk=0 foeLevel=0
support PP=0,0 Carl-defense=0 enemy-attack=0,0
party action uses=8,40 / 2,40
frame=22959 map=35.0 pos=30,12 flags=0
party=2 HP=30/30,26/26 battle=0 battlers=0 outcome=0 PP=0,0 trial=0 donut-ability=0
persistent PP=8,2 status=0,0
growth level/xp/item=8/399/0,8/709/0 stats maxHP/attack,maxHP/magic=30/20,26/13 foesHP=0,0
PASS flag 39 0
pattern trainer=0 turn=0 foePP=0,0 foeAtkDef=0,0 CarlAtk=0 foeLevel=0
support PP=0,0 Carl-defense=0 enemy-attack=0,0
party action uses=8,40 / 2,40
frame=22959 map=35.0 pos=30,12 flags=0
party=2 HP=30/30,26/26 battle=0 battlers=0 outcome=0 PP=0,0 trial=0 donut-ability=0
persistent PP=8,2 status=0,0
growth level/xp/item=8/399/0,8/709/0 stats maxHP/attack,maxHP/magic=30/20,26/13 foesHP=0,0
PASS flag 40 0
pattern trainer=0 turn=0 foePP=0,0 foeAtkDef=0,0 CarlAtk=0 foeLevel=0
support PP=0,0 Carl-defense=0 enemy-attack=0,0
party action uses=8,40 / 2,40
frame=22959 map=35.0 pos=30,12 flags=0
party=2 HP=30/30,26/26 battle=0 battlers=0 outcome=0 PP=0,0 trial=0 donut-ability=0
persistent PP=8,2 status=0,0
growth level/xp/item=8/399/0,8/709/0 stats maxHP/attack,maxHP/magic=30/20,26/13 foesHP=0,0
PASS flag 41 0
pattern trainer=0 turn=0 foePP=0,0 foeAtkDef=0,0 CarlAtk=0 foeLevel=0
support PP=0,0 Carl-defense=0 enemy-attack=0,0
party action uses=8,40 / 2,40
frame=22959 map=35.0 pos=30,12 flags=0
party=2 HP=30/30,26/26 battle=0 battlers=0 outcome=0 PP=0,0 trial=0 donut-ability=0
persistent PP=8,2 status=0,0
growth level/xp/item=8/399/0,8/709/0 stats maxHP/attack,maxHP/magic=30/20,26/13 foesHP=0,0
PASS flag 42 0
pattern trainer=0 turn=0 foePP=0,0 foeAtkDef=0,0 CarlAtk=0 foeLevel=0
support PP=0,0 Carl-defense=0 enemy-attack=0,0
party action uses=8,40 / 2,40
frame=22959 map=35.0 pos=30,12 flags=0
party=2 HP=30/30,26/26 battle=0 battlers=0 outcome=0 PP=0,0 trial=0 donut-ability=0
persistent PP=8,2 status=0,0
growth level/xp/item=8/399/0,8/709/0 stats maxHP/attack,maxHP/magic=30/20,26/13 foesHP=0,0
PASS flag 43 0
pattern trainer=0 turn=0 foePP=0,0 foeAtkDef=0,0 CarlAtk=0 foeLevel=0
support PP=0,0 Carl-defense=0 enemy-attack=0,0
party action uses=8,40 / 2,40
frame=22959 map=35.0 pos=30,12 flags=0
party=2 HP=30/30,26/26 battle=0 battlers=0 outcome=0 PP=0,0 trial=0 donut-ability=0
persistent PP=8,2 status=0,0
growth level/xp/item=8/399/0,8/709/0 stats maxHP/attack,maxHP/magic=30/20,26/13 foesHP=0,0
PASS flag 44 0
pattern trainer=0 turn=0 foePP=0,0 foeAtkDef=0,0 CarlAtk=0 foeLevel=0
support PP=0,0 Carl-defense=0 enemy-attack=0,0
party action uses=8,40 / 2,40
frame=22959 map=35.0 pos=30,12 flags=0
party=2 HP=30/30,26/26 battle=0 battlers=0 outcome=0 PP=0,0 trial=0 donut-ability=0
persistent PP=8,2 status=0,0
growth level/xp/item=8/399/0,8/709/0 stats maxHP/attack,maxHP/magic=30/20,26/13 foesHP=0,0
PASS flag 45 0
pattern trainer=0 turn=0 foePP=0,0 foeAtkDef=0,0 CarlAtk=0 foeLevel=0
support PP=0,0 Carl-defense=0 enemy-attack=0,0
party action uses=8,40 / 2,40
frame=22959 map=35.0 pos=30,12 flags=0
party=2 HP=30/30,26/26 battle=0 battlers=0 outcome=0 PP=0,0 trial=0 donut-ability=0
persistent PP=8,2 status=0,0
growth level/xp/item=8/399/0,8/709/0 stats maxHP/attack,maxHP/magic=30/20,26/13 foesHP=0,0
PASS flag 46 0
pattern trainer=0 turn=0 foePP=0,0 foeAtkDef=0,0 CarlAtk=0 foeLevel=0
support PP=0,0 Carl-defense=0 enemy-attack=0,0
party action uses=8,40 / 2,40
frame=22959 map=35.0 pos=30,12 flags=0
party=2 HP=30/30,26/26 battle=0 battlers=0 outcome=0 PP=0,0 trial=0 donut-ability=0
persistent PP=8,2 status=0,0
growth level/xp/item=8/399/0,8/709/0 stats maxHP/attack,maxHP/magic=30/20,26/13 foesHP=0,0
PASS flag 47 0
pattern trainer=0 turn=0 foePP=0,0 foeAtkDef=0,0 CarlAtk=0 foeLevel=0
support PP=0,0 Carl-defense=0 enemy-attack=0,0
party action uses=8,40 / 2,40
frame=22959 map=35.0 pos=30,12 flags=0
party=2 HP=30/30,26/26 battle=0 battlers=0 outcome=0 PP=0,0 trial=0 donut-ability=0
persistent PP=8,2 status=0,0
growth level/xp/item=8/399/0,8/709/0 stats maxHP/attack,maxHP/magic=30/20,26/13 foesHP=0,0
PASS flag 48 0
pattern trainer=0 turn=0 foePP=0,0 foeAtkDef=0,0 CarlAtk=0 foeLevel=0
support PP=0,0 Carl-defense=0 enemy-attack=0,0
party action uses=8,40 / 2,40
frame=22959 map=35.0 pos=30,12 flags=0
party=2 HP=30/30,26/26 battle=0 battlers=0 outcome=0 PP=0,0 trial=0 donut-ability=0
persistent PP=8,2 status=0,0
growth level/xp/item=8/399/0,8/709/0 stats maxHP/attack,maxHP/magic=30/20,26/13 foesHP=0,0
PASS flag 2135 0
pattern trainer=0 turn=0 foePP=0,0 foeAtkDef=0,0 CarlAtk=0 foeLevel=0
support PP=0,0 Carl-defense=0 enemy-attack=0,0
party action uses=8,40 / 2,40
frame=22959 map=35.0 pos=30,12 flags=0
party=2 HP=30/30,26/26 battle=0 battlers=0 outcome=0 PP=0,0 trial=0 donut-ability=0
persistent PP=8,2 status=0,0
growth level/xp/item=8/399/0,8/709/0 stats maxHP/attack,maxHP/magic=30/20,26/13 foesHP=0,0
PASS flag 2136 0
pattern trainer=0 turn=0 foePP=0,0 foeAtkDef=0,0 CarlAtk=0 foeLevel=0
support PP=0,0 Carl-defense=0 enemy-attack=0,0
party action uses=8,40 / 2,40
frame=22959 map=35.0 pos=30,12 flags=0
party=2 HP=30/30,26/26 battle=0 battlers=0 outcome=0 PP=0,0 trial=0 donut-ability=0
persistent PP=8,2 status=0,0
growth level/xp/item=8/399/0,8/709/0 stats maxHP/attack,maxHP/magic=30/20,26/13 foesHP=0,0
PASS flag 2137 0
pattern trainer=0 turn=0 foePP=0,0 foeAtkDef=0,0 CarlAtk=0 foeLevel=0
support PP=0,0 Carl-defense=0 enemy-attack=0,0
party action uses=8,40 / 2,40
frame=22959 map=35.0 pos=30,12 flags=0
party=2 HP=30/30,26/26 battle=0 battlers=0 outcome=0 PP=0,0 trial=0 donut-ability=0
persistent PP=8,2 status=0,0
growth level/xp/item=8/399/0,8/709/0 stats maxHP/attack,maxHP/magic=30/20,26/13 foesHP=0,0
PASS flag 2138 0
pattern trainer=0 turn=0 foePP=0,0 foeAtkDef=0,0 CarlAtk=0 foeLevel=0
support PP=0,0 Carl-defense=0 enemy-attack=0,0
party action uses=8,40 / 2,40
frame=22959 map=35.0 pos=30,12 flags=0
party=2 HP=30/30,26/26 battle=0 battlers=0 outcome=0 PP=0,0 trial=0 donut-ability=0
persistent PP=8,2 status=0,0
growth level/xp/item=8/399/0,8/709/0 stats maxHP/attack,maxHP/magic=30/20,26/13 foesHP=0,0
PASS flag 2139 0
pattern trainer=0 turn=0 foePP=0,0 foeAtkDef=0,0 CarlAtk=0 foeLevel=0
support PP=0,0 Carl-defense=0 enemy-attack=0,0
party action uses=8,40 / 2,40
frame=22959 map=35.0 pos=30,12 flags=0
party=2 HP=30/30,26/26 battle=0 battlers=0 outcome=0 PP=0,0 trial=0 donut-ability=0
persistent PP=8,2 status=0,0
growth level/xp/item=8/399/0,8/709/0 stats maxHP/attack,maxHP/magic=30/20,26/13 foesHP=0,0
pattern trainer=0 turn=0 foePP=0,0 foeAtkDef=0,0 CarlAtk=0 foeLevel=0
support PP=0,0 Carl-defense=0 enemy-attack=0,0
party action uses=8,40 / 2,40
PASS duo healthy
frame=22959 map=35.0 pos=30,12 flags=0
party=2 HP=30/30,26/26 battle=0 battlers=0 outcome=0 PP=0,0 trial=0 donut-ability=0
persistent PP=8,2 status=0,0
growth level/xp/item=8/399/0,8/709/0 stats maxHP/attack,maxHP/magic=30/20,26/13 foesHP=0,0
pattern trainer=0 turn=0 foePP=0,0 foeAtkDef=0,0 CarlAtk=0 foeLevel=0
support PP=0,0 Carl-defense=0 enemy-attack=0,0
party action uses=8,40 / 2,40
PASS uses 8 40 2 40
frame=22960 map=35.0 pos=30,12 flags=0
party=2 HP=30/30,26/26 battle=0 battlers=0 outcome=0 PP=0,0 trial=0 donut-ability=0
persistent PP=8,2 status=0,0
growth level/xp/item=8/399/0,8/709/0 stats maxHP/attack,maxHP/magic=30/20,26/13 foesHP=0,0
pattern trainer=0 turn=0 foePP=0,0 foeAtkDef=0,0 CarlAtk=0 foeLevel=0
support PP=0,0 Carl-defense=0 enemy-attack=0,0
party action uses=8,40 / 2,40
frame=23080 map=35.0 pos=30,12 flags=0
party=2 HP=30/30,26/26 battle=0 battlers=0 outcome=0 PP=0,0 trial=0 donut-ability=0
persistent PP=8,2 status=0,0
growth level/xp/item=8/399/0,8/709/0 stats maxHP/attack,maxHP/magic=30/20,26/13 foesHP=0,0
pattern trainer=0 turn=0 foePP=0,0 foeAtkDef=0,0 CarlAtk=0 foeLevel=0
support PP=0,0 Carl-defense=0 enemy-attack=0,0
party action uses=8,40 / 2,40
frame=23081 map=35.0 pos=30,12 flags=0
party=2 HP=30/30,26/26 battle=0 battlers=0 outcome=0 PP=0,0 trial=0 donut-ability=0
persistent PP=8,2 status=0,0
growth level/xp/item=8/399/0,8/709/0 stats maxHP/attack,maxHP/magic=30/20,26/13 foesHP=0,0
pattern trainer=0 turn=0 foePP=0,0 foeAtkDef=0,0 CarlAtk=0 foeLevel=0
support PP=0,0 Carl-defense=0 enemy-attack=0,0
party action uses=8,40 / 2,40
frame=23101 map=35.0 pos=30,12 flags=0
party=2 HP=30/30,26/26 battle=0 battlers=0 outcome=0 PP=0,0 trial=0 donut-ability=0
persistent PP=8,2 status=0,0
growth level/xp/item=8/399/0,8/709/0 stats maxHP/attack,maxHP/magic=30/20,26/13 foesHP=0,0
pattern trainer=0 turn=0 foePP=0,0 foeAtkDef=0,0 CarlAtk=0 foeLevel=0
support PP=0,0 Carl-defense=0 enemy-attack=0,0
party action uses=8,40 / 2,40
frame=23102 map=35.0 pos=30,12 flags=0
party=2 HP=30/30,26/26 battle=0 battlers=0 outcome=0 PP=0,0 trial=0 donut-ability=0
persistent PP=8,2 status=0,0
growth level/xp/item=8/399/0,8/709/0 stats maxHP/attack,maxHP/magic=30/20,26/13 foesHP=0,0
pattern trainer=0 turn=0 foePP=0,0 foeAtkDef=0,0 CarlAtk=0 foeLevel=0
support PP=0,0 Carl-defense=0 enemy-attack=0,0
party action uses=8,40 / 2,40
frame=23122 map=35.0 pos=30,12 flags=0
party=2 HP=30/30,26/26 battle=0 battlers=0 outcome=0 PP=0,0 trial=0 donut-ability=0
persistent PP=8,2 status=0,0
growth level/xp/item=8/399/0,8/709/0 stats maxHP/attack,maxHP/magic=30/20,26/13 foesHP=0,0
pattern trainer=0 turn=0 foePP=0,0 foeAtkDef=0,0 CarlAtk=0 foeLevel=0
support PP=0,0 Carl-defense=0 enemy-attack=0,0
party action uses=8,40 / 2,40
frame=23123 map=35.0 pos=30,12 flags=0
party=2 HP=30/30,26/26 battle=0 battlers=0 outcome=0 PP=0,0 trial=0 donut-ability=0
persistent PP=8,2 status=0,0
growth level/xp/item=8/399/0,8/709/0 stats maxHP/attack,maxHP/magic=30/20,26/13 foesHP=0,0
pattern trainer=0 turn=0 foePP=0,0 foeAtkDef=0,0 CarlAtk=0 foeLevel=0
support PP=0,0 Carl-defense=0 enemy-attack=0,0
party action uses=8,40 / 2,40
frame=23283 map=35.0 pos=30,12 flags=0
party=2 HP=30/30,26/26 battle=0 battlers=0 outcome=0 PP=0,0 trial=0 donut-ability=0
persistent PP=8,2 status=0,0
growth level/xp/item=8/399/0,8/709/0 stats maxHP/attack,maxHP/magic=30/20,26/13 foesHP=0,0
pattern trainer=0 turn=0 foePP=0,0 foeAtkDef=0,0 CarlAtk=0 foeLevel=0
support PP=0,0 Carl-defense=0 enemy-attack=0,0
party action uses=8,40 / 2,40
frame=23284 map=35.0 pos=30,12 flags=0
party=2 HP=30/30,26/26 battle=0 battlers=0 outcome=0 PP=0,0 trial=0 donut-ability=0
persistent PP=8,2 status=0,0
growth level/xp/item=8/399/0,8/709/0 stats maxHP/attack,maxHP/magic=30/20,26/13 foesHP=0,0
pattern trainer=0 turn=0 foePP=0,0 foeAtkDef=0,0 CarlAtk=0 foeLevel=0
support PP=0,0 Carl-defense=0 enemy-attack=0,0
party action uses=8,40 / 2,40
frame=23884 map=35.0 pos=30,12 flags=0
party=2 HP=30/30,26/26 battle=0 battlers=0 outcome=0 PP=0,0 trial=0 donut-ability=0
persistent PP=8,2 status=0,0
growth level/xp/item=8/399/0,8/709/0 stats maxHP/attack,maxHP/magic=30/20,26/13 foesHP=0,0
pattern trainer=0 turn=0 foePP=0,0 foeAtkDef=0,0 CarlAtk=0 foeLevel=0
support PP=0,0 Carl-defense=0 enemy-attack=0,0
party action uses=8,40 / 2,40
frame=23884 map=35.0 pos=30,12 flags=0
party=2 HP=30/30,26/26 battle=0 battlers=0 outcome=0 PP=0,0 trial=0 donut-ability=0
persistent PP=8,2 status=0,0
growth level/xp/item=8/399/0,8/709/0 stats maxHP/attack,maxHP/magic=30/20,26/13 foesHP=0,0
pattern trainer=0 turn=0 foePP=0,0 foeAtkDef=0,0 CarlAtk=0 foeLevel=0
support PP=0,0 Carl-defense=0 enemy-attack=0,0
party action uses=8,40 / 2,40
PASS expect 35 0 30 12 0
observed map-frame samples=22354 peak-active-objects=5 peak-used-sprites=9
result=0 assertions=155
