mGBA 0.10.5; 240x160; save=/workspace/DungeonCrawlerCarlemon/artifacts/floor1/g01b/third-qywt1a9l/closed/guard-first.sav; read-only RAM diagnostics
frame=720 map=0.0 pos=-7,-7 flags=0
party=0 HP=0/0,0/0 battle=0 battlers=0 outcome=0 PP=0,0 trial=0 donut-ability=0
persistent PP=0,0 status=0,0
growth level/xp/item=0/0/0,0/0/0 stats maxHP/attack,maxHP/magic=0/0,0/0 foesHP=0,0
pattern trainer=0 turn=0 foePP=0,0 foeAtkDef=0,0 CarlAtk=0 foeLevel=0
support PP=0,0 Carl-defense=0 enemy-attack=0,0
party action uses=0,0 / 0,0
frame=721 map=0.0 pos=-7,-7 flags=0
party=0 HP=0/0,0/0 battle=0 battlers=0 outcome=0 PP=0,0 trial=0 donut-ability=0
persistent PP=0,0 status=0,0
growth level/xp/item=0/0/0,0/0/0 stats maxHP/attack,maxHP/magic=0/0,0/0 foesHP=0,0
pattern trainer=0 turn=0 foePP=0,0 foeAtkDef=0,0 CarlAtk=0 foeLevel=0
support PP=0,0 Carl-defense=0 enemy-attack=0,0
party action uses=0,0 / 0,0
frame=1081 map=0.0 pos=-7,-7 flags=0
party=0 HP=0/0,0/0 battle=0 battlers=0 outcome=0 PP=0,0 trial=0 donut-ability=0
persistent PP=0,0 status=0,0
growth level/xp/item=0/0/0,0/0/0 stats maxHP/attack,maxHP/magic=0/0,0/0 foesHP=0,0
pattern trainer=0 turn=0 foePP=0,0 foeAtkDef=0,0 CarlAtk=0 foeLevel=0
support PP=0,0 Carl-defense=0 enemy-attack=0,0
party action uses=0,0 / 0,0
frame=1082 map=0.0 pos=-7,-7 flags=0
party=0 HP=0/0,0/0 battle=0 battlers=0 outcome=0 PP=0,0 trial=0 donut-ability=0
persistent PP=0,0 status=0,0
growth level/xp/item=0/0/0,0/0/0 stats maxHP/attack,maxHP/magic=0/0,0/0 foesHP=0,0
pattern trainer=0 turn=0 foePP=0,0 foeAtkDef=0,0 CarlAtk=0 foeLevel=0
support PP=0,0 Carl-defense=0 enemy-attack=0,0
party action uses=0,0 / 0,0
frame=1262 map=0.0 pos=-7,-7 flags=0
party=0 HP=0/0,0/0 battle=0 battlers=0 outcome=0 PP=0,0 trial=0 donut-ability=0
persistent PP=0,0 status=0,0
growth level/xp/item=0/0/0,0/0/0 stats maxHP/attack,maxHP/magic=0/0,0/0 foesHP=0,0
pattern trainer=0 turn=0 foePP=0,0 foeAtkDef=0,0 CarlAtk=0 foeLevel=0
support PP=0,0 Carl-defense=0 enemy-attack=0,0
party action uses=0,0 / 0,0
frame=1263 map=0.0 pos=-7,-7 flags=0
party=0 HP=0/0,0/0 battle=0 battlers=0 outcome=0 PP=0,0 trial=0 donut-ability=0
persistent PP=0,0 status=0,0
growth level/xp/item=0/0/0,0/0/0 stats maxHP/attack,maxHP/magic=0/0,0/0 foesHP=0,0
pattern trainer=0 turn=0 foePP=0,0 foeAtkDef=0,0 CarlAtk=0 foeLevel=0
support PP=0,0 Carl-defense=0 enemy-attack=0,0
party action uses=0,0 / 0,0
frame=1443 map=0.0 pos=-7,-7 flags=0
party=0 HP=0/0,0/0 battle=0 battlers=0 outcome=0 PP=0,0 trial=0 donut-ability=0
persistent PP=0,0 status=0,0
growth level/xp/item=0/0/0,0/0/0 stats maxHP/attack,maxHP/magic=0/0,0/0 foesHP=0,0
pattern trainer=0 turn=0 foePP=0,0 foeAtkDef=0,0 CarlAtk=0 foeLevel=0
support PP=0,0 Carl-defense=0 enemy-attack=0,0
party action uses=0,0 / 0,0
frame=1444 map=0.0 pos=-7,-7 flags=0
party=0 HP=0/0,0/0 battle=0 battlers=0 outcome=0 PP=0,0 trial=0 donut-ability=0
persistent PP=0,0 status=0,0
growth level/xp/item=0/0/0,0/0/0 stats maxHP/attack,maxHP/magic=0/0,0/0 foesHP=0,0
pattern trainer=0 turn=0 foePP=0,0 foeAtkDef=0,0 CarlAtk=0 foeLevel=0
support PP=0,0 Carl-defense=0 enemy-attack=0,0
party action uses=0,0 / 0,0
frame=2044 map=35.0 pos=8,38 flags=0
party=2 HP=30/30,26/26 battle=0 battlers=0 outcome=0 PP=0,0 trial=0 donut-ability=0
persistent PP=8,2 status=0,0
growth level/xp/item=8/399/0,8/709/0 stats maxHP/attack,maxHP/magic=30/20,26/13 foesHP=0,0
pattern trainer=0 turn=0 foePP=0,0 foeAtkDef=0,0 CarlAtk=0 foeLevel=0
support PP=0,0 Carl-defense=0 enemy-attack=0,0
party action uses=8,40 / 2,40
frame=2044 map=35.0 pos=8,38 flags=0
party=2 HP=30/30,26/26 battle=0 battlers=0 outcome=0 PP=0,0 trial=0 donut-ability=0
persistent PP=8,2 status=0,0
growth level/xp/item=8/399/0,8/709/0 stats maxHP/attack,maxHP/magic=30/20,26/13 foesHP=0,0
pattern trainer=0 turn=0 foePP=0,0 foeAtkDef=0,0 CarlAtk=0 foeLevel=0
support PP=0,0 Carl-defense=0 enemy-attack=0,0
party action uses=8,40 / 2,40
PASS expect 35 0 8 38 0
frame=2044 map=35.0 pos=8,38 flags=0
party=2 HP=30/30,26/26 battle=0 battlers=0 outcome=0 PP=0,0 trial=0 donut-ability=0
persistent PP=8,2 status=0,0
growth level/xp/item=8/399/0,8/709/0 stats maxHP/attack,maxHP/magic=30/20,26/13 foesHP=0,0
pattern trainer=0 turn=0 foePP=0,0 foeAtkDef=0,0 CarlAtk=0 foeLevel=0
support PP=0,0 Carl-defense=0 enemy-attack=0,0
party action uses=8,40 / 2,40
PASS duo healthy
frame=2044 map=35.0 pos=8,38 flags=0
party=2 HP=30/30,26/26 battle=0 battlers=0 outcome=0 PP=0,0 trial=0 donut-ability=0
persistent PP=8,2 status=0,0
growth level/xp/item=8/399/0,8/709/0 stats maxHP/attack,maxHP/magic=30/20,26/13 foesHP=0,0
pattern trainer=0 turn=0 foePP=0,0 foeAtkDef=0,0 CarlAtk=0 foeLevel=0
support PP=0,0 Carl-defense=0 enemy-attack=0,0
party action uses=8,40 / 2,40
PASS uses 8 40 2 40
frame=2044 map=35.0 pos=8,38 flags=0
party=2 HP=30/30,26/26 battle=0 battlers=0 outcome=0 PP=0,0 trial=0 donut-ability=0
persistent PP=8,2 status=0,0
growth level/xp/item=8/399/0,8/709/0 stats maxHP/attack,maxHP/magic=30/20,26/13 foesHP=0,0
PASS flag 32 0
pattern trainer=0 turn=0 foePP=0,0 foeAtkDef=0,0 CarlAtk=0 foeLevel=0
support PP=0,0 Carl-defense=0 enemy-attack=0,0
party action uses=8,40 / 2,40
frame=2044 map=35.0 pos=8,38 flags=0
party=2 HP=30/30,26/26 battle=0 battlers=0 outcome=0 PP=0,0 trial=0 donut-ability=0
persistent PP=8,2 status=0,0
growth level/xp/item=8/399/0,8/709/0 stats maxHP/attack,maxHP/magic=30/20,26/13 foesHP=0,0
PASS flag 33 0
pattern trainer=0 turn=0 foePP=0,0 foeAtkDef=0,0 CarlAtk=0 foeLevel=0
support PP=0,0 Carl-defense=0 enemy-attack=0,0
party action uses=8,40 / 2,40
frame=2044 map=35.0 pos=8,38 flags=0
party=2 HP=30/30,26/26 battle=0 battlers=0 outcome=0 PP=0,0 trial=0 donut-ability=0
persistent PP=8,2 status=0,0
growth level/xp/item=8/399/0,8/709/0 stats maxHP/attack,maxHP/magic=30/20,26/13 foesHP=0,0
PASS flag 34 0
pattern trainer=0 turn=0 foePP=0,0 foeAtkDef=0,0 CarlAtk=0 foeLevel=0
support PP=0,0 Carl-defense=0 enemy-attack=0,0
party action uses=8,40 / 2,40
frame=2044 map=35.0 pos=8,38 flags=0
party=2 HP=30/30,26/26 battle=0 battlers=0 outcome=0 PP=0,0 trial=0 donut-ability=0
persistent PP=8,2 status=0,0
growth level/xp/item=8/399/0,8/709/0 stats maxHP/attack,maxHP/magic=30/20,26/13 foesHP=0,0
PASS flag 35 0
pattern trainer=0 turn=0 foePP=0,0 foeAtkDef=0,0 CarlAtk=0 foeLevel=0
support PP=0,0 Carl-defense=0 enemy-attack=0,0
party action uses=8,40 / 2,40
frame=2044 map=35.0 pos=8,38 flags=0
party=2 HP=30/30,26/26 battle=0 battlers=0 outcome=0 PP=0,0 trial=0 donut-ability=0
persistent PP=8,2 status=0,0
growth level/xp/item=8/399/0,8/709/0 stats maxHP/attack,maxHP/magic=30/20,26/13 foesHP=0,0
PASS flag 36 0
pattern trainer=0 turn=0 foePP=0,0 foeAtkDef=0,0 CarlAtk=0 foeLevel=0
support PP=0,0 Carl-defense=0 enemy-attack=0,0
party action uses=8,40 / 2,40
frame=2044 map=35.0 pos=8,38 flags=0
party=2 HP=30/30,26/26 battle=0 battlers=0 outcome=0 PP=0,0 trial=0 donut-ability=0
persistent PP=8,2 status=0,0
growth level/xp/item=8/399/0,8/709/0 stats maxHP/attack,maxHP/magic=30/20,26/13 foesHP=0,0
PASS flag 37 0
pattern trainer=0 turn=0 foePP=0,0 foeAtkDef=0,0 CarlAtk=0 foeLevel=0
support PP=0,0 Carl-defense=0 enemy-attack=0,0
party action uses=8,40 / 2,40
frame=2044 map=35.0 pos=8,38 flags=0
party=2 HP=30/30,26/26 battle=0 battlers=0 outcome=0 PP=0,0 trial=0 donut-ability=0
persistent PP=8,2 status=0,0
growth level/xp/item=8/399/0,8/709/0 stats maxHP/attack,maxHP/magic=30/20,26/13 foesHP=0,0
PASS flag 38 0
pattern trainer=0 turn=0 foePP=0,0 foeAtkDef=0,0 CarlAtk=0 foeLevel=0
support PP=0,0 Carl-defense=0 enemy-attack=0,0
party action uses=8,40 / 2,40
frame=2044 map=35.0 pos=8,38 flags=0
party=2 HP=30/30,26/26 battle=0 battlers=0 outcome=0 PP=0,0 trial=0 donut-ability=0
persistent PP=8,2 status=0,0
growth level/xp/item=8/399/0,8/709/0 stats maxHP/attack,maxHP/magic=30/20,26/13 foesHP=0,0
PASS flag 39 0
pattern trainer=0 turn=0 foePP=0,0 foeAtkDef=0,0 CarlAtk=0 foeLevel=0
support PP=0,0 Carl-defense=0 enemy-attack=0,0
party action uses=8,40 / 2,40
frame=2044 map=35.0 pos=8,38 flags=0
party=2 HP=30/30,26/26 battle=0 battlers=0 outcome=0 PP=0,0 trial=0 donut-ability=0
persistent PP=8,2 status=0,0
growth level/xp/item=8/399/0,8/709/0 stats maxHP/attack,maxHP/magic=30/20,26/13 foesHP=0,0
PASS flag 40 0
pattern trainer=0 turn=0 foePP=0,0 foeAtkDef=0,0 CarlAtk=0 foeLevel=0
support PP=0,0 Carl-defense=0 enemy-attack=0,0
party action uses=8,40 / 2,40
frame=2044 map=35.0 pos=8,38 flags=0
party=2 HP=30/30,26/26 battle=0 battlers=0 outcome=0 PP=0,0 trial=0 donut-ability=0
persistent PP=8,2 status=0,0
growth level/xp/item=8/399/0,8/709/0 stats maxHP/attack,maxHP/magic=30/20,26/13 foesHP=0,0
PASS flag 41 0
pattern trainer=0 turn=0 foePP=0,0 foeAtkDef=0,0 CarlAtk=0 foeLevel=0
support PP=0,0 Carl-defense=0 enemy-attack=0,0
party action uses=8,40 / 2,40
frame=2044 map=35.0 pos=8,38 flags=0
party=2 HP=30/30,26/26 battle=0 battlers=0 outcome=0 PP=0,0 trial=0 donut-ability=0
persistent PP=8,2 status=0,0
growth level/xp/item=8/399/0,8/709/0 stats maxHP/attack,maxHP/magic=30/20,26/13 foesHP=0,0
PASS flag 42 0
pattern trainer=0 turn=0 foePP=0,0 foeAtkDef=0,0 CarlAtk=0 foeLevel=0
support PP=0,0 Carl-defense=0 enemy-attack=0,0
party action uses=8,40 / 2,40
frame=2044 map=35.0 pos=8,38 flags=0
party=2 HP=30/30,26/26 battle=0 battlers=0 outcome=0 PP=0,0 trial=0 donut-ability=0
persistent PP=8,2 status=0,0
growth level/xp/item=8/399/0,8/709/0 stats maxHP/attack,maxHP/magic=30/20,26/13 foesHP=0,0
PASS flag 43 0
pattern trainer=0 turn=0 foePP=0,0 foeAtkDef=0,0 CarlAtk=0 foeLevel=0
support PP=0,0 Carl-defense=0 enemy-attack=0,0
party action uses=8,40 / 2,40
frame=2044 map=35.0 pos=8,38 flags=0
party=2 HP=30/30,26/26 battle=0 battlers=0 outcome=0 PP=0,0 trial=0 donut-ability=0
persistent PP=8,2 status=0,0
growth level/xp/item=8/399/0,8/709/0 stats maxHP/attack,maxHP/magic=30/20,26/13 foesHP=0,0
PASS flag 44 0
pattern trainer=0 turn=0 foePP=0,0 foeAtkDef=0,0 CarlAtk=0 foeLevel=0
support PP=0,0 Carl-defense=0 enemy-attack=0,0
party action uses=8,40 / 2,40
frame=2044 map=35.0 pos=8,38 flags=0
party=2 HP=30/30,26/26 battle=0 battlers=0 outcome=0 PP=0,0 trial=0 donut-ability=0
persistent PP=8,2 status=0,0
growth level/xp/item=8/399/0,8/709/0 stats maxHP/attack,maxHP/magic=30/20,26/13 foesHP=0,0
PASS flag 45 0
pattern trainer=0 turn=0 foePP=0,0 foeAtkDef=0,0 CarlAtk=0 foeLevel=0
support PP=0,0 Carl-defense=0 enemy-attack=0,0
party action uses=8,40 / 2,40
frame=2044 map=35.0 pos=8,38 flags=0
party=2 HP=30/30,26/26 battle=0 battlers=0 outcome=0 PP=0,0 trial=0 donut-ability=0
persistent PP=8,2 status=0,0
growth level/xp/item=8/399/0,8/709/0 stats maxHP/attack,maxHP/magic=30/20,26/13 foesHP=0,0
PASS flag 46 0
pattern trainer=0 turn=0 foePP=0,0 foeAtkDef=0,0 CarlAtk=0 foeLevel=0
support PP=0,0 Carl-defense=0 enemy-attack=0,0
party action uses=8,40 / 2,40
frame=2044 map=35.0 pos=8,38 flags=0
party=2 HP=30/30,26/26 battle=0 battlers=0 outcome=0 PP=0,0 trial=0 donut-ability=0
persistent PP=8,2 status=0,0
growth level/xp/item=8/399/0,8/709/0 stats maxHP/attack,maxHP/magic=30/20,26/13 foesHP=0,0
PASS flag 47 0
pattern trainer=0 turn=0 foePP=0,0 foeAtkDef=0,0 CarlAtk=0 foeLevel=0
support PP=0,0 Carl-defense=0 enemy-attack=0,0
party action uses=8,40 / 2,40
frame=2044 map=35.0 pos=8,38 flags=0
party=2 HP=30/30,26/26 battle=0 battlers=0 outcome=0 PP=0,0 trial=0 donut-ability=0
persistent PP=8,2 status=0,0
growth level/xp/item=8/399/0,8/709/0 stats maxHP/attack,maxHP/magic=30/20,26/13 foesHP=0,0
PASS flag 48 0
pattern trainer=0 turn=0 foePP=0,0 foeAtkDef=0,0 CarlAtk=0 foeLevel=0
support PP=0,0 Carl-defense=0 enemy-attack=0,0
party action uses=8,40 / 2,40
frame=2044 map=35.0 pos=8,38 flags=0
party=2 HP=30/30,26/26 battle=0 battlers=0 outcome=0 PP=0,0 trial=0 donut-ability=0
persistent PP=8,2 status=0,0
growth level/xp/item=8/399/0,8/709/0 stats maxHP/attack,maxHP/magic=30/20,26/13 foesHP=0,0
PASS flag 2135 0
pattern trainer=0 turn=0 foePP=0,0 foeAtkDef=0,0 CarlAtk=0 foeLevel=0
support PP=0,0 Carl-defense=0 enemy-attack=0,0
party action uses=8,40 / 2,40
frame=2044 map=35.0 pos=8,38 flags=0
party=2 HP=30/30,26/26 battle=0 battlers=0 outcome=0 PP=0,0 trial=0 donut-ability=0
persistent PP=8,2 status=0,0
growth level/xp/item=8/399/0,8/709/0 stats maxHP/attack,maxHP/magic=30/20,26/13 foesHP=0,0
PASS flag 2136 0
pattern trainer=0 turn=0 foePP=0,0 foeAtkDef=0,0 CarlAtk=0 foeLevel=0
support PP=0,0 Carl-defense=0 enemy-attack=0,0
party action uses=8,40 / 2,40
frame=2044 map=35.0 pos=8,38 flags=0
party=2 HP=30/30,26/26 battle=0 battlers=0 outcome=0 PP=0,0 trial=0 donut-ability=0
persistent PP=8,2 status=0,0
growth level/xp/item=8/399/0,8/709/0 stats maxHP/attack,maxHP/magic=30/20,26/13 foesHP=0,0
PASS flag 2137 0
pattern trainer=0 turn=0 foePP=0,0 foeAtkDef=0,0 CarlAtk=0 foeLevel=0
support PP=0,0 Carl-defense=0 enemy-attack=0,0
party action uses=8,40 / 2,40
frame=2044 map=35.0 pos=8,38 flags=0
party=2 HP=30/30,26/26 battle=0 battlers=0 outcome=0 PP=0,0 trial=0 donut-ability=0
persistent PP=8,2 status=0,0
growth level/xp/item=8/399/0,8/709/0 stats maxHP/attack,maxHP/magic=30/20,26/13 foesHP=0,0
PASS flag 2138 0
pattern trainer=0 turn=0 foePP=0,0 foeAtkDef=0,0 CarlAtk=0 foeLevel=0
support PP=0,0 Carl-defense=0 enemy-attack=0,0
party action uses=8,40 / 2,40
frame=2044 map=35.0 pos=8,38 flags=0
party=2 HP=30/30,26/26 battle=0 battlers=0 outcome=0 PP=0,0 trial=0 donut-ability=0
persistent PP=8,2 status=0,0
growth level/xp/item=8/399/0,8/709/0 stats maxHP/attack,maxHP/magic=30/20,26/13 foesHP=0,0
PASS flag 2139 0
pattern trainer=0 turn=0 foePP=0,0 foeAtkDef=0,0 CarlAtk=0 foeLevel=0
support PP=0,0 Carl-defense=0 enemy-attack=0,0
party action uses=8,40 / 2,40
frame=2112 map=35.0 pos=8,34 flags=0
party=2 HP=30/30,26/26 battle=0 battlers=0 outcome=0 PP=0,0 trial=0 donut-ability=0
persistent PP=8,2 status=0,0
growth level/xp/item=8/399/0,8/709/0 stats maxHP/attack,maxHP/magic=30/20,26/13 foesHP=0,0
pattern trainer=0 turn=0 foePP=0,0 foeAtkDef=0,0 CarlAtk=0 foeLevel=0
support PP=0,0 Carl-defense=0 enemy-attack=0,0
party action uses=8,40 / 2,40
frame=2152 map=35.0 pos=8,34 flags=0
party=2 HP=30/30,26/26 battle=0 battlers=0 outcome=0 PP=0,0 trial=0 donut-ability=0
persistent PP=8,2 status=0,0
growth level/xp/item=8/399/0,8/709/0 stats maxHP/attack,maxHP/magic=30/20,26/13 foesHP=0,0
pattern trainer=0 turn=0 foePP=0,0 foeAtkDef=0,0 CarlAtk=0 foeLevel=0
support PP=0,0 Carl-defense=0 enemy-attack=0,0
party action uses=8,40 / 2,40
frame=2152 map=35.0 pos=8,34 flags=0
party=2 HP=30/30,26/26 battle=0 battlers=0 outcome=0 PP=0,0 trial=0 donut-ability=0
persistent PP=8,2 status=0,0
growth level/xp/item=8/399/0,8/709/0 stats maxHP/attack,maxHP/magic=30/20,26/13 foesHP=0,0
pattern trainer=0 turn=0 foePP=0,0 foeAtkDef=0,0 CarlAtk=0 foeLevel=0
support PP=0,0 Carl-defense=0 enemy-attack=0,0
party action uses=8,40 / 2,40
PASS expect 35 0 8 34 0
frame=2396 map=35.0 pos=23,34 flags=0
party=2 HP=30/30,26/26 battle=0 battlers=0 outcome=0 PP=0,0 trial=0 donut-ability=0
persistent PP=8,2 status=0,0
growth level/xp/item=8/399/0,8/709/0 stats maxHP/attack,maxHP/magic=30/20,26/13 foesHP=0,0
pattern trainer=0 turn=0 foePP=0,0 foeAtkDef=0,0 CarlAtk=0 foeLevel=0
support PP=0,0 Carl-defense=0 enemy-attack=0,0
party action uses=8,40 / 2,40
frame=2436 map=35.0 pos=23,34 flags=0
party=2 HP=30/30,26/26 battle=0 battlers=0 outcome=0 PP=0,0 trial=0 donut-ability=0
persistent PP=8,2 status=0,0
growth level/xp/item=8/399/0,8/709/0 stats maxHP/attack,maxHP/magic=30/20,26/13 foesHP=0,0
pattern trainer=0 turn=0 foePP=0,0 foeAtkDef=0,0 CarlAtk=0 foeLevel=0
support PP=0,0 Carl-defense=0 enemy-attack=0,0
party action uses=8,40 / 2,40
frame=2436 map=35.0 pos=23,34 flags=0
party=2 HP=30/30,26/26 battle=0 battlers=0 outcome=0 PP=0,0 trial=0 donut-ability=0
persistent PP=8,2 status=0,0
growth level/xp/item=8/399/0,8/709/0 stats maxHP/attack,maxHP/magic=30/20,26/13 foesHP=0,0
pattern trainer=0 turn=0 foePP=0,0 foeAtkDef=0,0 CarlAtk=0 foeLevel=0
support PP=0,0 Carl-defense=0 enemy-attack=0,0
party action uses=8,40 / 2,40
PASS expect 35 0 23 34 0
frame=2600 map=35.0 pos=23,24 flags=0
party=2 HP=30/30,26/26 battle=0 battlers=0 outcome=0 PP=0,0 trial=0 donut-ability=0
persistent PP=8,2 status=0,0
growth level/xp/item=8/399/0,8/709/0 stats maxHP/attack,maxHP/magic=30/20,26/13 foesHP=0,0
pattern trainer=0 turn=0 foePP=0,0 foeAtkDef=0,0 CarlAtk=0 foeLevel=0
support PP=0,0 Carl-defense=0 enemy-attack=0,0
party action uses=8,40 / 2,40
frame=2640 map=35.0 pos=23,24 flags=0
party=2 HP=30/30,26/26 battle=0 battlers=0 outcome=0 PP=0,0 trial=0 donut-ability=0
persistent PP=8,2 status=0,0
growth level/xp/item=8/399/0,8/709/0 stats maxHP/attack,maxHP/magic=30/20,26/13 foesHP=0,0
pattern trainer=0 turn=0 foePP=0,0 foeAtkDef=0,0 CarlAtk=0 foeLevel=0
support PP=0,0 Carl-defense=0 enemy-attack=0,0
party action uses=8,40 / 2,40
frame=2640 map=35.0 pos=23,24 flags=0
party=2 HP=30/30,26/26 battle=0 battlers=0 outcome=0 PP=0,0 trial=0 donut-ability=0
persistent PP=8,2 status=0,0
growth level/xp/item=8/399/0,8/709/0 stats maxHP/attack,maxHP/magic=30/20,26/13 foesHP=0,0
pattern trainer=0 turn=0 foePP=0,0 foeAtkDef=0,0 CarlAtk=0 foeLevel=0
support PP=0,0 Carl-defense=0 enemy-attack=0,0
party action uses=8,40 / 2,40
PASS expect 35 0 23 24 0
frame=2756 map=35.0 pos=30,24 flags=0
party=2 HP=30/30,26/26 battle=0 battlers=0 outcome=0 PP=0,0 trial=0 donut-ability=0
persistent PP=8,2 status=0,0
growth level/xp/item=8/399/0,8/709/0 stats maxHP/attack,maxHP/magic=30/20,26/13 foesHP=0,0
pattern trainer=0 turn=0 foePP=0,0 foeAtkDef=0,0 CarlAtk=0 foeLevel=0
support PP=0,0 Carl-defense=0 enemy-attack=0,0
party action uses=8,40 / 2,40
frame=2796 map=35.0 pos=30,24 flags=0
party=2 HP=30/30,26/26 battle=0 battlers=0 outcome=0 PP=0,0 trial=0 donut-ability=0
persistent PP=8,2 status=0,0
growth level/xp/item=8/399/0,8/709/0 stats maxHP/attack,maxHP/magic=30/20,26/13 foesHP=0,0
pattern trainer=0 turn=0 foePP=0,0 foeAtkDef=0,0 CarlAtk=0 foeLevel=0
support PP=0,0 Carl-defense=0 enemy-attack=0,0
party action uses=8,40 / 2,40
frame=2796 map=35.0 pos=30,24 flags=0
party=2 HP=30/30,26/26 battle=0 battlers=0 outcome=0 PP=0,0 trial=0 donut-ability=0
persistent PP=8,2 status=0,0
growth level/xp/item=8/399/0,8/709/0 stats maxHP/attack,maxHP/magic=30/20,26/13 foesHP=0,0
pattern trainer=0 turn=0 foePP=0,0 foeAtkDef=0,0 CarlAtk=0 foeLevel=0
support PP=0,0 Carl-defense=0 enemy-attack=0,0
party action uses=8,40 / 2,40
PASS expect 35 0 30 24 0
frame=2836 map=35.0 pos=30,24 flags=0
party=2 HP=30/30,26/26 battle=0 battlers=0 outcome=0 PP=0,0 trial=0 donut-ability=0
persistent PP=8,2 status=0,0
growth level/xp/item=8/399/0,8/709/0 stats maxHP/attack,maxHP/magic=30/20,26/13 foesHP=0,0
pattern trainer=0 turn=0 foePP=0,0 foeAtkDef=0,0 CarlAtk=0 foeLevel=0
support PP=0,0 Carl-defense=0 enemy-attack=0,0
party action uses=8,40 / 2,40
frame=2900 map=35.0 pos=34,24 flags=0
party=2 HP=30/30,26/26 battle=0 battlers=0 outcome=0 PP=0,0 trial=0 donut-ability=0
persistent PP=8,2 status=0,0
growth level/xp/item=8/399/0,8/709/0 stats maxHP/attack,maxHP/magic=30/20,26/13 foesHP=0,0
pattern trainer=0 turn=0 foePP=0,0 foeAtkDef=0,0 CarlAtk=0 foeLevel=0
support PP=0,0 Carl-defense=0 enemy-attack=0,0
party action uses=8,40 / 2,40
frame=2940 map=35.0 pos=34,24 flags=0
party=2 HP=30/30,26/26 battle=0 battlers=0 outcome=0 PP=0,0 trial=0 donut-ability=0
persistent PP=8,2 status=0,0
growth level/xp/item=8/399/0,8/709/0 stats maxHP/attack,maxHP/magic=30/20,26/13 foesHP=0,0
pattern trainer=0 turn=0 foePP=0,0 foeAtkDef=0,0 CarlAtk=0 foeLevel=0
support PP=0,0 Carl-defense=0 enemy-attack=0,0
party action uses=8,40 / 2,40
frame=2940 map=35.0 pos=34,24 flags=0
party=2 HP=30/30,26/26 battle=0 battlers=0 outcome=0 PP=0,0 trial=0 donut-ability=0
persistent PP=8,2 status=0,0
growth level/xp/item=8/399/0,8/709/0 stats maxHP/attack,maxHP/magic=30/20,26/13 foesHP=0,0
pattern trainer=0 turn=0 foePP=0,0 foeAtkDef=0,0 CarlAtk=0 foeLevel=0
support PP=0,0 Carl-defense=0 enemy-attack=0,0
party action uses=8,40 / 2,40
PASS expect 35 0 34 24 0
frame=2976 map=35.0 pos=34,26 flags=0
party=2 HP=30/30,26/26 battle=0 battlers=0 outcome=0 PP=0,0 trial=0 donut-ability=0
persistent PP=8,2 status=0,0
growth level/xp/item=8/399/0,8/709/0 stats maxHP/attack,maxHP/magic=30/20,26/13 foesHP=0,0
pattern trainer=0 turn=0 foePP=0,0 foeAtkDef=0,0 CarlAtk=0 foeLevel=0
support PP=0,0 Carl-defense=0 enemy-attack=0,0
party action uses=8,40 / 2,40
frame=3016 map=35.0 pos=34,26 flags=0
party=2 HP=30/30,26/26 battle=0 battlers=0 outcome=0 PP=0,0 trial=0 donut-ability=0
persistent PP=8,2 status=0,0
growth level/xp/item=8/399/0,8/709/0 stats maxHP/attack,maxHP/magic=30/20,26/13 foesHP=0,0
pattern trainer=0 turn=0 foePP=0,0 foeAtkDef=0,0 CarlAtk=0 foeLevel=0
support PP=0,0 Carl-defense=0 enemy-attack=0,0
party action uses=8,40 / 2,40
frame=3016 map=35.0 pos=34,26 flags=0
party=2 HP=30/30,26/26 battle=0 battlers=0 outcome=0 PP=0,0 trial=0 donut-ability=0
persistent PP=8,2 status=0,0
growth level/xp/item=8/399/0,8/709/0 stats maxHP/attack,maxHP/magic=30/20,26/13 foesHP=0,0
pattern trainer=0 turn=0 foePP=0,0 foeAtkDef=0,0 CarlAtk=0 foeLevel=0
support PP=0,0 Carl-defense=0 enemy-attack=0,0
party action uses=8,40 / 2,40
PASS expect 35 0 34 26 0
frame=3052 map=35.0 pos=36,26 flags=0
party=2 HP=30/30,26/26 battle=0 battlers=0 outcome=0 PP=0,0 trial=0 donut-ability=0
persistent PP=8,2 status=0,0
growth level/xp/item=8/399/0,8/709/0 stats maxHP/attack,maxHP/magic=30/20,26/13 foesHP=0,0
pattern trainer=0 turn=0 foePP=0,0 foeAtkDef=0,0 CarlAtk=0 foeLevel=0
support PP=0,0 Carl-defense=0 enemy-attack=0,0
party action uses=8,40 / 2,40
frame=3092 map=35.0 pos=36,26 flags=0
party=2 HP=30/30,26/26 battle=0 battlers=0 outcome=0 PP=0,0 trial=0 donut-ability=0
persistent PP=8,2 status=0,0
growth level/xp/item=8/399/0,8/709/0 stats maxHP/attack,maxHP/magic=30/20,26/13 foesHP=0,0
pattern trainer=0 turn=0 foePP=0,0 foeAtkDef=0,0 CarlAtk=0 foeLevel=0
support PP=0,0 Carl-defense=0 enemy-attack=0,0
party action uses=8,40 / 2,40
frame=3092 map=35.0 pos=36,26 flags=0
party=2 HP=30/30,26/26 battle=0 battlers=0 outcome=0 PP=0,0 trial=0 donut-ability=0
persistent PP=8,2 status=0,0
growth level/xp/item=8/399/0,8/709/0 stats maxHP/attack,maxHP/magic=30/20,26/13 foesHP=0,0
pattern trainer=0 turn=0 foePP=0,0 foeAtkDef=0,0 CarlAtk=0 foeLevel=0
support PP=0,0 Carl-defense=0 enemy-attack=0,0
party action uses=8,40 / 2,40
PASS expect 35 0 36 26 0
frame=3112 map=35.0 pos=36,27 flags=0
party=2 HP=30/30,26/26 battle=0 battlers=0 outcome=0 PP=0,0 trial=0 donut-ability=0
persistent PP=8,2 status=0,0
growth level/xp/item=8/399/0,8/709/0 stats maxHP/attack,maxHP/magic=30/20,26/13 foesHP=0,0
pattern trainer=0 turn=0 foePP=0,0 foeAtkDef=0,0 CarlAtk=0 foeLevel=0
support PP=0,0 Carl-defense=0 enemy-attack=0,0
party action uses=8,40 / 2,40
frame=3152 map=35.0 pos=36,27 flags=0
party=2 HP=30/30,26/26 battle=0 battlers=0 outcome=0 PP=0,0 trial=0 donut-ability=0
persistent PP=8,2 status=0,0
growth level/xp/item=8/399/0,8/709/0 stats maxHP/attack,maxHP/magic=30/20,26/13 foesHP=0,0
pattern trainer=0 turn=0 foePP=0,0 foeAtkDef=0,0 CarlAtk=0 foeLevel=0
support PP=0,0 Carl-defense=0 enemy-attack=0,0
party action uses=8,40 / 2,40
frame=3152 map=35.0 pos=36,27 flags=0
party=2 HP=30/30,26/26 battle=0 battlers=0 outcome=0 PP=0,0 trial=0 donut-ability=0
persistent PP=8,2 status=0,0
growth level/xp/item=8/399/0,8/709/0 stats maxHP/attack,maxHP/magic=30/20,26/13 foesHP=0,0
pattern trainer=0 turn=0 foePP=0,0 foeAtkDef=0,0 CarlAtk=0 foeLevel=0
support PP=0,0 Carl-defense=0 enemy-attack=0,0
party action uses=8,40 / 2,40
PASS expect 35 0 36 27 0
frame=3172 map=35.0 pos=37,27 flags=0
party=2 HP=30/30,26/26 battle=0 battlers=0 outcome=0 PP=0,0 trial=0 donut-ability=0
persistent PP=8,2 status=0,0
growth level/xp/item=8/399/0,8/709/0 stats maxHP/attack,maxHP/magic=30/20,26/13 foesHP=0,0
pattern trainer=0 turn=0 foePP=0,0 foeAtkDef=0,0 CarlAtk=0 foeLevel=0
support PP=0,0 Carl-defense=0 enemy-attack=0,0
party action uses=8,40 / 2,40
frame=3212 map=35.0 pos=37,27 flags=0
party=2 HP=30/30,26/26 battle=0 battlers=0 outcome=0 PP=0,0 trial=0 donut-ability=0
persistent PP=8,2 status=0,0
growth level/xp/item=8/399/0,8/709/0 stats maxHP/attack,maxHP/magic=30/20,26/13 foesHP=0,0
pattern trainer=0 turn=0 foePP=0,0 foeAtkDef=0,0 CarlAtk=0 foeLevel=0
support PP=0,0 Carl-defense=0 enemy-attack=0,0
party action uses=8,40 / 2,40
frame=3212 map=35.0 pos=37,27 flags=0
party=2 HP=30/30,26/26 battle=0 battlers=0 outcome=0 PP=0,0 trial=0 donut-ability=0
persistent PP=8,2 status=0,0
growth level/xp/item=8/399/0,8/709/0 stats maxHP/attack,maxHP/magic=30/20,26/13 foesHP=0,0
pattern trainer=0 turn=0 foePP=0,0 foeAtkDef=0,0 CarlAtk=0 foeLevel=0
support PP=0,0 Carl-defense=0 enemy-attack=0,0
party action uses=8,40 / 2,40
PASS expect 35 0 37 27 0
frame=3280 map=35.0 pos=37,31 flags=0
party=2 HP=30/30,26/26 battle=0 battlers=0 outcome=0 PP=0,0 trial=0 donut-ability=0
persistent PP=8,2 status=0,0
growth level/xp/item=8/399/0,8/709/0 stats maxHP/attack,maxHP/magic=30/20,26/13 foesHP=0,0
pattern trainer=0 turn=0 foePP=0,0 foeAtkDef=0,0 CarlAtk=0 foeLevel=0
support PP=0,0 Carl-defense=0 enemy-attack=0,0
party action uses=8,40 / 2,40
frame=3320 map=35.0 pos=37,31 flags=0
party=2 HP=30/30,26/26 battle=0 battlers=0 outcome=0 PP=0,0 trial=0 donut-ability=0
persistent PP=8,2 status=0,0
growth level/xp/item=8/399/0,8/709/0 stats maxHP/attack,maxHP/magic=30/20,26/13 foesHP=0,0
pattern trainer=0 turn=0 foePP=0,0 foeAtkDef=0,0 CarlAtk=0 foeLevel=0
support PP=0,0 Carl-defense=0 enemy-attack=0,0
party action uses=8,40 / 2,40
frame=3320 map=35.0 pos=37,31 flags=0
party=2 HP=30/30,26/26 battle=0 battlers=0 outcome=0 PP=0,0 trial=0 donut-ability=0
persistent PP=8,2 status=0,0
growth level/xp/item=8/399/0,8/709/0 stats maxHP/attack,maxHP/magic=30/20,26/13 foesHP=0,0
pattern trainer=0 turn=0 foePP=0,0 foeAtkDef=0,0 CarlAtk=0 foeLevel=0
support PP=0,0 Carl-defense=0 enemy-attack=0,0
party action uses=8,40 / 2,40
PASS expect 35 0 37 31 0
frame=3360 map=35.0 pos=37,31 flags=0
party=2 HP=30/30,26/26 battle=0 battlers=0 outcome=0 PP=0,0 trial=0 donut-ability=0
persistent PP=8,2 status=0,0
growth level/xp/item=8/399/0,8/709/0 stats maxHP/attack,maxHP/magic=30/20,26/13 foesHP=0,0
pattern trainer=0 turn=0 foePP=0,0 foeAtkDef=0,0 CarlAtk=0 foeLevel=0
support PP=0,0 Carl-defense=0 enemy-attack=0,0
party action uses=8,40 / 2,40
frame=3444 map=35.0 pos=37,26 flags=0
party=2 HP=30/30,26/26 battle=0 battlers=0 outcome=0 PP=0,0 trial=0 donut-ability=0
persistent PP=8,2 status=0,0
growth level/xp/item=8/399/0,8/709/0 stats maxHP/attack,maxHP/magic=30/20,26/13 foesHP=0,0
pattern trainer=0 turn=0 foePP=0,0 foeAtkDef=0,0 CarlAtk=0 foeLevel=0
support PP=0,0 Carl-defense=0 enemy-attack=0,0
party action uses=8,40 / 2,40
frame=3484 map=35.1 pos=4,3 flags=0
party=2 HP=30/30,26/26 battle=0 battlers=0 outcome=0 PP=0,0 trial=0 donut-ability=0
persistent PP=8,2 status=0,0
growth level/xp/item=8/399/0,8/709/0 stats maxHP/attack,maxHP/magic=30/20,26/13 foesHP=0,0
pattern trainer=0 turn=0 foePP=0,0 foeAtkDef=0,0 CarlAtk=0 foeLevel=0
support PP=0,0 Carl-defense=0 enemy-attack=0,0
party action uses=8,40 / 2,40
frame=3784 map=35.1 pos=4,3 flags=0
party=2 HP=30/30,26/26 battle=0 battlers=0 outcome=0 PP=0,0 trial=0 donut-ability=0
persistent PP=8,2 status=0,0
growth level/xp/item=8/399/0,8/709/0 stats maxHP/attack,maxHP/magic=30/20,26/13 foesHP=0,0
pattern trainer=0 turn=0 foePP=0,0 foeAtkDef=0,0 CarlAtk=0 foeLevel=0
support PP=0,0 Carl-defense=0 enemy-attack=0,0
party action uses=8,40 / 2,40
frame=3784 map=35.1 pos=4,3 flags=0
party=2 HP=30/30,26/26 battle=0 battlers=0 outcome=0 PP=0,0 trial=0 donut-ability=0
persistent PP=8,2 status=0,0
growth level/xp/item=8/399/0,8/709/0 stats maxHP/attack,maxHP/magic=30/20,26/13 foesHP=0,0
pattern trainer=0 turn=0 foePP=0,0 foeAtkDef=0,0 CarlAtk=0 foeLevel=0
support PP=0,0 Carl-defense=0 enemy-attack=0,0
party action uses=8,40 / 2,40
PASS expect 35 1 4 3 0
frame=3824 map=35.1 pos=4,3 flags=0
party=2 HP=30/30,26/26 battle=0 battlers=0 outcome=0 PP=0,0 trial=0 donut-ability=0
persistent PP=8,2 status=0,0
growth level/xp/item=8/399/0,8/709/0 stats maxHP/attack,maxHP/magic=30/20,26/13 foesHP=0,0
pattern trainer=0 turn=0 foePP=0,0 foeAtkDef=0,0 CarlAtk=0 foeLevel=0
support PP=0,0 Carl-defense=0 enemy-attack=0,0
party action uses=8,40 / 2,40
frame=3860 map=35.1 pos=4,5 flags=0
party=2 HP=30/30,26/26 battle=0 battlers=0 outcome=0 PP=0,0 trial=0 donut-ability=0
persistent PP=8,2 status=0,0
growth level/xp/item=8/399/0,8/709/0 stats maxHP/attack,maxHP/magic=30/20,26/13 foesHP=0,0
pattern trainer=0 turn=0 foePP=0,0 foeAtkDef=0,0 CarlAtk=0 foeLevel=0
support PP=0,0 Carl-defense=0 enemy-attack=0,0
party action uses=8,40 / 2,40
frame=3900 map=35.1 pos=4,5 flags=0
party=2 HP=30/30,26/26 battle=0 battlers=0 outcome=0 PP=0,0 trial=0 donut-ability=0
persistent PP=8,2 status=0,0
growth level/xp/item=8/399/0,8/709/0 stats maxHP/attack,maxHP/magic=30/20,26/13 foesHP=0,0
pattern trainer=0 turn=0 foePP=0,0 foeAtkDef=0,0 CarlAtk=0 foeLevel=0
support PP=0,0 Carl-defense=0 enemy-attack=0,0
party action uses=8,40 / 2,40
frame=3900 map=35.1 pos=4,5 flags=0
party=2 HP=30/30,26/26 battle=0 battlers=0 outcome=0 PP=0,0 trial=0 donut-ability=0
persistent PP=8,2 status=0,0
growth level/xp/item=8/399/0,8/709/0 stats maxHP/attack,maxHP/magic=30/20,26/13 foesHP=0,0
pattern trainer=0 turn=0 foePP=0,0 foeAtkDef=0,0 CarlAtk=0 foeLevel=0
support PP=0,0 Carl-defense=0 enemy-attack=0,0
party action uses=8,40 / 2,40
PASS expect 35 1 4 5 0
frame=3940 map=35.1 pos=4,5 flags=0
party=2 HP=30/30,26/26 battle=0 battlers=0 outcome=0 PP=0,0 trial=0 donut-ability=0
persistent PP=8,2 status=0,0
growth level/xp/item=8/399/0,8/709/0 stats maxHP/attack,maxHP/magic=30/20,26/13 foesHP=0,0
pattern trainer=0 turn=0 foePP=0,0 foeAtkDef=0,0 CarlAtk=0 foeLevel=0
support PP=0,0 Carl-defense=0 enemy-attack=0,0
party action uses=8,40 / 2,40
MEASURE name=guard-out frames=580 walking=112 tiles=7 warps=1
frame=3941 map=35.1 pos=4,5 flags=0
party=2 HP=30/30,26/26 battle=0 battlers=0 outcome=0 PP=0,0 trial=0 donut-ability=0
persistent PP=8,2 status=0,0
growth level/xp/item=8/399/0,8/709/0 stats maxHP/attack,maxHP/magic=30/20,26/13 foesHP=0,0
pattern trainer=0 turn=0 foePP=0,0 foeAtkDef=0,0 CarlAtk=0 foeLevel=0
support PP=0,0 Carl-defense=0 enemy-attack=0,0
party action uses=8,40 / 2,40
frame=3981 map=35.1 pos=4,5 flags=0
party=2 HP=30/30,26/26 battle=0 battlers=0 outcome=0 PP=0,0 trial=0 donut-ability=0
persistent PP=8,2 status=0,0
growth level/xp/item=8/399/0,8/709/0 stats maxHP/attack,maxHP/magic=30/20,26/13 foesHP=0,0
pattern trainer=0 turn=0 foePP=0,0 foeAtkDef=0,0 CarlAtk=0 foeLevel=0
support PP=0,0 Carl-defense=0 enemy-attack=0,0
party action uses=8,40 / 2,40
frame=3982 map=35.1 pos=4,5 flags=0
party=2 HP=30/30,26/26 battle=0 battlers=0 outcome=0 PP=0,0 trial=0 donut-ability=0
persistent PP=8,2 status=0,0
growth level/xp/item=8/399/0,8/709/0 stats maxHP/attack,maxHP/magic=30/20,26/13 foesHP=0,0
pattern trainer=0 turn=0 foePP=0,0 foeAtkDef=0,0 CarlAtk=0 foeLevel=0
support PP=0,0 Carl-defense=0 enemy-attack=0,0
party action uses=8,40 / 2,40
frame=4382 map=35.1 pos=4,5 flags=0
party=2 HP=30/30,26/26 battle=0 battlers=0 outcome=0 PP=0,0 trial=0 donut-ability=0
persistent PP=8,2 status=0,0
growth level/xp/item=8/399/0,8/709/0 stats maxHP/attack,maxHP/magic=30/20,26/13 foesHP=0,0
pattern trainer=0 turn=0 foePP=0,0 foeAtkDef=0,0 CarlAtk=0 foeLevel=0
support PP=0,0 Carl-defense=0 enemy-attack=0,0
party action uses=8,40 / 2,40
frame=4382 map=35.1 pos=4,5 flags=0
party=2 HP=30/30,26/26 battle=0 battlers=0 outcome=0 PP=0,0 trial=0 donut-ability=0
persistent PP=8,2 status=0,0
growth level/xp/item=8/399/0,8/709/0 stats maxHP/attack,maxHP/magic=30/20,26/13 foesHP=0,0
pattern trainer=0 turn=0 foePP=0,0 foeAtkDef=0,0 CarlAtk=0 foeLevel=0
support PP=0,0 Carl-defense=0 enemy-attack=0,0
party action uses=8,40 / 2,40
PASS duo healthy
frame=4382 map=35.1 pos=4,5 flags=0
party=2 HP=30/30,26/26 battle=0 battlers=0 outcome=0 PP=0,0 trial=0 donut-ability=0
persistent PP=8,2 status=0,0
growth level/xp/item=8/399/0,8/709/0 stats maxHP/attack,maxHP/magic=30/20,26/13 foesHP=0,0
pattern trainer=0 turn=0 foePP=0,0 foeAtkDef=0,0 CarlAtk=0 foeLevel=0
support PP=0,0 Carl-defense=0 enemy-attack=0,0
party action uses=8,40 / 2,40
PASS uses 8 40 2 40
frame=4383 map=35.1 pos=4,5 flags=0
party=2 HP=30/30,26/26 battle=0 battlers=0 outcome=0 PP=0,0 trial=0 donut-ability=0
persistent PP=8,2 status=0,0
growth level/xp/item=8/399/0,8/709/0 stats maxHP/attack,maxHP/magic=30/20,26/13 foesHP=0,0
pattern trainer=0 turn=0 foePP=0,0 foeAtkDef=0,0 CarlAtk=0 foeLevel=0
support PP=0,0 Carl-defense=0 enemy-attack=0,0
party action uses=8,40 / 2,40
frame=4783 map=35.1 pos=4,5 flags=0
party=2 HP=30/30,26/26 battle=0 battlers=0 outcome=0 PP=0,0 trial=0 donut-ability=0
persistent PP=8,2 status=0,0
growth level/xp/item=8/399/0,8/709/0 stats maxHP/attack,maxHP/magic=30/20,26/13 foesHP=0,0
pattern trainer=0 turn=0 foePP=0,0 foeAtkDef=0,0 CarlAtk=0 foeLevel=0
support PP=0,0 Carl-defense=0 enemy-attack=0,0
party action uses=8,40 / 2,40
frame=4784 map=35.1 pos=4,5 flags=0
party=2 HP=30/30,26/26 battle=0 battlers=0 outcome=0 PP=0,0 trial=0 donut-ability=0
persistent PP=8,2 status=0,0
growth level/xp/item=8/399/0,8/709/0 stats maxHP/attack,maxHP/magic=30/20,26/13 foesHP=0,0
pattern trainer=0 turn=0 foePP=0,0 foeAtkDef=0,0 CarlAtk=0 foeLevel=0
support PP=0,0 Carl-defense=0 enemy-attack=0,0
party action uses=8,40 / 2,40
frame=4824 map=35.1 pos=4,5 flags=0
party=2 HP=30/30,26/26 battle=0 battlers=0 outcome=0 PP=0,0 trial=0 donut-ability=0
persistent PP=8,2 status=0,0
growth level/xp/item=8/399/0,8/709/0 stats maxHP/attack,maxHP/magic=30/20,26/13 foesHP=0,0
pattern trainer=0 turn=0 foePP=0,0 foeAtkDef=0,0 CarlAtk=0 foeLevel=0
support PP=0,0 Carl-defense=0 enemy-attack=0,0
party action uses=8,40 / 2,40
frame=4824 map=35.1 pos=4,5 flags=0
party=2 HP=30/30,26/26 battle=0 battlers=0 outcome=0 PP=0,0 trial=0 donut-ability=0
persistent PP=8,2 status=0,0
growth level/xp/item=8/399/0,8/709/0 stats maxHP/attack,maxHP/magic=30/20,26/13 foesHP=0,0
pattern trainer=0 turn=0 foePP=0,0 foeAtkDef=0,0 CarlAtk=0 foeLevel=0
support PP=0,0 Carl-defense=0 enemy-attack=0,0
party action uses=8,40 / 2,40
PASS expect 35 1 4 5 0
frame=4860 map=35.1 pos=4,3 flags=0
party=2 HP=30/30,26/26 battle=0 battlers=0 outcome=0 PP=0,0 trial=0 donut-ability=0
persistent PP=8,2 status=0,0
growth level/xp/item=8/399/0,8/709/0 stats maxHP/attack,maxHP/magic=30/20,26/13 foesHP=0,0
pattern trainer=0 turn=0 foePP=0,0 foeAtkDef=0,0 CarlAtk=0 foeLevel=0
support PP=0,0 Carl-defense=0 enemy-attack=0,0
party action uses=8,40 / 2,40
frame=4900 map=35.0 pos=37,26 flags=0
party=2 HP=30/30,26/26 battle=0 battlers=0 outcome=0 PP=0,0 trial=0 donut-ability=0
persistent PP=8,2 status=0,0
growth level/xp/item=8/399/0,8/709/0 stats maxHP/attack,maxHP/magic=30/20,26/13 foesHP=0,0
pattern trainer=0 turn=0 foePP=0,0 foeAtkDef=0,0 CarlAtk=0 foeLevel=0
support PP=0,0 Carl-defense=0 enemy-attack=0,0
party action uses=8,40 / 2,40
frame=5200 map=35.0 pos=37,26 flags=0
party=2 HP=30/30,26/26 battle=0 battlers=0 outcome=0 PP=0,0 trial=0 donut-ability=0
persistent PP=8,2 status=0,0
growth level/xp/item=8/399/0,8/709/0 stats maxHP/attack,maxHP/magic=30/20,26/13 foesHP=0,0
pattern trainer=0 turn=0 foePP=0,0 foeAtkDef=0,0 CarlAtk=0 foeLevel=0
support PP=0,0 Carl-defense=0 enemy-attack=0,0
party action uses=8,40 / 2,40
frame=5200 map=35.0 pos=37,26 flags=0
party=2 HP=30/30,26/26 battle=0 battlers=0 outcome=0 PP=0,0 trial=0 donut-ability=0
persistent PP=8,2 status=0,0
growth level/xp/item=8/399/0,8/709/0 stats maxHP/attack,maxHP/magic=30/20,26/13 foesHP=0,0
pattern trainer=0 turn=0 foePP=0,0 foeAtkDef=0,0 CarlAtk=0 foeLevel=0
support PP=0,0 Carl-defense=0 enemy-attack=0,0
party action uses=8,40 / 2,40
PASS expect 35 0 37 26 0
frame=5284 map=35.0 pos=37,31 flags=0
party=2 HP=30/30,26/26 battle=0 battlers=0 outcome=0 PP=0,0 trial=0 donut-ability=0
persistent PP=8,2 status=0,0
growth level/xp/item=8/399/0,8/709/0 stats maxHP/attack,maxHP/magic=30/20,26/13 foesHP=0,0
pattern trainer=0 turn=0 foePP=0,0 foeAtkDef=0,0 CarlAtk=0 foeLevel=0
support PP=0,0 Carl-defense=0 enemy-attack=0,0
party action uses=8,40 / 2,40
frame=5324 map=35.0 pos=37,31 flags=0
party=2 HP=30/30,26/26 battle=0 battlers=0 outcome=0 PP=0,0 trial=0 donut-ability=0
persistent PP=8,2 status=0,0
growth level/xp/item=8/399/0,8/709/0 stats maxHP/attack,maxHP/magic=30/20,26/13 foesHP=0,0
pattern trainer=0 turn=0 foePP=0,0 foeAtkDef=0,0 CarlAtk=0 foeLevel=0
support PP=0,0 Carl-defense=0 enemy-attack=0,0
party action uses=8,40 / 2,40
frame=5324 map=35.0 pos=37,31 flags=0
party=2 HP=30/30,26/26 battle=0 battlers=0 outcome=0 PP=0,0 trial=0 donut-ability=0
persistent PP=8,2 status=0,0
growth level/xp/item=8/399/0,8/709/0 stats maxHP/attack,maxHP/magic=30/20,26/13 foesHP=0,0
pattern trainer=0 turn=0 foePP=0,0 foeAtkDef=0,0 CarlAtk=0 foeLevel=0
support PP=0,0 Carl-defense=0 enemy-attack=0,0
party action uses=8,40 / 2,40
PASS expect 35 0 37 31 0
frame=5364 map=35.0 pos=37,31 flags=0
party=2 HP=30/30,26/26 battle=0 battlers=0 outcome=0 PP=0,0 trial=0 donut-ability=0
persistent PP=8,2 status=0,0
growth level/xp/item=8/399/0,8/709/0 stats maxHP/attack,maxHP/magic=30/20,26/13 foesHP=0,0
pattern trainer=0 turn=0 foePP=0,0 foeAtkDef=0,0 CarlAtk=0 foeLevel=0
support PP=0,0 Carl-defense=0 enemy-attack=0,0
party action uses=8,40 / 2,40
MEASURE name=guard-back frames=540 walking=112 tiles=7 warps=1
frame=5364 map=35.0 pos=37,31 flags=0
party=2 HP=30/30,26/26 battle=0 battlers=0 outcome=0 PP=0,0 trial=0 donut-ability=0
persistent PP=8,2 status=0,0
growth level/xp/item=8/399/0,8/709/0 stats maxHP/attack,maxHP/magic=30/20,26/13 foesHP=0,0
pattern trainer=0 turn=0 foePP=0,0 foeAtkDef=0,0 CarlAtk=0 foeLevel=0
support PP=0,0 Carl-defense=0 enemy-attack=0,0
party action uses=8,40 / 2,40
PASS duo healthy
frame=5364 map=35.0 pos=37,31 flags=0
party=2 HP=30/30,26/26 battle=0 battlers=0 outcome=0 PP=0,0 trial=0 donut-ability=0
persistent PP=8,2 status=0,0
growth level/xp/item=8/399/0,8/709/0 stats maxHP/attack,maxHP/magic=30/20,26/13 foesHP=0,0
pattern trainer=0 turn=0 foePP=0,0 foeAtkDef=0,0 CarlAtk=0 foeLevel=0
support PP=0,0 Carl-defense=0 enemy-attack=0,0
party action uses=8,40 / 2,40
PASS uses 8 40 2 40
frame=5364 map=35.0 pos=37,31 flags=0
party=2 HP=30/30,26/26 battle=0 battlers=0 outcome=0 PP=0,0 trial=0 donut-ability=0
persistent PP=8,2 status=0,0
growth level/xp/item=8/399/0,8/709/0 stats maxHP/attack,maxHP/magic=30/20,26/13 foesHP=0,0
PASS flag 32 0
pattern trainer=0 turn=0 foePP=0,0 foeAtkDef=0,0 CarlAtk=0 foeLevel=0
support PP=0,0 Carl-defense=0 enemy-attack=0,0
party action uses=8,40 / 2,40
frame=5364 map=35.0 pos=37,31 flags=0
party=2 HP=30/30,26/26 battle=0 battlers=0 outcome=0 PP=0,0 trial=0 donut-ability=0
persistent PP=8,2 status=0,0
growth level/xp/item=8/399/0,8/709/0 stats maxHP/attack,maxHP/magic=30/20,26/13 foesHP=0,0
PASS flag 33 0
pattern trainer=0 turn=0 foePP=0,0 foeAtkDef=0,0 CarlAtk=0 foeLevel=0
support PP=0,0 Carl-defense=0 enemy-attack=0,0
party action uses=8,40 / 2,40
frame=5364 map=35.0 pos=37,31 flags=0
party=2 HP=30/30,26/26 battle=0 battlers=0 outcome=0 PP=0,0 trial=0 donut-ability=0
persistent PP=8,2 status=0,0
growth level/xp/item=8/399/0,8/709/0 stats maxHP/attack,maxHP/magic=30/20,26/13 foesHP=0,0
PASS flag 34 0
pattern trainer=0 turn=0 foePP=0,0 foeAtkDef=0,0 CarlAtk=0 foeLevel=0
support PP=0,0 Carl-defense=0 enemy-attack=0,0
party action uses=8,40 / 2,40
frame=5364 map=35.0 pos=37,31 flags=0
party=2 HP=30/30,26/26 battle=0 battlers=0 outcome=0 PP=0,0 trial=0 donut-ability=0
persistent PP=8,2 status=0,0
growth level/xp/item=8/399/0,8/709/0 stats maxHP/attack,maxHP/magic=30/20,26/13 foesHP=0,0
PASS flag 35 0
pattern trainer=0 turn=0 foePP=0,0 foeAtkDef=0,0 CarlAtk=0 foeLevel=0
support PP=0,0 Carl-defense=0 enemy-attack=0,0
party action uses=8,40 / 2,40
frame=5364 map=35.0 pos=37,31 flags=0
party=2 HP=30/30,26/26 battle=0 battlers=0 outcome=0 PP=0,0 trial=0 donut-ability=0
persistent PP=8,2 status=0,0
growth level/xp/item=8/399/0,8/709/0 stats maxHP/attack,maxHP/magic=30/20,26/13 foesHP=0,0
PASS flag 36 0
pattern trainer=0 turn=0 foePP=0,0 foeAtkDef=0,0 CarlAtk=0 foeLevel=0
support PP=0,0 Carl-defense=0 enemy-attack=0,0
party action uses=8,40 / 2,40
frame=5364 map=35.0 pos=37,31 flags=0
party=2 HP=30/30,26/26 battle=0 battlers=0 outcome=0 PP=0,0 trial=0 donut-ability=0
persistent PP=8,2 status=0,0
growth level/xp/item=8/399/0,8/709/0 stats maxHP/attack,maxHP/magic=30/20,26/13 foesHP=0,0
PASS flag 37 0
pattern trainer=0 turn=0 foePP=0,0 foeAtkDef=0,0 CarlAtk=0 foeLevel=0
support PP=0,0 Carl-defense=0 enemy-attack=0,0
party action uses=8,40 / 2,40
frame=5364 map=35.0 pos=37,31 flags=0
party=2 HP=30/30,26/26 battle=0 battlers=0 outcome=0 PP=0,0 trial=0 donut-ability=0
persistent PP=8,2 status=0,0
growth level/xp/item=8/399/0,8/709/0 stats maxHP/attack,maxHP/magic=30/20,26/13 foesHP=0,0
PASS flag 38 0
pattern trainer=0 turn=0 foePP=0,0 foeAtkDef=0,0 CarlAtk=0 foeLevel=0
support PP=0,0 Carl-defense=0 enemy-attack=0,0
party action uses=8,40 / 2,40
frame=5364 map=35.0 pos=37,31 flags=0
party=2 HP=30/30,26/26 battle=0 battlers=0 outcome=0 PP=0,0 trial=0 donut-ability=0
persistent PP=8,2 status=0,0
growth level/xp/item=8/399/0,8/709/0 stats maxHP/attack,maxHP/magic=30/20,26/13 foesHP=0,0
PASS flag 39 0
pattern trainer=0 turn=0 foePP=0,0 foeAtkDef=0,0 CarlAtk=0 foeLevel=0
support PP=0,0 Carl-defense=0 enemy-attack=0,0
party action uses=8,40 / 2,40
frame=5364 map=35.0 pos=37,31 flags=0
party=2 HP=30/30,26/26 battle=0 battlers=0 outcome=0 PP=0,0 trial=0 donut-ability=0
persistent PP=8,2 status=0,0
growth level/xp/item=8/399/0,8/709/0 stats maxHP/attack,maxHP/magic=30/20,26/13 foesHP=0,0
PASS flag 40 0
pattern trainer=0 turn=0 foePP=0,0 foeAtkDef=0,0 CarlAtk=0 foeLevel=0
support PP=0,0 Carl-defense=0 enemy-attack=0,0
party action uses=8,40 / 2,40
frame=5364 map=35.0 pos=37,31 flags=0
party=2 HP=30/30,26/26 battle=0 battlers=0 outcome=0 PP=0,0 trial=0 donut-ability=0
persistent PP=8,2 status=0,0
growth level/xp/item=8/399/0,8/709/0 stats maxHP/attack,maxHP/magic=30/20,26/13 foesHP=0,0
PASS flag 41 0
pattern trainer=0 turn=0 foePP=0,0 foeAtkDef=0,0 CarlAtk=0 foeLevel=0
support PP=0,0 Carl-defense=0 enemy-attack=0,0
party action uses=8,40 / 2,40
frame=5364 map=35.0 pos=37,31 flags=0
party=2 HP=30/30,26/26 battle=0 battlers=0 outcome=0 PP=0,0 trial=0 donut-ability=0
persistent PP=8,2 status=0,0
growth level/xp/item=8/399/0,8/709/0 stats maxHP/attack,maxHP/magic=30/20,26/13 foesHP=0,0
PASS flag 42 0
pattern trainer=0 turn=0 foePP=0,0 foeAtkDef=0,0 CarlAtk=0 foeLevel=0
support PP=0,0 Carl-defense=0 enemy-attack=0,0
party action uses=8,40 / 2,40
frame=5364 map=35.0 pos=37,31 flags=0
party=2 HP=30/30,26/26 battle=0 battlers=0 outcome=0 PP=0,0 trial=0 donut-ability=0
persistent PP=8,2 status=0,0
growth level/xp/item=8/399/0,8/709/0 stats maxHP/attack,maxHP/magic=30/20,26/13 foesHP=0,0
PASS flag 43 0
pattern trainer=0 turn=0 foePP=0,0 foeAtkDef=0,0 CarlAtk=0 foeLevel=0
support PP=0,0 Carl-defense=0 enemy-attack=0,0
party action uses=8,40 / 2,40
frame=5364 map=35.0 pos=37,31 flags=0
party=2 HP=30/30,26/26 battle=0 battlers=0 outcome=0 PP=0,0 trial=0 donut-ability=0
persistent PP=8,2 status=0,0
growth level/xp/item=8/399/0,8/709/0 stats maxHP/attack,maxHP/magic=30/20,26/13 foesHP=0,0
PASS flag 44 0
pattern trainer=0 turn=0 foePP=0,0 foeAtkDef=0,0 CarlAtk=0 foeLevel=0
support PP=0,0 Carl-defense=0 enemy-attack=0,0
party action uses=8,40 / 2,40
frame=5364 map=35.0 pos=37,31 flags=0
party=2 HP=30/30,26/26 battle=0 battlers=0 outcome=0 PP=0,0 trial=0 donut-ability=0
persistent PP=8,2 status=0,0
growth level/xp/item=8/399/0,8/709/0 stats maxHP/attack,maxHP/magic=30/20,26/13 foesHP=0,0
PASS flag 45 0
pattern trainer=0 turn=0 foePP=0,0 foeAtkDef=0,0 CarlAtk=0 foeLevel=0
support PP=0,0 Carl-defense=0 enemy-attack=0,0
party action uses=8,40 / 2,40
frame=5364 map=35.0 pos=37,31 flags=0
party=2 HP=30/30,26/26 battle=0 battlers=0 outcome=0 PP=0,0 trial=0 donut-ability=0
persistent PP=8,2 status=0,0
growth level/xp/item=8/399/0,8/709/0 stats maxHP/attack,maxHP/magic=30/20,26/13 foesHP=0,0
PASS flag 46 0
pattern trainer=0 turn=0 foePP=0,0 foeAtkDef=0,0 CarlAtk=0 foeLevel=0
support PP=0,0 Carl-defense=0 enemy-attack=0,0
party action uses=8,40 / 2,40
frame=5364 map=35.0 pos=37,31 flags=0
party=2 HP=30/30,26/26 battle=0 battlers=0 outcome=0 PP=0,0 trial=0 donut-ability=0
persistent PP=8,2 status=0,0
growth level/xp/item=8/399/0,8/709/0 stats maxHP/attack,maxHP/magic=30/20,26/13 foesHP=0,0
PASS flag 47 0
pattern trainer=0 turn=0 foePP=0,0 foeAtkDef=0,0 CarlAtk=0 foeLevel=0
support PP=0,0 Carl-defense=0 enemy-attack=0,0
party action uses=8,40 / 2,40
frame=5364 map=35.0 pos=37,31 flags=0
party=2 HP=30/30,26/26 battle=0 battlers=0 outcome=0 PP=0,0 trial=0 donut-ability=0
persistent PP=8,2 status=0,0
growth level/xp/item=8/399/0,8/709/0 stats maxHP/attack,maxHP/magic=30/20,26/13 foesHP=0,0
PASS flag 48 0
pattern trainer=0 turn=0 foePP=0,0 foeAtkDef=0,0 CarlAtk=0 foeLevel=0
support PP=0,0 Carl-defense=0 enemy-attack=0,0
party action uses=8,40 / 2,40
frame=5364 map=35.0 pos=37,31 flags=0
party=2 HP=30/30,26/26 battle=0 battlers=0 outcome=0 PP=0,0 trial=0 donut-ability=0
persistent PP=8,2 status=0,0
growth level/xp/item=8/399/0,8/709/0 stats maxHP/attack,maxHP/magic=30/20,26/13 foesHP=0,0
PASS flag 2135 0
pattern trainer=0 turn=0 foePP=0,0 foeAtkDef=0,0 CarlAtk=0 foeLevel=0
support PP=0,0 Carl-defense=0 enemy-attack=0,0
party action uses=8,40 / 2,40
frame=5364 map=35.0 pos=37,31 flags=0
party=2 HP=30/30,26/26 battle=0 battlers=0 outcome=0 PP=0,0 trial=0 donut-ability=0
persistent PP=8,2 status=0,0
growth level/xp/item=8/399/0,8/709/0 stats maxHP/attack,maxHP/magic=30/20,26/13 foesHP=0,0
PASS flag 2136 0
pattern trainer=0 turn=0 foePP=0,0 foeAtkDef=0,0 CarlAtk=0 foeLevel=0
support PP=0,0 Carl-defense=0 enemy-attack=0,0
party action uses=8,40 / 2,40
frame=5364 map=35.0 pos=37,31 flags=0
party=2 HP=30/30,26/26 battle=0 battlers=0 outcome=0 PP=0,0 trial=0 donut-ability=0
persistent PP=8,2 status=0,0
growth level/xp/item=8/399/0,8/709/0 stats maxHP/attack,maxHP/magic=30/20,26/13 foesHP=0,0
PASS flag 2137 0
pattern trainer=0 turn=0 foePP=0,0 foeAtkDef=0,0 CarlAtk=0 foeLevel=0
support PP=0,0 Carl-defense=0 enemy-attack=0,0
party action uses=8,40 / 2,40
frame=5364 map=35.0 pos=37,31 flags=0
party=2 HP=30/30,26/26 battle=0 battlers=0 outcome=0 PP=0,0 trial=0 donut-ability=0
persistent PP=8,2 status=0,0
growth level/xp/item=8/399/0,8/709/0 stats maxHP/attack,maxHP/magic=30/20,26/13 foesHP=0,0
PASS flag 2138 0
pattern trainer=0 turn=0 foePP=0,0 foeAtkDef=0,0 CarlAtk=0 foeLevel=0
support PP=0,0 Carl-defense=0 enemy-attack=0,0
party action uses=8,40 / 2,40
frame=5364 map=35.0 pos=37,31 flags=0
party=2 HP=30/30,26/26 battle=0 battlers=0 outcome=0 PP=0,0 trial=0 donut-ability=0
persistent PP=8,2 status=0,0
growth level/xp/item=8/399/0,8/709/0 stats maxHP/attack,maxHP/magic=30/20,26/13 foesHP=0,0
PASS flag 2139 0
pattern trainer=0 turn=0 foePP=0,0 foeAtkDef=0,0 CarlAtk=0 foeLevel=0
support PP=0,0 Carl-defense=0 enemy-attack=0,0
party action uses=8,40 / 2,40
frame=5432 map=35.0 pos=37,27 flags=0
party=2 HP=30/30,26/26 battle=0 battlers=0 outcome=0 PP=0,0 trial=0 donut-ability=0
persistent PP=8,2 status=0,0
growth level/xp/item=8/399/0,8/709/0 stats maxHP/attack,maxHP/magic=30/20,26/13 foesHP=0,0
pattern trainer=0 turn=0 foePP=0,0 foeAtkDef=0,0 CarlAtk=0 foeLevel=0
support PP=0,0 Carl-defense=0 enemy-attack=0,0
party action uses=8,40 / 2,40
frame=5472 map=35.0 pos=37,27 flags=0
party=2 HP=30/30,26/26 battle=0 battlers=0 outcome=0 PP=0,0 trial=0 donut-ability=0
persistent PP=8,2 status=0,0
growth level/xp/item=8/399/0,8/709/0 stats maxHP/attack,maxHP/magic=30/20,26/13 foesHP=0,0
pattern trainer=0 turn=0 foePP=0,0 foeAtkDef=0,0 CarlAtk=0 foeLevel=0
support PP=0,0 Carl-defense=0 enemy-attack=0,0
party action uses=8,40 / 2,40
frame=5472 map=35.0 pos=37,27 flags=0
party=2 HP=30/30,26/26 battle=0 battlers=0 outcome=0 PP=0,0 trial=0 donut-ability=0
persistent PP=8,2 status=0,0
growth level/xp/item=8/399/0,8/709/0 stats maxHP/attack,maxHP/magic=30/20,26/13 foesHP=0,0
pattern trainer=0 turn=0 foePP=0,0 foeAtkDef=0,0 CarlAtk=0 foeLevel=0
support PP=0,0 Carl-defense=0 enemy-attack=0,0
party action uses=8,40 / 2,40
PASS expect 35 0 37 27 0
frame=5700 map=35.0 pos=51,27 flags=0
party=2 HP=30/30,26/26 battle=0 battlers=0 outcome=0 PP=0,0 trial=0 donut-ability=0
persistent PP=8,2 status=0,0
growth level/xp/item=8/399/0,8/709/0 stats maxHP/attack,maxHP/magic=30/20,26/13 foesHP=0,0
pattern trainer=0 turn=0 foePP=0,0 foeAtkDef=0,0 CarlAtk=0 foeLevel=0
support PP=0,0 Carl-defense=0 enemy-attack=0,0
party action uses=8,40 / 2,40
frame=5740 map=35.0 pos=51,27 flags=0
party=2 HP=30/30,26/26 battle=0 battlers=0 outcome=0 PP=0,0 trial=0 donut-ability=0
persistent PP=8,2 status=0,0
growth level/xp/item=8/399/0,8/709/0 stats maxHP/attack,maxHP/magic=30/20,26/13 foesHP=0,0
pattern trainer=0 turn=0 foePP=0,0 foeAtkDef=0,0 CarlAtk=0 foeLevel=0
support PP=0,0 Carl-defense=0 enemy-attack=0,0
party action uses=8,40 / 2,40
frame=5740 map=35.0 pos=51,27 flags=0
party=2 HP=30/30,26/26 battle=0 battlers=0 outcome=0 PP=0,0 trial=0 donut-ability=0
persistent PP=8,2 status=0,0
growth level/xp/item=8/399/0,8/709/0 stats maxHP/attack,maxHP/magic=30/20,26/13 foesHP=0,0
pattern trainer=0 turn=0 foePP=0,0 foeAtkDef=0,0 CarlAtk=0 foeLevel=0
support PP=0,0 Carl-defense=0 enemy-attack=0,0
party action uses=8,40 / 2,40
PASS expect 35 0 51 27 0
frame=5780 map=35.0 pos=51,27 flags=0
party=2 HP=30/30,26/26 battle=0 battlers=0 outcome=0 PP=0,0 trial=0 donut-ability=0
persistent PP=8,2 status=0,0
growth level/xp/item=8/399/0,8/709/0 stats maxHP/attack,maxHP/magic=30/20,26/13 foesHP=0,0
pattern trainer=0 turn=0 foePP=0,0 foeAtkDef=0,0 CarlAtk=0 foeLevel=0
support PP=0,0 Carl-defense=0 enemy-attack=0,0
party action uses=8,40 / 2,40
frame=5800 map=35.0 pos=51,26 flags=0
party=2 HP=30/30,26/26 battle=0 battlers=0 outcome=0 PP=0,0 trial=0 donut-ability=0
persistent PP=8,2 status=0,0
growth level/xp/item=8/399/0,8/709/0 stats maxHP/attack,maxHP/magic=30/20,26/13 foesHP=0,0
pattern trainer=0 turn=0 foePP=0,0 foeAtkDef=0,0 CarlAtk=0 foeLevel=0
support PP=0,0 Carl-defense=0 enemy-attack=0,0
party action uses=8,40 / 2,40
frame=5840 map=35.0 pos=51,26 flags=0
party=2 HP=30/30,26/26 battle=0 battlers=0 outcome=0 PP=0,0 trial=0 donut-ability=0
persistent PP=8,2 status=0,0
growth level/xp/item=8/399/0,8/709/0 stats maxHP/attack,maxHP/magic=30/20,26/13 foesHP=0,0
pattern trainer=0 turn=0 foePP=0,0 foeAtkDef=0,0 CarlAtk=0 foeLevel=0
support PP=0,0 Carl-defense=0 enemy-attack=0,0
party action uses=8,40 / 2,40
frame=5840 map=35.0 pos=51,26 flags=0
party=2 HP=30/30,26/26 battle=0 battlers=0 outcome=0 PP=0,0 trial=0 donut-ability=0
persistent PP=8,2 status=0,0
growth level/xp/item=8/399/0,8/709/0 stats maxHP/attack,maxHP/magic=30/20,26/13 foesHP=0,0
pattern trainer=0 turn=0 foePP=0,0 foeAtkDef=0,0 CarlAtk=0 foeLevel=0
support PP=0,0 Carl-defense=0 enemy-attack=0,0
party action uses=8,40 / 2,40
PASS expect 35 0 51 26 0
frame=6068 map=35.0 pos=37,26 flags=0
party=2 HP=30/30,26/26 battle=0 battlers=0 outcome=0 PP=0,0 trial=0 donut-ability=0
persistent PP=8,2 status=0,0
growth level/xp/item=8/399/0,8/709/0 stats maxHP/attack,maxHP/magic=30/20,26/13 foesHP=0,0
pattern trainer=0 turn=0 foePP=0,0 foeAtkDef=0,0 CarlAtk=0 foeLevel=0
support PP=0,0 Carl-defense=0 enemy-attack=0,0
party action uses=8,40 / 2,40
frame=6108 map=35.1 pos=4,3 flags=0
party=2 HP=30/30,26/26 battle=0 battlers=0 outcome=0 PP=0,0 trial=0 donut-ability=0
persistent PP=8,2 status=0,0
growth level/xp/item=8/399/0,8/709/0 stats maxHP/attack,maxHP/magic=30/20,26/13 foesHP=0,0
pattern trainer=0 turn=0 foePP=0,0 foeAtkDef=0,0 CarlAtk=0 foeLevel=0
support PP=0,0 Carl-defense=0 enemy-attack=0,0
party action uses=8,40 / 2,40
frame=6408 map=35.1 pos=4,3 flags=0
party=2 HP=30/30,26/26 battle=0 battlers=0 outcome=0 PP=0,0 trial=0 donut-ability=0
persistent PP=8,2 status=0,0
growth level/xp/item=8/399/0,8/709/0 stats maxHP/attack,maxHP/magic=30/20,26/13 foesHP=0,0
pattern trainer=0 turn=0 foePP=0,0 foeAtkDef=0,0 CarlAtk=0 foeLevel=0
support PP=0,0 Carl-defense=0 enemy-attack=0,0
party action uses=8,40 / 2,40
frame=6408 map=35.1 pos=4,3 flags=0
party=2 HP=30/30,26/26 battle=0 battlers=0 outcome=0 PP=0,0 trial=0 donut-ability=0
persistent PP=8,2 status=0,0
growth level/xp/item=8/399/0,8/709/0 stats maxHP/attack,maxHP/magic=30/20,26/13 foesHP=0,0
pattern trainer=0 turn=0 foePP=0,0 foeAtkDef=0,0 CarlAtk=0 foeLevel=0
support PP=0,0 Carl-defense=0 enemy-attack=0,0
party action uses=8,40 / 2,40
PASS expect 35 1 4 3 0
frame=6448 map=35.1 pos=4,3 flags=0
party=2 HP=30/30,26/26 battle=0 battlers=0 outcome=0 PP=0,0 trial=0 donut-ability=0
persistent PP=8,2 status=0,0
growth level/xp/item=8/399/0,8/709/0 stats maxHP/attack,maxHP/magic=30/20,26/13 foesHP=0,0
pattern trainer=0 turn=0 foePP=0,0 foeAtkDef=0,0 CarlAtk=0 foeLevel=0
support PP=0,0 Carl-defense=0 enemy-attack=0,0
party action uses=8,40 / 2,40
frame=6484 map=35.1 pos=4,5 flags=0
party=2 HP=30/30,26/26 battle=0 battlers=0 outcome=0 PP=0,0 trial=0 donut-ability=0
persistent PP=8,2 status=0,0
growth level/xp/item=8/399/0,8/709/0 stats maxHP/attack,maxHP/magic=30/20,26/13 foesHP=0,0
pattern trainer=0 turn=0 foePP=0,0 foeAtkDef=0,0 CarlAtk=0 foeLevel=0
support PP=0,0 Carl-defense=0 enemy-attack=0,0
party action uses=8,40 / 2,40
frame=6524 map=35.1 pos=4,5 flags=0
party=2 HP=30/30,26/26 battle=0 battlers=0 outcome=0 PP=0,0 trial=0 donut-ability=0
persistent PP=8,2 status=0,0
growth level/xp/item=8/399/0,8/709/0 stats maxHP/attack,maxHP/magic=30/20,26/13 foesHP=0,0
pattern trainer=0 turn=0 foePP=0,0 foeAtkDef=0,0 CarlAtk=0 foeLevel=0
support PP=0,0 Carl-defense=0 enemy-attack=0,0
party action uses=8,40 / 2,40
frame=6524 map=35.1 pos=4,5 flags=0
party=2 HP=30/30,26/26 battle=0 battlers=0 outcome=0 PP=0,0 trial=0 donut-ability=0
persistent PP=8,2 status=0,0
growth level/xp/item=8/399/0,8/709/0 stats maxHP/attack,maxHP/magic=30/20,26/13 foesHP=0,0
pattern trainer=0 turn=0 foePP=0,0 foeAtkDef=0,0 CarlAtk=0 foeLevel=0
support PP=0,0 Carl-defense=0 enemy-attack=0,0
party action uses=8,40 / 2,40
PASS expect 35 1 4 5 0
frame=6564 map=35.1 pos=4,5 flags=0
party=2 HP=30/30,26/26 battle=0 battlers=0 outcome=0 PP=0,0 trial=0 donut-ability=0
persistent PP=8,2 status=0,0
growth level/xp/item=8/399/0,8/709/0 stats maxHP/attack,maxHP/magic=30/20,26/13 foesHP=0,0
pattern trainer=0 turn=0 foePP=0,0 foeAtkDef=0,0 CarlAtk=0 foeLevel=0
support PP=0,0 Carl-defense=0 enemy-attack=0,0
party action uses=8,40 / 2,40
MEASURE name=howler-out frames=784 walking=272 tiles=17 warps=1
frame=6565 map=35.1 pos=4,5 flags=0
party=2 HP=30/30,26/26 battle=0 battlers=0 outcome=0 PP=0,0 trial=0 donut-ability=0
persistent PP=8,2 status=0,0
growth level/xp/item=8/399/0,8/709/0 stats maxHP/attack,maxHP/magic=30/20,26/13 foesHP=0,0
pattern trainer=0 turn=0 foePP=0,0 foeAtkDef=0,0 CarlAtk=0 foeLevel=0
support PP=0,0 Carl-defense=0 enemy-attack=0,0
party action uses=8,40 / 2,40
frame=6605 map=35.1 pos=4,5 flags=0
party=2 HP=30/30,26/26 battle=0 battlers=0 outcome=0 PP=0,0 trial=0 donut-ability=0
persistent PP=8,2 status=0,0
growth level/xp/item=8/399/0,8/709/0 stats maxHP/attack,maxHP/magic=30/20,26/13 foesHP=0,0
pattern trainer=0 turn=0 foePP=0,0 foeAtkDef=0,0 CarlAtk=0 foeLevel=0
support PP=0,0 Carl-defense=0 enemy-attack=0,0
party action uses=8,40 / 2,40
frame=6606 map=35.1 pos=4,5 flags=0
party=2 HP=30/30,26/26 battle=0 battlers=0 outcome=0 PP=0,0 trial=0 donut-ability=0
persistent PP=8,2 status=0,0
growth level/xp/item=8/399/0,8/709/0 stats maxHP/attack,maxHP/magic=30/20,26/13 foesHP=0,0
pattern trainer=0 turn=0 foePP=0,0 foeAtkDef=0,0 CarlAtk=0 foeLevel=0
support PP=0,0 Carl-defense=0 enemy-attack=0,0
party action uses=8,40 / 2,40
frame=7006 map=35.1 pos=4,5 flags=0
party=2 HP=30/30,26/26 battle=0 battlers=0 outcome=0 PP=0,0 trial=0 donut-ability=0
persistent PP=8,2 status=0,0
growth level/xp/item=8/399/0,8/709/0 stats maxHP/attack,maxHP/magic=30/20,26/13 foesHP=0,0
pattern trainer=0 turn=0 foePP=0,0 foeAtkDef=0,0 CarlAtk=0 foeLevel=0
support PP=0,0 Carl-defense=0 enemy-attack=0,0
party action uses=8,40 / 2,40
frame=7006 map=35.1 pos=4,5 flags=0
party=2 HP=30/30,26/26 battle=0 battlers=0 outcome=0 PP=0,0 trial=0 donut-ability=0
persistent PP=8,2 status=0,0
growth level/xp/item=8/399/0,8/709/0 stats maxHP/attack,maxHP/magic=30/20,26/13 foesHP=0,0
pattern trainer=0 turn=0 foePP=0,0 foeAtkDef=0,0 CarlAtk=0 foeLevel=0
support PP=0,0 Carl-defense=0 enemy-attack=0,0
party action uses=8,40 / 2,40
PASS duo healthy
frame=7006 map=35.1 pos=4,5 flags=0
party=2 HP=30/30,26/26 battle=0 battlers=0 outcome=0 PP=0,0 trial=0 donut-ability=0
persistent PP=8,2 status=0,0
growth level/xp/item=8/399/0,8/709/0 stats maxHP/attack,maxHP/magic=30/20,26/13 foesHP=0,0
pattern trainer=0 turn=0 foePP=0,0 foeAtkDef=0,0 CarlAtk=0 foeLevel=0
support PP=0,0 Carl-defense=0 enemy-attack=0,0
party action uses=8,40 / 2,40
PASS uses 8 40 2 40
frame=7007 map=35.1 pos=4,5 flags=0
party=2 HP=30/30,26/26 battle=0 battlers=0 outcome=0 PP=0,0 trial=0 donut-ability=0
persistent PP=8,2 status=0,0
growth level/xp/item=8/399/0,8/709/0 stats maxHP/attack,maxHP/magic=30/20,26/13 foesHP=0,0
pattern trainer=0 turn=0 foePP=0,0 foeAtkDef=0,0 CarlAtk=0 foeLevel=0
support PP=0,0 Carl-defense=0 enemy-attack=0,0
party action uses=8,40 / 2,40
frame=7407 map=35.1 pos=4,5 flags=0
party=2 HP=30/30,26/26 battle=0 battlers=0 outcome=0 PP=0,0 trial=0 donut-ability=0
persistent PP=8,2 status=0,0
growth level/xp/item=8/399/0,8/709/0 stats maxHP/attack,maxHP/magic=30/20,26/13 foesHP=0,0
pattern trainer=0 turn=0 foePP=0,0 foeAtkDef=0,0 CarlAtk=0 foeLevel=0
support PP=0,0 Carl-defense=0 enemy-attack=0,0
party action uses=8,40 / 2,40
frame=7408 map=35.1 pos=4,5 flags=0
party=2 HP=30/30,26/26 battle=0 battlers=0 outcome=0 PP=0,0 trial=0 donut-ability=0
persistent PP=8,2 status=0,0
growth level/xp/item=8/399/0,8/709/0 stats maxHP/attack,maxHP/magic=30/20,26/13 foesHP=0,0
pattern trainer=0 turn=0 foePP=0,0 foeAtkDef=0,0 CarlAtk=0 foeLevel=0
support PP=0,0 Carl-defense=0 enemy-attack=0,0
party action uses=8,40 / 2,40
frame=7448 map=35.1 pos=4,5 flags=0
party=2 HP=30/30,26/26 battle=0 battlers=0 outcome=0 PP=0,0 trial=0 donut-ability=0
persistent PP=8,2 status=0,0
growth level/xp/item=8/399/0,8/709/0 stats maxHP/attack,maxHP/magic=30/20,26/13 foesHP=0,0
pattern trainer=0 turn=0 foePP=0,0 foeAtkDef=0,0 CarlAtk=0 foeLevel=0
support PP=0,0 Carl-defense=0 enemy-attack=0,0
party action uses=8,40 / 2,40
frame=7448 map=35.1 pos=4,5 flags=0
party=2 HP=30/30,26/26 battle=0 battlers=0 outcome=0 PP=0,0 trial=0 donut-ability=0
persistent PP=8,2 status=0,0
growth level/xp/item=8/399/0,8/709/0 stats maxHP/attack,maxHP/magic=30/20,26/13 foesHP=0,0
pattern trainer=0 turn=0 foePP=0,0 foeAtkDef=0,0 CarlAtk=0 foeLevel=0
support PP=0,0 Carl-defense=0 enemy-attack=0,0
party action uses=8,40 / 2,40
PASS expect 35 1 4 5 0
frame=7484 map=35.1 pos=4,3 flags=0
party=2 HP=30/30,26/26 battle=0 battlers=0 outcome=0 PP=0,0 trial=0 donut-ability=0
persistent PP=8,2 status=0,0
growth level/xp/item=8/399/0,8/709/0 stats maxHP/attack,maxHP/magic=30/20,26/13 foesHP=0,0
pattern trainer=0 turn=0 foePP=0,0 foeAtkDef=0,0 CarlAtk=0 foeLevel=0
support PP=0,0 Carl-defense=0 enemy-attack=0,0
party action uses=8,40 / 2,40
frame=7524 map=35.0 pos=37,26 flags=0
party=2 HP=30/30,26/26 battle=0 battlers=0 outcome=0 PP=0,0 trial=0 donut-ability=0
persistent PP=8,2 status=0,0
growth level/xp/item=8/399/0,8/709/0 stats maxHP/attack,maxHP/magic=30/20,26/13 foesHP=0,0
pattern trainer=0 turn=0 foePP=0,0 foeAtkDef=0,0 CarlAtk=0 foeLevel=0
support PP=0,0 Carl-defense=0 enemy-attack=0,0
party action uses=8,40 / 2,40
frame=7824 map=35.0 pos=37,26 flags=0
party=2 HP=30/30,26/26 battle=0 battlers=0 outcome=0 PP=0,0 trial=0 donut-ability=0
persistent PP=8,2 status=0,0
growth level/xp/item=8/399/0,8/709/0 stats maxHP/attack,maxHP/magic=30/20,26/13 foesHP=0,0
pattern trainer=0 turn=0 foePP=0,0 foeAtkDef=0,0 CarlAtk=0 foeLevel=0
support PP=0,0 Carl-defense=0 enemy-attack=0,0
party action uses=8,40 / 2,40
frame=7824 map=35.0 pos=37,26 flags=0
party=2 HP=30/30,26/26 battle=0 battlers=0 outcome=0 PP=0,0 trial=0 donut-ability=0
persistent PP=8,2 status=0,0
growth level/xp/item=8/399/0,8/709/0 stats maxHP/attack,maxHP/magic=30/20,26/13 foesHP=0,0
pattern trainer=0 turn=0 foePP=0,0 foeAtkDef=0,0 CarlAtk=0 foeLevel=0
support PP=0,0 Carl-defense=0 enemy-attack=0,0
party action uses=8,40 / 2,40
PASS expect 35 0 37 26 0
frame=8052 map=35.0 pos=51,26 flags=0
party=2 HP=30/30,26/26 battle=0 battlers=0 outcome=0 PP=0,0 trial=0 donut-ability=0
persistent PP=8,2 status=0,0
growth level/xp/item=8/399/0,8/709/0 stats maxHP/attack,maxHP/magic=30/20,26/13 foesHP=0,0
pattern trainer=0 turn=0 foePP=0,0 foeAtkDef=0,0 CarlAtk=0 foeLevel=0
support PP=0,0 Carl-defense=0 enemy-attack=0,0
party action uses=8,40 / 2,40
frame=8092 map=35.0 pos=51,26 flags=0
party=2 HP=30/30,26/26 battle=0 battlers=0 outcome=0 PP=0,0 trial=0 donut-ability=0
persistent PP=8,2 status=0,0
growth level/xp/item=8/399/0,8/709/0 stats maxHP/attack,maxHP/magic=30/20,26/13 foesHP=0,0
pattern trainer=0 turn=0 foePP=0,0 foeAtkDef=0,0 CarlAtk=0 foeLevel=0
support PP=0,0 Carl-defense=0 enemy-attack=0,0
party action uses=8,40 / 2,40
frame=8092 map=35.0 pos=51,26 flags=0
party=2 HP=30/30,26/26 battle=0 battlers=0 outcome=0 PP=0,0 trial=0 donut-ability=0
persistent PP=8,2 status=0,0
growth level/xp/item=8/399/0,8/709/0 stats maxHP/attack,maxHP/magic=30/20,26/13 foesHP=0,0
pattern trainer=0 turn=0 foePP=0,0 foeAtkDef=0,0 CarlAtk=0 foeLevel=0
support PP=0,0 Carl-defense=0 enemy-attack=0,0
party action uses=8,40 / 2,40
PASS expect 35 0 51 26 0
frame=8112 map=35.0 pos=51,27 flags=0
party=2 HP=30/30,26/26 battle=0 battlers=0 outcome=0 PP=0,0 trial=0 donut-ability=0
persistent PP=8,2 status=0,0
growth level/xp/item=8/399/0,8/709/0 stats maxHP/attack,maxHP/magic=30/20,26/13 foesHP=0,0
pattern trainer=0 turn=0 foePP=0,0 foeAtkDef=0,0 CarlAtk=0 foeLevel=0
support PP=0,0 Carl-defense=0 enemy-attack=0,0
party action uses=8,40 / 2,40
frame=8152 map=35.0 pos=51,27 flags=0
party=2 HP=30/30,26/26 battle=0 battlers=0 outcome=0 PP=0,0 trial=0 donut-ability=0
persistent PP=8,2 status=0,0
growth level/xp/item=8/399/0,8/709/0 stats maxHP/attack,maxHP/magic=30/20,26/13 foesHP=0,0
pattern trainer=0 turn=0 foePP=0,0 foeAtkDef=0,0 CarlAtk=0 foeLevel=0
support PP=0,0 Carl-defense=0 enemy-attack=0,0
party action uses=8,40 / 2,40
frame=8152 map=35.0 pos=51,27 flags=0
party=2 HP=30/30,26/26 battle=0 battlers=0 outcome=0 PP=0,0 trial=0 donut-ability=0
persistent PP=8,2 status=0,0
growth level/xp/item=8/399/0,8/709/0 stats maxHP/attack,maxHP/magic=30/20,26/13 foesHP=0,0
pattern trainer=0 turn=0 foePP=0,0 foeAtkDef=0,0 CarlAtk=0 foeLevel=0
support PP=0,0 Carl-defense=0 enemy-attack=0,0
party action uses=8,40 / 2,40
PASS expect 35 0 51 27 0
frame=8192 map=35.0 pos=51,27 flags=0
party=2 HP=30/30,26/26 battle=0 battlers=0 outcome=0 PP=0,0 trial=0 donut-ability=0
persistent PP=8,2 status=0,0
growth level/xp/item=8/399/0,8/709/0 stats maxHP/attack,maxHP/magic=30/20,26/13 foesHP=0,0
pattern trainer=0 turn=0 foePP=0,0 foeAtkDef=0,0 CarlAtk=0 foeLevel=0
support PP=0,0 Carl-defense=0 enemy-attack=0,0
party action uses=8,40 / 2,40
MEASURE name=howler-back frames=744 walking=272 tiles=17 warps=1
frame=8192 map=35.0 pos=51,27 flags=0
party=2 HP=30/30,26/26 battle=0 battlers=0 outcome=0 PP=0,0 trial=0 donut-ability=0
persistent PP=8,2 status=0,0
growth level/xp/item=8/399/0,8/709/0 stats maxHP/attack,maxHP/magic=30/20,26/13 foesHP=0,0
pattern trainer=0 turn=0 foePP=0,0 foeAtkDef=0,0 CarlAtk=0 foeLevel=0
support PP=0,0 Carl-defense=0 enemy-attack=0,0
party action uses=8,40 / 2,40
PASS duo healthy
frame=8192 map=35.0 pos=51,27 flags=0
party=2 HP=30/30,26/26 battle=0 battlers=0 outcome=0 PP=0,0 trial=0 donut-ability=0
persistent PP=8,2 status=0,0
growth level/xp/item=8/399/0,8/709/0 stats maxHP/attack,maxHP/magic=30/20,26/13 foesHP=0,0
pattern trainer=0 turn=0 foePP=0,0 foeAtkDef=0,0 CarlAtk=0 foeLevel=0
support PP=0,0 Carl-defense=0 enemy-attack=0,0
party action uses=8,40 / 2,40
PASS uses 8 40 2 40
frame=8192 map=35.0 pos=51,27 flags=0
party=2 HP=30/30,26/26 battle=0 battlers=0 outcome=0 PP=0,0 trial=0 donut-ability=0
persistent PP=8,2 status=0,0
growth level/xp/item=8/399/0,8/709/0 stats maxHP/attack,maxHP/magic=30/20,26/13 foesHP=0,0
PASS flag 32 0
pattern trainer=0 turn=0 foePP=0,0 foeAtkDef=0,0 CarlAtk=0 foeLevel=0
support PP=0,0 Carl-defense=0 enemy-attack=0,0
party action uses=8,40 / 2,40
frame=8192 map=35.0 pos=51,27 flags=0
party=2 HP=30/30,26/26 battle=0 battlers=0 outcome=0 PP=0,0 trial=0 donut-ability=0
persistent PP=8,2 status=0,0
growth level/xp/item=8/399/0,8/709/0 stats maxHP/attack,maxHP/magic=30/20,26/13 foesHP=0,0
PASS flag 33 0
pattern trainer=0 turn=0 foePP=0,0 foeAtkDef=0,0 CarlAtk=0 foeLevel=0
support PP=0,0 Carl-defense=0 enemy-attack=0,0
party action uses=8,40 / 2,40
frame=8192 map=35.0 pos=51,27 flags=0
party=2 HP=30/30,26/26 battle=0 battlers=0 outcome=0 PP=0,0 trial=0 donut-ability=0
persistent PP=8,2 status=0,0
growth level/xp/item=8/399/0,8/709/0 stats maxHP/attack,maxHP/magic=30/20,26/13 foesHP=0,0
PASS flag 34 0
pattern trainer=0 turn=0 foePP=0,0 foeAtkDef=0,0 CarlAtk=0 foeLevel=0
support PP=0,0 Carl-defense=0 enemy-attack=0,0
party action uses=8,40 / 2,40
frame=8192 map=35.0 pos=51,27 flags=0
party=2 HP=30/30,26/26 battle=0 battlers=0 outcome=0 PP=0,0 trial=0 donut-ability=0
persistent PP=8,2 status=0,0
growth level/xp/item=8/399/0,8/709/0 stats maxHP/attack,maxHP/magic=30/20,26/13 foesHP=0,0
PASS flag 35 0
pattern trainer=0 turn=0 foePP=0,0 foeAtkDef=0,0 CarlAtk=0 foeLevel=0
support PP=0,0 Carl-defense=0 enemy-attack=0,0
party action uses=8,40 / 2,40
frame=8192 map=35.0 pos=51,27 flags=0
party=2 HP=30/30,26/26 battle=0 battlers=0 outcome=0 PP=0,0 trial=0 donut-ability=0
persistent PP=8,2 status=0,0
growth level/xp/item=8/399/0,8/709/0 stats maxHP/attack,maxHP/magic=30/20,26/13 foesHP=0,0
PASS flag 36 0
pattern trainer=0 turn=0 foePP=0,0 foeAtkDef=0,0 CarlAtk=0 foeLevel=0
support PP=0,0 Carl-defense=0 enemy-attack=0,0
party action uses=8,40 / 2,40
frame=8192 map=35.0 pos=51,27 flags=0
party=2 HP=30/30,26/26 battle=0 battlers=0 outcome=0 PP=0,0 trial=0 donut-ability=0
persistent PP=8,2 status=0,0
growth level/xp/item=8/399/0,8/709/0 stats maxHP/attack,maxHP/magic=30/20,26/13 foesHP=0,0
PASS flag 37 0
pattern trainer=0 turn=0 foePP=0,0 foeAtkDef=0,0 CarlAtk=0 foeLevel=0
support PP=0,0 Carl-defense=0 enemy-attack=0,0
party action uses=8,40 / 2,40
frame=8192 map=35.0 pos=51,27 flags=0
party=2 HP=30/30,26/26 battle=0 battlers=0 outcome=0 PP=0,0 trial=0 donut-ability=0
persistent PP=8,2 status=0,0
growth level/xp/item=8/399/0,8/709/0 stats maxHP/attack,maxHP/magic=30/20,26/13 foesHP=0,0
PASS flag 38 0
pattern trainer=0 turn=0 foePP=0,0 foeAtkDef=0,0 CarlAtk=0 foeLevel=0
support PP=0,0 Carl-defense=0 enemy-attack=0,0
party action uses=8,40 / 2,40
frame=8192 map=35.0 pos=51,27 flags=0
party=2 HP=30/30,26/26 battle=0 battlers=0 outcome=0 PP=0,0 trial=0 donut-ability=0
persistent PP=8,2 status=0,0
growth level/xp/item=8/399/0,8/709/0 stats maxHP/attack,maxHP/magic=30/20,26/13 foesHP=0,0
PASS flag 39 0
pattern trainer=0 turn=0 foePP=0,0 foeAtkDef=0,0 CarlAtk=0 foeLevel=0
support PP=0,0 Carl-defense=0 enemy-attack=0,0
party action uses=8,40 / 2,40
frame=8192 map=35.0 pos=51,27 flags=0
party=2 HP=30/30,26/26 battle=0 battlers=0 outcome=0 PP=0,0 trial=0 donut-ability=0
persistent PP=8,2 status=0,0
growth level/xp/item=8/399/0,8/709/0 stats maxHP/attack,maxHP/magic=30/20,26/13 foesHP=0,0
PASS flag 40 0
pattern trainer=0 turn=0 foePP=0,0 foeAtkDef=0,0 CarlAtk=0 foeLevel=0
support PP=0,0 Carl-defense=0 enemy-attack=0,0
party action uses=8,40 / 2,40
frame=8192 map=35.0 pos=51,27 flags=0
party=2 HP=30/30,26/26 battle=0 battlers=0 outcome=0 PP=0,0 trial=0 donut-ability=0
persistent PP=8,2 status=0,0
growth level/xp/item=8/399/0,8/709/0 stats maxHP/attack,maxHP/magic=30/20,26/13 foesHP=0,0
PASS flag 41 0
pattern trainer=0 turn=0 foePP=0,0 foeAtkDef=0,0 CarlAtk=0 foeLevel=0
support PP=0,0 Carl-defense=0 enemy-attack=0,0
party action uses=8,40 / 2,40
frame=8192 map=35.0 pos=51,27 flags=0
party=2 HP=30/30,26/26 battle=0 battlers=0 outcome=0 PP=0,0 trial=0 donut-ability=0
persistent PP=8,2 status=0,0
growth level/xp/item=8/399/0,8/709/0 stats maxHP/attack,maxHP/magic=30/20,26/13 foesHP=0,0
PASS flag 42 0
pattern trainer=0 turn=0 foePP=0,0 foeAtkDef=0,0 CarlAtk=0 foeLevel=0
support PP=0,0 Carl-defense=0 enemy-attack=0,0
party action uses=8,40 / 2,40
frame=8192 map=35.0 pos=51,27 flags=0
party=2 HP=30/30,26/26 battle=0 battlers=0 outcome=0 PP=0,0 trial=0 donut-ability=0
persistent PP=8,2 status=0,0
growth level/xp/item=8/399/0,8/709/0 stats maxHP/attack,maxHP/magic=30/20,26/13 foesHP=0,0
PASS flag 43 0
pattern trainer=0 turn=0 foePP=0,0 foeAtkDef=0,0 CarlAtk=0 foeLevel=0
support PP=0,0 Carl-defense=0 enemy-attack=0,0
party action uses=8,40 / 2,40
frame=8192 map=35.0 pos=51,27 flags=0
party=2 HP=30/30,26/26 battle=0 battlers=0 outcome=0 PP=0,0 trial=0 donut-ability=0
persistent PP=8,2 status=0,0
growth level/xp/item=8/399/0,8/709/0 stats maxHP/attack,maxHP/magic=30/20,26/13 foesHP=0,0
PASS flag 44 0
pattern trainer=0 turn=0 foePP=0,0 foeAtkDef=0,0 CarlAtk=0 foeLevel=0
support PP=0,0 Carl-defense=0 enemy-attack=0,0
party action uses=8,40 / 2,40
frame=8192 map=35.0 pos=51,27 flags=0
party=2 HP=30/30,26/26 battle=0 battlers=0 outcome=0 PP=0,0 trial=0 donut-ability=0
persistent PP=8,2 status=0,0
growth level/xp/item=8/399/0,8/709/0 stats maxHP/attack,maxHP/magic=30/20,26/13 foesHP=0,0
PASS flag 45 0
pattern trainer=0 turn=0 foePP=0,0 foeAtkDef=0,0 CarlAtk=0 foeLevel=0
support PP=0,0 Carl-defense=0 enemy-attack=0,0
party action uses=8,40 / 2,40
frame=8192 map=35.0 pos=51,27 flags=0
party=2 HP=30/30,26/26 battle=0 battlers=0 outcome=0 PP=0,0 trial=0 donut-ability=0
persistent PP=8,2 status=0,0
growth level/xp/item=8/399/0,8/709/0 stats maxHP/attack,maxHP/magic=30/20,26/13 foesHP=0,0
PASS flag 46 0
pattern trainer=0 turn=0 foePP=0,0 foeAtkDef=0,0 CarlAtk=0 foeLevel=0
support PP=0,0 Carl-defense=0 enemy-attack=0,0
party action uses=8,40 / 2,40
frame=8192 map=35.0 pos=51,27 flags=0
party=2 HP=30/30,26/26 battle=0 battlers=0 outcome=0 PP=0,0 trial=0 donut-ability=0
persistent PP=8,2 status=0,0
growth level/xp/item=8/399/0,8/709/0 stats maxHP/attack,maxHP/magic=30/20,26/13 foesHP=0,0
PASS flag 47 0
pattern trainer=0 turn=0 foePP=0,0 foeAtkDef=0,0 CarlAtk=0 foeLevel=0
support PP=0,0 Carl-defense=0 enemy-attack=0,0
party action uses=8,40 / 2,40
frame=8192 map=35.0 pos=51,27 flags=0
party=2 HP=30/30,26/26 battle=0 battlers=0 outcome=0 PP=0,0 trial=0 donut-ability=0
persistent PP=8,2 status=0,0
growth level/xp/item=8/399/0,8/709/0 stats maxHP/attack,maxHP/magic=30/20,26/13 foesHP=0,0
PASS flag 48 0
pattern trainer=0 turn=0 foePP=0,0 foeAtkDef=0,0 CarlAtk=0 foeLevel=0
support PP=0,0 Carl-defense=0 enemy-attack=0,0
party action uses=8,40 / 2,40
frame=8192 map=35.0 pos=51,27 flags=0
party=2 HP=30/30,26/26 battle=0 battlers=0 outcome=0 PP=0,0 trial=0 donut-ability=0
persistent PP=8,2 status=0,0
growth level/xp/item=8/399/0,8/709/0 stats maxHP/attack,maxHP/magic=30/20,26/13 foesHP=0,0
PASS flag 2135 0
pattern trainer=0 turn=0 foePP=0,0 foeAtkDef=0,0 CarlAtk=0 foeLevel=0
support PP=0,0 Carl-defense=0 enemy-attack=0,0
party action uses=8,40 / 2,40
frame=8192 map=35.0 pos=51,27 flags=0
party=2 HP=30/30,26/26 battle=0 battlers=0 outcome=0 PP=0,0 trial=0 donut-ability=0
persistent PP=8,2 status=0,0
growth level/xp/item=8/399/0,8/709/0 stats maxHP/attack,maxHP/magic=30/20,26/13 foesHP=0,0
PASS flag 2136 0
pattern trainer=0 turn=0 foePP=0,0 foeAtkDef=0,0 CarlAtk=0 foeLevel=0
support PP=0,0 Carl-defense=0 enemy-attack=0,0
party action uses=8,40 / 2,40
frame=8192 map=35.0 pos=51,27 flags=0
party=2 HP=30/30,26/26 battle=0 battlers=0 outcome=0 PP=0,0 trial=0 donut-ability=0
persistent PP=8,2 status=0,0
growth level/xp/item=8/399/0,8/709/0 stats maxHP/attack,maxHP/magic=30/20,26/13 foesHP=0,0
PASS flag 2137 0
pattern trainer=0 turn=0 foePP=0,0 foeAtkDef=0,0 CarlAtk=0 foeLevel=0
support PP=0,0 Carl-defense=0 enemy-attack=0,0
party action uses=8,40 / 2,40
frame=8192 map=35.0 pos=51,27 flags=0
party=2 HP=30/30,26/26 battle=0 battlers=0 outcome=0 PP=0,0 trial=0 donut-ability=0
persistent PP=8,2 status=0,0
growth level/xp/item=8/399/0,8/709/0 stats maxHP/attack,maxHP/magic=30/20,26/13 foesHP=0,0
PASS flag 2138 0
pattern trainer=0 turn=0 foePP=0,0 foeAtkDef=0,0 CarlAtk=0 foeLevel=0
support PP=0,0 Carl-defense=0 enemy-attack=0,0
party action uses=8,40 / 2,40
frame=8192 map=35.0 pos=51,27 flags=0
party=2 HP=30/30,26/26 battle=0 battlers=0 outcome=0 PP=0,0 trial=0 donut-ability=0
persistent PP=8,2 status=0,0
growth level/xp/item=8/399/0,8/709/0 stats maxHP/attack,maxHP/magic=30/20,26/13 foesHP=0,0
PASS flag 2139 0
pattern trainer=0 turn=0 foePP=0,0 foeAtkDef=0,0 CarlAtk=0 foeLevel=0
support PP=0,0 Carl-defense=0 enemy-attack=0,0
party action uses=8,40 / 2,40
frame=8212 map=35.0 pos=50,27 flags=0
party=2 HP=30/30,26/26 battle=0 battlers=0 outcome=0 PP=0,0 trial=0 donut-ability=0
persistent PP=8,2 status=0,0
growth level/xp/item=8/399/0,8/709/0 stats maxHP/attack,maxHP/magic=30/20,26/13 foesHP=0,0
pattern trainer=0 turn=0 foePP=0,0 foeAtkDef=0,0 CarlAtk=0 foeLevel=0
support PP=0,0 Carl-defense=0 enemy-attack=0,0
party action uses=8,40 / 2,40
frame=8252 map=35.0 pos=50,27 flags=0
party=2 HP=30/30,26/26 battle=0 battlers=0 outcome=0 PP=0,0 trial=0 donut-ability=0
persistent PP=8,2 status=0,0
growth level/xp/item=8/399/0,8/709/0 stats maxHP/attack,maxHP/magic=30/20,26/13 foesHP=0,0
pattern trainer=0 turn=0 foePP=0,0 foeAtkDef=0,0 CarlAtk=0 foeLevel=0
support PP=0,0 Carl-defense=0 enemy-attack=0,0
party action uses=8,40 / 2,40
frame=8252 map=35.0 pos=50,27 flags=0
party=2 HP=30/30,26/26 battle=0 battlers=0 outcome=0 PP=0,0 trial=0 donut-ability=0
persistent PP=8,2 status=0,0
growth level/xp/item=8/399/0,8/709/0 stats maxHP/attack,maxHP/magic=30/20,26/13 foesHP=0,0
pattern trainer=0 turn=0 foePP=0,0 foeAtkDef=0,0 CarlAtk=0 foeLevel=0
support PP=0,0 Carl-defense=0 enemy-attack=0,0
party action uses=8,40 / 2,40
PASS expect 35 0 50 27 0
frame=8368 map=35.0 pos=50,34 flags=0
party=2 HP=30/30,26/26 battle=0 battlers=0 outcome=0 PP=0,0 trial=0 donut-ability=0
persistent PP=8,2 status=0,0
growth level/xp/item=8/399/0,8/709/0 stats maxHP/attack,maxHP/magic=30/20,26/13 foesHP=0,0
pattern trainer=0 turn=0 foePP=0,0 foeAtkDef=0,0 CarlAtk=0 foeLevel=0
support PP=0,0 Carl-defense=0 enemy-attack=0,0
party action uses=8,40 / 2,40
frame=8408 map=35.0 pos=50,34 flags=0
party=2 HP=30/30,26/26 battle=0 battlers=0 outcome=0 PP=0,0 trial=0 donut-ability=0
persistent PP=8,2 status=0,0
growth level/xp/item=8/399/0,8/709/0 stats maxHP/attack,maxHP/magic=30/20,26/13 foesHP=0,0
pattern trainer=0 turn=0 foePP=0,0 foeAtkDef=0,0 CarlAtk=0 foeLevel=0
support PP=0,0 Carl-defense=0 enemy-attack=0,0
party action uses=8,40 / 2,40
frame=8408 map=35.0 pos=50,34 flags=0
party=2 HP=30/30,26/26 battle=0 battlers=0 outcome=0 PP=0,0 trial=0 donut-ability=0
persistent PP=8,2 status=0,0
growth level/xp/item=8/399/0,8/709/0 stats maxHP/attack,maxHP/magic=30/20,26/13 foesHP=0,0
pattern trainer=0 turn=0 foePP=0,0 foeAtkDef=0,0 CarlAtk=0 foeLevel=0
support PP=0,0 Carl-defense=0 enemy-attack=0,0
party action uses=8,40 / 2,40
PASS expect 35 0 50 34 0
frame=8492 map=35.0 pos=45,34 flags=0
party=2 HP=30/30,26/26 battle=0 battlers=0 outcome=0 PP=0,0 trial=0 donut-ability=0
persistent PP=8,2 status=0,0
growth level/xp/item=8/399/0,8/709/0 stats maxHP/attack,maxHP/magic=30/20,26/13 foesHP=0,0
pattern trainer=0 turn=0 foePP=0,0 foeAtkDef=0,0 CarlAtk=0 foeLevel=0
support PP=0,0 Carl-defense=0 enemy-attack=0,0
party action uses=8,40 / 2,40
frame=8532 map=35.0 pos=45,34 flags=0
party=2 HP=30/30,26/26 battle=0 battlers=0 outcome=0 PP=0,0 trial=0 donut-ability=0
persistent PP=8,2 status=0,0
growth level/xp/item=8/399/0,8/709/0 stats maxHP/attack,maxHP/magic=30/20,26/13 foesHP=0,0
pattern trainer=0 turn=0 foePP=0,0 foeAtkDef=0,0 CarlAtk=0 foeLevel=0
support PP=0,0 Carl-defense=0 enemy-attack=0,0
party action uses=8,40 / 2,40
frame=8532 map=35.0 pos=45,34 flags=0
party=2 HP=30/30,26/26 battle=0 battlers=0 outcome=0 PP=0,0 trial=0 donut-ability=0
persistent PP=8,2 status=0,0
growth level/xp/item=8/399/0,8/709/0 stats maxHP/attack,maxHP/magic=30/20,26/13 foesHP=0,0
pattern trainer=0 turn=0 foePP=0,0 foeAtkDef=0,0 CarlAtk=0 foeLevel=0
support PP=0,0 Carl-defense=0 enemy-attack=0,0
party action uses=8,40 / 2,40
PASS expect 35 0 45 34 0
frame=8568 map=35.0 pos=45,36 flags=0
party=2 HP=30/30,26/26 battle=0 battlers=0 outcome=0 PP=0,0 trial=0 donut-ability=0
persistent PP=8,2 status=0,0
growth level/xp/item=8/399/0,8/709/0 stats maxHP/attack,maxHP/magic=30/20,26/13 foesHP=0,0
pattern trainer=0 turn=0 foePP=0,0 foeAtkDef=0,0 CarlAtk=0 foeLevel=0
support PP=0,0 Carl-defense=0 enemy-attack=0,0
party action uses=8,40 / 2,40
frame=8608 map=35.0 pos=45,36 flags=0
party=2 HP=30/30,26/26 battle=0 battlers=0 outcome=0 PP=0,0 trial=0 donut-ability=0
persistent PP=8,2 status=0,0
growth level/xp/item=8/399/0,8/709/0 stats maxHP/attack,maxHP/magic=30/20,26/13 foesHP=0,0
pattern trainer=0 turn=0 foePP=0,0 foeAtkDef=0,0 CarlAtk=0 foeLevel=0
support PP=0,0 Carl-defense=0 enemy-attack=0,0
party action uses=8,40 / 2,40
frame=8608 map=35.0 pos=45,36 flags=0
party=2 HP=30/30,26/26 battle=0 battlers=0 outcome=0 PP=0,0 trial=0 donut-ability=0
persistent PP=8,2 status=0,0
growth level/xp/item=8/399/0,8/709/0 stats maxHP/attack,maxHP/magic=30/20,26/13 foesHP=0,0
pattern trainer=0 turn=0 foePP=0,0 foeAtkDef=0,0 CarlAtk=0 foeLevel=0
support PP=0,0 Carl-defense=0 enemy-attack=0,0
party action uses=8,40 / 2,40
PASS expect 35 0 45 36 0
frame=8788 map=35.0 pos=34,36 flags=0
party=2 HP=30/30,26/26 battle=0 battlers=0 outcome=0 PP=0,0 trial=0 donut-ability=0
persistent PP=8,2 status=0,0
growth level/xp/item=8/399/0,8/709/0 stats maxHP/attack,maxHP/magic=30/20,26/13 foesHP=0,0
pattern trainer=0 turn=0 foePP=0,0 foeAtkDef=0,0 CarlAtk=0 foeLevel=0
support PP=0,0 Carl-defense=0 enemy-attack=0,0
party action uses=8,40 / 2,40
frame=8828 map=35.0 pos=34,36 flags=0
party=2 HP=30/30,26/26 battle=0 battlers=0 outcome=0 PP=0,0 trial=0 donut-ability=0
persistent PP=8,2 status=0,0
growth level/xp/item=8/399/0,8/709/0 stats maxHP/attack,maxHP/magic=30/20,26/13 foesHP=0,0
pattern trainer=0 turn=0 foePP=0,0 foeAtkDef=0,0 CarlAtk=0 foeLevel=0
support PP=0,0 Carl-defense=0 enemy-attack=0,0
party action uses=8,40 / 2,40
frame=8828 map=35.0 pos=34,36 flags=0
party=2 HP=30/30,26/26 battle=0 battlers=0 outcome=0 PP=0,0 trial=0 donut-ability=0
persistent PP=8,2 status=0,0
growth level/xp/item=8/399/0,8/709/0 stats maxHP/attack,maxHP/magic=30/20,26/13 foesHP=0,0
pattern trainer=0 turn=0 foePP=0,0 foeAtkDef=0,0 CarlAtk=0 foeLevel=0
support PP=0,0 Carl-defense=0 enemy-attack=0,0
party action uses=8,40 / 2,40
PASS expect 35 0 34 36 0
frame=8912 map=35.0 pos=34,41 flags=0
party=2 HP=30/30,26/26 battle=0 battlers=0 outcome=0 PP=0,0 trial=0 donut-ability=0
persistent PP=8,2 status=0,0
growth level/xp/item=8/399/0,8/709/0 stats maxHP/attack,maxHP/magic=30/20,26/13 foesHP=0,0
pattern trainer=0 turn=0 foePP=0,0 foeAtkDef=0,0 CarlAtk=0 foeLevel=0
support PP=0,0 Carl-defense=0 enemy-attack=0,0
party action uses=8,40 / 2,40
frame=8952 map=35.0 pos=34,41 flags=0
party=2 HP=30/30,26/26 battle=0 battlers=0 outcome=0 PP=0,0 trial=0 donut-ability=0
persistent PP=8,2 status=0,0
growth level/xp/item=8/399/0,8/709/0 stats maxHP/attack,maxHP/magic=30/20,26/13 foesHP=0,0
pattern trainer=0 turn=0 foePP=0,0 foeAtkDef=0,0 CarlAtk=0 foeLevel=0
support PP=0,0 Carl-defense=0 enemy-attack=0,0
party action uses=8,40 / 2,40
frame=8952 map=35.0 pos=34,41 flags=0
party=2 HP=30/30,26/26 battle=0 battlers=0 outcome=0 PP=0,0 trial=0 donut-ability=0
persistent PP=8,2 status=0,0
growth level/xp/item=8/399/0,8/709/0 stats maxHP/attack,maxHP/magic=30/20,26/13 foesHP=0,0
pattern trainer=0 turn=0 foePP=0,0 foeAtkDef=0,0 CarlAtk=0 foeLevel=0
support PP=0,0 Carl-defense=0 enemy-attack=0,0
party action uses=8,40 / 2,40
PASS expect 35 0 34 41 0
frame=9084 map=35.0 pos=42,41 flags=0
party=2 HP=30/30,26/26 battle=0 battlers=0 outcome=0 PP=0,0 trial=0 donut-ability=0
persistent PP=8,2 status=0,0
growth level/xp/item=8/399/0,8/709/0 stats maxHP/attack,maxHP/magic=30/20,26/13 foesHP=0,0
pattern trainer=0 turn=0 foePP=0,0 foeAtkDef=0,0 CarlAtk=0 foeLevel=0
support PP=0,0 Carl-defense=0 enemy-attack=0,0
party action uses=8,40 / 2,40
frame=9124 map=35.0 pos=42,41 flags=0
party=2 HP=30/30,26/26 battle=0 battlers=0 outcome=0 PP=0,0 trial=0 donut-ability=0
persistent PP=8,2 status=0,0
growth level/xp/item=8/399/0,8/709/0 stats maxHP/attack,maxHP/magic=30/20,26/13 foesHP=0,0
pattern trainer=0 turn=0 foePP=0,0 foeAtkDef=0,0 CarlAtk=0 foeLevel=0
support PP=0,0 Carl-defense=0 enemy-attack=0,0
party action uses=8,40 / 2,40
frame=9124 map=35.0 pos=42,41 flags=0
party=2 HP=30/30,26/26 battle=0 battlers=0 outcome=0 PP=0,0 trial=0 donut-ability=0
persistent PP=8,2 status=0,0
growth level/xp/item=8/399/0,8/709/0 stats maxHP/attack,maxHP/magic=30/20,26/13 foesHP=0,0
pattern trainer=0 turn=0 foePP=0,0 foeAtkDef=0,0 CarlAtk=0 foeLevel=0
support PP=0,0 Carl-defense=0 enemy-attack=0,0
party action uses=8,40 / 2,40
PASS expect 35 0 42 41 0
frame=9144 map=35.0 pos=42,40 flags=0
party=2 HP=30/30,26/26 battle=0 battlers=0 outcome=0 PP=0,0 trial=0 donut-ability=0
persistent PP=8,2 status=0,0
growth level/xp/item=8/399/0,8/709/0 stats maxHP/attack,maxHP/magic=30/20,26/13 foesHP=0,0
pattern trainer=0 turn=0 foePP=0,0 foeAtkDef=0,0 CarlAtk=0 foeLevel=0
support PP=0,0 Carl-defense=0 enemy-attack=0,0
party action uses=8,40 / 2,40
frame=9184 map=35.0 pos=42,40 flags=0
party=2 HP=30/30,26/26 battle=0 battlers=0 outcome=0 PP=0,0 trial=0 donut-ability=0
persistent PP=8,2 status=0,0
growth level/xp/item=8/399/0,8/709/0 stats maxHP/attack,maxHP/magic=30/20,26/13 foesHP=0,0
pattern trainer=0 turn=0 foePP=0,0 foeAtkDef=0,0 CarlAtk=0 foeLevel=0
support PP=0,0 Carl-defense=0 enemy-attack=0,0
party action uses=8,40 / 2,40
frame=9184 map=35.0 pos=42,40 flags=0
party=2 HP=30/30,26/26 battle=0 battlers=0 outcome=0 PP=0,0 trial=0 donut-ability=0
persistent PP=8,2 status=0,0
growth level/xp/item=8/399/0,8/709/0 stats maxHP/attack,maxHP/magic=30/20,26/13 foesHP=0,0
pattern trainer=0 turn=0 foePP=0,0 foeAtkDef=0,0 CarlAtk=0 foeLevel=0
support PP=0,0 Carl-defense=0 enemy-attack=0,0
party action uses=8,40 / 2,40
PASS expect 35 0 42 40 0
frame=9224 map=35.0 pos=42,40 flags=0
party=2 HP=30/30,26/26 battle=0 battlers=0 outcome=0 PP=0,0 trial=0 donut-ability=0
persistent PP=8,2 status=0,0
growth level/xp/item=8/399/0,8/709/0 stats maxHP/attack,maxHP/magic=30/20,26/13 foesHP=0,0
pattern trainer=0 turn=0 foePP=0,0 foeAtkDef=0,0 CarlAtk=0 foeLevel=0
support PP=0,0 Carl-defense=0 enemy-attack=0,0
party action uses=8,40 / 2,40
frame=9244 map=35.0 pos=42,41 flags=0
party=2 HP=30/30,26/26 battle=0 battlers=0 outcome=0 PP=0,0 trial=0 donut-ability=0
persistent PP=8,2 status=0,0
growth level/xp/item=8/399/0,8/709/0 stats maxHP/attack,maxHP/magic=30/20,26/13 foesHP=0,0
pattern trainer=0 turn=0 foePP=0,0 foeAtkDef=0,0 CarlAtk=0 foeLevel=0
support PP=0,0 Carl-defense=0 enemy-attack=0,0
party action uses=8,40 / 2,40
frame=9284 map=35.0 pos=42,41 flags=0
party=2 HP=30/30,26/26 battle=0 battlers=0 outcome=0 PP=0,0 trial=0 donut-ability=0
persistent PP=8,2 status=0,0
growth level/xp/item=8/399/0,8/709/0 stats maxHP/attack,maxHP/magic=30/20,26/13 foesHP=0,0
pattern trainer=0 turn=0 foePP=0,0 foeAtkDef=0,0 CarlAtk=0 foeLevel=0
support PP=0,0 Carl-defense=0 enemy-attack=0,0
party action uses=8,40 / 2,40
frame=9284 map=35.0 pos=42,41 flags=0
party=2 HP=30/30,26/26 battle=0 battlers=0 outcome=0 PP=0,0 trial=0 donut-ability=0
persistent PP=8,2 status=0,0
growth level/xp/item=8/399/0,8/709/0 stats maxHP/attack,maxHP/magic=30/20,26/13 foesHP=0,0
pattern trainer=0 turn=0 foePP=0,0 foeAtkDef=0,0 CarlAtk=0 foeLevel=0
support PP=0,0 Carl-defense=0 enemy-attack=0,0
party action uses=8,40 / 2,40
PASS expect 35 0 42 41 0
frame=9352 map=35.0 pos=46,41 flags=0
party=2 HP=30/30,26/26 battle=0 battlers=0 outcome=0 PP=0,0 trial=0 donut-ability=0
persistent PP=8,2 status=0,0
growth level/xp/item=8/399/0,8/709/0 stats maxHP/attack,maxHP/magic=30/20,26/13 foesHP=0,0
pattern trainer=0 turn=0 foePP=0,0 foeAtkDef=0,0 CarlAtk=0 foeLevel=0
support PP=0,0 Carl-defense=0 enemy-attack=0,0
party action uses=8,40 / 2,40
frame=9392 map=35.0 pos=46,41 flags=0
party=2 HP=30/30,26/26 battle=0 battlers=0 outcome=0 PP=0,0 trial=0 donut-ability=0
persistent PP=8,2 status=0,0
growth level/xp/item=8/399/0,8/709/0 stats maxHP/attack,maxHP/magic=30/20,26/13 foesHP=0,0
pattern trainer=0 turn=0 foePP=0,0 foeAtkDef=0,0 CarlAtk=0 foeLevel=0
support PP=0,0 Carl-defense=0 enemy-attack=0,0
party action uses=8,40 / 2,40
frame=9392 map=35.0 pos=46,41 flags=0
party=2 HP=30/30,26/26 battle=0 battlers=0 outcome=0 PP=0,0 trial=0 donut-ability=0
persistent PP=8,2 status=0,0
growth level/xp/item=8/399/0,8/709/0 stats maxHP/attack,maxHP/magic=30/20,26/13 foesHP=0,0
pattern trainer=0 turn=0 foePP=0,0 foeAtkDef=0,0 CarlAtk=0 foeLevel=0
support PP=0,0 Carl-defense=0 enemy-attack=0,0
party action uses=8,40 / 2,40
PASS expect 35 0 46 41 0
frame=9412 map=35.0 pos=46,42 flags=0
party=2 HP=30/30,26/26 battle=0 battlers=0 outcome=0 PP=0,0 trial=0 donut-ability=0
persistent PP=8,2 status=0,0
growth level/xp/item=8/399/0,8/709/0 stats maxHP/attack,maxHP/magic=30/20,26/13 foesHP=0,0
pattern trainer=0 turn=0 foePP=0,0 foeAtkDef=0,0 CarlAtk=0 foeLevel=0
support PP=0,0 Carl-defense=0 enemy-attack=0,0
party action uses=8,40 / 2,40
frame=9452 map=35.0 pos=46,42 flags=0
party=2 HP=30/30,26/26 battle=0 battlers=0 outcome=0 PP=0,0 trial=0 donut-ability=0
persistent PP=8,2 status=0,0
growth level/xp/item=8/399/0,8/709/0 stats maxHP/attack,maxHP/magic=30/20,26/13 foesHP=0,0
pattern trainer=0 turn=0 foePP=0,0 foeAtkDef=0,0 CarlAtk=0 foeLevel=0
support PP=0,0 Carl-defense=0 enemy-attack=0,0
party action uses=8,40 / 2,40
frame=9452 map=35.0 pos=46,42 flags=0
party=2 HP=30/30,26/26 battle=0 battlers=0 outcome=0 PP=0,0 trial=0 donut-ability=0
persistent PP=8,2 status=0,0
growth level/xp/item=8/399/0,8/709/0 stats maxHP/attack,maxHP/magic=30/20,26/13 foesHP=0,0
pattern trainer=0 turn=0 foePP=0,0 foeAtkDef=0,0 CarlAtk=0 foeLevel=0
support PP=0,0 Carl-defense=0 enemy-attack=0,0
party action uses=8,40 / 2,40
PASS expect 35 0 46 42 0
frame=9492 map=35.0 pos=46,42 flags=0
party=2 HP=30/30,26/26 battle=0 battlers=0 outcome=0 PP=0,0 trial=0 donut-ability=0
persistent PP=8,2 status=0,0
growth level/xp/item=8/399/0,8/709/0 stats maxHP/attack,maxHP/magic=30/20,26/13 foesHP=0,0
pattern trainer=0 turn=0 foePP=0,0 foeAtkDef=0,0 CarlAtk=0 foeLevel=0
support PP=0,0 Carl-defense=0 enemy-attack=0,0
party action uses=8,40 / 2,40
frame=9560 map=35.0 pos=50,42 flags=0
party=2 HP=30/30,26/26 battle=0 battlers=0 outcome=0 PP=0,0 trial=0 donut-ability=0
persistent PP=8,2 status=0,0
growth level/xp/item=8/399/0,8/709/0 stats maxHP/attack,maxHP/magic=30/20,26/13 foesHP=0,0
pattern trainer=0 turn=0 foePP=0,0 foeAtkDef=0,0 CarlAtk=0 foeLevel=0
support PP=0,0 Carl-defense=0 enemy-attack=0,0
party action uses=8,40 / 2,40
frame=9600 map=35.0 pos=50,42 flags=0
party=2 HP=30/30,26/26 battle=0 battlers=0 outcome=0 PP=0,0 trial=0 donut-ability=0
persistent PP=8,2 status=0,0
growth level/xp/item=8/399/0,8/709/0 stats maxHP/attack,maxHP/magic=30/20,26/13 foesHP=0,0
pattern trainer=0 turn=0 foePP=0,0 foeAtkDef=0,0 CarlAtk=0 foeLevel=0
support PP=0,0 Carl-defense=0 enemy-attack=0,0
party action uses=8,40 / 2,40
frame=9600 map=35.0 pos=50,42 flags=0
party=2 HP=30/30,26/26 battle=0 battlers=0 outcome=0 PP=0,0 trial=0 donut-ability=0
persistent PP=8,2 status=0,0
growth level/xp/item=8/399/0,8/709/0 stats maxHP/attack,maxHP/magic=30/20,26/13 foesHP=0,0
pattern trainer=0 turn=0 foePP=0,0 foeAtkDef=0,0 CarlAtk=0 foeLevel=0
support PP=0,0 Carl-defense=0 enemy-attack=0,0
party action uses=8,40 / 2,40
PASS expect 35 0 50 42 0
frame=9640 map=35.0 pos=50,42 flags=0
party=2 HP=30/30,26/26 battle=0 battlers=0 outcome=0 PP=0,0 trial=0 donut-ability=0
persistent PP=8,2 status=0,0
growth level/xp/item=8/399/0,8/709/0 stats maxHP/attack,maxHP/magic=30/20,26/13 foesHP=0,0
pattern trainer=0 turn=0 foePP=0,0 foeAtkDef=0,0 CarlAtk=0 foeLevel=0
support PP=0,0 Carl-defense=0 enemy-attack=0,0
party action uses=8,40 / 2,40
frame=9720 map=35.0 pos=55,42 flags=0
party=2 HP=30/30,26/26 battle=0 battlers=0 outcome=0 PP=0,0 trial=0 donut-ability=0
persistent PP=8,2 status=0,0
growth level/xp/item=8/399/0,8/709/0 stats maxHP/attack,maxHP/magic=30/20,26/13 foesHP=0,0
pattern trainer=0 turn=0 foePP=0,0 foeAtkDef=0,0 CarlAtk=0 foeLevel=0
support PP=0,0 Carl-defense=0 enemy-attack=0,0
party action uses=8,40 / 2,40
frame=9760 map=35.0 pos=55,42 flags=0
party=2 HP=30/30,26/26 battle=0 battlers=0 outcome=0 PP=0,0 trial=0 donut-ability=0
persistent PP=8,2 status=0,0
growth level/xp/item=8/399/0,8/709/0 stats maxHP/attack,maxHP/magic=30/20,26/13 foesHP=0,0
pattern trainer=0 turn=0 foePP=0,0 foeAtkDef=0,0 CarlAtk=0 foeLevel=0
support PP=0,0 Carl-defense=0 enemy-attack=0,0
party action uses=8,40 / 2,40
frame=9760 map=35.0 pos=55,42 flags=0
party=2 HP=30/30,26/26 battle=0 battlers=0 outcome=0 PP=0,0 trial=0 donut-ability=0
persistent PP=8,2 status=0,0
growth level/xp/item=8/399/0,8/709/0 stats maxHP/attack,maxHP/magic=30/20,26/13 foesHP=0,0
pattern trainer=0 turn=0 foePP=0,0 foeAtkDef=0,0 CarlAtk=0 foeLevel=0
support PP=0,0 Carl-defense=0 enemy-attack=0,0
party action uses=8,40 / 2,40
PASS expect 35 0 55 42 0
frame=9800 map=35.0 pos=55,42 flags=0
party=2 HP=30/30,26/26 battle=0 battlers=0 outcome=0 PP=0,0 trial=0 donut-ability=0
persistent PP=8,2 status=0,0
growth level/xp/item=8/399/0,8/709/0 stats maxHP/attack,maxHP/magic=30/20,26/13 foesHP=0,0
pattern trainer=0 turn=0 foePP=0,0 foeAtkDef=0,0 CarlAtk=0 foeLevel=0
support PP=0,0 Carl-defense=0 enemy-attack=0,0
party action uses=8,40 / 2,40
frame=9820 map=35.0 pos=55,41 flags=0
party=2 HP=30/30,26/26 battle=0 battlers=0 outcome=0 PP=0,0 trial=0 donut-ability=0
persistent PP=8,2 status=0,0
growth level/xp/item=8/399/0,8/709/0 stats maxHP/attack,maxHP/magic=30/20,26/13 foesHP=0,0
pattern trainer=0 turn=0 foePP=0,0 foeAtkDef=0,0 CarlAtk=0 foeLevel=0
support PP=0,0 Carl-defense=0 enemy-attack=0,0
party action uses=8,40 / 2,40
frame=9860 map=35.0 pos=55,41 flags=0
party=2 HP=30/30,26/26 battle=0 battlers=0 outcome=0 PP=0,0 trial=0 donut-ability=0
persistent PP=8,2 status=0,0
growth level/xp/item=8/399/0,8/709/0 stats maxHP/attack,maxHP/magic=30/20,26/13 foesHP=0,0
pattern trainer=0 turn=0 foePP=0,0 foeAtkDef=0,0 CarlAtk=0 foeLevel=0
support PP=0,0 Carl-defense=0 enemy-attack=0,0
party action uses=8,40 / 2,40
frame=9860 map=35.0 pos=55,41 flags=0
party=2 HP=30/30,26/26 battle=0 battlers=0 outcome=0 PP=0,0 trial=0 donut-ability=0
persistent PP=8,2 status=0,0
growth level/xp/item=8/399/0,8/709/0 stats maxHP/attack,maxHP/magic=30/20,26/13 foesHP=0,0
pattern trainer=0 turn=0 foePP=0,0 foeAtkDef=0,0 CarlAtk=0 foeLevel=0
support PP=0,0 Carl-defense=0 enemy-attack=0,0
party action uses=8,40 / 2,40
PASS expect 35 0 55 41 0
frame=10200 map=35.0 pos=34,41 flags=0
party=2 HP=30/30,26/26 battle=0 battlers=0 outcome=0 PP=0,0 trial=0 donut-ability=0
persistent PP=8,2 status=0,0
growth level/xp/item=8/399/0,8/709/0 stats maxHP/attack,maxHP/magic=30/20,26/13 foesHP=0,0
pattern trainer=0 turn=0 foePP=0,0 foeAtkDef=0,0 CarlAtk=0 foeLevel=0
support PP=0,0 Carl-defense=0 enemy-attack=0,0
party action uses=8,40 / 2,40
frame=10240 map=35.0 pos=34,41 flags=0
party=2 HP=30/30,26/26 battle=0 battlers=0 outcome=0 PP=0,0 trial=0 donut-ability=0
persistent PP=8,2 status=0,0
growth level/xp/item=8/399/0,8/709/0 stats maxHP/attack,maxHP/magic=30/20,26/13 foesHP=0,0
pattern trainer=0 turn=0 foePP=0,0 foeAtkDef=0,0 CarlAtk=0 foeLevel=0
support PP=0,0 Carl-defense=0 enemy-attack=0,0
party action uses=8,40 / 2,40
frame=10240 map=35.0 pos=34,41 flags=0
party=2 HP=30/30,26/26 battle=0 battlers=0 outcome=0 PP=0,0 trial=0 donut-ability=0
persistent PP=8,2 status=0,0
growth level/xp/item=8/399/0,8/709/0 stats maxHP/attack,maxHP/magic=30/20,26/13 foesHP=0,0
pattern trainer=0 turn=0 foePP=0,0 foeAtkDef=0,0 CarlAtk=0 foeLevel=0
support PP=0,0 Carl-defense=0 enemy-attack=0,0
party action uses=8,40 / 2,40
PASS expect 35 0 34 41 0
frame=10468 map=35.0 pos=34,27 flags=0
party=2 HP=30/30,26/26 battle=0 battlers=0 outcome=0 PP=0,0 trial=0 donut-ability=0
persistent PP=8,2 status=0,0
growth level/xp/item=8/399/0,8/709/0 stats maxHP/attack,maxHP/magic=30/20,26/13 foesHP=0,0
pattern trainer=0 turn=0 foePP=0,0 foeAtkDef=0,0 CarlAtk=0 foeLevel=0
support PP=0,0 Carl-defense=0 enemy-attack=0,0
party action uses=8,40 / 2,40
frame=10508 map=35.0 pos=34,27 flags=0
party=2 HP=30/30,26/26 battle=0 battlers=0 outcome=0 PP=0,0 trial=0 donut-ability=0
persistent PP=8,2 status=0,0
growth level/xp/item=8/399/0,8/709/0 stats maxHP/attack,maxHP/magic=30/20,26/13 foesHP=0,0
pattern trainer=0 turn=0 foePP=0,0 foeAtkDef=0,0 CarlAtk=0 foeLevel=0
support PP=0,0 Carl-defense=0 enemy-attack=0,0
party action uses=8,40 / 2,40
frame=10508 map=35.0 pos=34,27 flags=0
party=2 HP=30/30,26/26 battle=0 battlers=0 outcome=0 PP=0,0 trial=0 donut-ability=0
persistent PP=8,2 status=0,0
growth level/xp/item=8/399/0,8/709/0 stats maxHP/attack,maxHP/magic=30/20,26/13 foesHP=0,0
pattern trainer=0 turn=0 foePP=0,0 foeAtkDef=0,0 CarlAtk=0 foeLevel=0
support PP=0,0 Carl-defense=0 enemy-attack=0,0
party action uses=8,40 / 2,40
PASS expect 35 0 34 27 0
frame=10576 map=35.0 pos=38,27 flags=0
party=2 HP=30/30,26/26 battle=0 battlers=0 outcome=0 PP=0,0 trial=0 donut-ability=0
persistent PP=8,2 status=0,0
growth level/xp/item=8/399/0,8/709/0 stats maxHP/attack,maxHP/magic=30/20,26/13 foesHP=0,0
pattern trainer=0 turn=0 foePP=0,0 foeAtkDef=0,0 CarlAtk=0 foeLevel=0
support PP=0,0 Carl-defense=0 enemy-attack=0,0
party action uses=8,40 / 2,40
frame=10616 map=35.0 pos=38,27 flags=0
party=2 HP=30/30,26/26 battle=0 battlers=0 outcome=0 PP=0,0 trial=0 donut-ability=0
persistent PP=8,2 status=0,0
growth level/xp/item=8/399/0,8/709/0 stats maxHP/attack,maxHP/magic=30/20,26/13 foesHP=0,0
pattern trainer=0 turn=0 foePP=0,0 foeAtkDef=0,0 CarlAtk=0 foeLevel=0
support PP=0,0 Carl-defense=0 enemy-attack=0,0
party action uses=8,40 / 2,40
frame=10616 map=35.0 pos=38,27 flags=0
party=2 HP=30/30,26/26 battle=0 battlers=0 outcome=0 PP=0,0 trial=0 donut-ability=0
persistent PP=8,2 status=0,0
growth level/xp/item=8/399/0,8/709/0 stats maxHP/attack,maxHP/magic=30/20,26/13 foesHP=0,0
pattern trainer=0 turn=0 foePP=0,0 foeAtkDef=0,0 CarlAtk=0 foeLevel=0
support PP=0,0 Carl-defense=0 enemy-attack=0,0
party action uses=8,40 / 2,40
PASS expect 35 0 38 27 0
frame=10636 map=35.0 pos=38,26 flags=0
party=2 HP=30/30,26/26 battle=0 battlers=0 outcome=0 PP=0,0 trial=0 donut-ability=0
persistent PP=8,2 status=0,0
growth level/xp/item=8/399/0,8/709/0 stats maxHP/attack,maxHP/magic=30/20,26/13 foesHP=0,0
pattern trainer=0 turn=0 foePP=0,0 foeAtkDef=0,0 CarlAtk=0 foeLevel=0
support PP=0,0 Carl-defense=0 enemy-attack=0,0
party action uses=8,40 / 2,40
frame=10676 map=35.0 pos=38,26 flags=0
party=2 HP=30/30,26/26 battle=0 battlers=0 outcome=0 PP=0,0 trial=0 donut-ability=0
persistent PP=8,2 status=0,0
growth level/xp/item=8/399/0,8/709/0 stats maxHP/attack,maxHP/magic=30/20,26/13 foesHP=0,0
pattern trainer=0 turn=0 foePP=0,0 foeAtkDef=0,0 CarlAtk=0 foeLevel=0
support PP=0,0 Carl-defense=0 enemy-attack=0,0
party action uses=8,40 / 2,40
frame=10676 map=35.0 pos=38,26 flags=0
party=2 HP=30/30,26/26 battle=0 battlers=0 outcome=0 PP=0,0 trial=0 donut-ability=0
persistent PP=8,2 status=0,0
growth level/xp/item=8/399/0,8/709/0 stats maxHP/attack,maxHP/magic=30/20,26/13 foesHP=0,0
pattern trainer=0 turn=0 foePP=0,0 foeAtkDef=0,0 CarlAtk=0 foeLevel=0
support PP=0,0 Carl-defense=0 enemy-attack=0,0
party action uses=8,40 / 2,40
PASS expect 35 0 38 26 0
frame=10776 map=35.0 pos=44,26 flags=0
party=2 HP=30/30,26/26 battle=0 battlers=0 outcome=0 PP=0,0 trial=0 donut-ability=0
persistent PP=8,2 status=0,0
growth level/xp/item=8/399/0,8/709/0 stats maxHP/attack,maxHP/magic=30/20,26/13 foesHP=0,0
pattern trainer=0 turn=0 foePP=0,0 foeAtkDef=0,0 CarlAtk=0 foeLevel=0
support PP=0,0 Carl-defense=0 enemy-attack=0,0
party action uses=8,40 / 2,40
frame=10816 map=35.0 pos=44,26 flags=0
party=2 HP=30/30,26/26 battle=0 battlers=0 outcome=0 PP=0,0 trial=0 donut-ability=0
persistent PP=8,2 status=0,0
growth level/xp/item=8/399/0,8/709/0 stats maxHP/attack,maxHP/magic=30/20,26/13 foesHP=0,0
pattern trainer=0 turn=0 foePP=0,0 foeAtkDef=0,0 CarlAtk=0 foeLevel=0
support PP=0,0 Carl-defense=0 enemy-attack=0,0
party action uses=8,40 / 2,40
frame=10816 map=35.0 pos=44,26 flags=0
party=2 HP=30/30,26/26 battle=0 battlers=0 outcome=0 PP=0,0 trial=0 donut-ability=0
persistent PP=8,2 status=0,0
growth level/xp/item=8/399/0,8/709/0 stats maxHP/attack,maxHP/magic=30/20,26/13 foesHP=0,0
pattern trainer=0 turn=0 foePP=0,0 foeAtkDef=0,0 CarlAtk=0 foeLevel=0
support PP=0,0 Carl-defense=0 enemy-attack=0,0
party action uses=8,40 / 2,40
PASS expect 35 0 44 26 0
frame=10932 map=35.0 pos=44,19 flags=0
party=2 HP=30/30,26/26 battle=0 battlers=0 outcome=0 PP=0,0 trial=0 donut-ability=0
persistent PP=8,2 status=0,0
growth level/xp/item=8/399/0,8/709/0 stats maxHP/attack,maxHP/magic=30/20,26/13 foesHP=0,0
pattern trainer=0 turn=0 foePP=0,0 foeAtkDef=0,0 CarlAtk=0 foeLevel=0
support PP=0,0 Carl-defense=0 enemy-attack=0,0
party action uses=8,40 / 2,40
frame=10972 map=35.0 pos=44,19 flags=0
party=2 HP=30/30,26/26 battle=0 battlers=0 outcome=0 PP=0,0 trial=0 donut-ability=0
persistent PP=8,2 status=0,0
growth level/xp/item=8/399/0,8/709/0 stats maxHP/attack,maxHP/magic=30/20,26/13 foesHP=0,0
pattern trainer=0 turn=0 foePP=0,0 foeAtkDef=0,0 CarlAtk=0 foeLevel=0
support PP=0,0 Carl-defense=0 enemy-attack=0,0
party action uses=8,40 / 2,40
frame=10972 map=35.0 pos=44,19 flags=0
party=2 HP=30/30,26/26 battle=0 battlers=0 outcome=0 PP=0,0 trial=0 donut-ability=0
persistent PP=8,2 status=0,0
growth level/xp/item=8/399/0,8/709/0 stats maxHP/attack,maxHP/magic=30/20,26/13 foesHP=0,0
pattern trainer=0 turn=0 foePP=0,0 foeAtkDef=0,0 CarlAtk=0 foeLevel=0
support PP=0,0 Carl-defense=0 enemy-attack=0,0
party action uses=8,40 / 2,40
PASS expect 35 0 44 19 0
frame=11072 map=35.0 pos=50,19 flags=0
party=2 HP=30/30,26/26 battle=0 battlers=0 outcome=0 PP=0,0 trial=0 donut-ability=0
persistent PP=8,2 status=0,0
growth level/xp/item=8/399/0,8/709/0 stats maxHP/attack,maxHP/magic=30/20,26/13 foesHP=0,0
pattern trainer=0 turn=0 foePP=0,0 foeAtkDef=0,0 CarlAtk=0 foeLevel=0
support PP=0,0 Carl-defense=0 enemy-attack=0,0
party action uses=8,40 / 2,40
frame=11112 map=35.0 pos=50,19 flags=0
party=2 HP=30/30,26/26 battle=0 battlers=0 outcome=0 PP=0,0 trial=0 donut-ability=0
persistent PP=8,2 status=0,0
growth level/xp/item=8/399/0,8/709/0 stats maxHP/attack,maxHP/magic=30/20,26/13 foesHP=0,0
pattern trainer=0 turn=0 foePP=0,0 foeAtkDef=0,0 CarlAtk=0 foeLevel=0
support PP=0,0 Carl-defense=0 enemy-attack=0,0
party action uses=8,40 / 2,40
frame=11112 map=35.0 pos=50,19 flags=0
party=2 HP=30/30,26/26 battle=0 battlers=0 outcome=0 PP=0,0 trial=0 donut-ability=0
persistent PP=8,2 status=0,0
growth level/xp/item=8/399/0,8/709/0 stats maxHP/attack,maxHP/magic=30/20,26/13 foesHP=0,0
pattern trainer=0 turn=0 foePP=0,0 foeAtkDef=0,0 CarlAtk=0 foeLevel=0
support PP=0,0 Carl-defense=0 enemy-attack=0,0
party action uses=8,40 / 2,40
PASS expect 35 0 50 19 0
frame=11152 map=35.0 pos=50,19 flags=0
party=2 HP=30/30,26/26 battle=0 battlers=0 outcome=0 PP=0,0 trial=0 donut-ability=0
persistent PP=8,2 status=0,0
growth level/xp/item=8/399/0,8/709/0 stats maxHP/attack,maxHP/magic=30/20,26/13 foesHP=0,0
pattern trainer=0 turn=0 foePP=0,0 foeAtkDef=0,0 CarlAtk=0 foeLevel=0
support PP=0,0 Carl-defense=0 enemy-attack=0,0
party action uses=8,40 / 2,40
frame=11284 map=35.0 pos=50,27 flags=0
party=2 HP=30/30,26/26 battle=0 battlers=0 outcome=0 PP=0,0 trial=0 donut-ability=0
persistent PP=8,2 status=0,0
growth level/xp/item=8/399/0,8/709/0 stats maxHP/attack,maxHP/magic=30/20,26/13 foesHP=0,0
pattern trainer=0 turn=0 foePP=0,0 foeAtkDef=0,0 CarlAtk=0 foeLevel=0
support PP=0,0 Carl-defense=0 enemy-attack=0,0
party action uses=8,40 / 2,40
frame=11324 map=35.0 pos=50,27 flags=0
party=2 HP=30/30,26/26 battle=0 battlers=0 outcome=0 PP=0,0 trial=0 donut-ability=0
persistent PP=8,2 status=0,0
growth level/xp/item=8/399/0,8/709/0 stats maxHP/attack,maxHP/magic=30/20,26/13 foesHP=0,0
pattern trainer=0 turn=0 foePP=0,0 foeAtkDef=0,0 CarlAtk=0 foeLevel=0
support PP=0,0 Carl-defense=0 enemy-attack=0,0
party action uses=8,40 / 2,40
frame=11324 map=35.0 pos=50,27 flags=0
party=2 HP=30/30,26/26 battle=0 battlers=0 outcome=0 PP=0,0 trial=0 donut-ability=0
persistent PP=8,2 status=0,0
growth level/xp/item=8/399/0,8/709/0 stats maxHP/attack,maxHP/magic=30/20,26/13 foesHP=0,0
pattern trainer=0 turn=0 foePP=0,0 foeAtkDef=0,0 CarlAtk=0 foeLevel=0
support PP=0,0 Carl-defense=0 enemy-attack=0,0
party action uses=8,40 / 2,40
PASS expect 35 0 50 27 0
frame=11552 map=35.0 pos=36,27 flags=0
party=2 HP=30/30,26/26 battle=0 battlers=0 outcome=0 PP=0,0 trial=0 donut-ability=0
persistent PP=8,2 status=0,0
growth level/xp/item=8/399/0,8/709/0 stats maxHP/attack,maxHP/magic=30/20,26/13 foesHP=0,0
pattern trainer=0 turn=0 foePP=0,0 foeAtkDef=0,0 CarlAtk=0 foeLevel=0
support PP=0,0 Carl-defense=0 enemy-attack=0,0
party action uses=8,40 / 2,40
frame=11592 map=35.0 pos=36,27 flags=0
party=2 HP=30/30,26/26 battle=0 battlers=0 outcome=0 PP=0,0 trial=0 donut-ability=0
persistent PP=8,2 status=0,0
growth level/xp/item=8/399/0,8/709/0 stats maxHP/attack,maxHP/magic=30/20,26/13 foesHP=0,0
pattern trainer=0 turn=0 foePP=0,0 foeAtkDef=0,0 CarlAtk=0 foeLevel=0
support PP=0,0 Carl-defense=0 enemy-attack=0,0
party action uses=8,40 / 2,40
frame=11592 map=35.0 pos=36,27 flags=0
party=2 HP=30/30,26/26 battle=0 battlers=0 outcome=0 PP=0,0 trial=0 donut-ability=0
persistent PP=8,2 status=0,0
growth level/xp/item=8/399/0,8/709/0 stats maxHP/attack,maxHP/magic=30/20,26/13 foesHP=0,0
pattern trainer=0 turn=0 foePP=0,0 foeAtkDef=0,0 CarlAtk=0 foeLevel=0
support PP=0,0 Carl-defense=0 enemy-attack=0,0
party action uses=8,40 / 2,40
PASS expect 35 0 36 27 0
frame=11612 map=35.0 pos=36,26 flags=0
party=2 HP=30/30,26/26 battle=0 battlers=0 outcome=0 PP=0,0 trial=0 donut-ability=0
persistent PP=8,2 status=0,0
growth level/xp/item=8/399/0,8/709/0 stats maxHP/attack,maxHP/magic=30/20,26/13 foesHP=0,0
pattern trainer=0 turn=0 foePP=0,0 foeAtkDef=0,0 CarlAtk=0 foeLevel=0
support PP=0,0 Carl-defense=0 enemy-attack=0,0
party action uses=8,40 / 2,40
frame=11652 map=35.0 pos=36,26 flags=0
party=2 HP=30/30,26/26 battle=0 battlers=0 outcome=0 PP=0,0 trial=0 donut-ability=0
persistent PP=8,2 status=0,0
growth level/xp/item=8/399/0,8/709/0 stats maxHP/attack,maxHP/magic=30/20,26/13 foesHP=0,0
pattern trainer=0 turn=0 foePP=0,0 foeAtkDef=0,0 CarlAtk=0 foeLevel=0
support PP=0,0 Carl-defense=0 enemy-attack=0,0
party action uses=8,40 / 2,40
frame=11652 map=35.0 pos=36,26 flags=0
party=2 HP=30/30,26/26 battle=0 battlers=0 outcome=0 PP=0,0 trial=0 donut-ability=0
persistent PP=8,2 status=0,0
growth level/xp/item=8/399/0,8/709/0 stats maxHP/attack,maxHP/magic=30/20,26/13 foesHP=0,0
pattern trainer=0 turn=0 foePP=0,0 foeAtkDef=0,0 CarlAtk=0 foeLevel=0
support PP=0,0 Carl-defense=0 enemy-attack=0,0
party action uses=8,40 / 2,40
PASS expect 35 0 36 26 0
frame=11688 map=35.0 pos=34,26 flags=0
party=2 HP=30/30,26/26 battle=0 battlers=0 outcome=0 PP=0,0 trial=0 donut-ability=0
persistent PP=8,2 status=0,0
growth level/xp/item=8/399/0,8/709/0 stats maxHP/attack,maxHP/magic=30/20,26/13 foesHP=0,0
pattern trainer=0 turn=0 foePP=0,0 foeAtkDef=0,0 CarlAtk=0 foeLevel=0
support PP=0,0 Carl-defense=0 enemy-attack=0,0
party action uses=8,40 / 2,40
frame=11728 map=35.0 pos=34,26 flags=0
party=2 HP=30/30,26/26 battle=0 battlers=0 outcome=0 PP=0,0 trial=0 donut-ability=0
persistent PP=8,2 status=0,0
growth level/xp/item=8/399/0,8/709/0 stats maxHP/attack,maxHP/magic=30/20,26/13 foesHP=0,0
pattern trainer=0 turn=0 foePP=0,0 foeAtkDef=0,0 CarlAtk=0 foeLevel=0
support PP=0,0 Carl-defense=0 enemy-attack=0,0
party action uses=8,40 / 2,40
frame=11728 map=35.0 pos=34,26 flags=0
party=2 HP=30/30,26/26 battle=0 battlers=0 outcome=0 PP=0,0 trial=0 donut-ability=0
persistent PP=8,2 status=0,0
growth level/xp/item=8/399/0,8/709/0 stats maxHP/attack,maxHP/magic=30/20,26/13 foesHP=0,0
pattern trainer=0 turn=0 foePP=0,0 foeAtkDef=0,0 CarlAtk=0 foeLevel=0
support PP=0,0 Carl-defense=0 enemy-attack=0,0
party action uses=8,40 / 2,40
PASS expect 35 0 34 26 0
frame=11764 map=35.0 pos=34,24 flags=0
party=2 HP=30/30,26/26 battle=0 battlers=0 outcome=0 PP=0,0 trial=0 donut-ability=0
persistent PP=8,2 status=0,0
growth level/xp/item=8/399/0,8/709/0 stats maxHP/attack,maxHP/magic=30/20,26/13 foesHP=0,0
pattern trainer=0 turn=0 foePP=0,0 foeAtkDef=0,0 CarlAtk=0 foeLevel=0
support PP=0,0 Carl-defense=0 enemy-attack=0,0
party action uses=8,40 / 2,40
frame=11804 map=35.0 pos=34,24 flags=0
party=2 HP=30/30,26/26 battle=0 battlers=0 outcome=0 PP=0,0 trial=0 donut-ability=0
persistent PP=8,2 status=0,0
growth level/xp/item=8/399/0,8/709/0 stats maxHP/attack,maxHP/magic=30/20,26/13 foesHP=0,0
pattern trainer=0 turn=0 foePP=0,0 foeAtkDef=0,0 CarlAtk=0 foeLevel=0
support PP=0,0 Carl-defense=0 enemy-attack=0,0
party action uses=8,40 / 2,40
frame=11804 map=35.0 pos=34,24 flags=0
party=2 HP=30/30,26/26 battle=0 battlers=0 outcome=0 PP=0,0 trial=0 donut-ability=0
persistent PP=8,2 status=0,0
growth level/xp/item=8/399/0,8/709/0 stats maxHP/attack,maxHP/magic=30/20,26/13 foesHP=0,0
pattern trainer=0 turn=0 foePP=0,0 foeAtkDef=0,0 CarlAtk=0 foeLevel=0
support PP=0,0 Carl-defense=0 enemy-attack=0,0
party action uses=8,40 / 2,40
PASS expect 35 0 34 24 0
frame=11872 map=35.0 pos=30,24 flags=0
party=2 HP=30/30,26/26 battle=0 battlers=0 outcome=0 PP=0,0 trial=0 donut-ability=0
persistent PP=8,2 status=0,0
growth level/xp/item=8/399/0,8/709/0 stats maxHP/attack,maxHP/magic=30/20,26/13 foesHP=0,0
pattern trainer=0 turn=0 foePP=0,0 foeAtkDef=0,0 CarlAtk=0 foeLevel=0
support PP=0,0 Carl-defense=0 enemy-attack=0,0
party action uses=8,40 / 2,40
frame=11912 map=35.0 pos=30,24 flags=0
party=2 HP=30/30,26/26 battle=0 battlers=0 outcome=0 PP=0,0 trial=0 donut-ability=0
persistent PP=8,2 status=0,0
growth level/xp/item=8/399/0,8/709/0 stats maxHP/attack,maxHP/magic=30/20,26/13 foesHP=0,0
pattern trainer=0 turn=0 foePP=0,0 foeAtkDef=0,0 CarlAtk=0 foeLevel=0
support PP=0,0 Carl-defense=0 enemy-attack=0,0
party action uses=8,40 / 2,40
frame=11912 map=35.0 pos=30,24 flags=0
party=2 HP=30/30,26/26 battle=0 battlers=0 outcome=0 PP=0,0 trial=0 donut-ability=0
persistent PP=8,2 status=0,0
growth level/xp/item=8/399/0,8/709/0 stats maxHP/attack,maxHP/magic=30/20,26/13 foesHP=0,0
pattern trainer=0 turn=0 foePP=0,0 foeAtkDef=0,0 CarlAtk=0 foeLevel=0
support PP=0,0 Carl-defense=0 enemy-attack=0,0
party action uses=8,40 / 2,40
PASS expect 35 0 30 24 0
frame=11952 map=35.0 pos=30,24 flags=0
party=2 HP=30/30,26/26 battle=0 battlers=0 outcome=0 PP=0,0 trial=0 donut-ability=0
persistent PP=8,2 status=0,0
growth level/xp/item=8/399/0,8/709/0 stats maxHP/attack,maxHP/magic=30/20,26/13 foesHP=0,0
pattern trainer=0 turn=0 foePP=0,0 foeAtkDef=0,0 CarlAtk=0 foeLevel=0
support PP=0,0 Carl-defense=0 enemy-attack=0,0
party action uses=8,40 / 2,40
frame=12084 map=35.0 pos=30,16 flags=0
party=2 HP=30/30,26/26 battle=0 battlers=0 outcome=0 PP=0,0 trial=0 donut-ability=0
persistent PP=8,2 status=0,0
growth level/xp/item=8/399/0,8/709/0 stats maxHP/attack,maxHP/magic=30/20,26/13 foesHP=0,0
pattern trainer=0 turn=0 foePP=0,0 foeAtkDef=0,0 CarlAtk=0 foeLevel=0
support PP=0,0 Carl-defense=0 enemy-attack=0,0
party action uses=8,40 / 2,40
frame=12124 map=35.0 pos=30,16 flags=0
party=2 HP=30/30,26/26 battle=0 battlers=0 outcome=0 PP=0,0 trial=0 donut-ability=0
persistent PP=8,2 status=0,0
growth level/xp/item=8/399/0,8/709/0 stats maxHP/attack,maxHP/magic=30/20,26/13 foesHP=0,0
pattern trainer=0 turn=0 foePP=0,0 foeAtkDef=0,0 CarlAtk=0 foeLevel=0
support PP=0,0 Carl-defense=0 enemy-attack=0,0
party action uses=8,40 / 2,40
frame=12124 map=35.0 pos=30,16 flags=0
party=2 HP=30/30,26/26 battle=0 battlers=0 outcome=0 PP=0,0 trial=0 donut-ability=0
persistent PP=8,2 status=0,0
growth level/xp/item=8/399/0,8/709/0 stats maxHP/attack,maxHP/magic=30/20,26/13 foesHP=0,0
pattern trainer=0 turn=0 foePP=0,0 foeAtkDef=0,0 CarlAtk=0 foeLevel=0
support PP=0,0 Carl-defense=0 enemy-attack=0,0
party action uses=8,40 / 2,40
PASS expect 35 0 30 16 0
frame=12192 map=35.0 pos=34,16 flags=0
party=2 HP=30/30,26/26 battle=0 battlers=0 outcome=0 PP=0,0 trial=0 donut-ability=0
persistent PP=8,2 status=0,0
growth level/xp/item=8/399/0,8/709/0 stats maxHP/attack,maxHP/magic=30/20,26/13 foesHP=0,0
pattern trainer=0 turn=0 foePP=0,0 foeAtkDef=0,0 CarlAtk=0 foeLevel=0
support PP=0,0 Carl-defense=0 enemy-attack=0,0
party action uses=8,40 / 2,40
frame=12232 map=35.0 pos=34,16 flags=0
party=2 HP=30/30,26/26 battle=0 battlers=0 outcome=0 PP=0,0 trial=0 donut-ability=0
persistent PP=8,2 status=0,0
growth level/xp/item=8/399/0,8/709/0 stats maxHP/attack,maxHP/magic=30/20,26/13 foesHP=0,0
pattern trainer=0 turn=0 foePP=0,0 foeAtkDef=0,0 CarlAtk=0 foeLevel=0
support PP=0,0 Carl-defense=0 enemy-attack=0,0
party action uses=8,40 / 2,40
frame=12232 map=35.0 pos=34,16 flags=0
party=2 HP=30/30,26/26 battle=0 battlers=0 outcome=0 PP=0,0 trial=0 donut-ability=0
persistent PP=8,2 status=0,0
growth level/xp/item=8/399/0,8/709/0 stats maxHP/attack,maxHP/magic=30/20,26/13 foesHP=0,0
pattern trainer=0 turn=0 foePP=0,0 foeAtkDef=0,0 CarlAtk=0 foeLevel=0
support PP=0,0 Carl-defense=0 enemy-attack=0,0
party action uses=8,40 / 2,40
PASS expect 35 0 34 16 0
frame=12380 map=35.0 pos=34,16 flags=0
party=2 HP=30/30,26/26 battle=0 battlers=0 outcome=0 PP=0,0 trial=0 donut-ability=0
persistent PP=8,2 status=0,0
growth level/xp/item=8/399/0,8/709/0 stats maxHP/attack,maxHP/magic=30/20,26/13 foesHP=0,0
pattern trainer=0 turn=0 foePP=0,0 foeAtkDef=0,0 CarlAtk=0 foeLevel=0
support PP=0,0 Carl-defense=0 enemy-attack=0,0
party action uses=8,40 / 2,40
frame=12420 map=35.0 pos=34,16 flags=0
party=2 HP=30/30,26/26 battle=0 battlers=0 outcome=0 PP=0,0 trial=0 donut-ability=0
persistent PP=8,2 status=0,0
growth level/xp/item=8/399/0,8/709/0 stats maxHP/attack,maxHP/magic=30/20,26/13 foesHP=0,0
pattern trainer=0 turn=0 foePP=0,0 foeAtkDef=0,0 CarlAtk=0 foeLevel=0
support PP=0,0 Carl-defense=0 enemy-attack=0,0
party action uses=8,40 / 2,40
frame=12420 map=35.0 pos=34,16 flags=0
party=2 HP=30/30,26/26 battle=0 battlers=0 outcome=0 PP=0,0 trial=0 donut-ability=0
persistent PP=8,2 status=0,0
growth level/xp/item=8/399/0,8/709/0 stats maxHP/attack,maxHP/magic=30/20,26/13 foesHP=0,0
pattern trainer=0 turn=0 foePP=0,0 foeAtkDef=0,0 CarlAtk=0 foeLevel=0
support PP=0,0 Carl-defense=0 enemy-attack=0,0
party action uses=8,40 / 2,40
PASS expect 35 0 34 16 0
frame=12712 map=35.0 pos=34,34 flags=0
party=2 HP=30/30,26/26 battle=0 battlers=0 outcome=0 PP=0,0 trial=0 donut-ability=0
persistent PP=8,2 status=0,0
growth level/xp/item=8/399/0,8/709/0 stats maxHP/attack,maxHP/magic=30/20,26/13 foesHP=0,0
pattern trainer=0 turn=0 foePP=0,0 foeAtkDef=0,0 CarlAtk=0 foeLevel=0
support PP=0,0 Carl-defense=0 enemy-attack=0,0
party action uses=8,40 / 2,40
frame=12752 map=35.0 pos=34,34 flags=0
party=2 HP=30/30,26/26 battle=0 battlers=0 outcome=0 PP=0,0 trial=0 donut-ability=0
persistent PP=8,2 status=0,0
growth level/xp/item=8/399/0,8/709/0 stats maxHP/attack,maxHP/magic=30/20,26/13 foesHP=0,0
pattern trainer=0 turn=0 foePP=0,0 foeAtkDef=0,0 CarlAtk=0 foeLevel=0
support PP=0,0 Carl-defense=0 enemy-attack=0,0
party action uses=8,40 / 2,40
frame=12752 map=35.0 pos=34,34 flags=0
party=2 HP=30/30,26/26 battle=0 battlers=0 outcome=0 PP=0,0 trial=0 donut-ability=0
persistent PP=8,2 status=0,0
growth level/xp/item=8/399/0,8/709/0 stats maxHP/attack,maxHP/magic=30/20,26/13 foesHP=0,0
pattern trainer=0 turn=0 foePP=0,0 foeAtkDef=0,0 CarlAtk=0 foeLevel=0
support PP=0,0 Carl-defense=0 enemy-attack=0,0
party action uses=8,40 / 2,40
PASS expect 35 0 34 34 0
frame=13172 map=35.0 pos=8,34 flags=0
party=2 HP=30/30,26/26 battle=0 battlers=0 outcome=0 PP=0,0 trial=0 donut-ability=0
persistent PP=8,2 status=0,0
growth level/xp/item=8/399/0,8/709/0 stats maxHP/attack,maxHP/magic=30/20,26/13 foesHP=0,0
pattern trainer=0 turn=0 foePP=0,0 foeAtkDef=0,0 CarlAtk=0 foeLevel=0
support PP=0,0 Carl-defense=0 enemy-attack=0,0
party action uses=8,40 / 2,40
frame=13212 map=35.0 pos=8,34 flags=0
party=2 HP=30/30,26/26 battle=0 battlers=0 outcome=0 PP=0,0 trial=0 donut-ability=0
persistent PP=8,2 status=0,0
growth level/xp/item=8/399/0,8/709/0 stats maxHP/attack,maxHP/magic=30/20,26/13 foesHP=0,0
pattern trainer=0 turn=0 foePP=0,0 foeAtkDef=0,0 CarlAtk=0 foeLevel=0
support PP=0,0 Carl-defense=0 enemy-attack=0,0
party action uses=8,40 / 2,40
frame=13212 map=35.0 pos=8,34 flags=0
party=2 HP=30/30,26/26 battle=0 battlers=0 outcome=0 PP=0,0 trial=0 donut-ability=0
persistent PP=8,2 status=0,0
growth level/xp/item=8/399/0,8/709/0 stats maxHP/attack,maxHP/magic=30/20,26/13 foesHP=0,0
pattern trainer=0 turn=0 foePP=0,0 foeAtkDef=0,0 CarlAtk=0 foeLevel=0
support PP=0,0 Carl-defense=0 enemy-attack=0,0
party action uses=8,40 / 2,40
PASS expect 35 0 8 34 0
frame=13312 map=35.0 pos=8,40 flags=0
party=2 HP=30/30,26/26 battle=0 battlers=0 outcome=0 PP=0,0 trial=0 donut-ability=0
persistent PP=8,2 status=0,0
growth level/xp/item=8/399/0,8/709/0 stats maxHP/attack,maxHP/magic=30/20,26/13 foesHP=0,0
pattern trainer=0 turn=0 foePP=0,0 foeAtkDef=0,0 CarlAtk=0 foeLevel=0
support PP=0,0 Carl-defense=0 enemy-attack=0,0
party action uses=8,40 / 2,40
frame=13352 map=35.0 pos=8,40 flags=0
party=2 HP=30/30,26/26 battle=0 battlers=0 outcome=0 PP=0,0 trial=0 donut-ability=0
persistent PP=8,2 status=0,0
growth level/xp/item=8/399/0,8/709/0 stats maxHP/attack,maxHP/magic=30/20,26/13 foesHP=0,0
pattern trainer=0 turn=0 foePP=0,0 foeAtkDef=0,0 CarlAtk=0 foeLevel=0
support PP=0,0 Carl-defense=0 enemy-attack=0,0
party action uses=8,40 / 2,40
frame=13352 map=35.0 pos=8,40 flags=0
party=2 HP=30/30,26/26 battle=0 battlers=0 outcome=0 PP=0,0 trial=0 donut-ability=0
persistent PP=8,2 status=0,0
growth level/xp/item=8/399/0,8/709/0 stats maxHP/attack,maxHP/magic=30/20,26/13 foesHP=0,0
pattern trainer=0 turn=0 foePP=0,0 foeAtkDef=0,0 CarlAtk=0 foeLevel=0
support PP=0,0 Carl-defense=0 enemy-attack=0,0
party action uses=8,40 / 2,40
PASS expect 35 0 8 40 0
frame=13392 map=35.0 pos=8,40 flags=0
party=2 HP=30/30,26/26 battle=0 battlers=0 outcome=0 PP=0,0 trial=0 donut-ability=0
persistent PP=8,2 status=0,0
growth level/xp/item=8/399/0,8/709/0 stats maxHP/attack,maxHP/magic=30/20,26/13 foesHP=0,0
pattern trainer=0 turn=0 foePP=0,0 foeAtkDef=0,0 CarlAtk=0 foeLevel=0
support PP=0,0 Carl-defense=0 enemy-attack=0,0
party action uses=8,40 / 2,40
frame=13492 map=35.0 pos=8,34 flags=0
party=2 HP=30/30,26/26 battle=0 battlers=0 outcome=0 PP=0,0 trial=0 donut-ability=0
persistent PP=8,2 status=0,0
growth level/xp/item=8/399/0,8/709/0 stats maxHP/attack,maxHP/magic=30/20,26/13 foesHP=0,0
pattern trainer=0 turn=0 foePP=0,0 foeAtkDef=0,0 CarlAtk=0 foeLevel=0
support PP=0,0 Carl-defense=0 enemy-attack=0,0
party action uses=8,40 / 2,40
frame=13532 map=35.0 pos=8,34 flags=0
party=2 HP=30/30,26/26 battle=0 battlers=0 outcome=0 PP=0,0 trial=0 donut-ability=0
persistent PP=8,2 status=0,0
growth level/xp/item=8/399/0,8/709/0 stats maxHP/attack,maxHP/magic=30/20,26/13 foesHP=0,0
pattern trainer=0 turn=0 foePP=0,0 foeAtkDef=0,0 CarlAtk=0 foeLevel=0
support PP=0,0 Carl-defense=0 enemy-attack=0,0
party action uses=8,40 / 2,40
frame=13532 map=35.0 pos=8,34 flags=0
party=2 HP=30/30,26/26 battle=0 battlers=0 outcome=0 PP=0,0 trial=0 donut-ability=0
persistent PP=8,2 status=0,0
growth level/xp/item=8/399/0,8/709/0 stats maxHP/attack,maxHP/magic=30/20,26/13 foesHP=0,0
pattern trainer=0 turn=0 foePP=0,0 foeAtkDef=0,0 CarlAtk=0 foeLevel=0
support PP=0,0 Carl-defense=0 enemy-attack=0,0
party action uses=8,40 / 2,40
PASS expect 35 0 8 34 0
frame=13776 map=35.0 pos=23,34 flags=0
party=2 HP=30/30,26/26 battle=0 battlers=0 outcome=0 PP=0,0 trial=0 donut-ability=0
persistent PP=8,2 status=0,0
growth level/xp/item=8/399/0,8/709/0 stats maxHP/attack,maxHP/magic=30/20,26/13 foesHP=0,0
pattern trainer=0 turn=0 foePP=0,0 foeAtkDef=0,0 CarlAtk=0 foeLevel=0
support PP=0,0 Carl-defense=0 enemy-attack=0,0
party action uses=8,40 / 2,40
frame=13816 map=35.0 pos=23,34 flags=0
party=2 HP=30/30,26/26 battle=0 battlers=0 outcome=0 PP=0,0 trial=0 donut-ability=0
persistent PP=8,2 status=0,0
growth level/xp/item=8/399/0,8/709/0 stats maxHP/attack,maxHP/magic=30/20,26/13 foesHP=0,0
pattern trainer=0 turn=0 foePP=0,0 foeAtkDef=0,0 CarlAtk=0 foeLevel=0
support PP=0,0 Carl-defense=0 enemy-attack=0,0
party action uses=8,40 / 2,40
frame=13816 map=35.0 pos=23,34 flags=0
party=2 HP=30/30,26/26 battle=0 battlers=0 outcome=0 PP=0,0 trial=0 donut-ability=0
persistent PP=8,2 status=0,0
growth level/xp/item=8/399/0,8/709/0 stats maxHP/attack,maxHP/magic=30/20,26/13 foesHP=0,0
pattern trainer=0 turn=0 foePP=0,0 foeAtkDef=0,0 CarlAtk=0 foeLevel=0
support PP=0,0 Carl-defense=0 enemy-attack=0,0
party action uses=8,40 / 2,40
PASS expect 35 0 23 34 0
frame=13836 map=35.0 pos=23,33 flags=0
party=2 HP=30/30,26/26 battle=0 battlers=0 outcome=0 PP=0,0 trial=0 donut-ability=0
persistent PP=8,2 status=0,0
growth level/xp/item=8/399/0,8/709/0 stats maxHP/attack,maxHP/magic=30/20,26/13 foesHP=0,0
pattern trainer=0 turn=0 foePP=0,0 foeAtkDef=0,0 CarlAtk=0 foeLevel=0
support PP=0,0 Carl-defense=0 enemy-attack=0,0
party action uses=8,40 / 2,40
frame=13876 map=35.0 pos=23,33 flags=0
party=2 HP=30/30,26/26 battle=0 battlers=0 outcome=0 PP=0,0 trial=0 donut-ability=0
persistent PP=8,2 status=0,0
growth level/xp/item=8/399/0,8/709/0 stats maxHP/attack,maxHP/magic=30/20,26/13 foesHP=0,0
pattern trainer=0 turn=0 foePP=0,0 foeAtkDef=0,0 CarlAtk=0 foeLevel=0
support PP=0,0 Carl-defense=0 enemy-attack=0,0
party action uses=8,40 / 2,40
frame=13876 map=35.0 pos=23,33 flags=0
party=2 HP=30/30,26/26 battle=0 battlers=0 outcome=0 PP=0,0 trial=0 donut-ability=0
persistent PP=8,2 status=0,0
growth level/xp/item=8/399/0,8/709/0 stats maxHP/attack,maxHP/magic=30/20,26/13 foesHP=0,0
pattern trainer=0 turn=0 foePP=0,0 foeAtkDef=0,0 CarlAtk=0 foeLevel=0
support PP=0,0 Carl-defense=0 enemy-attack=0,0
party action uses=8,40 / 2,40
PASS expect 35 0 23 33 0
frame=13976 map=35.0 pos=29,33 flags=0
party=2 HP=30/30,26/26 battle=0 battlers=0 outcome=0 PP=0,0 trial=0 donut-ability=0
persistent PP=8,2 status=0,0
growth level/xp/item=8/399/0,8/709/0 stats maxHP/attack,maxHP/magic=30/20,26/13 foesHP=0,0
pattern trainer=0 turn=0 foePP=0,0 foeAtkDef=0,0 CarlAtk=0 foeLevel=0
support PP=0,0 Carl-defense=0 enemy-attack=0,0
party action uses=8,40 / 2,40
frame=14016 map=35.0 pos=29,33 flags=0
party=2 HP=30/30,26/26 battle=0 battlers=0 outcome=0 PP=0,0 trial=0 donut-ability=0
persistent PP=8,2 status=0,0
growth level/xp/item=8/399/0,8/709/0 stats maxHP/attack,maxHP/magic=30/20,26/13 foesHP=0,0
pattern trainer=0 turn=0 foePP=0,0 foeAtkDef=0,0 CarlAtk=0 foeLevel=0
support PP=0,0 Carl-defense=0 enemy-attack=0,0
party action uses=8,40 / 2,40
frame=14016 map=35.0 pos=29,33 flags=0
party=2 HP=30/30,26/26 battle=0 battlers=0 outcome=0 PP=0,0 trial=0 donut-ability=0
persistent PP=8,2 status=0,0
growth level/xp/item=8/399/0,8/709/0 stats maxHP/attack,maxHP/magic=30/20,26/13 foesHP=0,0
pattern trainer=0 turn=0 foePP=0,0 foeAtkDef=0,0 CarlAtk=0 foeLevel=0
support PP=0,0 Carl-defense=0 enemy-attack=0,0
party action uses=8,40 / 2,40
PASS expect 35 0 29 33 0
frame=14056 map=35.0 pos=29,33 flags=0
party=2 HP=30/30,26/26 battle=0 battlers=0 outcome=0 PP=0,0 trial=0 donut-ability=0
persistent PP=8,2 status=0,0
growth level/xp/item=8/399/0,8/709/0 stats maxHP/attack,maxHP/magic=30/20,26/13 foesHP=0,0
pattern trainer=0 turn=0 foePP=0,0 foeAtkDef=0,0 CarlAtk=0 foeLevel=0
support PP=0,0 Carl-defense=0 enemy-attack=0,0
party action uses=8,40 / 2,40
frame=14156 map=35.0 pos=23,33 flags=0
party=2 HP=30/30,26/26 battle=0 battlers=0 outcome=0 PP=0,0 trial=0 donut-ability=0
persistent PP=8,2 status=0,0
growth level/xp/item=8/399/0,8/709/0 stats maxHP/attack,maxHP/magic=30/20,26/13 foesHP=0,0
pattern trainer=0 turn=0 foePP=0,0 foeAtkDef=0,0 CarlAtk=0 foeLevel=0
support PP=0,0 Carl-defense=0 enemy-attack=0,0
party action uses=8,40 / 2,40
frame=14196 map=35.0 pos=23,33 flags=0
party=2 HP=30/30,26/26 battle=0 battlers=0 outcome=0 PP=0,0 trial=0 donut-ability=0
persistent PP=8,2 status=0,0
growth level/xp/item=8/399/0,8/709/0 stats maxHP/attack,maxHP/magic=30/20,26/13 foesHP=0,0
pattern trainer=0 turn=0 foePP=0,0 foeAtkDef=0,0 CarlAtk=0 foeLevel=0
support PP=0,0 Carl-defense=0 enemy-attack=0,0
party action uses=8,40 / 2,40
frame=14196 map=35.0 pos=23,33 flags=0
party=2 HP=30/30,26/26 battle=0 battlers=0 outcome=0 PP=0,0 trial=0 donut-ability=0
persistent PP=8,2 status=0,0
growth level/xp/item=8/399/0,8/709/0 stats maxHP/attack,maxHP/magic=30/20,26/13 foesHP=0,0
pattern trainer=0 turn=0 foePP=0,0 foeAtkDef=0,0 CarlAtk=0 foeLevel=0
support PP=0,0 Carl-defense=0 enemy-attack=0,0
party action uses=8,40 / 2,40
PASS expect 35 0 23 33 0
frame=14296 map=35.0 pos=23,27 flags=0
party=2 HP=30/30,26/26 battle=0 battlers=0 outcome=0 PP=0,0 trial=0 donut-ability=0
persistent PP=8,2 status=0,0
growth level/xp/item=8/399/0,8/709/0 stats maxHP/attack,maxHP/magic=30/20,26/13 foesHP=0,0
pattern trainer=0 turn=0 foePP=0,0 foeAtkDef=0,0 CarlAtk=0 foeLevel=0
support PP=0,0 Carl-defense=0 enemy-attack=0,0
party action uses=8,40 / 2,40
frame=14336 map=35.0 pos=23,27 flags=0
party=2 HP=30/30,26/26 battle=0 battlers=0 outcome=0 PP=0,0 trial=0 donut-ability=0
persistent PP=8,2 status=0,0
growth level/xp/item=8/399/0,8/709/0 stats maxHP/attack,maxHP/magic=30/20,26/13 foesHP=0,0
pattern trainer=0 turn=0 foePP=0,0 foeAtkDef=0,0 CarlAtk=0 foeLevel=0
support PP=0,0 Carl-defense=0 enemy-attack=0,0
party action uses=8,40 / 2,40
frame=14336 map=35.0 pos=23,27 flags=0
party=2 HP=30/30,26/26 battle=0 battlers=0 outcome=0 PP=0,0 trial=0 donut-ability=0
persistent PP=8,2 status=0,0
growth level/xp/item=8/399/0,8/709/0 stats maxHP/attack,maxHP/magic=30/20,26/13 foesHP=0,0
pattern trainer=0 turn=0 foePP=0,0 foeAtkDef=0,0 CarlAtk=0 foeLevel=0
support PP=0,0 Carl-defense=0 enemy-attack=0,0
party action uses=8,40 / 2,40
PASS expect 35 0 23 27 0
frame=14436 map=35.0 pos=29,27 flags=0
party=2 HP=30/30,26/26 battle=0 battlers=0 outcome=0 PP=0,0 trial=0 donut-ability=0
persistent PP=8,2 status=0,0
growth level/xp/item=8/399/0,8/709/0 stats maxHP/attack,maxHP/magic=30/20,26/13 foesHP=0,0
pattern trainer=0 turn=0 foePP=0,0 foeAtkDef=0,0 CarlAtk=0 foeLevel=0
support PP=0,0 Carl-defense=0 enemy-attack=0,0
party action uses=8,40 / 2,40
frame=14476 map=35.0 pos=29,27 flags=0
party=2 HP=30/30,26/26 battle=0 battlers=0 outcome=0 PP=0,0 trial=0 donut-ability=0
persistent PP=8,2 status=0,0
growth level/xp/item=8/399/0,8/709/0 stats maxHP/attack,maxHP/magic=30/20,26/13 foesHP=0,0
pattern trainer=0 turn=0 foePP=0,0 foeAtkDef=0,0 CarlAtk=0 foeLevel=0
support PP=0,0 Carl-defense=0 enemy-attack=0,0
party action uses=8,40 / 2,40
frame=14476 map=35.0 pos=29,27 flags=0
party=2 HP=30/30,26/26 battle=0 battlers=0 outcome=0 PP=0,0 trial=0 donut-ability=0
persistent PP=8,2 status=0,0
growth level/xp/item=8/399/0,8/709/0 stats maxHP/attack,maxHP/magic=30/20,26/13 foesHP=0,0
pattern trainer=0 turn=0 foePP=0,0 foeAtkDef=0,0 CarlAtk=0 foeLevel=0
support PP=0,0 Carl-defense=0 enemy-attack=0,0
party action uses=8,40 / 2,40
PASS expect 35 0 29 27 0
frame=14516 map=35.0 pos=29,27 flags=0
party=2 HP=30/30,26/26 battle=0 battlers=0 outcome=0 PP=0,0 trial=0 donut-ability=0
persistent PP=8,2 status=0,0
growth level/xp/item=8/399/0,8/709/0 stats maxHP/attack,maxHP/magic=30/20,26/13 foesHP=0,0
pattern trainer=0 turn=0 foePP=0,0 foeAtkDef=0,0 CarlAtk=0 foeLevel=0
support PP=0,0 Carl-defense=0 enemy-attack=0,0
party action uses=8,40 / 2,40
frame=14616 map=35.0 pos=23,27 flags=0
party=2 HP=30/30,26/26 battle=0 battlers=0 outcome=0 PP=0,0 trial=0 donut-ability=0
persistent PP=8,2 status=0,0
growth level/xp/item=8/399/0,8/709/0 stats maxHP/attack,maxHP/magic=30/20,26/13 foesHP=0,0
pattern trainer=0 turn=0 foePP=0,0 foeAtkDef=0,0 CarlAtk=0 foeLevel=0
support PP=0,0 Carl-defense=0 enemy-attack=0,0
party action uses=8,40 / 2,40
frame=14656 map=35.0 pos=23,27 flags=0
party=2 HP=30/30,26/26 battle=0 battlers=0 outcome=0 PP=0,0 trial=0 donut-ability=0
persistent PP=8,2 status=0,0
growth level/xp/item=8/399/0,8/709/0 stats maxHP/attack,maxHP/magic=30/20,26/13 foesHP=0,0
pattern trainer=0 turn=0 foePP=0,0 foeAtkDef=0,0 CarlAtk=0 foeLevel=0
support PP=0,0 Carl-defense=0 enemy-attack=0,0
party action uses=8,40 / 2,40
frame=14656 map=35.0 pos=23,27 flags=0
party=2 HP=30/30,26/26 battle=0 battlers=0 outcome=0 PP=0,0 trial=0 donut-ability=0
persistent PP=8,2 status=0,0
growth level/xp/item=8/399/0,8/709/0 stats maxHP/attack,maxHP/magic=30/20,26/13 foesHP=0,0
pattern trainer=0 turn=0 foePP=0,0 foeAtkDef=0,0 CarlAtk=0 foeLevel=0
support PP=0,0 Carl-defense=0 enemy-attack=0,0
party action uses=8,40 / 2,40
PASS expect 35 0 23 27 0
frame=14692 map=35.0 pos=23,25 flags=0
party=2 HP=30/30,26/26 battle=0 battlers=0 outcome=0 PP=0,0 trial=0 donut-ability=0
persistent PP=8,2 status=0,0
growth level/xp/item=8/399/0,8/709/0 stats maxHP/attack,maxHP/magic=30/20,26/13 foesHP=0,0
pattern trainer=0 turn=0 foePP=0,0 foeAtkDef=0,0 CarlAtk=0 foeLevel=0
support PP=0,0 Carl-defense=0 enemy-attack=0,0
party action uses=8,40 / 2,40
frame=14732 map=35.0 pos=23,25 flags=0
party=2 HP=30/30,26/26 battle=0 battlers=0 outcome=0 PP=0,0 trial=0 donut-ability=0
persistent PP=8,2 status=0,0
growth level/xp/item=8/399/0,8/709/0 stats maxHP/attack,maxHP/magic=30/20,26/13 foesHP=0,0
pattern trainer=0 turn=0 foePP=0,0 foeAtkDef=0,0 CarlAtk=0 foeLevel=0
support PP=0,0 Carl-defense=0 enemy-attack=0,0
party action uses=8,40 / 2,40
frame=14732 map=35.0 pos=23,25 flags=0
party=2 HP=30/30,26/26 battle=0 battlers=0 outcome=0 PP=0,0 trial=0 donut-ability=0
persistent PP=8,2 status=0,0
growth level/xp/item=8/399/0,8/709/0 stats maxHP/attack,maxHP/magic=30/20,26/13 foesHP=0,0
pattern trainer=0 turn=0 foePP=0,0 foeAtkDef=0,0 CarlAtk=0 foeLevel=0
support PP=0,0 Carl-defense=0 enemy-attack=0,0
party action uses=8,40 / 2,40
PASS expect 35 0 23 25 0
frame=14896 map=35.0 pos=33,25 flags=0
party=2 HP=30/30,26/26 battle=0 battlers=0 outcome=0 PP=0,0 trial=0 donut-ability=0
persistent PP=8,2 status=0,0
growth level/xp/item=8/399/0,8/709/0 stats maxHP/attack,maxHP/magic=30/20,26/13 foesHP=0,0
pattern trainer=0 turn=0 foePP=0,0 foeAtkDef=0,0 CarlAtk=0 foeLevel=0
support PP=0,0 Carl-defense=0 enemy-attack=0,0
party action uses=8,40 / 2,40
frame=14936 map=35.0 pos=33,25 flags=0
party=2 HP=30/30,26/26 battle=0 battlers=0 outcome=0 PP=0,0 trial=0 donut-ability=0
persistent PP=8,2 status=0,0
growth level/xp/item=8/399/0,8/709/0 stats maxHP/attack,maxHP/magic=30/20,26/13 foesHP=0,0
pattern trainer=0 turn=0 foePP=0,0 foeAtkDef=0,0 CarlAtk=0 foeLevel=0
support PP=0,0 Carl-defense=0 enemy-attack=0,0
party action uses=8,40 / 2,40
frame=14936 map=35.0 pos=33,25 flags=0
party=2 HP=30/30,26/26 battle=0 battlers=0 outcome=0 PP=0,0 trial=0 donut-ability=0
persistent PP=8,2 status=0,0
growth level/xp/item=8/399/0,8/709/0 stats maxHP/attack,maxHP/magic=30/20,26/13 foesHP=0,0
pattern trainer=0 turn=0 foePP=0,0 foeAtkDef=0,0 CarlAtk=0 foeLevel=0
support PP=0,0 Carl-defense=0 enemy-attack=0,0
party action uses=8,40 / 2,40
PASS expect 35 0 33 25 0
frame=14972 map=35.0 pos=33,27 flags=0
party=2 HP=30/30,26/26 battle=0 battlers=0 outcome=0 PP=0,0 trial=0 donut-ability=0
persistent PP=8,2 status=0,0
growth level/xp/item=8/399/0,8/709/0 stats maxHP/attack,maxHP/magic=30/20,26/13 foesHP=0,0
pattern trainer=0 turn=0 foePP=0,0 foeAtkDef=0,0 CarlAtk=0 foeLevel=0
support PP=0,0 Carl-defense=0 enemy-attack=0,0
party action uses=8,40 / 2,40
frame=15012 map=35.0 pos=33,27 flags=0
party=2 HP=30/30,26/26 battle=0 battlers=0 outcome=0 PP=0,0 trial=0 donut-ability=0
persistent PP=8,2 status=0,0
growth level/xp/item=8/399/0,8/709/0 stats maxHP/attack,maxHP/magic=30/20,26/13 foesHP=0,0
pattern trainer=0 turn=0 foePP=0,0 foeAtkDef=0,0 CarlAtk=0 foeLevel=0
support PP=0,0 Carl-defense=0 enemy-attack=0,0
party action uses=8,40 / 2,40
frame=15012 map=35.0 pos=33,27 flags=0
party=2 HP=30/30,26/26 battle=0 battlers=0 outcome=0 PP=0,0 trial=0 donut-ability=0
persistent PP=8,2 status=0,0
growth level/xp/item=8/399/0,8/709/0 stats maxHP/attack,maxHP/magic=30/20,26/13 foesHP=0,0
pattern trainer=0 turn=0 foePP=0,0 foeAtkDef=0,0 CarlAtk=0 foeLevel=0
support PP=0,0 Carl-defense=0 enemy-attack=0,0
party action uses=8,40 / 2,40
PASS expect 35 0 33 27 0
frame=15144 map=35.0 pos=41,27 flags=0
party=2 HP=30/30,26/26 battle=0 battlers=0 outcome=0 PP=0,0 trial=0 donut-ability=0
persistent PP=8,2 status=0,0
growth level/xp/item=8/399/0,8/709/0 stats maxHP/attack,maxHP/magic=30/20,26/13 foesHP=0,0
pattern trainer=0 turn=0 foePP=0,0 foeAtkDef=0,0 CarlAtk=0 foeLevel=0
support PP=0,0 Carl-defense=0 enemy-attack=0,0
party action uses=8,40 / 2,40
frame=15184 map=35.0 pos=41,27 flags=0
party=2 HP=30/30,26/26 battle=0 battlers=0 outcome=0 PP=0,0 trial=0 donut-ability=0
persistent PP=8,2 status=0,0
growth level/xp/item=8/399/0,8/709/0 stats maxHP/attack,maxHP/magic=30/20,26/13 foesHP=0,0
pattern trainer=0 turn=0 foePP=0,0 foeAtkDef=0,0 CarlAtk=0 foeLevel=0
support PP=0,0 Carl-defense=0 enemy-attack=0,0
party action uses=8,40 / 2,40
frame=15184 map=35.0 pos=41,27 flags=0
party=2 HP=30/30,26/26 battle=0 battlers=0 outcome=0 PP=0,0 trial=0 donut-ability=0
persistent PP=8,2 status=0,0
growth level/xp/item=8/399/0,8/709/0 stats maxHP/attack,maxHP/magic=30/20,26/13 foesHP=0,0
pattern trainer=0 turn=0 foePP=0,0 foeAtkDef=0,0 CarlAtk=0 foeLevel=0
support PP=0,0 Carl-defense=0 enemy-attack=0,0
party action uses=8,40 / 2,40
PASS expect 35 0 41 27 0
frame=15224 map=35.0 pos=41,27 flags=0
party=2 HP=30/30,26/26 battle=0 battlers=0 outcome=0 PP=0,0 trial=0 donut-ability=0
persistent PP=8,2 status=0,0
growth level/xp/item=8/399/0,8/709/0 stats maxHP/attack,maxHP/magic=30/20,26/13 foesHP=0,0
pattern trainer=0 turn=0 foePP=0,0 foeAtkDef=0,0 CarlAtk=0 foeLevel=0
support PP=0,0 Carl-defense=0 enemy-attack=0,0
party action uses=8,40 / 2,40
frame=15356 map=35.0 pos=33,27 flags=0
party=2 HP=30/30,26/26 battle=0 battlers=0 outcome=0 PP=0,0 trial=0 donut-ability=0
persistent PP=8,2 status=0,0
growth level/xp/item=8/399/0,8/709/0 stats maxHP/attack,maxHP/magic=30/20,26/13 foesHP=0,0
pattern trainer=0 turn=0 foePP=0,0 foeAtkDef=0,0 CarlAtk=0 foeLevel=0
support PP=0,0 Carl-defense=0 enemy-attack=0,0
party action uses=8,40 / 2,40
frame=15396 map=35.0 pos=33,27 flags=0
party=2 HP=30/30,26/26 battle=0 battlers=0 outcome=0 PP=0,0 trial=0 donut-ability=0
persistent PP=8,2 status=0,0
growth level/xp/item=8/399/0,8/709/0 stats maxHP/attack,maxHP/magic=30/20,26/13 foesHP=0,0
pattern trainer=0 turn=0 foePP=0,0 foeAtkDef=0,0 CarlAtk=0 foeLevel=0
support PP=0,0 Carl-defense=0 enemy-attack=0,0
party action uses=8,40 / 2,40
frame=15396 map=35.0 pos=33,27 flags=0
party=2 HP=30/30,26/26 battle=0 battlers=0 outcome=0 PP=0,0 trial=0 donut-ability=0
persistent PP=8,2 status=0,0
growth level/xp/item=8/399/0,8/709/0 stats maxHP/attack,maxHP/magic=30/20,26/13 foesHP=0,0
pattern trainer=0 turn=0 foePP=0,0 foeAtkDef=0,0 CarlAtk=0 foeLevel=0
support PP=0,0 Carl-defense=0 enemy-attack=0,0
party action uses=8,40 / 2,40
PASS expect 35 0 33 27 0
frame=15560 map=35.0 pos=43,27 flags=0
party=2 HP=30/30,26/26 battle=0 battlers=0 outcome=0 PP=0,0 trial=0 donut-ability=0
persistent PP=8,2 status=0,0
growth level/xp/item=8/399/0,8/709/0 stats maxHP/attack,maxHP/magic=30/20,26/13 foesHP=0,0
pattern trainer=0 turn=0 foePP=0,0 foeAtkDef=0,0 CarlAtk=0 foeLevel=0
support PP=0,0 Carl-defense=0 enemy-attack=0,0
party action uses=8,40 / 2,40
frame=15600 map=35.0 pos=43,27 flags=0
party=2 HP=30/30,26/26 battle=0 battlers=0 outcome=0 PP=0,0 trial=0 donut-ability=0
persistent PP=8,2 status=0,0
growth level/xp/item=8/399/0,8/709/0 stats maxHP/attack,maxHP/magic=30/20,26/13 foesHP=0,0
pattern trainer=0 turn=0 foePP=0,0 foeAtkDef=0,0 CarlAtk=0 foeLevel=0
support PP=0,0 Carl-defense=0 enemy-attack=0,0
party action uses=8,40 / 2,40
frame=15600 map=35.0 pos=43,27 flags=0
party=2 HP=30/30,26/26 battle=0 battlers=0 outcome=0 PP=0,0 trial=0 donut-ability=0
persistent PP=8,2 status=0,0
growth level/xp/item=8/399/0,8/709/0 stats maxHP/attack,maxHP/magic=30/20,26/13 foesHP=0,0
pattern trainer=0 turn=0 foePP=0,0 foeAtkDef=0,0 CarlAtk=0 foeLevel=0
support PP=0,0 Carl-defense=0 enemy-attack=0,0
party action uses=8,40 / 2,40
PASS expect 35 0 43 27 0
frame=15668 map=35.0 pos=43,31 flags=0
party=2 HP=30/30,26/26 battle=0 battlers=0 outcome=0 PP=0,0 trial=0 donut-ability=0
persistent PP=8,2 status=0,0
growth level/xp/item=8/399/0,8/709/0 stats maxHP/attack,maxHP/magic=30/20,26/13 foesHP=0,0
pattern trainer=0 turn=0 foePP=0,0 foeAtkDef=0,0 CarlAtk=0 foeLevel=0
support PP=0,0 Carl-defense=0 enemy-attack=0,0
party action uses=8,40 / 2,40
frame=15708 map=35.0 pos=43,31 flags=0
party=2 HP=30/30,26/26 battle=0 battlers=0 outcome=0 PP=0,0 trial=0 donut-ability=0
persistent PP=8,2 status=0,0
growth level/xp/item=8/399/0,8/709/0 stats maxHP/attack,maxHP/magic=30/20,26/13 foesHP=0,0
pattern trainer=0 turn=0 foePP=0,0 foeAtkDef=0,0 CarlAtk=0 foeLevel=0
support PP=0,0 Carl-defense=0 enemy-attack=0,0
party action uses=8,40 / 2,40
frame=15708 map=35.0 pos=43,31 flags=0
party=2 HP=30/30,26/26 battle=0 battlers=0 outcome=0 PP=0,0 trial=0 donut-ability=0
persistent PP=8,2 status=0,0
growth level/xp/item=8/399/0,8/709/0 stats maxHP/attack,maxHP/magic=30/20,26/13 foesHP=0,0
pattern trainer=0 turn=0 foePP=0,0 foeAtkDef=0,0 CarlAtk=0 foeLevel=0
support PP=0,0 Carl-defense=0 enemy-attack=0,0
party action uses=8,40 / 2,40
PASS expect 35 0 43 31 0
frame=15748 map=35.0 pos=43,31 flags=0
party=2 HP=30/30,26/26 battle=0 battlers=0 outcome=0 PP=0,0 trial=0 donut-ability=0
persistent PP=8,2 status=0,0
growth level/xp/item=8/399/0,8/709/0 stats maxHP/attack,maxHP/magic=30/20,26/13 foesHP=0,0
pattern trainer=0 turn=0 foePP=0,0 foeAtkDef=0,0 CarlAtk=0 foeLevel=0
support PP=0,0 Carl-defense=0 enemy-attack=0,0
party action uses=8,40 / 2,40
frame=15816 map=35.0 pos=43,27 flags=0
party=2 HP=30/30,26/26 battle=0 battlers=0 outcome=0 PP=0,0 trial=0 donut-ability=0
persistent PP=8,2 status=0,0
growth level/xp/item=8/399/0,8/709/0 stats maxHP/attack,maxHP/magic=30/20,26/13 foesHP=0,0
pattern trainer=0 turn=0 foePP=0,0 foeAtkDef=0,0 CarlAtk=0 foeLevel=0
support PP=0,0 Carl-defense=0 enemy-attack=0,0
party action uses=8,40 / 2,40
frame=15856 map=35.0 pos=43,27 flags=0
party=2 HP=30/30,26/26 battle=0 battlers=0 outcome=0 PP=0,0 trial=0 donut-ability=0
persistent PP=8,2 status=0,0
growth level/xp/item=8/399/0,8/709/0 stats maxHP/attack,maxHP/magic=30/20,26/13 foesHP=0,0
pattern trainer=0 turn=0 foePP=0,0 foeAtkDef=0,0 CarlAtk=0 foeLevel=0
support PP=0,0 Carl-defense=0 enemy-attack=0,0
party action uses=8,40 / 2,40
frame=15856 map=35.0 pos=43,27 flags=0
party=2 HP=30/30,26/26 battle=0 battlers=0 outcome=0 PP=0,0 trial=0 donut-ability=0
persistent PP=8,2 status=0,0
growth level/xp/item=8/399/0,8/709/0 stats maxHP/attack,maxHP/magic=30/20,26/13 foesHP=0,0
pattern trainer=0 turn=0 foePP=0,0 foeAtkDef=0,0 CarlAtk=0 foeLevel=0
support PP=0,0 Carl-defense=0 enemy-attack=0,0
party action uses=8,40 / 2,40
PASS expect 35 0 43 27 0
frame=15908 map=35.0 pos=43,30 flags=0
party=2 HP=30/30,26/26 battle=0 battlers=0 outcome=0 PP=0,0 trial=0 donut-ability=0
persistent PP=8,2 status=0,0
growth level/xp/item=8/399/0,8/709/0 stats maxHP/attack,maxHP/magic=30/20,26/13 foesHP=0,0
pattern trainer=0 turn=0 foePP=0,0 foeAtkDef=0,0 CarlAtk=0 foeLevel=0
support PP=0,0 Carl-defense=0 enemy-attack=0,0
party action uses=8,40 / 2,40
frame=15948 map=35.0 pos=43,30 flags=0
party=2 HP=30/30,26/26 battle=0 battlers=0 outcome=0 PP=0,0 trial=0 donut-ability=0
persistent PP=8,2 status=0,0
growth level/xp/item=8/399/0,8/709/0 stats maxHP/attack,maxHP/magic=30/20,26/13 foesHP=0,0
pattern trainer=0 turn=0 foePP=0,0 foeAtkDef=0,0 CarlAtk=0 foeLevel=0
support PP=0,0 Carl-defense=0 enemy-attack=0,0
party action uses=8,40 / 2,40
frame=15948 map=35.0 pos=43,30 flags=0
party=2 HP=30/30,26/26 battle=0 battlers=0 outcome=0 PP=0,0 trial=0 donut-ability=0
persistent PP=8,2 status=0,0
growth level/xp/item=8/399/0,8/709/0 stats maxHP/attack,maxHP/magic=30/20,26/13 foesHP=0,0
pattern trainer=0 turn=0 foePP=0,0 foeAtkDef=0,0 CarlAtk=0 foeLevel=0
support PP=0,0 Carl-defense=0 enemy-attack=0,0
party action uses=8,40 / 2,40
PASS expect 35 0 43 30 0
frame=16080 map=35.0 pos=35,30 flags=0
party=2 HP=30/30,26/26 battle=0 battlers=0 outcome=0 PP=0,0 trial=0 donut-ability=0
persistent PP=8,2 status=0,0
growth level/xp/item=8/399/0,8/709/0 stats maxHP/attack,maxHP/magic=30/20,26/13 foesHP=0,0
pattern trainer=0 turn=0 foePP=0,0 foeAtkDef=0,0 CarlAtk=0 foeLevel=0
support PP=0,0 Carl-defense=0 enemy-attack=0,0
party action uses=8,40 / 2,40
frame=16120 map=35.0 pos=35,30 flags=0
party=2 HP=30/30,26/26 battle=0 battlers=0 outcome=0 PP=0,0 trial=0 donut-ability=0
persistent PP=8,2 status=0,0
growth level/xp/item=8/399/0,8/709/0 stats maxHP/attack,maxHP/magic=30/20,26/13 foesHP=0,0
pattern trainer=0 turn=0 foePP=0,0 foeAtkDef=0,0 CarlAtk=0 foeLevel=0
support PP=0,0 Carl-defense=0 enemy-attack=0,0
party action uses=8,40 / 2,40
frame=16120 map=35.0 pos=35,30 flags=0
party=2 HP=30/30,26/26 battle=0 battlers=0 outcome=0 PP=0,0 trial=0 donut-ability=0
persistent PP=8,2 status=0,0
growth level/xp/item=8/399/0,8/709/0 stats maxHP/attack,maxHP/magic=30/20,26/13 foesHP=0,0
pattern trainer=0 turn=0 foePP=0,0 foeAtkDef=0,0 CarlAtk=0 foeLevel=0
support PP=0,0 Carl-defense=0 enemy-attack=0,0
party action uses=8,40 / 2,40
PASS expect 35 0 35 30 0
frame=16220 map=35.0 pos=41,30 flags=0
party=2 HP=30/30,26/26 battle=0 battlers=0 outcome=0 PP=0,0 trial=0 donut-ability=0
persistent PP=8,2 status=0,0
growth level/xp/item=8/399/0,8/709/0 stats maxHP/attack,maxHP/magic=30/20,26/13 foesHP=0,0
pattern trainer=0 turn=0 foePP=0,0 foeAtkDef=0,0 CarlAtk=0 foeLevel=0
support PP=0,0 Carl-defense=0 enemy-attack=0,0
party action uses=8,40 / 2,40
frame=16260 map=35.0 pos=41,30 flags=0
party=2 HP=30/30,26/26 battle=0 battlers=0 outcome=0 PP=0,0 trial=0 donut-ability=0
persistent PP=8,2 status=0,0
growth level/xp/item=8/399/0,8/709/0 stats maxHP/attack,maxHP/magic=30/20,26/13 foesHP=0,0
pattern trainer=0 turn=0 foePP=0,0 foeAtkDef=0,0 CarlAtk=0 foeLevel=0
support PP=0,0 Carl-defense=0 enemy-attack=0,0
party action uses=8,40 / 2,40
frame=16260 map=35.0 pos=41,30 flags=0
party=2 HP=30/30,26/26 battle=0 battlers=0 outcome=0 PP=0,0 trial=0 donut-ability=0
persistent PP=8,2 status=0,0
growth level/xp/item=8/399/0,8/709/0 stats maxHP/attack,maxHP/magic=30/20,26/13 foesHP=0,0
pattern trainer=0 turn=0 foePP=0,0 foeAtkDef=0,0 CarlAtk=0 foeLevel=0
support PP=0,0 Carl-defense=0 enemy-attack=0,0
party action uses=8,40 / 2,40
PASS expect 35 0 41 30 0
frame=16300 map=35.0 pos=41,30 flags=0
party=2 HP=30/30,26/26 battle=0 battlers=0 outcome=0 PP=0,0 trial=0 donut-ability=0
persistent PP=8,2 status=0,0
growth level/xp/item=8/399/0,8/709/0 stats maxHP/attack,maxHP/magic=30/20,26/13 foesHP=0,0
pattern trainer=0 turn=0 foePP=0,0 foeAtkDef=0,0 CarlAtk=0 foeLevel=0
support PP=0,0 Carl-defense=0 enemy-attack=0,0
party action uses=8,40 / 2,40
frame=16400 map=35.0 pos=35,30 flags=0
party=2 HP=30/30,26/26 battle=0 battlers=0 outcome=0 PP=0,0 trial=0 donut-ability=0
persistent PP=8,2 status=0,0
growth level/xp/item=8/399/0,8/709/0 stats maxHP/attack,maxHP/magic=30/20,26/13 foesHP=0,0
pattern trainer=0 turn=0 foePP=0,0 foeAtkDef=0,0 CarlAtk=0 foeLevel=0
support PP=0,0 Carl-defense=0 enemy-attack=0,0
party action uses=8,40 / 2,40
frame=16440 map=35.0 pos=35,30 flags=0
party=2 HP=30/30,26/26 battle=0 battlers=0 outcome=0 PP=0,0 trial=0 donut-ability=0
persistent PP=8,2 status=0,0
growth level/xp/item=8/399/0,8/709/0 stats maxHP/attack,maxHP/magic=30/20,26/13 foesHP=0,0
pattern trainer=0 turn=0 foePP=0,0 foeAtkDef=0,0 CarlAtk=0 foeLevel=0
support PP=0,0 Carl-defense=0 enemy-attack=0,0
party action uses=8,40 / 2,40
frame=16440 map=35.0 pos=35,30 flags=0
party=2 HP=30/30,26/26 battle=0 battlers=0 outcome=0 PP=0,0 trial=0 donut-ability=0
persistent PP=8,2 status=0,0
growth level/xp/item=8/399/0,8/709/0 stats maxHP/attack,maxHP/magic=30/20,26/13 foesHP=0,0
pattern trainer=0 turn=0 foePP=0,0 foeAtkDef=0,0 CarlAtk=0 foeLevel=0
support PP=0,0 Carl-defense=0 enemy-attack=0,0
party action uses=8,40 / 2,40
PASS expect 35 0 35 30 0
frame=16492 map=35.0 pos=35,27 flags=0
party=2 HP=30/30,26/26 battle=0 battlers=0 outcome=0 PP=0,0 trial=0 donut-ability=0
persistent PP=8,2 status=0,0
growth level/xp/item=8/399/0,8/709/0 stats maxHP/attack,maxHP/magic=30/20,26/13 foesHP=0,0
pattern trainer=0 turn=0 foePP=0,0 foeAtkDef=0,0 CarlAtk=0 foeLevel=0
support PP=0,0 Carl-defense=0 enemy-attack=0,0
party action uses=8,40 / 2,40
frame=16532 map=35.0 pos=35,27 flags=0
party=2 HP=30/30,26/26 battle=0 battlers=0 outcome=0 PP=0,0 trial=0 donut-ability=0
persistent PP=8,2 status=0,0
growth level/xp/item=8/399/0,8/709/0 stats maxHP/attack,maxHP/magic=30/20,26/13 foesHP=0,0
pattern trainer=0 turn=0 foePP=0,0 foeAtkDef=0,0 CarlAtk=0 foeLevel=0
support PP=0,0 Carl-defense=0 enemy-attack=0,0
party action uses=8,40 / 2,40
frame=16532 map=35.0 pos=35,27 flags=0
party=2 HP=30/30,26/26 battle=0 battlers=0 outcome=0 PP=0,0 trial=0 donut-ability=0
persistent PP=8,2 status=0,0
growth level/xp/item=8/399/0,8/709/0 stats maxHP/attack,maxHP/magic=30/20,26/13 foesHP=0,0
pattern trainer=0 turn=0 foePP=0,0 foeAtkDef=0,0 CarlAtk=0 foeLevel=0
support PP=0,0 Carl-defense=0 enemy-attack=0,0
party action uses=8,40 / 2,40
PASS expect 35 0 35 27 0
frame=16584 map=35.0 pos=38,27 flags=0
party=2 HP=30/30,26/26 battle=0 battlers=0 outcome=0 PP=0,0 trial=0 donut-ability=0
persistent PP=8,2 status=0,0
growth level/xp/item=8/399/0,8/709/0 stats maxHP/attack,maxHP/magic=30/20,26/13 foesHP=0,0
pattern trainer=0 turn=0 foePP=0,0 foeAtkDef=0,0 CarlAtk=0 foeLevel=0
support PP=0,0 Carl-defense=0 enemy-attack=0,0
party action uses=8,40 / 2,40
frame=16624 map=35.0 pos=38,27 flags=0
party=2 HP=30/30,26/26 battle=0 battlers=0 outcome=0 PP=0,0 trial=0 donut-ability=0
persistent PP=8,2 status=0,0
growth level/xp/item=8/399/0,8/709/0 stats maxHP/attack,maxHP/magic=30/20,26/13 foesHP=0,0
pattern trainer=0 turn=0 foePP=0,0 foeAtkDef=0,0 CarlAtk=0 foeLevel=0
support PP=0,0 Carl-defense=0 enemy-attack=0,0
party action uses=8,40 / 2,40
frame=16624 map=35.0 pos=38,27 flags=0
party=2 HP=30/30,26/26 battle=0 battlers=0 outcome=0 PP=0,0 trial=0 donut-ability=0
persistent PP=8,2 status=0,0
growth level/xp/item=8/399/0,8/709/0 stats maxHP/attack,maxHP/magic=30/20,26/13 foesHP=0,0
pattern trainer=0 turn=0 foePP=0,0 foeAtkDef=0,0 CarlAtk=0 foeLevel=0
support PP=0,0 Carl-defense=0 enemy-attack=0,0
party action uses=8,40 / 2,40
PASS expect 35 0 38 27 0
frame=16644 map=35.0 pos=38,26 flags=0
party=2 HP=30/30,26/26 battle=0 battlers=0 outcome=0 PP=0,0 trial=0 donut-ability=0
persistent PP=8,2 status=0,0
growth level/xp/item=8/399/0,8/709/0 stats maxHP/attack,maxHP/magic=30/20,26/13 foesHP=0,0
pattern trainer=0 turn=0 foePP=0,0 foeAtkDef=0,0 CarlAtk=0 foeLevel=0
support PP=0,0 Carl-defense=0 enemy-attack=0,0
party action uses=8,40 / 2,40
frame=16684 map=35.0 pos=38,26 flags=0
party=2 HP=30/30,26/26 battle=0 battlers=0 outcome=0 PP=0,0 trial=0 donut-ability=0
persistent PP=8,2 status=0,0
growth level/xp/item=8/399/0,8/709/0 stats maxHP/attack,maxHP/magic=30/20,26/13 foesHP=0,0
pattern trainer=0 turn=0 foePP=0,0 foeAtkDef=0,0 CarlAtk=0 foeLevel=0
support PP=0,0 Carl-defense=0 enemy-attack=0,0
party action uses=8,40 / 2,40
frame=16684 map=35.0 pos=38,26 flags=0
party=2 HP=30/30,26/26 battle=0 battlers=0 outcome=0 PP=0,0 trial=0 donut-ability=0
persistent PP=8,2 status=0,0
growth level/xp/item=8/399/0,8/709/0 stats maxHP/attack,maxHP/magic=30/20,26/13 foesHP=0,0
pattern trainer=0 turn=0 foePP=0,0 foeAtkDef=0,0 CarlAtk=0 foeLevel=0
support PP=0,0 Carl-defense=0 enemy-attack=0,0
party action uses=8,40 / 2,40
PASS expect 35 0 38 26 0
frame=16784 map=35.0 pos=44,26 flags=0
party=2 HP=30/30,26/26 battle=0 battlers=0 outcome=0 PP=0,0 trial=0 donut-ability=0
persistent PP=8,2 status=0,0
growth level/xp/item=8/399/0,8/709/0 stats maxHP/attack,maxHP/magic=30/20,26/13 foesHP=0,0
pattern trainer=0 turn=0 foePP=0,0 foeAtkDef=0,0 CarlAtk=0 foeLevel=0
support PP=0,0 Carl-defense=0 enemy-attack=0,0
party action uses=8,40 / 2,40
frame=16824 map=35.0 pos=44,26 flags=0
party=2 HP=30/30,26/26 battle=0 battlers=0 outcome=0 PP=0,0 trial=0 donut-ability=0
persistent PP=8,2 status=0,0
growth level/xp/item=8/399/0,8/709/0 stats maxHP/attack,maxHP/magic=30/20,26/13 foesHP=0,0
pattern trainer=0 turn=0 foePP=0,0 foeAtkDef=0,0 CarlAtk=0 foeLevel=0
support PP=0,0 Carl-defense=0 enemy-attack=0,0
party action uses=8,40 / 2,40
frame=16824 map=35.0 pos=44,26 flags=0
party=2 HP=30/30,26/26 battle=0 battlers=0 outcome=0 PP=0,0 trial=0 donut-ability=0
persistent PP=8,2 status=0,0
growth level/xp/item=8/399/0,8/709/0 stats maxHP/attack,maxHP/magic=30/20,26/13 foesHP=0,0
pattern trainer=0 turn=0 foePP=0,0 foeAtkDef=0,0 CarlAtk=0 foeLevel=0
support PP=0,0 Carl-defense=0 enemy-attack=0,0
party action uses=8,40 / 2,40
PASS expect 35 0 44 26 0
frame=16876 map=35.0 pos=44,23 flags=0
party=2 HP=30/30,26/26 battle=0 battlers=0 outcome=0 PP=0,0 trial=0 donut-ability=0
persistent PP=8,2 status=0,0
growth level/xp/item=8/399/0,8/709/0 stats maxHP/attack,maxHP/magic=30/20,26/13 foesHP=0,0
pattern trainer=0 turn=0 foePP=0,0 foeAtkDef=0,0 CarlAtk=0 foeLevel=0
support PP=0,0 Carl-defense=0 enemy-attack=0,0
party action uses=8,40 / 2,40
frame=16916 map=35.0 pos=44,23 flags=0
party=2 HP=30/30,26/26 battle=0 battlers=0 outcome=0 PP=0,0 trial=0 donut-ability=0
persistent PP=8,2 status=0,0
growth level/xp/item=8/399/0,8/709/0 stats maxHP/attack,maxHP/magic=30/20,26/13 foesHP=0,0
pattern trainer=0 turn=0 foePP=0,0 foeAtkDef=0,0 CarlAtk=0 foeLevel=0
support PP=0,0 Carl-defense=0 enemy-attack=0,0
party action uses=8,40 / 2,40
frame=16916 map=35.0 pos=44,23 flags=0
party=2 HP=30/30,26/26 battle=0 battlers=0 outcome=0 PP=0,0 trial=0 donut-ability=0
persistent PP=8,2 status=0,0
growth level/xp/item=8/399/0,8/709/0 stats maxHP/attack,maxHP/magic=30/20,26/13 foesHP=0,0
pattern trainer=0 turn=0 foePP=0,0 foeAtkDef=0,0 CarlAtk=0 foeLevel=0
support PP=0,0 Carl-defense=0 enemy-attack=0,0
party action uses=8,40 / 2,40
PASS expect 35 0 44 23 0
frame=17016 map=35.0 pos=50,23 flags=0
party=2 HP=30/30,26/26 battle=0 battlers=0 outcome=0 PP=0,0 trial=0 donut-ability=0
persistent PP=8,2 status=0,0
growth level/xp/item=8/399/0,8/709/0 stats maxHP/attack,maxHP/magic=30/20,26/13 foesHP=0,0
pattern trainer=0 turn=0 foePP=0,0 foeAtkDef=0,0 CarlAtk=0 foeLevel=0
support PP=0,0 Carl-defense=0 enemy-attack=0,0
party action uses=8,40 / 2,40
frame=17056 map=35.0 pos=50,23 flags=0
party=2 HP=30/30,26/26 battle=0 battlers=0 outcome=0 PP=0,0 trial=0 donut-ability=0
persistent PP=8,2 status=0,0
growth level/xp/item=8/399/0,8/709/0 stats maxHP/attack,maxHP/magic=30/20,26/13 foesHP=0,0
pattern trainer=0 turn=0 foePP=0,0 foeAtkDef=0,0 CarlAtk=0 foeLevel=0
support PP=0,0 Carl-defense=0 enemy-attack=0,0
party action uses=8,40 / 2,40
frame=17056 map=35.0 pos=50,23 flags=0
party=2 HP=30/30,26/26 battle=0 battlers=0 outcome=0 PP=0,0 trial=0 donut-ability=0
persistent PP=8,2 status=0,0
growth level/xp/item=8/399/0,8/709/0 stats maxHP/attack,maxHP/magic=30/20,26/13 foesHP=0,0
pattern trainer=0 turn=0 foePP=0,0 foeAtkDef=0,0 CarlAtk=0 foeLevel=0
support PP=0,0 Carl-defense=0 enemy-attack=0,0
party action uses=8,40 / 2,40
PASS expect 35 0 50 23 0
frame=17096 map=35.0 pos=50,23 flags=0
party=2 HP=30/30,26/26 battle=0 battlers=0 outcome=0 PP=0,0 trial=0 donut-ability=0
persistent PP=8,2 status=0,0
growth level/xp/item=8/399/0,8/709/0 stats maxHP/attack,maxHP/magic=30/20,26/13 foesHP=0,0
pattern trainer=0 turn=0 foePP=0,0 foeAtkDef=0,0 CarlAtk=0 foeLevel=0
support PP=0,0 Carl-defense=0 enemy-attack=0,0
party action uses=8,40 / 2,40
frame=17196 map=35.0 pos=44,23 flags=0
party=2 HP=30/30,26/26 battle=0 battlers=0 outcome=0 PP=0,0 trial=0 donut-ability=0
persistent PP=8,2 status=0,0
growth level/xp/item=8/399/0,8/709/0 stats maxHP/attack,maxHP/magic=30/20,26/13 foesHP=0,0
pattern trainer=0 turn=0 foePP=0,0 foeAtkDef=0,0 CarlAtk=0 foeLevel=0
support PP=0,0 Carl-defense=0 enemy-attack=0,0
party action uses=8,40 / 2,40
frame=17236 map=35.0 pos=44,23 flags=0
party=2 HP=30/30,26/26 battle=0 battlers=0 outcome=0 PP=0,0 trial=0 donut-ability=0
persistent PP=8,2 status=0,0
growth level/xp/item=8/399/0,8/709/0 stats maxHP/attack,maxHP/magic=30/20,26/13 foesHP=0,0
pattern trainer=0 turn=0 foePP=0,0 foeAtkDef=0,0 CarlAtk=0 foeLevel=0
support PP=0,0 Carl-defense=0 enemy-attack=0,0
party action uses=8,40 / 2,40
frame=17236 map=35.0 pos=44,23 flags=0
party=2 HP=30/30,26/26 battle=0 battlers=0 outcome=0 PP=0,0 trial=0 donut-ability=0
persistent PP=8,2 status=0,0
growth level/xp/item=8/399/0,8/709/0 stats maxHP/attack,maxHP/magic=30/20,26/13 foesHP=0,0
pattern trainer=0 turn=0 foePP=0,0 foeAtkDef=0,0 CarlAtk=0 foeLevel=0
support PP=0,0 Carl-defense=0 enemy-attack=0,0
party action uses=8,40 / 2,40
PASS expect 35 0 44 23 0
frame=17304 map=35.0 pos=48,23 flags=0
party=2 HP=30/30,26/26 battle=0 battlers=0 outcome=0 PP=0,0 trial=0 donut-ability=0
persistent PP=8,2 status=0,0
growth level/xp/item=8/399/0,8/709/0 stats maxHP/attack,maxHP/magic=30/20,26/13 foesHP=0,0
pattern trainer=0 turn=0 foePP=0,0 foeAtkDef=0,0 CarlAtk=0 foeLevel=0
support PP=0,0 Carl-defense=0 enemy-attack=0,0
party action uses=8,40 / 2,40
frame=17344 map=35.0 pos=48,23 flags=0
party=2 HP=30/30,26/26 battle=0 battlers=0 outcome=0 PP=0,0 trial=0 donut-ability=0
persistent PP=8,2 status=0,0
growth level/xp/item=8/399/0,8/709/0 stats maxHP/attack,maxHP/magic=30/20,26/13 foesHP=0,0
pattern trainer=0 turn=0 foePP=0,0 foeAtkDef=0,0 CarlAtk=0 foeLevel=0
support PP=0,0 Carl-defense=0 enemy-attack=0,0
party action uses=8,40 / 2,40
frame=17344 map=35.0 pos=48,23 flags=0
party=2 HP=30/30,26/26 battle=0 battlers=0 outcome=0 PP=0,0 trial=0 donut-ability=0
persistent PP=8,2 status=0,0
growth level/xp/item=8/399/0,8/709/0 stats maxHP/attack,maxHP/magic=30/20,26/13 foesHP=0,0
pattern trainer=0 turn=0 foePP=0,0 foeAtkDef=0,0 CarlAtk=0 foeLevel=0
support PP=0,0 Carl-defense=0 enemy-attack=0,0
party action uses=8,40 / 2,40
PASS expect 35 0 48 23 0
frame=17444 map=35.0 pos=48,29 flags=0
party=2 HP=30/30,26/26 battle=0 battlers=0 outcome=0 PP=0,0 trial=0 donut-ability=0
persistent PP=8,2 status=0,0
growth level/xp/item=8/399/0,8/709/0 stats maxHP/attack,maxHP/magic=30/20,26/13 foesHP=0,0
pattern trainer=0 turn=0 foePP=0,0 foeAtkDef=0,0 CarlAtk=0 foeLevel=0
support PP=0,0 Carl-defense=0 enemy-attack=0,0
party action uses=8,40 / 2,40
frame=17484 map=35.0 pos=48,29 flags=0
party=2 HP=30/30,26/26 battle=0 battlers=0 outcome=0 PP=0,0 trial=0 donut-ability=0
persistent PP=8,2 status=0,0
growth level/xp/item=8/399/0,8/709/0 stats maxHP/attack,maxHP/magic=30/20,26/13 foesHP=0,0
pattern trainer=0 turn=0 foePP=0,0 foeAtkDef=0,0 CarlAtk=0 foeLevel=0
support PP=0,0 Carl-defense=0 enemy-attack=0,0
party action uses=8,40 / 2,40
frame=17484 map=35.0 pos=48,29 flags=0
party=2 HP=30/30,26/26 battle=0 battlers=0 outcome=0 PP=0,0 trial=0 donut-ability=0
persistent PP=8,2 status=0,0
growth level/xp/item=8/399/0,8/709/0 stats maxHP/attack,maxHP/magic=30/20,26/13 foesHP=0,0
pattern trainer=0 turn=0 foePP=0,0 foeAtkDef=0,0 CarlAtk=0 foeLevel=0
support PP=0,0 Carl-defense=0 enemy-attack=0,0
party action uses=8,40 / 2,40
PASS expect 35 0 48 29 0
frame=17548 map=35.0 pos=48,33 flags=0
party=2 HP=30/30,26/26 battle=0 battlers=0 outcome=0 PP=0,0 trial=0 donut-ability=0
persistent PP=8,2 status=0,0
growth level/xp/item=8/399/0,8/709/0 stats maxHP/attack,maxHP/magic=30/20,26/13 foesHP=0,0
pattern trainer=0 turn=0 foePP=0,0 foeAtkDef=0,0 CarlAtk=0 foeLevel=0
support PP=0,0 Carl-defense=0 enemy-attack=0,0
party action uses=8,40 / 2,40
frame=17588 map=35.0 pos=48,33 flags=0
party=2 HP=30/30,26/26 battle=0 battlers=0 outcome=0 PP=0,0 trial=0 donut-ability=0
persistent PP=8,2 status=0,0
growth level/xp/item=8/399/0,8/709/0 stats maxHP/attack,maxHP/magic=30/20,26/13 foesHP=0,0
pattern trainer=0 turn=0 foePP=0,0 foeAtkDef=0,0 CarlAtk=0 foeLevel=0
support PP=0,0 Carl-defense=0 enemy-attack=0,0
party action uses=8,40 / 2,40
frame=17588 map=35.0 pos=48,33 flags=0
party=2 HP=30/30,26/26 battle=0 battlers=0 outcome=0 PP=0,0 trial=0 donut-ability=0
persistent PP=8,2 status=0,0
growth level/xp/item=8/399/0,8/709/0 stats maxHP/attack,maxHP/magic=30/20,26/13 foesHP=0,0
pattern trainer=0 turn=0 foePP=0,0 foeAtkDef=0,0 CarlAtk=0 foeLevel=0
support PP=0,0 Carl-defense=0 enemy-attack=0,0
party action uses=8,40 / 2,40
PASS expect 35 0 48 33 0
frame=17628 map=35.0 pos=48,33 flags=0
party=2 HP=30/30,26/26 battle=0 battlers=0 outcome=0 PP=0,0 trial=0 donut-ability=0
persistent PP=8,2 status=0,0
growth level/xp/item=8/399/0,8/709/0 stats maxHP/attack,maxHP/magic=30/20,26/13 foesHP=0,0
pattern trainer=0 turn=0 foePP=0,0 foeAtkDef=0,0 CarlAtk=0 foeLevel=0
support PP=0,0 Carl-defense=0 enemy-attack=0,0
party action uses=8,40 / 2,40
frame=17696 map=35.0 pos=48,29 flags=0
party=2 HP=30/30,26/26 battle=0 battlers=0 outcome=0 PP=0,0 trial=0 donut-ability=0
persistent PP=8,2 status=0,0
growth level/xp/item=8/399/0,8/709/0 stats maxHP/attack,maxHP/magic=30/20,26/13 foesHP=0,0
pattern trainer=0 turn=0 foePP=0,0 foeAtkDef=0,0 CarlAtk=0 foeLevel=0
support PP=0,0 Carl-defense=0 enemy-attack=0,0
party action uses=8,40 / 2,40
frame=17736 map=35.0 pos=48,29 flags=0
party=2 HP=30/30,26/26 battle=0 battlers=0 outcome=0 PP=0,0 trial=0 donut-ability=0
persistent PP=8,2 status=0,0
growth level/xp/item=8/399/0,8/709/0 stats maxHP/attack,maxHP/magic=30/20,26/13 foesHP=0,0
pattern trainer=0 turn=0 foePP=0,0 foeAtkDef=0,0 CarlAtk=0 foeLevel=0
support PP=0,0 Carl-defense=0 enemy-attack=0,0
party action uses=8,40 / 2,40
frame=17736 map=35.0 pos=48,29 flags=0
party=2 HP=30/30,26/26 battle=0 battlers=0 outcome=0 PP=0,0 trial=0 donut-ability=0
persistent PP=8,2 status=0,0
growth level/xp/item=8/399/0,8/709/0 stats maxHP/attack,maxHP/magic=30/20,26/13 foesHP=0,0
pattern trainer=0 turn=0 foePP=0,0 foeAtkDef=0,0 CarlAtk=0 foeLevel=0
support PP=0,0 Carl-defense=0 enemy-attack=0,0
party action uses=8,40 / 2,40
PASS expect 35 0 48 29 0
frame=17896 map=35.0 pos=48,19 flags=0
party=2 HP=30/30,26/26 battle=0 battlers=0 outcome=0 PP=0,0 trial=0 donut-ability=0
persistent PP=8,2 status=0,0
growth level/xp/item=8/399/0,8/709/0 stats maxHP/attack,maxHP/magic=30/20,26/13 foesHP=0,0
pattern trainer=0 turn=0 foePP=0,0 foeAtkDef=0,0 CarlAtk=0 foeLevel=0
support PP=0,0 Carl-defense=0 enemy-attack=0,0
party action uses=8,40 / 2,40
frame=17936 map=35.0 pos=48,19 flags=0
party=2 HP=30/30,26/26 battle=0 battlers=0 outcome=0 PP=0,0 trial=0 donut-ability=0
persistent PP=8,2 status=0,0
growth level/xp/item=8/399/0,8/709/0 stats maxHP/attack,maxHP/magic=30/20,26/13 foesHP=0,0
pattern trainer=0 turn=0 foePP=0,0 foeAtkDef=0,0 CarlAtk=0 foeLevel=0
support PP=0,0 Carl-defense=0 enemy-attack=0,0
party action uses=8,40 / 2,40
frame=17936 map=35.0 pos=48,19 flags=0
party=2 HP=30/30,26/26 battle=0 battlers=0 outcome=0 PP=0,0 trial=0 donut-ability=0
persistent PP=8,2 status=0,0
growth level/xp/item=8/399/0,8/709/0 stats maxHP/attack,maxHP/magic=30/20,26/13 foesHP=0,0
pattern trainer=0 turn=0 foePP=0,0 foeAtkDef=0,0 CarlAtk=0 foeLevel=0
support PP=0,0 Carl-defense=0 enemy-attack=0,0
party action uses=8,40 / 2,40
PASS expect 35 0 48 19 0
frame=18036 map=35.0 pos=42,19 flags=0
party=2 HP=30/30,26/26 battle=0 battlers=0 outcome=0 PP=0,0 trial=0 donut-ability=0
persistent PP=8,2 status=0,0
growth level/xp/item=8/399/0,8/709/0 stats maxHP/attack,maxHP/magic=30/20,26/13 foesHP=0,0
pattern trainer=0 turn=0 foePP=0,0 foeAtkDef=0,0 CarlAtk=0 foeLevel=0
support PP=0,0 Carl-defense=0 enemy-attack=0,0
party action uses=8,40 / 2,40
frame=18076 map=35.0 pos=42,19 flags=0
party=2 HP=30/30,26/26 battle=0 battlers=0 outcome=0 PP=0,0 trial=0 donut-ability=0
persistent PP=8,2 status=0,0
growth level/xp/item=8/399/0,8/709/0 stats maxHP/attack,maxHP/magic=30/20,26/13 foesHP=0,0
pattern trainer=0 turn=0 foePP=0,0 foeAtkDef=0,0 CarlAtk=0 foeLevel=0
support PP=0,0 Carl-defense=0 enemy-attack=0,0
party action uses=8,40 / 2,40
frame=18076 map=35.0 pos=42,19 flags=0
party=2 HP=30/30,26/26 battle=0 battlers=0 outcome=0 PP=0,0 trial=0 donut-ability=0
persistent PP=8,2 status=0,0
growth level/xp/item=8/399/0,8/709/0 stats maxHP/attack,maxHP/magic=30/20,26/13 foesHP=0,0
pattern trainer=0 turn=0 foePP=0,0 foeAtkDef=0,0 CarlAtk=0 foeLevel=0
support PP=0,0 Carl-defense=0 enemy-attack=0,0
party action uses=8,40 / 2,40
PASS expect 35 0 42 19 0
frame=18176 map=35.0 pos=48,19 flags=0
party=2 HP=30/30,26/26 battle=0 battlers=0 outcome=0 PP=0,0 trial=0 donut-ability=0
persistent PP=8,2 status=0,0
growth level/xp/item=8/399/0,8/709/0 stats maxHP/attack,maxHP/magic=30/20,26/13 foesHP=0,0
pattern trainer=0 turn=0 foePP=0,0 foeAtkDef=0,0 CarlAtk=0 foeLevel=0
support PP=0,0 Carl-defense=0 enemy-attack=0,0
party action uses=8,40 / 2,40
frame=18216 map=35.0 pos=48,19 flags=0
party=2 HP=30/30,26/26 battle=0 battlers=0 outcome=0 PP=0,0 trial=0 donut-ability=0
persistent PP=8,2 status=0,0
growth level/xp/item=8/399/0,8/709/0 stats maxHP/attack,maxHP/magic=30/20,26/13 foesHP=0,0
pattern trainer=0 turn=0 foePP=0,0 foeAtkDef=0,0 CarlAtk=0 foeLevel=0
support PP=0,0 Carl-defense=0 enemy-attack=0,0
party action uses=8,40 / 2,40
frame=18216 map=35.0 pos=48,19 flags=0
party=2 HP=30/30,26/26 battle=0 battlers=0 outcome=0 PP=0,0 trial=0 donut-ability=0
persistent PP=8,2 status=0,0
growth level/xp/item=8/399/0,8/709/0 stats maxHP/attack,maxHP/magic=30/20,26/13 foesHP=0,0
pattern trainer=0 turn=0 foePP=0,0 foeAtkDef=0,0 CarlAtk=0 foeLevel=0
support PP=0,0 Carl-defense=0 enemy-attack=0,0
party action uses=8,40 / 2,40
PASS expect 35 0 48 19 0
frame=18256 map=35.0 pos=48,19 flags=0
party=2 HP=30/30,26/26 battle=0 battlers=0 outcome=0 PP=0,0 trial=0 donut-ability=0
persistent PP=8,2 status=0,0
growth level/xp/item=8/399/0,8/709/0 stats maxHP/attack,maxHP/magic=30/20,26/13 foesHP=0,0
pattern trainer=0 turn=0 foePP=0,0 foeAtkDef=0,0 CarlAtk=0 foeLevel=0
support PP=0,0 Carl-defense=0 enemy-attack=0,0
party action uses=8,40 / 2,40
frame=18356 map=35.0 pos=42,19 flags=0
party=2 HP=30/30,26/26 battle=0 battlers=0 outcome=0 PP=0,0 trial=0 donut-ability=0
persistent PP=8,2 status=0,0
growth level/xp/item=8/399/0,8/709/0 stats maxHP/attack,maxHP/magic=30/20,26/13 foesHP=0,0
pattern trainer=0 turn=0 foePP=0,0 foeAtkDef=0,0 CarlAtk=0 foeLevel=0
support PP=0,0 Carl-defense=0 enemy-attack=0,0
party action uses=8,40 / 2,40
frame=18396 map=35.0 pos=42,19 flags=0
party=2 HP=30/30,26/26 battle=0 battlers=0 outcome=0 PP=0,0 trial=0 donut-ability=0
persistent PP=8,2 status=0,0
growth level/xp/item=8/399/0,8/709/0 stats maxHP/attack,maxHP/magic=30/20,26/13 foesHP=0,0
pattern trainer=0 turn=0 foePP=0,0 foeAtkDef=0,0 CarlAtk=0 foeLevel=0
support PP=0,0 Carl-defense=0 enemy-attack=0,0
party action uses=8,40 / 2,40
frame=18396 map=35.0 pos=42,19 flags=0
party=2 HP=30/30,26/26 battle=0 battlers=0 outcome=0 PP=0,0 trial=0 donut-ability=0
persistent PP=8,2 status=0,0
growth level/xp/item=8/399/0,8/709/0 stats maxHP/attack,maxHP/magic=30/20,26/13 foesHP=0,0
pattern trainer=0 turn=0 foePP=0,0 foeAtkDef=0,0 CarlAtk=0 foeLevel=0
support PP=0,0 Carl-defense=0 enemy-attack=0,0
party action uses=8,40 / 2,40
PASS expect 35 0 42 19 0
frame=18432 map=35.0 pos=42,17 flags=0
party=2 HP=30/30,26/26 battle=0 battlers=0 outcome=0 PP=0,0 trial=0 donut-ability=0
persistent PP=8,2 status=0,0
growth level/xp/item=8/399/0,8/709/0 stats maxHP/attack,maxHP/magic=30/20,26/13 foesHP=0,0
pattern trainer=0 turn=0 foePP=0,0 foeAtkDef=0,0 CarlAtk=0 foeLevel=0
support PP=0,0 Carl-defense=0 enemy-attack=0,0
party action uses=8,40 / 2,40
frame=18472 map=35.0 pos=42,17 flags=0
party=2 HP=30/30,26/26 battle=0 battlers=0 outcome=0 PP=0,0 trial=0 donut-ability=0
persistent PP=8,2 status=0,0
growth level/xp/item=8/399/0,8/709/0 stats maxHP/attack,maxHP/magic=30/20,26/13 foesHP=0,0
pattern trainer=0 turn=0 foePP=0,0 foeAtkDef=0,0 CarlAtk=0 foeLevel=0
support PP=0,0 Carl-defense=0 enemy-attack=0,0
party action uses=8,40 / 2,40
frame=18472 map=35.0 pos=42,17 flags=0
party=2 HP=30/30,26/26 battle=0 battlers=0 outcome=0 PP=0,0 trial=0 donut-ability=0
persistent PP=8,2 status=0,0
growth level/xp/item=8/399/0,8/709/0 stats maxHP/attack,maxHP/magic=30/20,26/13 foesHP=0,0
pattern trainer=0 turn=0 foePP=0,0 foeAtkDef=0,0 CarlAtk=0 foeLevel=0
support PP=0,0 Carl-defense=0 enemy-attack=0,0
party action uses=8,40 / 2,40
PASS expect 35 0 42 17 0
frame=18492 map=35.0 pos=41,17 flags=0
party=2 HP=30/30,26/26 battle=0 battlers=0 outcome=0 PP=0,0 trial=0 donut-ability=0
persistent PP=8,2 status=0,0
growth level/xp/item=8/399/0,8/709/0 stats maxHP/attack,maxHP/magic=30/20,26/13 foesHP=0,0
pattern trainer=0 turn=0 foePP=0,0 foeAtkDef=0,0 CarlAtk=0 foeLevel=0
support PP=0,0 Carl-defense=0 enemy-attack=0,0
party action uses=8,40 / 2,40
frame=18532 map=35.0 pos=41,17 flags=0
party=2 HP=30/30,26/26 battle=0 battlers=0 outcome=0 PP=0,0 trial=0 donut-ability=0
persistent PP=8,2 status=0,0
growth level/xp/item=8/399/0,8/709/0 stats maxHP/attack,maxHP/magic=30/20,26/13 foesHP=0,0
pattern trainer=0 turn=0 foePP=0,0 foeAtkDef=0,0 CarlAtk=0 foeLevel=0
support PP=0,0 Carl-defense=0 enemy-attack=0,0
party action uses=8,40 / 2,40
frame=18532 map=35.0 pos=41,17 flags=0
party=2 HP=30/30,26/26 battle=0 battlers=0 outcome=0 PP=0,0 trial=0 donut-ability=0
persistent PP=8,2 status=0,0
growth level/xp/item=8/399/0,8/709/0 stats maxHP/attack,maxHP/magic=30/20,26/13 foesHP=0,0
pattern trainer=0 turn=0 foePP=0,0 foeAtkDef=0,0 CarlAtk=0 foeLevel=0
support PP=0,0 Carl-defense=0 enemy-attack=0,0
party action uses=8,40 / 2,40
PASS expect 35 0 41 17 0
frame=18600 map=35.0 pos=41,13 flags=0
party=2 HP=30/30,26/26 battle=0 battlers=0 outcome=0 PP=0,0 trial=0 donut-ability=0
persistent PP=8,2 status=0,0
growth level/xp/item=8/399/0,8/709/0 stats maxHP/attack,maxHP/magic=30/20,26/13 foesHP=0,0
pattern trainer=0 turn=0 foePP=0,0 foeAtkDef=0,0 CarlAtk=0 foeLevel=0
support PP=0,0 Carl-defense=0 enemy-attack=0,0
party action uses=8,40 / 2,40
frame=18640 map=35.0 pos=41,13 flags=0
party=2 HP=30/30,26/26 battle=0 battlers=0 outcome=0 PP=0,0 trial=0 donut-ability=0
persistent PP=8,2 status=0,0
growth level/xp/item=8/399/0,8/709/0 stats maxHP/attack,maxHP/magic=30/20,26/13 foesHP=0,0
pattern trainer=0 turn=0 foePP=0,0 foeAtkDef=0,0 CarlAtk=0 foeLevel=0
support PP=0,0 Carl-defense=0 enemy-attack=0,0
party action uses=8,40 / 2,40
frame=18640 map=35.0 pos=41,13 flags=0
party=2 HP=30/30,26/26 battle=0 battlers=0 outcome=0 PP=0,0 trial=0 donut-ability=0
persistent PP=8,2 status=0,0
growth level/xp/item=8/399/0,8/709/0 stats maxHP/attack,maxHP/magic=30/20,26/13 foesHP=0,0
pattern trainer=0 turn=0 foePP=0,0 foeAtkDef=0,0 CarlAtk=0 foeLevel=0
support PP=0,0 Carl-defense=0 enemy-attack=0,0
party action uses=8,40 / 2,40
PASS expect 35 0 41 13 0
frame=18660 map=35.0 pos=40,13 flags=0
party=2 HP=30/30,26/26 battle=0 battlers=0 outcome=0 PP=0,0 trial=0 donut-ability=0
persistent PP=8,2 status=0,0
growth level/xp/item=8/399/0,8/709/0 stats maxHP/attack,maxHP/magic=30/20,26/13 foesHP=0,0
pattern trainer=0 turn=0 foePP=0,0 foeAtkDef=0,0 CarlAtk=0 foeLevel=0
support PP=0,0 Carl-defense=0 enemy-attack=0,0
party action uses=8,40 / 2,40
frame=18700 map=35.0 pos=40,13 flags=0
party=2 HP=30/30,26/26 battle=0 battlers=0 outcome=0 PP=0,0 trial=0 donut-ability=0
persistent PP=8,2 status=0,0
growth level/xp/item=8/399/0,8/709/0 stats maxHP/attack,maxHP/magic=30/20,26/13 foesHP=0,0
pattern trainer=0 turn=0 foePP=0,0 foeAtkDef=0,0 CarlAtk=0 foeLevel=0
support PP=0,0 Carl-defense=0 enemy-attack=0,0
party action uses=8,40 / 2,40
frame=18700 map=35.0 pos=40,13 flags=0
party=2 HP=30/30,26/26 battle=0 battlers=0 outcome=0 PP=0,0 trial=0 donut-ability=0
persistent PP=8,2 status=0,0
growth level/xp/item=8/399/0,8/709/0 stats maxHP/attack,maxHP/magic=30/20,26/13 foesHP=0,0
pattern trainer=0 turn=0 foePP=0,0 foeAtkDef=0,0 CarlAtk=0 foeLevel=0
support PP=0,0 Carl-defense=0 enemy-attack=0,0
party action uses=8,40 / 2,40
PASS expect 35 0 40 13 0
frame=18800 map=35.0 pos=40,19 flags=0
party=2 HP=30/30,26/26 battle=0 battlers=0 outcome=0 PP=0,0 trial=0 donut-ability=0
persistent PP=8,2 status=0,0
growth level/xp/item=8/399/0,8/709/0 stats maxHP/attack,maxHP/magic=30/20,26/13 foesHP=0,0
pattern trainer=0 turn=0 foePP=0,0 foeAtkDef=0,0 CarlAtk=0 foeLevel=0
support PP=0,0 Carl-defense=0 enemy-attack=0,0
party action uses=8,40 / 2,40
frame=18840 map=35.0 pos=40,19 flags=0
party=2 HP=30/30,26/26 battle=0 battlers=0 outcome=0 PP=0,0 trial=0 donut-ability=0
persistent PP=8,2 status=0,0
growth level/xp/item=8/399/0,8/709/0 stats maxHP/attack,maxHP/magic=30/20,26/13 foesHP=0,0
pattern trainer=0 turn=0 foePP=0,0 foeAtkDef=0,0 CarlAtk=0 foeLevel=0
support PP=0,0 Carl-defense=0 enemy-attack=0,0
party action uses=8,40 / 2,40
frame=18840 map=35.0 pos=40,19 flags=0
party=2 HP=30/30,26/26 battle=0 battlers=0 outcome=0 PP=0,0 trial=0 donut-ability=0
persistent PP=8,2 status=0,0
growth level/xp/item=8/399/0,8/709/0 stats maxHP/attack,maxHP/magic=30/20,26/13 foesHP=0,0
pattern trainer=0 turn=0 foePP=0,0 foeAtkDef=0,0 CarlAtk=0 foeLevel=0
support PP=0,0 Carl-defense=0 enemy-attack=0,0
party action uses=8,40 / 2,40
PASS expect 35 0 40 19 0
frame=18880 map=35.0 pos=40,19 flags=0
party=2 HP=30/30,26/26 battle=0 battlers=0 outcome=0 PP=0,0 trial=0 donut-ability=0
persistent PP=8,2 status=0,0
growth level/xp/item=8/399/0,8/709/0 stats maxHP/attack,maxHP/magic=30/20,26/13 foesHP=0,0
pattern trainer=0 turn=0 foePP=0,0 foeAtkDef=0,0 CarlAtk=0 foeLevel=0
support PP=0,0 Carl-defense=0 enemy-attack=0,0
party action uses=8,40 / 2,40
frame=18980 map=35.0 pos=40,13 flags=0
party=2 HP=30/30,26/26 battle=0 battlers=0 outcome=0 PP=0,0 trial=0 donut-ability=0
persistent PP=8,2 status=0,0
growth level/xp/item=8/399/0,8/709/0 stats maxHP/attack,maxHP/magic=30/20,26/13 foesHP=0,0
pattern trainer=0 turn=0 foePP=0,0 foeAtkDef=0,0 CarlAtk=0 foeLevel=0
support PP=0,0 Carl-defense=0 enemy-attack=0,0
party action uses=8,40 / 2,40
frame=19020 map=35.0 pos=40,13 flags=0
party=2 HP=30/30,26/26 battle=0 battlers=0 outcome=0 PP=0,0 trial=0 donut-ability=0
persistent PP=8,2 status=0,0
growth level/xp/item=8/399/0,8/709/0 stats maxHP/attack,maxHP/magic=30/20,26/13 foesHP=0,0
pattern trainer=0 turn=0 foePP=0,0 foeAtkDef=0,0 CarlAtk=0 foeLevel=0
support PP=0,0 Carl-defense=0 enemy-attack=0,0
party action uses=8,40 / 2,40
frame=19020 map=35.0 pos=40,13 flags=0
party=2 HP=30/30,26/26 battle=0 battlers=0 outcome=0 PP=0,0 trial=0 donut-ability=0
persistent PP=8,2 status=0,0
growth level/xp/item=8/399/0,8/709/0 stats maxHP/attack,maxHP/magic=30/20,26/13 foesHP=0,0
pattern trainer=0 turn=0 foePP=0,0 foeAtkDef=0,0 CarlAtk=0 foeLevel=0
support PP=0,0 Carl-defense=0 enemy-attack=0,0
party action uses=8,40 / 2,40
PASS expect 35 0 40 13 0
frame=19040 map=35.0 pos=41,13 flags=0
party=2 HP=30/30,26/26 battle=0 battlers=0 outcome=0 PP=0,0 trial=0 donut-ability=0
persistent PP=8,2 status=0,0
growth level/xp/item=8/399/0,8/709/0 stats maxHP/attack,maxHP/magic=30/20,26/13 foesHP=0,0
pattern trainer=0 turn=0 foePP=0,0 foeAtkDef=0,0 CarlAtk=0 foeLevel=0
support PP=0,0 Carl-defense=0 enemy-attack=0,0
party action uses=8,40 / 2,40
frame=19080 map=35.0 pos=41,13 flags=0
party=2 HP=30/30,26/26 battle=0 battlers=0 outcome=0 PP=0,0 trial=0 donut-ability=0
persistent PP=8,2 status=0,0
growth level/xp/item=8/399/0,8/709/0 stats maxHP/attack,maxHP/magic=30/20,26/13 foesHP=0,0
pattern trainer=0 turn=0 foePP=0,0 foeAtkDef=0,0 CarlAtk=0 foeLevel=0
support PP=0,0 Carl-defense=0 enemy-attack=0,0
party action uses=8,40 / 2,40
frame=19080 map=35.0 pos=41,13 flags=0
party=2 HP=30/30,26/26 battle=0 battlers=0 outcome=0 PP=0,0 trial=0 donut-ability=0
persistent PP=8,2 status=0,0
growth level/xp/item=8/399/0,8/709/0 stats maxHP/attack,maxHP/magic=30/20,26/13 foesHP=0,0
pattern trainer=0 turn=0 foePP=0,0 foeAtkDef=0,0 CarlAtk=0 foeLevel=0
support PP=0,0 Carl-defense=0 enemy-attack=0,0
party action uses=8,40 / 2,40
PASS expect 35 0 41 13 0
frame=19148 map=35.0 pos=41,17 flags=0
party=2 HP=30/30,26/26 battle=0 battlers=0 outcome=0 PP=0,0 trial=0 donut-ability=0
persistent PP=8,2 status=0,0
growth level/xp/item=8/399/0,8/709/0 stats maxHP/attack,maxHP/magic=30/20,26/13 foesHP=0,0
pattern trainer=0 turn=0 foePP=0,0 foeAtkDef=0,0 CarlAtk=0 foeLevel=0
support PP=0,0 Carl-defense=0 enemy-attack=0,0
party action uses=8,40 / 2,40
frame=19188 map=35.0 pos=41,17 flags=0
party=2 HP=30/30,26/26 battle=0 battlers=0 outcome=0 PP=0,0 trial=0 donut-ability=0
persistent PP=8,2 status=0,0
growth level/xp/item=8/399/0,8/709/0 stats maxHP/attack,maxHP/magic=30/20,26/13 foesHP=0,0
pattern trainer=0 turn=0 foePP=0,0 foeAtkDef=0,0 CarlAtk=0 foeLevel=0
support PP=0,0 Carl-defense=0 enemy-attack=0,0
party action uses=8,40 / 2,40
frame=19188 map=35.0 pos=41,17 flags=0
party=2 HP=30/30,26/26 battle=0 battlers=0 outcome=0 PP=0,0 trial=0 donut-ability=0
persistent PP=8,2 status=0,0
growth level/xp/item=8/399/0,8/709/0 stats maxHP/attack,maxHP/magic=30/20,26/13 foesHP=0,0
pattern trainer=0 turn=0 foePP=0,0 foeAtkDef=0,0 CarlAtk=0 foeLevel=0
support PP=0,0 Carl-defense=0 enemy-attack=0,0
party action uses=8,40 / 2,40
PASS expect 35 0 41 17 0
frame=19240 map=35.0 pos=44,17 flags=0
party=2 HP=30/30,26/26 battle=0 battlers=0 outcome=0 PP=0,0 trial=0 donut-ability=0
persistent PP=8,2 status=0,0
growth level/xp/item=8/399/0,8/709/0 stats maxHP/attack,maxHP/magic=30/20,26/13 foesHP=0,0
pattern trainer=0 turn=0 foePP=0,0 foeAtkDef=0,0 CarlAtk=0 foeLevel=0
support PP=0,0 Carl-defense=0 enemy-attack=0,0
party action uses=8,40 / 2,40
frame=19280 map=35.0 pos=44,17 flags=0
party=2 HP=30/30,26/26 battle=0 battlers=0 outcome=0 PP=0,0 trial=0 donut-ability=0
persistent PP=8,2 status=0,0
growth level/xp/item=8/399/0,8/709/0 stats maxHP/attack,maxHP/magic=30/20,26/13 foesHP=0,0
pattern trainer=0 turn=0 foePP=0,0 foeAtkDef=0,0 CarlAtk=0 foeLevel=0
support PP=0,0 Carl-defense=0 enemy-attack=0,0
party action uses=8,40 / 2,40
frame=19280 map=35.0 pos=44,17 flags=0
party=2 HP=30/30,26/26 battle=0 battlers=0 outcome=0 PP=0,0 trial=0 donut-ability=0
persistent PP=8,2 status=0,0
growth level/xp/item=8/399/0,8/709/0 stats maxHP/attack,maxHP/magic=30/20,26/13 foesHP=0,0
pattern trainer=0 turn=0 foePP=0,0 foeAtkDef=0,0 CarlAtk=0 foeLevel=0
support PP=0,0 Carl-defense=0 enemy-attack=0,0
party action uses=8,40 / 2,40
PASS expect 35 0 44 17 0
frame=19588 map=35.0 pos=44,36 flags=0
party=2 HP=30/30,26/26 battle=0 battlers=0 outcome=0 PP=0,0 trial=0 donut-ability=0
persistent PP=8,2 status=0,0
growth level/xp/item=8/399/0,8/709/0 stats maxHP/attack,maxHP/magic=30/20,26/13 foesHP=0,0
pattern trainer=0 turn=0 foePP=0,0 foeAtkDef=0,0 CarlAtk=0 foeLevel=0
support PP=0,0 Carl-defense=0 enemy-attack=0,0
party action uses=8,40 / 2,40
frame=19628 map=35.0 pos=44,36 flags=0
party=2 HP=30/30,26/26 battle=0 battlers=0 outcome=0 PP=0,0 trial=0 donut-ability=0
persistent PP=8,2 status=0,0
growth level/xp/item=8/399/0,8/709/0 stats maxHP/attack,maxHP/magic=30/20,26/13 foesHP=0,0
pattern trainer=0 turn=0 foePP=0,0 foeAtkDef=0,0 CarlAtk=0 foeLevel=0
support PP=0,0 Carl-defense=0 enemy-attack=0,0
party action uses=8,40 / 2,40
frame=19628 map=35.0 pos=44,36 flags=0
party=2 HP=30/30,26/26 battle=0 battlers=0 outcome=0 PP=0,0 trial=0 donut-ability=0
persistent PP=8,2 status=0,0
growth level/xp/item=8/399/0,8/709/0 stats maxHP/attack,maxHP/magic=30/20,26/13 foesHP=0,0
pattern trainer=0 turn=0 foePP=0,0 foeAtkDef=0,0 CarlAtk=0 foeLevel=0
support PP=0,0 Carl-defense=0 enemy-attack=0,0
party action uses=8,40 / 2,40
PASS expect 35 0 44 36 0
frame=19792 map=35.0 pos=34,36 flags=0
party=2 HP=30/30,26/26 battle=0 battlers=0 outcome=0 PP=0,0 trial=0 donut-ability=0
persistent PP=8,2 status=0,0
growth level/xp/item=8/399/0,8/709/0 stats maxHP/attack,maxHP/magic=30/20,26/13 foesHP=0,0
pattern trainer=0 turn=0 foePP=0,0 foeAtkDef=0,0 CarlAtk=0 foeLevel=0
support PP=0,0 Carl-defense=0 enemy-attack=0,0
party action uses=8,40 / 2,40
frame=19832 map=35.0 pos=34,36 flags=0
party=2 HP=30/30,26/26 battle=0 battlers=0 outcome=0 PP=0,0 trial=0 donut-ability=0
persistent PP=8,2 status=0,0
growth level/xp/item=8/399/0,8/709/0 stats maxHP/attack,maxHP/magic=30/20,26/13 foesHP=0,0
pattern trainer=0 turn=0 foePP=0,0 foeAtkDef=0,0 CarlAtk=0 foeLevel=0
support PP=0,0 Carl-defense=0 enemy-attack=0,0
party action uses=8,40 / 2,40
frame=19832 map=35.0 pos=34,36 flags=0
party=2 HP=30/30,26/26 battle=0 battlers=0 outcome=0 PP=0,0 trial=0 donut-ability=0
persistent PP=8,2 status=0,0
growth level/xp/item=8/399/0,8/709/0 stats maxHP/attack,maxHP/magic=30/20,26/13 foesHP=0,0
pattern trainer=0 turn=0 foePP=0,0 foeAtkDef=0,0 CarlAtk=0 foeLevel=0
support PP=0,0 Carl-defense=0 enemy-attack=0,0
party action uses=8,40 / 2,40
PASS expect 35 0 34 36 0
frame=19900 map=35.0 pos=34,40 flags=0
party=2 HP=30/30,26/26 battle=0 battlers=0 outcome=0 PP=0,0 trial=0 donut-ability=0
persistent PP=8,2 status=0,0
growth level/xp/item=8/399/0,8/709/0 stats maxHP/attack,maxHP/magic=30/20,26/13 foesHP=0,0
pattern trainer=0 turn=0 foePP=0,0 foeAtkDef=0,0 CarlAtk=0 foeLevel=0
support PP=0,0 Carl-defense=0 enemy-attack=0,0
party action uses=8,40 / 2,40
frame=19940 map=35.0 pos=34,40 flags=0
party=2 HP=30/30,26/26 battle=0 battlers=0 outcome=0 PP=0,0 trial=0 donut-ability=0
persistent PP=8,2 status=0,0
growth level/xp/item=8/399/0,8/709/0 stats maxHP/attack,maxHP/magic=30/20,26/13 foesHP=0,0
pattern trainer=0 turn=0 foePP=0,0 foeAtkDef=0,0 CarlAtk=0 foeLevel=0
support PP=0,0 Carl-defense=0 enemy-attack=0,0
party action uses=8,40 / 2,40
frame=19940 map=35.0 pos=34,40 flags=0
party=2 HP=30/30,26/26 battle=0 battlers=0 outcome=0 PP=0,0 trial=0 donut-ability=0
persistent PP=8,2 status=0,0
growth level/xp/item=8/399/0,8/709/0 stats maxHP/attack,maxHP/magic=30/20,26/13 foesHP=0,0
pattern trainer=0 turn=0 foePP=0,0 foeAtkDef=0,0 CarlAtk=0 foeLevel=0
support PP=0,0 Carl-defense=0 enemy-attack=0,0
party action uses=8,40 / 2,40
PASS expect 35 0 34 40 0
frame=19992 map=35.0 pos=31,40 flags=0
party=2 HP=30/30,26/26 battle=0 battlers=0 outcome=0 PP=0,0 trial=0 donut-ability=0
persistent PP=8,2 status=0,0
growth level/xp/item=8/399/0,8/709/0 stats maxHP/attack,maxHP/magic=30/20,26/13 foesHP=0,0
pattern trainer=0 turn=0 foePP=0,0 foeAtkDef=0,0 CarlAtk=0 foeLevel=0
support PP=0,0 Carl-defense=0 enemy-attack=0,0
party action uses=8,40 / 2,40
frame=20032 map=35.0 pos=31,40 flags=0
party=2 HP=30/30,26/26 battle=0 battlers=0 outcome=0 PP=0,0 trial=0 donut-ability=0
persistent PP=8,2 status=0,0
growth level/xp/item=8/399/0,8/709/0 stats maxHP/attack,maxHP/magic=30/20,26/13 foesHP=0,0
pattern trainer=0 turn=0 foePP=0,0 foeAtkDef=0,0 CarlAtk=0 foeLevel=0
support PP=0,0 Carl-defense=0 enemy-attack=0,0
party action uses=8,40 / 2,40
frame=20032 map=35.0 pos=31,40 flags=0
party=2 HP=30/30,26/26 battle=0 battlers=0 outcome=0 PP=0,0 trial=0 donut-ability=0
persistent PP=8,2 status=0,0
growth level/xp/item=8/399/0,8/709/0 stats maxHP/attack,maxHP/magic=30/20,26/13 foesHP=0,0
pattern trainer=0 turn=0 foePP=0,0 foeAtkDef=0,0 CarlAtk=0 foeLevel=0
support PP=0,0 Carl-defense=0 enemy-attack=0,0
party action uses=8,40 / 2,40
PASS expect 35 0 31 40 0
frame=20084 map=35.0 pos=34,40 flags=0
party=2 HP=30/30,26/26 battle=0 battlers=0 outcome=0 PP=0,0 trial=0 donut-ability=0
persistent PP=8,2 status=0,0
growth level/xp/item=8/399/0,8/709/0 stats maxHP/attack,maxHP/magic=30/20,26/13 foesHP=0,0
pattern trainer=0 turn=0 foePP=0,0 foeAtkDef=0,0 CarlAtk=0 foeLevel=0
support PP=0,0 Carl-defense=0 enemy-attack=0,0
party action uses=8,40 / 2,40
frame=20124 map=35.0 pos=34,40 flags=0
party=2 HP=30/30,26/26 battle=0 battlers=0 outcome=0 PP=0,0 trial=0 donut-ability=0
persistent PP=8,2 status=0,0
growth level/xp/item=8/399/0,8/709/0 stats maxHP/attack,maxHP/magic=30/20,26/13 foesHP=0,0
pattern trainer=0 turn=0 foePP=0,0 foeAtkDef=0,0 CarlAtk=0 foeLevel=0
support PP=0,0 Carl-defense=0 enemy-attack=0,0
party action uses=8,40 / 2,40
frame=20124 map=35.0 pos=34,40 flags=0
party=2 HP=30/30,26/26 battle=0 battlers=0 outcome=0 PP=0,0 trial=0 donut-ability=0
persistent PP=8,2 status=0,0
growth level/xp/item=8/399/0,8/709/0 stats maxHP/attack,maxHP/magic=30/20,26/13 foesHP=0,0
pattern trainer=0 turn=0 foePP=0,0 foeAtkDef=0,0 CarlAtk=0 foeLevel=0
support PP=0,0 Carl-defense=0 enemy-attack=0,0
party action uses=8,40 / 2,40
PASS expect 35 0 34 40 0
frame=20164 map=35.0 pos=34,40 flags=0
party=2 HP=30/30,26/26 battle=0 battlers=0 outcome=0 PP=0,0 trial=0 donut-ability=0
persistent PP=8,2 status=0,0
growth level/xp/item=8/399/0,8/709/0 stats maxHP/attack,maxHP/magic=30/20,26/13 foesHP=0,0
pattern trainer=0 turn=0 foePP=0,0 foeAtkDef=0,0 CarlAtk=0 foeLevel=0
support PP=0,0 Carl-defense=0 enemy-attack=0,0
party action uses=8,40 / 2,40
frame=20216 map=35.0 pos=31,40 flags=0
party=2 HP=30/30,26/26 battle=0 battlers=0 outcome=0 PP=0,0 trial=0 donut-ability=0
persistent PP=8,2 status=0,0
growth level/xp/item=8/399/0,8/709/0 stats maxHP/attack,maxHP/magic=30/20,26/13 foesHP=0,0
pattern trainer=0 turn=0 foePP=0,0 foeAtkDef=0,0 CarlAtk=0 foeLevel=0
support PP=0,0 Carl-defense=0 enemy-attack=0,0
party action uses=8,40 / 2,40
frame=20256 map=35.0 pos=31,40 flags=0
party=2 HP=30/30,26/26 battle=0 battlers=0 outcome=0 PP=0,0 trial=0 donut-ability=0
persistent PP=8,2 status=0,0
growth level/xp/item=8/399/0,8/709/0 stats maxHP/attack,maxHP/magic=30/20,26/13 foesHP=0,0
pattern trainer=0 turn=0 foePP=0,0 foeAtkDef=0,0 CarlAtk=0 foeLevel=0
support PP=0,0 Carl-defense=0 enemy-attack=0,0
party action uses=8,40 / 2,40
frame=20256 map=35.0 pos=31,40 flags=0
party=2 HP=30/30,26/26 battle=0 battlers=0 outcome=0 PP=0,0 trial=0 donut-ability=0
persistent PP=8,2 status=0,0
growth level/xp/item=8/399/0,8/709/0 stats maxHP/attack,maxHP/magic=30/20,26/13 foesHP=0,0
pattern trainer=0 turn=0 foePP=0,0 foeAtkDef=0,0 CarlAtk=0 foeLevel=0
support PP=0,0 Carl-defense=0 enemy-attack=0,0
party action uses=8,40 / 2,40
PASS expect 35 0 31 40 0
frame=20308 map=35.0 pos=34,40 flags=0
party=2 HP=30/30,26/26 battle=0 battlers=0 outcome=0 PP=0,0 trial=0 donut-ability=0
persistent PP=8,2 status=0,0
growth level/xp/item=8/399/0,8/709/0 stats maxHP/attack,maxHP/magic=30/20,26/13 foesHP=0,0
pattern trainer=0 turn=0 foePP=0,0 foeAtkDef=0,0 CarlAtk=0 foeLevel=0
support PP=0,0 Carl-defense=0 enemy-attack=0,0
party action uses=8,40 / 2,40
frame=20348 map=35.0 pos=34,40 flags=0
party=2 HP=30/30,26/26 battle=0 battlers=0 outcome=0 PP=0,0 trial=0 donut-ability=0
persistent PP=8,2 status=0,0
growth level/xp/item=8/399/0,8/709/0 stats maxHP/attack,maxHP/magic=30/20,26/13 foesHP=0,0
pattern trainer=0 turn=0 foePP=0,0 foeAtkDef=0,0 CarlAtk=0 foeLevel=0
support PP=0,0 Carl-defense=0 enemy-attack=0,0
party action uses=8,40 / 2,40
frame=20348 map=35.0 pos=34,40 flags=0
party=2 HP=30/30,26/26 battle=0 battlers=0 outcome=0 PP=0,0 trial=0 donut-ability=0
persistent PP=8,2 status=0,0
growth level/xp/item=8/399/0,8/709/0 stats maxHP/attack,maxHP/magic=30/20,26/13 foesHP=0,0
pattern trainer=0 turn=0 foePP=0,0 foeAtkDef=0,0 CarlAtk=0 foeLevel=0
support PP=0,0 Carl-defense=0 enemy-attack=0,0
party action uses=8,40 / 2,40
PASS expect 35 0 34 40 0
frame=20368 map=35.0 pos=34,41 flags=0
party=2 HP=30/30,26/26 battle=0 battlers=0 outcome=0 PP=0,0 trial=0 donut-ability=0
persistent PP=8,2 status=0,0
growth level/xp/item=8/399/0,8/709/0 stats maxHP/attack,maxHP/magic=30/20,26/13 foesHP=0,0
pattern trainer=0 turn=0 foePP=0,0 foeAtkDef=0,0 CarlAtk=0 foeLevel=0
support PP=0,0 Carl-defense=0 enemy-attack=0,0
party action uses=8,40 / 2,40
frame=20408 map=35.0 pos=34,41 flags=0
party=2 HP=30/30,26/26 battle=0 battlers=0 outcome=0 PP=0,0 trial=0 donut-ability=0
persistent PP=8,2 status=0,0
growth level/xp/item=8/399/0,8/709/0 stats maxHP/attack,maxHP/magic=30/20,26/13 foesHP=0,0
pattern trainer=0 turn=0 foePP=0,0 foeAtkDef=0,0 CarlAtk=0 foeLevel=0
support PP=0,0 Carl-defense=0 enemy-attack=0,0
party action uses=8,40 / 2,40
frame=20408 map=35.0 pos=34,41 flags=0
party=2 HP=30/30,26/26 battle=0 battlers=0 outcome=0 PP=0,0 trial=0 donut-ability=0
persistent PP=8,2 status=0,0
growth level/xp/item=8/399/0,8/709/0 stats maxHP/attack,maxHP/magic=30/20,26/13 foesHP=0,0
pattern trainer=0 turn=0 foePP=0,0 foeAtkDef=0,0 CarlAtk=0 foeLevel=0
support PP=0,0 Carl-defense=0 enemy-attack=0,0
party action uses=8,40 / 2,40
PASS expect 35 0 34 41 0
frame=20604 map=35.0 pos=46,41 flags=0
party=2 HP=30/30,26/26 battle=0 battlers=0 outcome=0 PP=0,0 trial=0 donut-ability=0
persistent PP=8,2 status=0,0
growth level/xp/item=8/399/0,8/709/0 stats maxHP/attack,maxHP/magic=30/20,26/13 foesHP=0,0
pattern trainer=0 turn=0 foePP=0,0 foeAtkDef=0,0 CarlAtk=0 foeLevel=0
support PP=0,0 Carl-defense=0 enemy-attack=0,0
party action uses=8,40 / 2,40
frame=20644 map=35.0 pos=46,41 flags=0
party=2 HP=30/30,26/26 battle=0 battlers=0 outcome=0 PP=0,0 trial=0 donut-ability=0
persistent PP=8,2 status=0,0
growth level/xp/item=8/399/0,8/709/0 stats maxHP/attack,maxHP/magic=30/20,26/13 foesHP=0,0
pattern trainer=0 turn=0 foePP=0,0 foeAtkDef=0,0 CarlAtk=0 foeLevel=0
support PP=0,0 Carl-defense=0 enemy-attack=0,0
party action uses=8,40 / 2,40
frame=20644 map=35.0 pos=46,41 flags=0
party=2 HP=30/30,26/26 battle=0 battlers=0 outcome=0 PP=0,0 trial=0 donut-ability=0
persistent PP=8,2 status=0,0
growth level/xp/item=8/399/0,8/709/0 stats maxHP/attack,maxHP/magic=30/20,26/13 foesHP=0,0
pattern trainer=0 turn=0 foePP=0,0 foeAtkDef=0,0 CarlAtk=0 foeLevel=0
support PP=0,0 Carl-defense=0 enemy-attack=0,0
party action uses=8,40 / 2,40
PASS expect 35 0 46 41 0
frame=20696 map=35.0 pos=46,44 flags=0
party=2 HP=30/30,26/26 battle=0 battlers=0 outcome=0 PP=0,0 trial=0 donut-ability=0
persistent PP=8,2 status=0,0
growth level/xp/item=8/399/0,8/709/0 stats maxHP/attack,maxHP/magic=30/20,26/13 foesHP=0,0
pattern trainer=0 turn=0 foePP=0,0 foeAtkDef=0,0 CarlAtk=0 foeLevel=0
support PP=0,0 Carl-defense=0 enemy-attack=0,0
party action uses=8,40 / 2,40
frame=20736 map=35.0 pos=46,44 flags=0
party=2 HP=30/30,26/26 battle=0 battlers=0 outcome=0 PP=0,0 trial=0 donut-ability=0
persistent PP=8,2 status=0,0
growth level/xp/item=8/399/0,8/709/0 stats maxHP/attack,maxHP/magic=30/20,26/13 foesHP=0,0
pattern trainer=0 turn=0 foePP=0,0 foeAtkDef=0,0 CarlAtk=0 foeLevel=0
support PP=0,0 Carl-defense=0 enemy-attack=0,0
party action uses=8,40 / 2,40
frame=20736 map=35.0 pos=46,44 flags=0
party=2 HP=30/30,26/26 battle=0 battlers=0 outcome=0 PP=0,0 trial=0 donut-ability=0
persistent PP=8,2 status=0,0
growth level/xp/item=8/399/0,8/709/0 stats maxHP/attack,maxHP/magic=30/20,26/13 foesHP=0,0
pattern trainer=0 turn=0 foePP=0,0 foeAtkDef=0,0 CarlAtk=0 foeLevel=0
support PP=0,0 Carl-defense=0 enemy-attack=0,0
party action uses=8,40 / 2,40
PASS expect 35 0 46 44 0
frame=20776 map=35.0 pos=46,44 flags=0
party=2 HP=30/30,26/26 battle=0 battlers=0 outcome=0 PP=0,0 trial=0 donut-ability=0
persistent PP=8,2 status=0,0
growth level/xp/item=8/399/0,8/709/0 stats maxHP/attack,maxHP/magic=30/20,26/13 foesHP=0,0
pattern trainer=0 turn=0 foePP=0,0 foeAtkDef=0,0 CarlAtk=0 foeLevel=0
support PP=0,0 Carl-defense=0 enemy-attack=0,0
party action uses=8,40 / 2,40
frame=20828 map=35.0 pos=46,41 flags=0
party=2 HP=30/30,26/26 battle=0 battlers=0 outcome=0 PP=0,0 trial=0 donut-ability=0
persistent PP=8,2 status=0,0
growth level/xp/item=8/399/0,8/709/0 stats maxHP/attack,maxHP/magic=30/20,26/13 foesHP=0,0
pattern trainer=0 turn=0 foePP=0,0 foeAtkDef=0,0 CarlAtk=0 foeLevel=0
support PP=0,0 Carl-defense=0 enemy-attack=0,0
party action uses=8,40 / 2,40
frame=20868 map=35.0 pos=46,41 flags=0
party=2 HP=30/30,26/26 battle=0 battlers=0 outcome=0 PP=0,0 trial=0 donut-ability=0
persistent PP=8,2 status=0,0
growth level/xp/item=8/399/0,8/709/0 stats maxHP/attack,maxHP/magic=30/20,26/13 foesHP=0,0
pattern trainer=0 turn=0 foePP=0,0 foeAtkDef=0,0 CarlAtk=0 foeLevel=0
support PP=0,0 Carl-defense=0 enemy-attack=0,0
party action uses=8,40 / 2,40
frame=20868 map=35.0 pos=46,41 flags=0
party=2 HP=30/30,26/26 battle=0 battlers=0 outcome=0 PP=0,0 trial=0 donut-ability=0
persistent PP=8,2 status=0,0
growth level/xp/item=8/399/0,8/709/0 stats maxHP/attack,maxHP/magic=30/20,26/13 foesHP=0,0
pattern trainer=0 turn=0 foePP=0,0 foeAtkDef=0,0 CarlAtk=0 foeLevel=0
support PP=0,0 Carl-defense=0 enemy-attack=0,0
party action uses=8,40 / 2,40
PASS expect 35 0 46 41 0
frame=20968 map=35.0 pos=52,41 flags=0
party=2 HP=30/30,26/26 battle=0 battlers=0 outcome=0 PP=0,0 trial=0 donut-ability=0
persistent PP=8,2 status=0,0
growth level/xp/item=8/399/0,8/709/0 stats maxHP/attack,maxHP/magic=30/20,26/13 foesHP=0,0
pattern trainer=0 turn=0 foePP=0,0 foeAtkDef=0,0 CarlAtk=0 foeLevel=0
support PP=0,0 Carl-defense=0 enemy-attack=0,0
party action uses=8,40 / 2,40
frame=21008 map=35.0 pos=52,41 flags=0
party=2 HP=30/30,26/26 battle=0 battlers=0 outcome=0 PP=0,0 trial=0 donut-ability=0
persistent PP=8,2 status=0,0
growth level/xp/item=8/399/0,8/709/0 stats maxHP/attack,maxHP/magic=30/20,26/13 foesHP=0,0
pattern trainer=0 turn=0 foePP=0,0 foeAtkDef=0,0 CarlAtk=0 foeLevel=0
support PP=0,0 Carl-defense=0 enemy-attack=0,0
party action uses=8,40 / 2,40
frame=21008 map=35.0 pos=52,41 flags=0
party=2 HP=30/30,26/26 battle=0 battlers=0 outcome=0 PP=0,0 trial=0 donut-ability=0
persistent PP=8,2 status=0,0
growth level/xp/item=8/399/0,8/709/0 stats maxHP/attack,maxHP/magic=30/20,26/13 foesHP=0,0
pattern trainer=0 turn=0 foePP=0,0 foeAtkDef=0,0 CarlAtk=0 foeLevel=0
support PP=0,0 Carl-defense=0 enemy-attack=0,0
party action uses=8,40 / 2,40
PASS expect 35 0 52 41 0
frame=21060 map=35.0 pos=52,44 flags=0
party=2 HP=30/30,26/26 battle=0 battlers=0 outcome=0 PP=0,0 trial=0 donut-ability=0
persistent PP=8,2 status=0,0
growth level/xp/item=8/399/0,8/709/0 stats maxHP/attack,maxHP/magic=30/20,26/13 foesHP=0,0
pattern trainer=0 turn=0 foePP=0,0 foeAtkDef=0,0 CarlAtk=0 foeLevel=0
support PP=0,0 Carl-defense=0 enemy-attack=0,0
party action uses=8,40 / 2,40
frame=21100 map=35.0 pos=52,44 flags=0
party=2 HP=30/30,26/26 battle=0 battlers=0 outcome=0 PP=0,0 trial=0 donut-ability=0
persistent PP=8,2 status=0,0
growth level/xp/item=8/399/0,8/709/0 stats maxHP/attack,maxHP/magic=30/20,26/13 foesHP=0,0
pattern trainer=0 turn=0 foePP=0,0 foeAtkDef=0,0 CarlAtk=0 foeLevel=0
support PP=0,0 Carl-defense=0 enemy-attack=0,0
party action uses=8,40 / 2,40
frame=21100 map=35.0 pos=52,44 flags=0
party=2 HP=30/30,26/26 battle=0 battlers=0 outcome=0 PP=0,0 trial=0 donut-ability=0
persistent PP=8,2 status=0,0
growth level/xp/item=8/399/0,8/709/0 stats maxHP/attack,maxHP/magic=30/20,26/13 foesHP=0,0
pattern trainer=0 turn=0 foePP=0,0 foeAtkDef=0,0 CarlAtk=0 foeLevel=0
support PP=0,0 Carl-defense=0 enemy-attack=0,0
party action uses=8,40 / 2,40
PASS expect 35 0 52 44 0
frame=21140 map=35.0 pos=52,44 flags=0
party=2 HP=30/30,26/26 battle=0 battlers=0 outcome=0 PP=0,0 trial=0 donut-ability=0
persistent PP=8,2 status=0,0
growth level/xp/item=8/399/0,8/709/0 stats maxHP/attack,maxHP/magic=30/20,26/13 foesHP=0,0
pattern trainer=0 turn=0 foePP=0,0 foeAtkDef=0,0 CarlAtk=0 foeLevel=0
support PP=0,0 Carl-defense=0 enemy-attack=0,0
party action uses=8,40 / 2,40
frame=21192 map=35.0 pos=52,41 flags=0
party=2 HP=30/30,26/26 battle=0 battlers=0 outcome=0 PP=0,0 trial=0 donut-ability=0
persistent PP=8,2 status=0,0
growth level/xp/item=8/399/0,8/709/0 stats maxHP/attack,maxHP/magic=30/20,26/13 foesHP=0,0
pattern trainer=0 turn=0 foePP=0,0 foeAtkDef=0,0 CarlAtk=0 foeLevel=0
support PP=0,0 Carl-defense=0 enemy-attack=0,0
party action uses=8,40 / 2,40
frame=21232 map=35.0 pos=52,41 flags=0
party=2 HP=30/30,26/26 battle=0 battlers=0 outcome=0 PP=0,0 trial=0 donut-ability=0
persistent PP=8,2 status=0,0
growth level/xp/item=8/399/0,8/709/0 stats maxHP/attack,maxHP/magic=30/20,26/13 foesHP=0,0
pattern trainer=0 turn=0 foePP=0,0 foeAtkDef=0,0 CarlAtk=0 foeLevel=0
support PP=0,0 Carl-defense=0 enemy-attack=0,0
party action uses=8,40 / 2,40
frame=21232 map=35.0 pos=52,41 flags=0
party=2 HP=30/30,26/26 battle=0 battlers=0 outcome=0 PP=0,0 trial=0 donut-ability=0
persistent PP=8,2 status=0,0
growth level/xp/item=8/399/0,8/709/0 stats maxHP/attack,maxHP/magic=30/20,26/13 foesHP=0,0
pattern trainer=0 turn=0 foePP=0,0 foeAtkDef=0,0 CarlAtk=0 foeLevel=0
support PP=0,0 Carl-defense=0 enemy-attack=0,0
party action uses=8,40 / 2,40
PASS expect 35 0 52 41 0
frame=21524 map=35.0 pos=34,41 flags=0
party=2 HP=30/30,26/26 battle=0 battlers=0 outcome=0 PP=0,0 trial=0 donut-ability=0
persistent PP=8,2 status=0,0
growth level/xp/item=8/399/0,8/709/0 stats maxHP/attack,maxHP/magic=30/20,26/13 foesHP=0,0
pattern trainer=0 turn=0 foePP=0,0 foeAtkDef=0,0 CarlAtk=0 foeLevel=0
support PP=0,0 Carl-defense=0 enemy-attack=0,0
party action uses=8,40 / 2,40
frame=21564 map=35.0 pos=34,41 flags=0
party=2 HP=30/30,26/26 battle=0 battlers=0 outcome=0 PP=0,0 trial=0 donut-ability=0
persistent PP=8,2 status=0,0
growth level/xp/item=8/399/0,8/709/0 stats maxHP/attack,maxHP/magic=30/20,26/13 foesHP=0,0
pattern trainer=0 turn=0 foePP=0,0 foeAtkDef=0,0 CarlAtk=0 foeLevel=0
support PP=0,0 Carl-defense=0 enemy-attack=0,0
party action uses=8,40 / 2,40
frame=21564 map=35.0 pos=34,41 flags=0
party=2 HP=30/30,26/26 battle=0 battlers=0 outcome=0 PP=0,0 trial=0 donut-ability=0
persistent PP=8,2 status=0,0
growth level/xp/item=8/399/0,8/709/0 stats maxHP/attack,maxHP/magic=30/20,26/13 foesHP=0,0
pattern trainer=0 turn=0 foePP=0,0 foeAtkDef=0,0 CarlAtk=0 foeLevel=0
support PP=0,0 Carl-defense=0 enemy-attack=0,0
party action uses=8,40 / 2,40
PASS expect 35 0 34 41 0
frame=21760 map=35.0 pos=34,29 flags=0
party=2 HP=30/30,26/26 battle=0 battlers=0 outcome=0 PP=0,0 trial=0 donut-ability=0
persistent PP=8,2 status=0,0
growth level/xp/item=8/399/0,8/709/0 stats maxHP/attack,maxHP/magic=30/20,26/13 foesHP=0,0
pattern trainer=0 turn=0 foePP=0,0 foeAtkDef=0,0 CarlAtk=0 foeLevel=0
support PP=0,0 Carl-defense=0 enemy-attack=0,0
party action uses=8,40 / 2,40
frame=21800 map=35.0 pos=34,29 flags=0
party=2 HP=30/30,26/26 battle=0 battlers=0 outcome=0 PP=0,0 trial=0 donut-ability=0
persistent PP=8,2 status=0,0
growth level/xp/item=8/399/0,8/709/0 stats maxHP/attack,maxHP/magic=30/20,26/13 foesHP=0,0
pattern trainer=0 turn=0 foePP=0,0 foeAtkDef=0,0 CarlAtk=0 foeLevel=0
support PP=0,0 Carl-defense=0 enemy-attack=0,0
party action uses=8,40 / 2,40
frame=21800 map=35.0 pos=34,29 flags=0
party=2 HP=30/30,26/26 battle=0 battlers=0 outcome=0 PP=0,0 trial=0 donut-ability=0
persistent PP=8,2 status=0,0
growth level/xp/item=8/399/0,8/709/0 stats maxHP/attack,maxHP/magic=30/20,26/13 foesHP=0,0
pattern trainer=0 turn=0 foePP=0,0 foeAtkDef=0,0 CarlAtk=0 foeLevel=0
support PP=0,0 Carl-defense=0 enemy-attack=0,0
party action uses=8,40 / 2,40
PASS expect 35 0 34 29 0
frame=21884 map=35.0 pos=29,29 flags=0
party=2 HP=30/30,26/26 battle=0 battlers=0 outcome=0 PP=0,0 trial=0 donut-ability=0
persistent PP=8,2 status=0,0
growth level/xp/item=8/399/0,8/709/0 stats maxHP/attack,maxHP/magic=30/20,26/13 foesHP=0,0
pattern trainer=0 turn=0 foePP=0,0 foeAtkDef=0,0 CarlAtk=0 foeLevel=0
support PP=0,0 Carl-defense=0 enemy-attack=0,0
party action uses=8,40 / 2,40
frame=21924 map=35.0 pos=29,29 flags=0
party=2 HP=30/30,26/26 battle=0 battlers=0 outcome=0 PP=0,0 trial=0 donut-ability=0
persistent PP=8,2 status=0,0
growth level/xp/item=8/399/0,8/709/0 stats maxHP/attack,maxHP/magic=30/20,26/13 foesHP=0,0
pattern trainer=0 turn=0 foePP=0,0 foeAtkDef=0,0 CarlAtk=0 foeLevel=0
support PP=0,0 Carl-defense=0 enemy-attack=0,0
party action uses=8,40 / 2,40
frame=21924 map=35.0 pos=29,29 flags=0
party=2 HP=30/30,26/26 battle=0 battlers=0 outcome=0 PP=0,0 trial=0 donut-ability=0
persistent PP=8,2 status=0,0
growth level/xp/item=8/399/0,8/709/0 stats maxHP/attack,maxHP/magic=30/20,26/13 foesHP=0,0
pattern trainer=0 turn=0 foePP=0,0 foeAtkDef=0,0 CarlAtk=0 foeLevel=0
support PP=0,0 Carl-defense=0 enemy-attack=0,0
party action uses=8,40 / 2,40
PASS expect 35 0 29 29 0
frame=21960 map=35.0 pos=29,27 flags=0
party=2 HP=30/30,26/26 battle=0 battlers=0 outcome=0 PP=0,0 trial=0 donut-ability=0
persistent PP=8,2 status=0,0
growth level/xp/item=8/399/0,8/709/0 stats maxHP/attack,maxHP/magic=30/20,26/13 foesHP=0,0
pattern trainer=0 turn=0 foePP=0,0 foeAtkDef=0,0 CarlAtk=0 foeLevel=0
support PP=0,0 Carl-defense=0 enemy-attack=0,0
party action uses=8,40 / 2,40
frame=22000 map=35.0 pos=29,27 flags=0
party=2 HP=30/30,26/26 battle=0 battlers=0 outcome=0 PP=0,0 trial=0 donut-ability=0
persistent PP=8,2 status=0,0
growth level/xp/item=8/399/0,8/709/0 stats maxHP/attack,maxHP/magic=30/20,26/13 foesHP=0,0
pattern trainer=0 turn=0 foePP=0,0 foeAtkDef=0,0 CarlAtk=0 foeLevel=0
support PP=0,0 Carl-defense=0 enemy-attack=0,0
party action uses=8,40 / 2,40
frame=22000 map=35.0 pos=29,27 flags=0
party=2 HP=30/30,26/26 battle=0 battlers=0 outcome=0 PP=0,0 trial=0 donut-ability=0
persistent PP=8,2 status=0,0
growth level/xp/item=8/399/0,8/709/0 stats maxHP/attack,maxHP/magic=30/20,26/13 foesHP=0,0
pattern trainer=0 turn=0 foePP=0,0 foeAtkDef=0,0 CarlAtk=0 foeLevel=0
support PP=0,0 Carl-defense=0 enemy-attack=0,0
party action uses=8,40 / 2,40
PASS expect 35 0 29 27 0
frame=22148 map=35.0 pos=29,27 flags=0
party=2 HP=30/30,26/26 battle=0 battlers=0 outcome=0 PP=0,0 trial=0 donut-ability=0
persistent PP=8,2 status=0,0
growth level/xp/item=8/399/0,8/709/0 stats maxHP/attack,maxHP/magic=30/20,26/13 foesHP=0,0
pattern trainer=0 turn=0 foePP=0,0 foeAtkDef=0,0 CarlAtk=0 foeLevel=0
support PP=0,0 Carl-defense=0 enemy-attack=0,0
party action uses=8,40 / 2,40
frame=22188 map=35.0 pos=29,27 flags=0
party=2 HP=30/30,26/26 battle=0 battlers=0 outcome=0 PP=0,0 trial=0 donut-ability=0
persistent PP=8,2 status=0,0
growth level/xp/item=8/399/0,8/709/0 stats maxHP/attack,maxHP/magic=30/20,26/13 foesHP=0,0
pattern trainer=0 turn=0 foePP=0,0 foeAtkDef=0,0 CarlAtk=0 foeLevel=0
support PP=0,0 Carl-defense=0 enemy-attack=0,0
party action uses=8,40 / 2,40
frame=22188 map=35.0 pos=29,27 flags=0
party=2 HP=30/30,26/26 battle=0 battlers=0 outcome=0 PP=0,0 trial=0 donut-ability=0
persistent PP=8,2 status=0,0
growth level/xp/item=8/399/0,8/709/0 stats maxHP/attack,maxHP/magic=30/20,26/13 foesHP=0,0
pattern trainer=0 turn=0 foePP=0,0 foeAtkDef=0,0 CarlAtk=0 foeLevel=0
support PP=0,0 Carl-defense=0 enemy-attack=0,0
party action uses=8,40 / 2,40
PASS expect 35 0 29 27 0
frame=22224 map=35.0 pos=29,25 flags=0
party=2 HP=30/30,26/26 battle=0 battlers=0 outcome=0 PP=0,0 trial=0 donut-ability=0
persistent PP=8,2 status=0,0
growth level/xp/item=8/399/0,8/709/0 stats maxHP/attack,maxHP/magic=30/20,26/13 foesHP=0,0
pattern trainer=0 turn=0 foePP=0,0 foeAtkDef=0,0 CarlAtk=0 foeLevel=0
support PP=0,0 Carl-defense=0 enemy-attack=0,0
party action uses=8,40 / 2,40
frame=22264 map=35.0 pos=29,25 flags=0
party=2 HP=30/30,26/26 battle=0 battlers=0 outcome=0 PP=0,0 trial=0 donut-ability=0
persistent PP=8,2 status=0,0
growth level/xp/item=8/399/0,8/709/0 stats maxHP/attack,maxHP/magic=30/20,26/13 foesHP=0,0
pattern trainer=0 turn=0 foePP=0,0 foeAtkDef=0,0 CarlAtk=0 foeLevel=0
support PP=0,0 Carl-defense=0 enemy-attack=0,0
party action uses=8,40 / 2,40
frame=22264 map=35.0 pos=29,25 flags=0
party=2 HP=30/30,26/26 battle=0 battlers=0 outcome=0 PP=0,0 trial=0 donut-ability=0
persistent PP=8,2 status=0,0
growth level/xp/item=8/399/0,8/709/0 stats maxHP/attack,maxHP/magic=30/20,26/13 foesHP=0,0
pattern trainer=0 turn=0 foePP=0,0 foeAtkDef=0,0 CarlAtk=0 foeLevel=0
support PP=0,0 Carl-defense=0 enemy-attack=0,0
party action uses=8,40 / 2,40
PASS expect 35 0 29 25 0
frame=22348 map=35.0 pos=34,25 flags=0
party=2 HP=30/30,26/26 battle=0 battlers=0 outcome=0 PP=0,0 trial=0 donut-ability=0
persistent PP=8,2 status=0,0
growth level/xp/item=8/399/0,8/709/0 stats maxHP/attack,maxHP/magic=30/20,26/13 foesHP=0,0
pattern trainer=0 turn=0 foePP=0,0 foeAtkDef=0,0 CarlAtk=0 foeLevel=0
support PP=0,0 Carl-defense=0 enemy-attack=0,0
party action uses=8,40 / 2,40
frame=22388 map=35.0 pos=34,25 flags=0
party=2 HP=30/30,26/26 battle=0 battlers=0 outcome=0 PP=0,0 trial=0 donut-ability=0
persistent PP=8,2 status=0,0
growth level/xp/item=8/399/0,8/709/0 stats maxHP/attack,maxHP/magic=30/20,26/13 foesHP=0,0
pattern trainer=0 turn=0 foePP=0,0 foeAtkDef=0,0 CarlAtk=0 foeLevel=0
support PP=0,0 Carl-defense=0 enemy-attack=0,0
party action uses=8,40 / 2,40
frame=22388 map=35.0 pos=34,25 flags=0
party=2 HP=30/30,26/26 battle=0 battlers=0 outcome=0 PP=0,0 trial=0 donut-ability=0
persistent PP=8,2 status=0,0
growth level/xp/item=8/399/0,8/709/0 stats maxHP/attack,maxHP/magic=30/20,26/13 foesHP=0,0
pattern trainer=0 turn=0 foePP=0,0 foeAtkDef=0,0 CarlAtk=0 foeLevel=0
support PP=0,0 Carl-defense=0 enemy-attack=0,0
party action uses=8,40 / 2,40
PASS expect 35 0 34 25 0
frame=22408 map=35.0 pos=34,26 flags=0
party=2 HP=30/30,26/26 battle=0 battlers=0 outcome=0 PP=0,0 trial=0 donut-ability=0
persistent PP=8,2 status=0,0
growth level/xp/item=8/399/0,8/709/0 stats maxHP/attack,maxHP/magic=30/20,26/13 foesHP=0,0
pattern trainer=0 turn=0 foePP=0,0 foeAtkDef=0,0 CarlAtk=0 foeLevel=0
support PP=0,0 Carl-defense=0 enemy-attack=0,0
party action uses=8,40 / 2,40
frame=22448 map=35.0 pos=34,26 flags=0
party=2 HP=30/30,26/26 battle=0 battlers=0 outcome=0 PP=0,0 trial=0 donut-ability=0
persistent PP=8,2 status=0,0
growth level/xp/item=8/399/0,8/709/0 stats maxHP/attack,maxHP/magic=30/20,26/13 foesHP=0,0
pattern trainer=0 turn=0 foePP=0,0 foeAtkDef=0,0 CarlAtk=0 foeLevel=0
support PP=0,0 Carl-defense=0 enemy-attack=0,0
party action uses=8,40 / 2,40
frame=22448 map=35.0 pos=34,26 flags=0
party=2 HP=30/30,26/26 battle=0 battlers=0 outcome=0 PP=0,0 trial=0 donut-ability=0
persistent PP=8,2 status=0,0
growth level/xp/item=8/399/0,8/709/0 stats maxHP/attack,maxHP/magic=30/20,26/13 foesHP=0,0
pattern trainer=0 turn=0 foePP=0,0 foeAtkDef=0,0 CarlAtk=0 foeLevel=0
support PP=0,0 Carl-defense=0 enemy-attack=0,0
party action uses=8,40 / 2,40
PASS expect 35 0 34 26 0
frame=22500 map=35.0 pos=37,26 flags=0
party=2 HP=30/30,26/26 battle=0 battlers=0 outcome=0 PP=0,0 trial=0 donut-ability=0
persistent PP=8,2 status=0,0
growth level/xp/item=8/399/0,8/709/0 stats maxHP/attack,maxHP/magic=30/20,26/13 foesHP=0,0
pattern trainer=0 turn=0 foePP=0,0 foeAtkDef=0,0 CarlAtk=0 foeLevel=0
support PP=0,0 Carl-defense=0 enemy-attack=0,0
party action uses=8,40 / 2,40
frame=22540 map=35.1 pos=4,3 flags=0
party=2 HP=30/30,26/26 battle=0 battlers=0 outcome=0 PP=0,0 trial=0 donut-ability=0
persistent PP=8,2 status=0,0
growth level/xp/item=8/399/0,8/709/0 stats maxHP/attack,maxHP/magic=30/20,26/13 foesHP=0,0
pattern trainer=0 turn=0 foePP=0,0 foeAtkDef=0,0 CarlAtk=0 foeLevel=0
support PP=0,0 Carl-defense=0 enemy-attack=0,0
party action uses=8,40 / 2,40
frame=22840 map=35.1 pos=4,3 flags=0
party=2 HP=30/30,26/26 battle=0 battlers=0 outcome=0 PP=0,0 trial=0 donut-ability=0
persistent PP=8,2 status=0,0
growth level/xp/item=8/399/0,8/709/0 stats maxHP/attack,maxHP/magic=30/20,26/13 foesHP=0,0
pattern trainer=0 turn=0 foePP=0,0 foeAtkDef=0,0 CarlAtk=0 foeLevel=0
support PP=0,0 Carl-defense=0 enemy-attack=0,0
party action uses=8,40 / 2,40
frame=22840 map=35.1 pos=4,3 flags=0
party=2 HP=30/30,26/26 battle=0 battlers=0 outcome=0 PP=0,0 trial=0 donut-ability=0
persistent PP=8,2 status=0,0
growth level/xp/item=8/399/0,8/709/0 stats maxHP/attack,maxHP/magic=30/20,26/13 foesHP=0,0
pattern trainer=0 turn=0 foePP=0,0 foeAtkDef=0,0 CarlAtk=0 foeLevel=0
support PP=0,0 Carl-defense=0 enemy-attack=0,0
party action uses=8,40 / 2,40
PASS expect 35 1 4 3 0
frame=22860 map=35.1 pos=4,4 flags=0
party=2 HP=30/30,26/26 battle=0 battlers=0 outcome=0 PP=0,0 trial=0 donut-ability=0
persistent PP=8,2 status=0,0
growth level/xp/item=8/399/0,8/709/0 stats maxHP/attack,maxHP/magic=30/20,26/13 foesHP=0,0
pattern trainer=0 turn=0 foePP=0,0 foeAtkDef=0,0 CarlAtk=0 foeLevel=0
support PP=0,0 Carl-defense=0 enemy-attack=0,0
party action uses=8,40 / 2,40
frame=22900 map=35.1 pos=4,4 flags=0
party=2 HP=30/30,26/26 battle=0 battlers=0 outcome=0 PP=0,0 trial=0 donut-ability=0
persistent PP=8,2 status=0,0
growth level/xp/item=8/399/0,8/709/0 stats maxHP/attack,maxHP/magic=30/20,26/13 foesHP=0,0
pattern trainer=0 turn=0 foePP=0,0 foeAtkDef=0,0 CarlAtk=0 foeLevel=0
support PP=0,0 Carl-defense=0 enemy-attack=0,0
party action uses=8,40 / 2,40
frame=22900 map=35.1 pos=4,4 flags=0
party=2 HP=30/30,26/26 battle=0 battlers=0 outcome=0 PP=0,0 trial=0 donut-ability=0
persistent PP=8,2 status=0,0
growth level/xp/item=8/399/0,8/709/0 stats maxHP/attack,maxHP/magic=30/20,26/13 foesHP=0,0
pattern trainer=0 turn=0 foePP=0,0 foeAtkDef=0,0 CarlAtk=0 foeLevel=0
support PP=0,0 Carl-defense=0 enemy-attack=0,0
party action uses=8,40 / 2,40
PASS expect 35 1 4 4 0
frame=22936 map=35.1 pos=2,4 flags=0
party=2 HP=30/30,26/26 battle=0 battlers=0 outcome=0 PP=0,0 trial=0 donut-ability=0
persistent PP=8,2 status=0,0
growth level/xp/item=8/399/0,8/709/0 stats maxHP/attack,maxHP/magic=30/20,26/13 foesHP=0,0
pattern trainer=0 turn=0 foePP=0,0 foeAtkDef=0,0 CarlAtk=0 foeLevel=0
support PP=0,0 Carl-defense=0 enemy-attack=0,0
party action uses=8,40 / 2,40
frame=22976 map=35.1 pos=2,4 flags=0
party=2 HP=30/30,26/26 battle=0 battlers=0 outcome=0 PP=0,0 trial=0 donut-ability=0
persistent PP=8,2 status=0,0
growth level/xp/item=8/399/0,8/709/0 stats maxHP/attack,maxHP/magic=30/20,26/13 foesHP=0,0
pattern trainer=0 turn=0 foePP=0,0 foeAtkDef=0,0 CarlAtk=0 foeLevel=0
support PP=0,0 Carl-defense=0 enemy-attack=0,0
party action uses=8,40 / 2,40
frame=22976 map=35.1 pos=2,4 flags=0
party=2 HP=30/30,26/26 battle=0 battlers=0 outcome=0 PP=0,0 trial=0 donut-ability=0
persistent PP=8,2 status=0,0
growth level/xp/item=8/399/0,8/709/0 stats maxHP/attack,maxHP/magic=30/20,26/13 foesHP=0,0
pattern trainer=0 turn=0 foePP=0,0 foeAtkDef=0,0 CarlAtk=0 foeLevel=0
support PP=0,0 Carl-defense=0 enemy-attack=0,0
party action uses=8,40 / 2,40
PASS expect 35 1 2 4 0
frame=23044 map=35.1 pos=6,4 flags=0
party=2 HP=30/30,26/26 battle=0 battlers=0 outcome=0 PP=0,0 trial=0 donut-ability=0
persistent PP=8,2 status=0,0
growth level/xp/item=8/399/0,8/709/0 stats maxHP/attack,maxHP/magic=30/20,26/13 foesHP=0,0
pattern trainer=0 turn=0 foePP=0,0 foeAtkDef=0,0 CarlAtk=0 foeLevel=0
support PP=0,0 Carl-defense=0 enemy-attack=0,0
party action uses=8,40 / 2,40
frame=23084 map=35.1 pos=6,4 flags=0
party=2 HP=30/30,26/26 battle=0 battlers=0 outcome=0 PP=0,0 trial=0 donut-ability=0
persistent PP=8,2 status=0,0
growth level/xp/item=8/399/0,8/709/0 stats maxHP/attack,maxHP/magic=30/20,26/13 foesHP=0,0
pattern trainer=0 turn=0 foePP=0,0 foeAtkDef=0,0 CarlAtk=0 foeLevel=0
support PP=0,0 Carl-defense=0 enemy-attack=0,0
party action uses=8,40 / 2,40
frame=23084 map=35.1 pos=6,4 flags=0
party=2 HP=30/30,26/26 battle=0 battlers=0 outcome=0 PP=0,0 trial=0 donut-ability=0
persistent PP=8,2 status=0,0
growth level/xp/item=8/399/0,8/709/0 stats maxHP/attack,maxHP/magic=30/20,26/13 foesHP=0,0
pattern trainer=0 turn=0 foePP=0,0 foeAtkDef=0,0 CarlAtk=0 foeLevel=0
support PP=0,0 Carl-defense=0 enemy-attack=0,0
party action uses=8,40 / 2,40
PASS expect 35 1 6 4 0
frame=23124 map=35.1 pos=6,4 flags=0
party=2 HP=30/30,26/26 battle=0 battlers=0 outcome=0 PP=0,0 trial=0 donut-ability=0
persistent PP=8,2 status=0,0
growth level/xp/item=8/399/0,8/709/0 stats maxHP/attack,maxHP/magic=30/20,26/13 foesHP=0,0
pattern trainer=0 turn=0 foePP=0,0 foeAtkDef=0,0 CarlAtk=0 foeLevel=0
support PP=0,0 Carl-defense=0 enemy-attack=0,0
party action uses=8,40 / 2,40
frame=23192 map=35.1 pos=2,4 flags=0
party=2 HP=30/30,26/26 battle=0 battlers=0 outcome=0 PP=0,0 trial=0 donut-ability=0
persistent PP=8,2 status=0,0
growth level/xp/item=8/399/0,8/709/0 stats maxHP/attack,maxHP/magic=30/20,26/13 foesHP=0,0
pattern trainer=0 turn=0 foePP=0,0 foeAtkDef=0,0 CarlAtk=0 foeLevel=0
support PP=0,0 Carl-defense=0 enemy-attack=0,0
party action uses=8,40 / 2,40
frame=23232 map=35.1 pos=2,4 flags=0
party=2 HP=30/30,26/26 battle=0 battlers=0 outcome=0 PP=0,0 trial=0 donut-ability=0
persistent PP=8,2 status=0,0
growth level/xp/item=8/399/0,8/709/0 stats maxHP/attack,maxHP/magic=30/20,26/13 foesHP=0,0
pattern trainer=0 turn=0 foePP=0,0 foeAtkDef=0,0 CarlAtk=0 foeLevel=0
support PP=0,0 Carl-defense=0 enemy-attack=0,0
party action uses=8,40 / 2,40
frame=23232 map=35.1 pos=2,4 flags=0
party=2 HP=30/30,26/26 battle=0 battlers=0 outcome=0 PP=0,0 trial=0 donut-ability=0
persistent PP=8,2 status=0,0
growth level/xp/item=8/399/0,8/709/0 stats maxHP/attack,maxHP/magic=30/20,26/13 foesHP=0,0
pattern trainer=0 turn=0 foePP=0,0 foeAtkDef=0,0 CarlAtk=0 foeLevel=0
support PP=0,0 Carl-defense=0 enemy-attack=0,0
party action uses=8,40 / 2,40
PASS expect 35 1 2 4 0
frame=23268 map=35.1 pos=2,2 flags=0
party=2 HP=30/30,26/26 battle=0 battlers=0 outcome=0 PP=0,0 trial=0 donut-ability=0
persistent PP=8,2 status=0,0
growth level/xp/item=8/399/0,8/709/0 stats maxHP/attack,maxHP/magic=30/20,26/13 foesHP=0,0
pattern trainer=0 turn=0 foePP=0,0 foeAtkDef=0,0 CarlAtk=0 foeLevel=0
support PP=0,0 Carl-defense=0 enemy-attack=0,0
party action uses=8,40 / 2,40
frame=23308 map=35.1 pos=2,2 flags=0
party=2 HP=30/30,26/26 battle=0 battlers=0 outcome=0 PP=0,0 trial=0 donut-ability=0
persistent PP=8,2 status=0,0
growth level/xp/item=8/399/0,8/709/0 stats maxHP/attack,maxHP/magic=30/20,26/13 foesHP=0,0
pattern trainer=0 turn=0 foePP=0,0 foeAtkDef=0,0 CarlAtk=0 foeLevel=0
support PP=0,0 Carl-defense=0 enemy-attack=0,0
party action uses=8,40 / 2,40
frame=23308 map=35.1 pos=2,2 flags=0
party=2 HP=30/30,26/26 battle=0 battlers=0 outcome=0 PP=0,0 trial=0 donut-ability=0
persistent PP=8,2 status=0,0
growth level/xp/item=8/399/0,8/709/0 stats maxHP/attack,maxHP/magic=30/20,26/13 foesHP=0,0
pattern trainer=0 turn=0 foePP=0,0 foeAtkDef=0,0 CarlAtk=0 foeLevel=0
support PP=0,0 Carl-defense=0 enemy-attack=0,0
party action uses=8,40 / 2,40
PASS expect 35 1 2 2 0
frame=23392 map=35.1 pos=7,2 flags=0
party=2 HP=30/30,26/26 battle=0 battlers=0 outcome=0 PP=0,0 trial=0 donut-ability=0
persistent PP=8,2 status=0,0
growth level/xp/item=8/399/0,8/709/0 stats maxHP/attack,maxHP/magic=30/20,26/13 foesHP=0,0
pattern trainer=0 turn=0 foePP=0,0 foeAtkDef=0,0 CarlAtk=0 foeLevel=0
support PP=0,0 Carl-defense=0 enemy-attack=0,0
party action uses=8,40 / 2,40
frame=23432 map=35.1 pos=7,2 flags=0
party=2 HP=30/30,26/26 battle=0 battlers=0 outcome=0 PP=0,0 trial=0 donut-ability=0
persistent PP=8,2 status=0,0
growth level/xp/item=8/399/0,8/709/0 stats maxHP/attack,maxHP/magic=30/20,26/13 foesHP=0,0
pattern trainer=0 turn=0 foePP=0,0 foeAtkDef=0,0 CarlAtk=0 foeLevel=0
support PP=0,0 Carl-defense=0 enemy-attack=0,0
party action uses=8,40 / 2,40
frame=23432 map=35.1 pos=7,2 flags=0
party=2 HP=30/30,26/26 battle=0 battlers=0 outcome=0 PP=0,0 trial=0 donut-ability=0
persistent PP=8,2 status=0,0
growth level/xp/item=8/399/0,8/709/0 stats maxHP/attack,maxHP/magic=30/20,26/13 foesHP=0,0
pattern trainer=0 turn=0 foePP=0,0 foeAtkDef=0,0 CarlAtk=0 foeLevel=0
support PP=0,0 Carl-defense=0 enemy-attack=0,0
party action uses=8,40 / 2,40
PASS expect 35 1 7 2 0
frame=23500 map=35.1 pos=7,6 flags=0
party=2 HP=30/30,26/26 battle=0 battlers=0 outcome=0 PP=0,0 trial=0 donut-ability=0
persistent PP=8,2 status=0,0
growth level/xp/item=8/399/0,8/709/0 stats maxHP/attack,maxHP/magic=30/20,26/13 foesHP=0,0
pattern trainer=0 turn=0 foePP=0,0 foeAtkDef=0,0 CarlAtk=0 foeLevel=0
support PP=0,0 Carl-defense=0 enemy-attack=0,0
party action uses=8,40 / 2,40
frame=23540 map=35.1 pos=7,6 flags=0
party=2 HP=30/30,26/26 battle=0 battlers=0 outcome=0 PP=0,0 trial=0 donut-ability=0
persistent PP=8,2 status=0,0
growth level/xp/item=8/399/0,8/709/0 stats maxHP/attack,maxHP/magic=30/20,26/13 foesHP=0,0
pattern trainer=0 turn=0 foePP=0,0 foeAtkDef=0,0 CarlAtk=0 foeLevel=0
support PP=0,0 Carl-defense=0 enemy-attack=0,0
party action uses=8,40 / 2,40
frame=23540 map=35.1 pos=7,6 flags=0
party=2 HP=30/30,26/26 battle=0 battlers=0 outcome=0 PP=0,0 trial=0 donut-ability=0
persistent PP=8,2 status=0,0
growth level/xp/item=8/399/0,8/709/0 stats maxHP/attack,maxHP/magic=30/20,26/13 foesHP=0,0
pattern trainer=0 turn=0 foePP=0,0 foeAtkDef=0,0 CarlAtk=0 foeLevel=0
support PP=0,0 Carl-defense=0 enemy-attack=0,0
party action uses=8,40 / 2,40
PASS expect 35 1 7 6 0
frame=23580 map=35.1 pos=7,6 flags=0
party=2 HP=30/30,26/26 battle=0 battlers=0 outcome=0 PP=0,0 trial=0 donut-ability=0
persistent PP=8,2 status=0,0
growth level/xp/item=8/399/0,8/709/0 stats maxHP/attack,maxHP/magic=30/20,26/13 foesHP=0,0
pattern trainer=0 turn=0 foePP=0,0 foeAtkDef=0,0 CarlAtk=0 foeLevel=0
support PP=0,0 Carl-defense=0 enemy-attack=0,0
party action uses=8,40 / 2,40
frame=23648 map=35.1 pos=7,2 flags=0
party=2 HP=30/30,26/26 battle=0 battlers=0 outcome=0 PP=0,0 trial=0 donut-ability=0
persistent PP=8,2 status=0,0
growth level/xp/item=8/399/0,8/709/0 stats maxHP/attack,maxHP/magic=30/20,26/13 foesHP=0,0
pattern trainer=0 turn=0 foePP=0,0 foeAtkDef=0,0 CarlAtk=0 foeLevel=0
support PP=0,0 Carl-defense=0 enemy-attack=0,0
party action uses=8,40 / 2,40
frame=23688 map=35.1 pos=7,2 flags=0
party=2 HP=30/30,26/26 battle=0 battlers=0 outcome=0 PP=0,0 trial=0 donut-ability=0
persistent PP=8,2 status=0,0
growth level/xp/item=8/399/0,8/709/0 stats maxHP/attack,maxHP/magic=30/20,26/13 foesHP=0,0
pattern trainer=0 turn=0 foePP=0,0 foeAtkDef=0,0 CarlAtk=0 foeLevel=0
support PP=0,0 Carl-defense=0 enemy-attack=0,0
party action uses=8,40 / 2,40
frame=23688 map=35.1 pos=7,2 flags=0
party=2 HP=30/30,26/26 battle=0 battlers=0 outcome=0 PP=0,0 trial=0 donut-ability=0
persistent PP=8,2 status=0,0
growth level/xp/item=8/399/0,8/709/0 stats maxHP/attack,maxHP/magic=30/20,26/13 foesHP=0,0
pattern trainer=0 turn=0 foePP=0,0 foeAtkDef=0,0 CarlAtk=0 foeLevel=0
support PP=0,0 Carl-defense=0 enemy-attack=0,0
party action uses=8,40 / 2,40
PASS expect 35 1 7 2 0
frame=23724 map=35.1 pos=9,2 flags=0
party=2 HP=30/30,26/26 battle=0 battlers=0 outcome=0 PP=0,0 trial=0 donut-ability=0
persistent PP=8,2 status=0,0
growth level/xp/item=8/399/0,8/709/0 stats maxHP/attack,maxHP/magic=30/20,26/13 foesHP=0,0
pattern trainer=0 turn=0 foePP=0,0 foeAtkDef=0,0 CarlAtk=0 foeLevel=0
support PP=0,0 Carl-defense=0 enemy-attack=0,0
party action uses=8,40 / 2,40
frame=23764 map=35.1 pos=9,2 flags=0
party=2 HP=30/30,26/26 battle=0 battlers=0 outcome=0 PP=0,0 trial=0 donut-ability=0
persistent PP=8,2 status=0,0
growth level/xp/item=8/399/0,8/709/0 stats maxHP/attack,maxHP/magic=30/20,26/13 foesHP=0,0
pattern trainer=0 turn=0 foePP=0,0 foeAtkDef=0,0 CarlAtk=0 foeLevel=0
support PP=0,0 Carl-defense=0 enemy-attack=0,0
party action uses=8,40 / 2,40
frame=23764 map=35.1 pos=9,2 flags=0
party=2 HP=30/30,26/26 battle=0 battlers=0 outcome=0 PP=0,0 trial=0 donut-ability=0
persistent PP=8,2 status=0,0
growth level/xp/item=8/399/0,8/709/0 stats maxHP/attack,maxHP/magic=30/20,26/13 foesHP=0,0
pattern trainer=0 turn=0 foePP=0,0 foeAtkDef=0,0 CarlAtk=0 foeLevel=0
support PP=0,0 Carl-defense=0 enemy-attack=0,0
party action uses=8,40 / 2,40
PASS expect 35 1 9 2 0
frame=23848 map=35.1 pos=9,7 flags=0
party=2 HP=30/30,26/26 battle=0 battlers=0 outcome=0 PP=0,0 trial=0 donut-ability=0
persistent PP=8,2 status=0,0
growth level/xp/item=8/399/0,8/709/0 stats maxHP/attack,maxHP/magic=30/20,26/13 foesHP=0,0
pattern trainer=0 turn=0 foePP=0,0 foeAtkDef=0,0 CarlAtk=0 foeLevel=0
support PP=0,0 Carl-defense=0 enemy-attack=0,0
party action uses=8,40 / 2,40
frame=23888 map=35.1 pos=9,7 flags=0
party=2 HP=30/30,26/26 battle=0 battlers=0 outcome=0 PP=0,0 trial=0 donut-ability=0
persistent PP=8,2 status=0,0
growth level/xp/item=8/399/0,8/709/0 stats maxHP/attack,maxHP/magic=30/20,26/13 foesHP=0,0
pattern trainer=0 turn=0 foePP=0,0 foeAtkDef=0,0 CarlAtk=0 foeLevel=0
support PP=0,0 Carl-defense=0 enemy-attack=0,0
party action uses=8,40 / 2,40
frame=23888 map=35.1 pos=9,7 flags=0
party=2 HP=30/30,26/26 battle=0 battlers=0 outcome=0 PP=0,0 trial=0 donut-ability=0
persistent PP=8,2 status=0,0
growth level/xp/item=8/399/0,8/709/0 stats maxHP/attack,maxHP/magic=30/20,26/13 foesHP=0,0
pattern trainer=0 turn=0 foePP=0,0 foeAtkDef=0,0 CarlAtk=0 foeLevel=0
support PP=0,0 Carl-defense=0 enemy-attack=0,0
party action uses=8,40 / 2,40
PASS expect 35 1 9 7 0
frame=23956 map=35.1 pos=13,7 flags=0
party=2 HP=30/30,26/26 battle=0 battlers=0 outcome=0 PP=0,0 trial=0 donut-ability=0
persistent PP=8,2 status=0,0
growth level/xp/item=8/399/0,8/709/0 stats maxHP/attack,maxHP/magic=30/20,26/13 foesHP=0,0
pattern trainer=0 turn=0 foePP=0,0 foeAtkDef=0,0 CarlAtk=0 foeLevel=0
support PP=0,0 Carl-defense=0 enemy-attack=0,0
party action uses=8,40 / 2,40
frame=23996 map=35.1 pos=13,7 flags=0
party=2 HP=30/30,26/26 battle=0 battlers=0 outcome=0 PP=0,0 trial=0 donut-ability=0
persistent PP=8,2 status=0,0
growth level/xp/item=8/399/0,8/709/0 stats maxHP/attack,maxHP/magic=30/20,26/13 foesHP=0,0
pattern trainer=0 turn=0 foePP=0,0 foeAtkDef=0,0 CarlAtk=0 foeLevel=0
support PP=0,0 Carl-defense=0 enemy-attack=0,0
party action uses=8,40 / 2,40
frame=23996 map=35.1 pos=13,7 flags=0
party=2 HP=30/30,26/26 battle=0 battlers=0 outcome=0 PP=0,0 trial=0 donut-ability=0
persistent PP=8,2 status=0,0
growth level/xp/item=8/399/0,8/709/0 stats maxHP/attack,maxHP/magic=30/20,26/13 foesHP=0,0
pattern trainer=0 turn=0 foePP=0,0 foeAtkDef=0,0 CarlAtk=0 foeLevel=0
support PP=0,0 Carl-defense=0 enemy-attack=0,0
party action uses=8,40 / 2,40
PASS expect 35 1 13 7 0
frame=24036 map=35.1 pos=13,7 flags=0
party=2 HP=30/30,26/26 battle=0 battlers=0 outcome=0 PP=0,0 trial=0 donut-ability=0
persistent PP=8,2 status=0,0
growth level/xp/item=8/399/0,8/709/0 stats maxHP/attack,maxHP/magic=30/20,26/13 foesHP=0,0
pattern trainer=0 turn=0 foePP=0,0 foeAtkDef=0,0 CarlAtk=0 foeLevel=0
support PP=0,0 Carl-defense=0 enemy-attack=0,0
party action uses=8,40 / 2,40
frame=24104 map=35.1 pos=9,7 flags=0
party=2 HP=30/30,26/26 battle=0 battlers=0 outcome=0 PP=0,0 trial=0 donut-ability=0
persistent PP=8,2 status=0,0
growth level/xp/item=8/399/0,8/709/0 stats maxHP/attack,maxHP/magic=30/20,26/13 foesHP=0,0
pattern trainer=0 turn=0 foePP=0,0 foeAtkDef=0,0 CarlAtk=0 foeLevel=0
support PP=0,0 Carl-defense=0 enemy-attack=0,0
party action uses=8,40 / 2,40
frame=24144 map=35.1 pos=9,7 flags=0
party=2 HP=30/30,26/26 battle=0 battlers=0 outcome=0 PP=0,0 trial=0 donut-ability=0
persistent PP=8,2 status=0,0
growth level/xp/item=8/399/0,8/709/0 stats maxHP/attack,maxHP/magic=30/20,26/13 foesHP=0,0
pattern trainer=0 turn=0 foePP=0,0 foeAtkDef=0,0 CarlAtk=0 foeLevel=0
support PP=0,0 Carl-defense=0 enemy-attack=0,0
party action uses=8,40 / 2,40
frame=24144 map=35.1 pos=9,7 flags=0
party=2 HP=30/30,26/26 battle=0 battlers=0 outcome=0 PP=0,0 trial=0 donut-ability=0
persistent PP=8,2 status=0,0
growth level/xp/item=8/399/0,8/709/0 stats maxHP/attack,maxHP/magic=30/20,26/13 foesHP=0,0
pattern trainer=0 turn=0 foePP=0,0 foeAtkDef=0,0 CarlAtk=0 foeLevel=0
support PP=0,0 Carl-defense=0 enemy-attack=0,0
party action uses=8,40 / 2,40
PASS expect 35 1 9 7 0
frame=24164 map=35.1 pos=10,7 flags=0
party=2 HP=30/30,26/26 battle=0 battlers=0 outcome=0 PP=0,0 trial=0 donut-ability=0
persistent PP=8,2 status=0,0
growth level/xp/item=8/399/0,8/709/0 stats maxHP/attack,maxHP/magic=30/20,26/13 foesHP=0,0
pattern trainer=0 turn=0 foePP=0,0 foeAtkDef=0,0 CarlAtk=0 foeLevel=0
support PP=0,0 Carl-defense=0 enemy-attack=0,0
party action uses=8,40 / 2,40
frame=24204 map=35.1 pos=10,7 flags=0
party=2 HP=30/30,26/26 battle=0 battlers=0 outcome=0 PP=0,0 trial=0 donut-ability=0
persistent PP=8,2 status=0,0
growth level/xp/item=8/399/0,8/709/0 stats maxHP/attack,maxHP/magic=30/20,26/13 foesHP=0,0
pattern trainer=0 turn=0 foePP=0,0 foeAtkDef=0,0 CarlAtk=0 foeLevel=0
support PP=0,0 Carl-defense=0 enemy-attack=0,0
party action uses=8,40 / 2,40
frame=24204 map=35.1 pos=10,7 flags=0
party=2 HP=30/30,26/26 battle=0 battlers=0 outcome=0 PP=0,0 trial=0 donut-ability=0
persistent PP=8,2 status=0,0
growth level/xp/item=8/399/0,8/709/0 stats maxHP/attack,maxHP/magic=30/20,26/13 foesHP=0,0
pattern trainer=0 turn=0 foePP=0,0 foeAtkDef=0,0 CarlAtk=0 foeLevel=0
support PP=0,0 Carl-defense=0 enemy-attack=0,0
party action uses=8,40 / 2,40
PASS expect 35 1 10 7 0
frame=24352 map=35.1 pos=10,7 flags=0
party=2 HP=30/30,26/26 battle=0 battlers=0 outcome=0 PP=0,0 trial=0 donut-ability=0
persistent PP=8,2 status=0,0
growth level/xp/item=8/399/0,8/709/0 stats maxHP/attack,maxHP/magic=30/20,26/13 foesHP=0,0
pattern trainer=0 turn=0 foePP=0,0 foeAtkDef=0,0 CarlAtk=0 foeLevel=0
support PP=0,0 Carl-defense=0 enemy-attack=0,0
party action uses=8,40 / 2,40
frame=24392 map=35.1 pos=10,7 flags=0
party=2 HP=30/30,26/26 battle=0 battlers=0 outcome=0 PP=0,0 trial=0 donut-ability=0
persistent PP=8,2 status=0,0
growth level/xp/item=8/399/0,8/709/0 stats maxHP/attack,maxHP/magic=30/20,26/13 foesHP=0,0
pattern trainer=0 turn=0 foePP=0,0 foeAtkDef=0,0 CarlAtk=0 foeLevel=0
support PP=0,0 Carl-defense=0 enemy-attack=0,0
party action uses=8,40 / 2,40
frame=24392 map=35.1 pos=10,7 flags=0
party=2 HP=30/30,26/26 battle=0 battlers=0 outcome=0 PP=0,0 trial=0 donut-ability=0
persistent PP=8,2 status=0,0
growth level/xp/item=8/399/0,8/709/0 stats maxHP/attack,maxHP/magic=30/20,26/13 foesHP=0,0
pattern trainer=0 turn=0 foePP=0,0 foeAtkDef=0,0 CarlAtk=0 foeLevel=0
support PP=0,0 Carl-defense=0 enemy-attack=0,0
party action uses=8,40 / 2,40
PASS expect 35 1 10 7 0
frame=24460 map=35.1 pos=10,3 flags=0
party=2 HP=30/30,26/26 battle=0 battlers=0 outcome=0 PP=0,0 trial=0 donut-ability=0
persistent PP=8,2 status=0,0
growth level/xp/item=8/399/0,8/709/0 stats maxHP/attack,maxHP/magic=30/20,26/13 foesHP=0,0
pattern trainer=0 turn=0 foePP=0,0 foeAtkDef=0,0 CarlAtk=0 foeLevel=0
support PP=0,0 Carl-defense=0 enemy-attack=0,0
party action uses=8,40 / 2,40
frame=24500 map=35.1 pos=10,3 flags=0
party=2 HP=30/30,26/26 battle=0 battlers=0 outcome=0 PP=0,0 trial=0 donut-ability=0
persistent PP=8,2 status=0,0
growth level/xp/item=8/399/0,8/709/0 stats maxHP/attack,maxHP/magic=30/20,26/13 foesHP=0,0
pattern trainer=0 turn=0 foePP=0,0 foeAtkDef=0,0 CarlAtk=0 foeLevel=0
support PP=0,0 Carl-defense=0 enemy-attack=0,0
party action uses=8,40 / 2,40
frame=24500 map=35.1 pos=10,3 flags=0
party=2 HP=30/30,26/26 battle=0 battlers=0 outcome=0 PP=0,0 trial=0 donut-ability=0
persistent PP=8,2 status=0,0
growth level/xp/item=8/399/0,8/709/0 stats maxHP/attack,maxHP/magic=30/20,26/13 foesHP=0,0
pattern trainer=0 turn=0 foePP=0,0 foeAtkDef=0,0 CarlAtk=0 foeLevel=0
support PP=0,0 Carl-defense=0 enemy-attack=0,0
party action uses=8,40 / 2,40
PASS expect 35 1 10 3 0
frame=24600 map=35.1 pos=4,3 flags=0
party=2 HP=30/30,26/26 battle=0 battlers=0 outcome=0 PP=0,0 trial=0 donut-ability=0
persistent PP=8,2 status=0,0
growth level/xp/item=8/399/0,8/709/0 stats maxHP/attack,maxHP/magic=30/20,26/13 foesHP=0,0
pattern trainer=0 turn=0 foePP=0,0 foeAtkDef=0,0 CarlAtk=0 foeLevel=0
support PP=0,0 Carl-defense=0 enemy-attack=0,0
party action uses=8,40 / 2,40
frame=24640 map=35.0 pos=37,26 flags=0
party=2 HP=30/30,26/26 battle=0 battlers=0 outcome=0 PP=0,0 trial=0 donut-ability=0
persistent PP=8,2 status=0,0
growth level/xp/item=8/399/0,8/709/0 stats maxHP/attack,maxHP/magic=30/20,26/13 foesHP=0,0
pattern trainer=0 turn=0 foePP=0,0 foeAtkDef=0,0 CarlAtk=0 foeLevel=0
support PP=0,0 Carl-defense=0 enemy-attack=0,0
party action uses=8,40 / 2,40
frame=24940 map=35.0 pos=37,26 flags=0
party=2 HP=30/30,26/26 battle=0 battlers=0 outcome=0 PP=0,0 trial=0 donut-ability=0
persistent PP=8,2 status=0,0
growth level/xp/item=8/399/0,8/709/0 stats maxHP/attack,maxHP/magic=30/20,26/13 foesHP=0,0
pattern trainer=0 turn=0 foePP=0,0 foeAtkDef=0,0 CarlAtk=0 foeLevel=0
support PP=0,0 Carl-defense=0 enemy-attack=0,0
party action uses=8,40 / 2,40
frame=24940 map=35.0 pos=37,26 flags=0
party=2 HP=30/30,26/26 battle=0 battlers=0 outcome=0 PP=0,0 trial=0 donut-ability=0
persistent PP=8,2 status=0,0
growth level/xp/item=8/399/0,8/709/0 stats maxHP/attack,maxHP/magic=30/20,26/13 foesHP=0,0
pattern trainer=0 turn=0 foePP=0,0 foeAtkDef=0,0 CarlAtk=0 foeLevel=0
support PP=0,0 Carl-defense=0 enemy-attack=0,0
party action uses=8,40 / 2,40
PASS expect 35 0 37 26 0
frame=25056 map=35.0 pos=44,26 flags=0
party=2 HP=30/30,26/26 battle=0 battlers=0 outcome=0 PP=0,0 trial=0 donut-ability=0
persistent PP=8,2 status=0,0
growth level/xp/item=8/399/0,8/709/0 stats maxHP/attack,maxHP/magic=30/20,26/13 foesHP=0,0
pattern trainer=0 turn=0 foePP=0,0 foeAtkDef=0,0 CarlAtk=0 foeLevel=0
support PP=0,0 Carl-defense=0 enemy-attack=0,0
party action uses=8,40 / 2,40
frame=25096 map=35.0 pos=44,26 flags=0
party=2 HP=30/30,26/26 battle=0 battlers=0 outcome=0 PP=0,0 trial=0 donut-ability=0
persistent PP=8,2 status=0,0
growth level/xp/item=8/399/0,8/709/0 stats maxHP/attack,maxHP/magic=30/20,26/13 foesHP=0,0
pattern trainer=0 turn=0 foePP=0,0 foeAtkDef=0,0 CarlAtk=0 foeLevel=0
support PP=0,0 Carl-defense=0 enemy-attack=0,0
party action uses=8,40 / 2,40
frame=25096 map=35.0 pos=44,26 flags=0
party=2 HP=30/30,26/26 battle=0 battlers=0 outcome=0 PP=0,0 trial=0 donut-ability=0
persistent PP=8,2 status=0,0
growth level/xp/item=8/399/0,8/709/0 stats maxHP/attack,maxHP/magic=30/20,26/13 foesHP=0,0
pattern trainer=0 turn=0 foePP=0,0 foeAtkDef=0,0 CarlAtk=0 foeLevel=0
support PP=0,0 Carl-defense=0 enemy-attack=0,0
party action uses=8,40 / 2,40
PASS expect 35 0 44 26 0
frame=25244 map=35.0 pos=44,17 flags=0
party=2 HP=30/30,26/26 battle=0 battlers=0 outcome=0 PP=0,0 trial=0 donut-ability=0
persistent PP=8,2 status=0,0
growth level/xp/item=8/399/0,8/709/0 stats maxHP/attack,maxHP/magic=30/20,26/13 foesHP=0,0
pattern trainer=0 turn=0 foePP=0,0 foeAtkDef=0,0 CarlAtk=0 foeLevel=0
support PP=0,0 Carl-defense=0 enemy-attack=0,0
party action uses=8,40 / 2,40
frame=25284 map=35.0 pos=44,17 flags=0
party=2 HP=30/30,26/26 battle=0 battlers=0 outcome=0 PP=0,0 trial=0 donut-ability=0
persistent PP=8,2 status=0,0
growth level/xp/item=8/399/0,8/709/0 stats maxHP/attack,maxHP/magic=30/20,26/13 foesHP=0,0
pattern trainer=0 turn=0 foePP=0,0 foeAtkDef=0,0 CarlAtk=0 foeLevel=0
support PP=0,0 Carl-defense=0 enemy-attack=0,0
party action uses=8,40 / 2,40
frame=25284 map=35.0 pos=44,17 flags=0
party=2 HP=30/30,26/26 battle=0 battlers=0 outcome=0 PP=0,0 trial=0 donut-ability=0
persistent PP=8,2 status=0,0
growth level/xp/item=8/399/0,8/709/0 stats maxHP/attack,maxHP/magic=30/20,26/13 foesHP=0,0
pattern trainer=0 turn=0 foePP=0,0 foeAtkDef=0,0 CarlAtk=0 foeLevel=0
support PP=0,0 Carl-defense=0 enemy-attack=0,0
party action uses=8,40 / 2,40
PASS expect 35 0 44 17 0
frame=25304 map=35.0 pos=45,17 flags=0
party=2 HP=30/30,26/26 battle=0 battlers=0 outcome=0 PP=0,0 trial=0 donut-ability=0
persistent PP=8,2 status=0,0
growth level/xp/item=8/399/0,8/709/0 stats maxHP/attack,maxHP/magic=30/20,26/13 foesHP=0,0
pattern trainer=0 turn=0 foePP=0,0 foeAtkDef=0,0 CarlAtk=0 foeLevel=0
support PP=0,0 Carl-defense=0 enemy-attack=0,0
party action uses=8,40 / 2,40
frame=25344 map=35.2 pos=4,3 flags=0
party=2 HP=30/30,26/26 battle=0 battlers=0 outcome=0 PP=0,0 trial=0 donut-ability=0
persistent PP=8,2 status=0,0
growth level/xp/item=8/399/0,8/709/0 stats maxHP/attack,maxHP/magic=30/20,26/13 foesHP=0,0
pattern trainer=0 turn=0 foePP=0,0 foeAtkDef=0,0 CarlAtk=0 foeLevel=0
support PP=0,0 Carl-defense=0 enemy-attack=0,0
party action uses=8,40 / 2,40
frame=25644 map=35.2 pos=4,3 flags=0
party=2 HP=30/30,26/26 battle=0 battlers=0 outcome=0 PP=0,0 trial=0 donut-ability=0
persistent PP=8,2 status=0,0
growth level/xp/item=8/399/0,8/709/0 stats maxHP/attack,maxHP/magic=30/20,26/13 foesHP=0,0
pattern trainer=0 turn=0 foePP=0,0 foeAtkDef=0,0 CarlAtk=0 foeLevel=0
support PP=0,0 Carl-defense=0 enemy-attack=0,0
party action uses=8,40 / 2,40
frame=25644 map=35.2 pos=4,3 flags=0
party=2 HP=30/30,26/26 battle=0 battlers=0 outcome=0 PP=0,0 trial=0 donut-ability=0
persistent PP=8,2 status=0,0
growth level/xp/item=8/399/0,8/709/0 stats maxHP/attack,maxHP/magic=30/20,26/13 foesHP=0,0
pattern trainer=0 turn=0 foePP=0,0 foeAtkDef=0,0 CarlAtk=0 foeLevel=0
support PP=0,0 Carl-defense=0 enemy-attack=0,0
party action uses=8,40 / 2,40
PASS expect 35 2 4 3 0
frame=25664 map=35.2 pos=4,4 flags=0
party=2 HP=30/30,26/26 battle=0 battlers=0 outcome=0 PP=0,0 trial=0 donut-ability=0
persistent PP=8,2 status=0,0
growth level/xp/item=8/399/0,8/709/0 stats maxHP/attack,maxHP/magic=30/20,26/13 foesHP=0,0
pattern trainer=0 turn=0 foePP=0,0 foeAtkDef=0,0 CarlAtk=0 foeLevel=0
support PP=0,0 Carl-defense=0 enemy-attack=0,0
party action uses=8,40 / 2,40
frame=25704 map=35.2 pos=4,4 flags=0
party=2 HP=30/30,26/26 battle=0 battlers=0 outcome=0 PP=0,0 trial=0 donut-ability=0
persistent PP=8,2 status=0,0
growth level/xp/item=8/399/0,8/709/0 stats maxHP/attack,maxHP/magic=30/20,26/13 foesHP=0,0
pattern trainer=0 turn=0 foePP=0,0 foeAtkDef=0,0 CarlAtk=0 foeLevel=0
support PP=0,0 Carl-defense=0 enemy-attack=0,0
party action uses=8,40 / 2,40
frame=25704 map=35.2 pos=4,4 flags=0
party=2 HP=30/30,26/26 battle=0 battlers=0 outcome=0 PP=0,0 trial=0 donut-ability=0
persistent PP=8,2 status=0,0
growth level/xp/item=8/399/0,8/709/0 stats maxHP/attack,maxHP/magic=30/20,26/13 foesHP=0,0
pattern trainer=0 turn=0 foePP=0,0 foeAtkDef=0,0 CarlAtk=0 foeLevel=0
support PP=0,0 Carl-defense=0 enemy-attack=0,0
party action uses=8,40 / 2,40
PASS expect 35 2 4 4 0
frame=25740 map=35.2 pos=2,4 flags=0
party=2 HP=30/30,26/26 battle=0 battlers=0 outcome=0 PP=0,0 trial=0 donut-ability=0
persistent PP=8,2 status=0,0
growth level/xp/item=8/399/0,8/709/0 stats maxHP/attack,maxHP/magic=30/20,26/13 foesHP=0,0
pattern trainer=0 turn=0 foePP=0,0 foeAtkDef=0,0 CarlAtk=0 foeLevel=0
support PP=0,0 Carl-defense=0 enemy-attack=0,0
party action uses=8,40 / 2,40
frame=25780 map=35.2 pos=2,4 flags=0
party=2 HP=30/30,26/26 battle=0 battlers=0 outcome=0 PP=0,0 trial=0 donut-ability=0
persistent PP=8,2 status=0,0
growth level/xp/item=8/399/0,8/709/0 stats maxHP/attack,maxHP/magic=30/20,26/13 foesHP=0,0
pattern trainer=0 turn=0 foePP=0,0 foeAtkDef=0,0 CarlAtk=0 foeLevel=0
support PP=0,0 Carl-defense=0 enemy-attack=0,0
party action uses=8,40 / 2,40
frame=25780 map=35.2 pos=2,4 flags=0
party=2 HP=30/30,26/26 battle=0 battlers=0 outcome=0 PP=0,0 trial=0 donut-ability=0
persistent PP=8,2 status=0,0
growth level/xp/item=8/399/0,8/709/0 stats maxHP/attack,maxHP/magic=30/20,26/13 foesHP=0,0
pattern trainer=0 turn=0 foePP=0,0 foeAtkDef=0,0 CarlAtk=0 foeLevel=0
support PP=0,0 Carl-defense=0 enemy-attack=0,0
party action uses=8,40 / 2,40
PASS expect 35 2 2 4 0
frame=25848 map=35.2 pos=6,4 flags=0
party=2 HP=30/30,26/26 battle=0 battlers=0 outcome=0 PP=0,0 trial=0 donut-ability=0
persistent PP=8,2 status=0,0
growth level/xp/item=8/399/0,8/709/0 stats maxHP/attack,maxHP/magic=30/20,26/13 foesHP=0,0
pattern trainer=0 turn=0 foePP=0,0 foeAtkDef=0,0 CarlAtk=0 foeLevel=0
support PP=0,0 Carl-defense=0 enemy-attack=0,0
party action uses=8,40 / 2,40
frame=25888 map=35.2 pos=6,4 flags=0
party=2 HP=30/30,26/26 battle=0 battlers=0 outcome=0 PP=0,0 trial=0 donut-ability=0
persistent PP=8,2 status=0,0
growth level/xp/item=8/399/0,8/709/0 stats maxHP/attack,maxHP/magic=30/20,26/13 foesHP=0,0
pattern trainer=0 turn=0 foePP=0,0 foeAtkDef=0,0 CarlAtk=0 foeLevel=0
support PP=0,0 Carl-defense=0 enemy-attack=0,0
party action uses=8,40 / 2,40
frame=25888 map=35.2 pos=6,4 flags=0
party=2 HP=30/30,26/26 battle=0 battlers=0 outcome=0 PP=0,0 trial=0 donut-ability=0
persistent PP=8,2 status=0,0
growth level/xp/item=8/399/0,8/709/0 stats maxHP/attack,maxHP/magic=30/20,26/13 foesHP=0,0
pattern trainer=0 turn=0 foePP=0,0 foeAtkDef=0,0 CarlAtk=0 foeLevel=0
support PP=0,0 Carl-defense=0 enemy-attack=0,0
party action uses=8,40 / 2,40
PASS expect 35 2 6 4 0
frame=25928 map=35.2 pos=6,4 flags=0
party=2 HP=30/30,26/26 battle=0 battlers=0 outcome=0 PP=0,0 trial=0 donut-ability=0
persistent PP=8,2 status=0,0
growth level/xp/item=8/399/0,8/709/0 stats maxHP/attack,maxHP/magic=30/20,26/13 foesHP=0,0
pattern trainer=0 turn=0 foePP=0,0 foeAtkDef=0,0 CarlAtk=0 foeLevel=0
support PP=0,0 Carl-defense=0 enemy-attack=0,0
party action uses=8,40 / 2,40
frame=25996 map=35.2 pos=2,4 flags=0
party=2 HP=30/30,26/26 battle=0 battlers=0 outcome=0 PP=0,0 trial=0 donut-ability=0
persistent PP=8,2 status=0,0
growth level/xp/item=8/399/0,8/709/0 stats maxHP/attack,maxHP/magic=30/20,26/13 foesHP=0,0
pattern trainer=0 turn=0 foePP=0,0 foeAtkDef=0,0 CarlAtk=0 foeLevel=0
support PP=0,0 Carl-defense=0 enemy-attack=0,0
party action uses=8,40 / 2,40
frame=26036 map=35.2 pos=2,4 flags=0
party=2 HP=30/30,26/26 battle=0 battlers=0 outcome=0 PP=0,0 trial=0 donut-ability=0
persistent PP=8,2 status=0,0
growth level/xp/item=8/399/0,8/709/0 stats maxHP/attack,maxHP/magic=30/20,26/13 foesHP=0,0
pattern trainer=0 turn=0 foePP=0,0 foeAtkDef=0,0 CarlAtk=0 foeLevel=0
support PP=0,0 Carl-defense=0 enemy-attack=0,0
party action uses=8,40 / 2,40
frame=26036 map=35.2 pos=2,4 flags=0
party=2 HP=30/30,26/26 battle=0 battlers=0 outcome=0 PP=0,0 trial=0 donut-ability=0
persistent PP=8,2 status=0,0
growth level/xp/item=8/399/0,8/709/0 stats maxHP/attack,maxHP/magic=30/20,26/13 foesHP=0,0
pattern trainer=0 turn=0 foePP=0,0 foeAtkDef=0,0 CarlAtk=0 foeLevel=0
support PP=0,0 Carl-defense=0 enemy-attack=0,0
party action uses=8,40 / 2,40
PASS expect 35 2 2 4 0
frame=26072 map=35.2 pos=2,2 flags=0
party=2 HP=30/30,26/26 battle=0 battlers=0 outcome=0 PP=0,0 trial=0 donut-ability=0
persistent PP=8,2 status=0,0
growth level/xp/item=8/399/0,8/709/0 stats maxHP/attack,maxHP/magic=30/20,26/13 foesHP=0,0
pattern trainer=0 turn=0 foePP=0,0 foeAtkDef=0,0 CarlAtk=0 foeLevel=0
support PP=0,0 Carl-defense=0 enemy-attack=0,0
party action uses=8,40 / 2,40
frame=26112 map=35.2 pos=2,2 flags=0
party=2 HP=30/30,26/26 battle=0 battlers=0 outcome=0 PP=0,0 trial=0 donut-ability=0
persistent PP=8,2 status=0,0
growth level/xp/item=8/399/0,8/709/0 stats maxHP/attack,maxHP/magic=30/20,26/13 foesHP=0,0
pattern trainer=0 turn=0 foePP=0,0 foeAtkDef=0,0 CarlAtk=0 foeLevel=0
support PP=0,0 Carl-defense=0 enemy-attack=0,0
party action uses=8,40 / 2,40
frame=26112 map=35.2 pos=2,2 flags=0
party=2 HP=30/30,26/26 battle=0 battlers=0 outcome=0 PP=0,0 trial=0 donut-ability=0
persistent PP=8,2 status=0,0
growth level/xp/item=8/399/0,8/709/0 stats maxHP/attack,maxHP/magic=30/20,26/13 foesHP=0,0
pattern trainer=0 turn=0 foePP=0,0 foeAtkDef=0,0 CarlAtk=0 foeLevel=0
support PP=0,0 Carl-defense=0 enemy-attack=0,0
party action uses=8,40 / 2,40
PASS expect 35 2 2 2 0
frame=26196 map=35.2 pos=7,2 flags=0
party=2 HP=30/30,26/26 battle=0 battlers=0 outcome=0 PP=0,0 trial=0 donut-ability=0
persistent PP=8,2 status=0,0
growth level/xp/item=8/399/0,8/709/0 stats maxHP/attack,maxHP/magic=30/20,26/13 foesHP=0,0
pattern trainer=0 turn=0 foePP=0,0 foeAtkDef=0,0 CarlAtk=0 foeLevel=0
support PP=0,0 Carl-defense=0 enemy-attack=0,0
party action uses=8,40 / 2,40
frame=26236 map=35.2 pos=7,2 flags=0
party=2 HP=30/30,26/26 battle=0 battlers=0 outcome=0 PP=0,0 trial=0 donut-ability=0
persistent PP=8,2 status=0,0
growth level/xp/item=8/399/0,8/709/0 stats maxHP/attack,maxHP/magic=30/20,26/13 foesHP=0,0
pattern trainer=0 turn=0 foePP=0,0 foeAtkDef=0,0 CarlAtk=0 foeLevel=0
support PP=0,0 Carl-defense=0 enemy-attack=0,0
party action uses=8,40 / 2,40
frame=26236 map=35.2 pos=7,2 flags=0
party=2 HP=30/30,26/26 battle=0 battlers=0 outcome=0 PP=0,0 trial=0 donut-ability=0
persistent PP=8,2 status=0,0
growth level/xp/item=8/399/0,8/709/0 stats maxHP/attack,maxHP/magic=30/20,26/13 foesHP=0,0
pattern trainer=0 turn=0 foePP=0,0 foeAtkDef=0,0 CarlAtk=0 foeLevel=0
support PP=0,0 Carl-defense=0 enemy-attack=0,0
party action uses=8,40 / 2,40
PASS expect 35 2 7 2 0
frame=26320 map=35.2 pos=7,7 flags=0
party=2 HP=30/30,26/26 battle=0 battlers=0 outcome=0 PP=0,0 trial=0 donut-ability=0
persistent PP=8,2 status=0,0
growth level/xp/item=8/399/0,8/709/0 stats maxHP/attack,maxHP/magic=30/20,26/13 foesHP=0,0
pattern trainer=0 turn=0 foePP=0,0 foeAtkDef=0,0 CarlAtk=0 foeLevel=0
support PP=0,0 Carl-defense=0 enemy-attack=0,0
party action uses=8,40 / 2,40
frame=26360 map=35.2 pos=7,7 flags=0
party=2 HP=30/30,26/26 battle=0 battlers=0 outcome=0 PP=0,0 trial=0 donut-ability=0
persistent PP=8,2 status=0,0
growth level/xp/item=8/399/0,8/709/0 stats maxHP/attack,maxHP/magic=30/20,26/13 foesHP=0,0
pattern trainer=0 turn=0 foePP=0,0 foeAtkDef=0,0 CarlAtk=0 foeLevel=0
support PP=0,0 Carl-defense=0 enemy-attack=0,0
party action uses=8,40 / 2,40
frame=26360 map=35.2 pos=7,7 flags=0
party=2 HP=30/30,26/26 battle=0 battlers=0 outcome=0 PP=0,0 trial=0 donut-ability=0
persistent PP=8,2 status=0,0
growth level/xp/item=8/399/0,8/709/0 stats maxHP/attack,maxHP/magic=30/20,26/13 foesHP=0,0
pattern trainer=0 turn=0 foePP=0,0 foeAtkDef=0,0 CarlAtk=0 foeLevel=0
support PP=0,0 Carl-defense=0 enemy-attack=0,0
party action uses=8,40 / 2,40
PASS expect 35 2 7 7 0
frame=26400 map=35.2 pos=7,7 flags=0
party=2 HP=30/30,26/26 battle=0 battlers=0 outcome=0 PP=0,0 trial=0 donut-ability=0
persistent PP=8,2 status=0,0
growth level/xp/item=8/399/0,8/709/0 stats maxHP/attack,maxHP/magic=30/20,26/13 foesHP=0,0
pattern trainer=0 turn=0 foePP=0,0 foeAtkDef=0,0 CarlAtk=0 foeLevel=0
support PP=0,0 Carl-defense=0 enemy-attack=0,0
party action uses=8,40 / 2,40
frame=26484 map=35.2 pos=7,2 flags=0
party=2 HP=30/30,26/26 battle=0 battlers=0 outcome=0 PP=0,0 trial=0 donut-ability=0
persistent PP=8,2 status=0,0
growth level/xp/item=8/399/0,8/709/0 stats maxHP/attack,maxHP/magic=30/20,26/13 foesHP=0,0
pattern trainer=0 turn=0 foePP=0,0 foeAtkDef=0,0 CarlAtk=0 foeLevel=0
support PP=0,0 Carl-defense=0 enemy-attack=0,0
party action uses=8,40 / 2,40
frame=26524 map=35.2 pos=7,2 flags=0
party=2 HP=30/30,26/26 battle=0 battlers=0 outcome=0 PP=0,0 trial=0 donut-ability=0
persistent PP=8,2 status=0,0
growth level/xp/item=8/399/0,8/709/0 stats maxHP/attack,maxHP/magic=30/20,26/13 foesHP=0,0
pattern trainer=0 turn=0 foePP=0,0 foeAtkDef=0,0 CarlAtk=0 foeLevel=0
support PP=0,0 Carl-defense=0 enemy-attack=0,0
party action uses=8,40 / 2,40
frame=26524 map=35.2 pos=7,2 flags=0
party=2 HP=30/30,26/26 battle=0 battlers=0 outcome=0 PP=0,0 trial=0 donut-ability=0
persistent PP=8,2 status=0,0
growth level/xp/item=8/399/0,8/709/0 stats maxHP/attack,maxHP/magic=30/20,26/13 foesHP=0,0
pattern trainer=0 turn=0 foePP=0,0 foeAtkDef=0,0 CarlAtk=0 foeLevel=0
support PP=0,0 Carl-defense=0 enemy-attack=0,0
party action uses=8,40 / 2,40
PASS expect 35 2 7 2 0
frame=26544 map=35.2 pos=8,2 flags=0
party=2 HP=30/30,26/26 battle=0 battlers=0 outcome=0 PP=0,0 trial=0 donut-ability=0
persistent PP=8,2 status=0,0
growth level/xp/item=8/399/0,8/709/0 stats maxHP/attack,maxHP/magic=30/20,26/13 foesHP=0,0
pattern trainer=0 turn=0 foePP=0,0 foeAtkDef=0,0 CarlAtk=0 foeLevel=0
support PP=0,0 Carl-defense=0 enemy-attack=0,0
party action uses=8,40 / 2,40
frame=26584 map=35.2 pos=8,2 flags=0
party=2 HP=30/30,26/26 battle=0 battlers=0 outcome=0 PP=0,0 trial=0 donut-ability=0
persistent PP=8,2 status=0,0
growth level/xp/item=8/399/0,8/709/0 stats maxHP/attack,maxHP/magic=30/20,26/13 foesHP=0,0
pattern trainer=0 turn=0 foePP=0,0 foeAtkDef=0,0 CarlAtk=0 foeLevel=0
support PP=0,0 Carl-defense=0 enemy-attack=0,0
party action uses=8,40 / 2,40
frame=26584 map=35.2 pos=8,2 flags=0
party=2 HP=30/30,26/26 battle=0 battlers=0 outcome=0 PP=0,0 trial=0 donut-ability=0
persistent PP=8,2 status=0,0
growth level/xp/item=8/399/0,8/709/0 stats maxHP/attack,maxHP/magic=30/20,26/13 foesHP=0,0
pattern trainer=0 turn=0 foePP=0,0 foeAtkDef=0,0 CarlAtk=0 foeLevel=0
support PP=0,0 Carl-defense=0 enemy-attack=0,0
party action uses=8,40 / 2,40
PASS expect 35 2 8 2 0
frame=26668 map=35.2 pos=8,7 flags=0
party=2 HP=30/30,26/26 battle=0 battlers=0 outcome=0 PP=0,0 trial=0 donut-ability=0
persistent PP=8,2 status=0,0
growth level/xp/item=8/399/0,8/709/0 stats maxHP/attack,maxHP/magic=30/20,26/13 foesHP=0,0
pattern trainer=0 turn=0 foePP=0,0 foeAtkDef=0,0 CarlAtk=0 foeLevel=0
support PP=0,0 Carl-defense=0 enemy-attack=0,0
party action uses=8,40 / 2,40
frame=26708 map=35.2 pos=8,7 flags=0
party=2 HP=30/30,26/26 battle=0 battlers=0 outcome=0 PP=0,0 trial=0 donut-ability=0
persistent PP=8,2 status=0,0
growth level/xp/item=8/399/0,8/709/0 stats maxHP/attack,maxHP/magic=30/20,26/13 foesHP=0,0
pattern trainer=0 turn=0 foePP=0,0 foeAtkDef=0,0 CarlAtk=0 foeLevel=0
support PP=0,0 Carl-defense=0 enemy-attack=0,0
party action uses=8,40 / 2,40
frame=26708 map=35.2 pos=8,7 flags=0
party=2 HP=30/30,26/26 battle=0 battlers=0 outcome=0 PP=0,0 trial=0 donut-ability=0
persistent PP=8,2 status=0,0
growth level/xp/item=8/399/0,8/709/0 stats maxHP/attack,maxHP/magic=30/20,26/13 foesHP=0,0
pattern trainer=0 turn=0 foePP=0,0 foeAtkDef=0,0 CarlAtk=0 foeLevel=0
support PP=0,0 Carl-defense=0 enemy-attack=0,0
party action uses=8,40 / 2,40
PASS expect 35 2 8 7 0
frame=26856 map=35.2 pos=8,7 flags=0
party=2 HP=30/30,26/26 battle=0 battlers=0 outcome=0 PP=0,0 trial=0 donut-ability=0
persistent PP=8,2 status=0,0
growth level/xp/item=8/399/0,8/709/0 stats maxHP/attack,maxHP/magic=30/20,26/13 foesHP=0,0
pattern trainer=0 turn=0 foePP=0,0 foeAtkDef=0,0 CarlAtk=0 foeLevel=0
support PP=0,0 Carl-defense=0 enemy-attack=0,0
party action uses=8,40 / 2,40
frame=26896 map=35.2 pos=8,7 flags=0
party=2 HP=30/30,26/26 battle=0 battlers=0 outcome=0 PP=0,0 trial=0 donut-ability=0
persistent PP=8,2 status=0,0
growth level/xp/item=8/399/0,8/709/0 stats maxHP/attack,maxHP/magic=30/20,26/13 foesHP=0,0
pattern trainer=0 turn=0 foePP=0,0 foeAtkDef=0,0 CarlAtk=0 foeLevel=0
support PP=0,0 Carl-defense=0 enemy-attack=0,0
party action uses=8,40 / 2,40
frame=26896 map=35.2 pos=8,7 flags=0
party=2 HP=30/30,26/26 battle=0 battlers=0 outcome=0 PP=0,0 trial=0 donut-ability=0
persistent PP=8,2 status=0,0
growth level/xp/item=8/399/0,8/709/0 stats maxHP/attack,maxHP/magic=30/20,26/13 foesHP=0,0
pattern trainer=0 turn=0 foePP=0,0 foeAtkDef=0,0 CarlAtk=0 foeLevel=0
support PP=0,0 Carl-defense=0 enemy-attack=0,0
party action uses=8,40 / 2,40
PASS expect 35 2 8 7 0
frame=26964 map=35.2 pos=8,3 flags=0
party=2 HP=30/30,26/26 battle=0 battlers=0 outcome=0 PP=0,0 trial=0 donut-ability=0
persistent PP=8,2 status=0,0
growth level/xp/item=8/399/0,8/709/0 stats maxHP/attack,maxHP/magic=30/20,26/13 foesHP=0,0
pattern trainer=0 turn=0 foePP=0,0 foeAtkDef=0,0 CarlAtk=0 foeLevel=0
support PP=0,0 Carl-defense=0 enemy-attack=0,0
party action uses=8,40 / 2,40
frame=27004 map=35.2 pos=8,3 flags=0
party=2 HP=30/30,26/26 battle=0 battlers=0 outcome=0 PP=0,0 trial=0 donut-ability=0
persistent PP=8,2 status=0,0
growth level/xp/item=8/399/0,8/709/0 stats maxHP/attack,maxHP/magic=30/20,26/13 foesHP=0,0
pattern trainer=0 turn=0 foePP=0,0 foeAtkDef=0,0 CarlAtk=0 foeLevel=0
support PP=0,0 Carl-defense=0 enemy-attack=0,0
party action uses=8,40 / 2,40
frame=27004 map=35.2 pos=8,3 flags=0
party=2 HP=30/30,26/26 battle=0 battlers=0 outcome=0 PP=0,0 trial=0 donut-ability=0
persistent PP=8,2 status=0,0
growth level/xp/item=8/399/0,8/709/0 stats maxHP/attack,maxHP/magic=30/20,26/13 foesHP=0,0
pattern trainer=0 turn=0 foePP=0,0 foeAtkDef=0,0 CarlAtk=0 foeLevel=0
support PP=0,0 Carl-defense=0 enemy-attack=0,0
party action uses=8,40 / 2,40
PASS expect 35 2 8 3 0
frame=27072 map=35.2 pos=4,3 flags=0
party=2 HP=30/30,26/26 battle=0 battlers=0 outcome=0 PP=0,0 trial=0 donut-ability=0
persistent PP=8,2 status=0,0
growth level/xp/item=8/399/0,8/709/0 stats maxHP/attack,maxHP/magic=30/20,26/13 foesHP=0,0
pattern trainer=0 turn=0 foePP=0,0 foeAtkDef=0,0 CarlAtk=0 foeLevel=0
support PP=0,0 Carl-defense=0 enemy-attack=0,0
party action uses=8,40 / 2,40
frame=27112 map=35.0 pos=45,17 flags=0
party=2 HP=30/30,26/26 battle=0 battlers=0 outcome=0 PP=0,0 trial=0 donut-ability=0
persistent PP=8,2 status=0,0
growth level/xp/item=8/399/0,8/709/0 stats maxHP/attack,maxHP/magic=30/20,26/13 foesHP=0,0
pattern trainer=0 turn=0 foePP=0,0 foeAtkDef=0,0 CarlAtk=0 foeLevel=0
support PP=0,0 Carl-defense=0 enemy-attack=0,0
party action uses=8,40 / 2,40
frame=27412 map=35.0 pos=45,17 flags=0
party=2 HP=30/30,26/26 battle=0 battlers=0 outcome=0 PP=0,0 trial=0 donut-ability=0
persistent PP=8,2 status=0,0
growth level/xp/item=8/399/0,8/709/0 stats maxHP/attack,maxHP/magic=30/20,26/13 foesHP=0,0
pattern trainer=0 turn=0 foePP=0,0 foeAtkDef=0,0 CarlAtk=0 foeLevel=0
support PP=0,0 Carl-defense=0 enemy-attack=0,0
party action uses=8,40 / 2,40
frame=27412 map=35.0 pos=45,17 flags=0
party=2 HP=30/30,26/26 battle=0 battlers=0 outcome=0 PP=0,0 trial=0 donut-ability=0
persistent PP=8,2 status=0,0
growth level/xp/item=8/399/0,8/709/0 stats maxHP/attack,maxHP/magic=30/20,26/13 foesHP=0,0
pattern trainer=0 turn=0 foePP=0,0 foeAtkDef=0,0 CarlAtk=0 foeLevel=0
support PP=0,0 Carl-defense=0 enemy-attack=0,0
party action uses=8,40 / 2,40
PASS expect 35 0 45 17 0
frame=27576 map=35.0 pos=45,27 flags=0
party=2 HP=30/30,26/26 battle=0 battlers=0 outcome=0 PP=0,0 trial=0 donut-ability=0
persistent PP=8,2 status=0,0
growth level/xp/item=8/399/0,8/709/0 stats maxHP/attack,maxHP/magic=30/20,26/13 foesHP=0,0
pattern trainer=0 turn=0 foePP=0,0 foeAtkDef=0,0 CarlAtk=0 foeLevel=0
support PP=0,0 Carl-defense=0 enemy-attack=0,0
party action uses=8,40 / 2,40
frame=27616 map=35.0 pos=45,27 flags=0
party=2 HP=30/30,26/26 battle=0 battlers=0 outcome=0 PP=0,0 trial=0 donut-ability=0
persistent PP=8,2 status=0,0
growth level/xp/item=8/399/0,8/709/0 stats maxHP/attack,maxHP/magic=30/20,26/13 foesHP=0,0
pattern trainer=0 turn=0 foePP=0,0 foeAtkDef=0,0 CarlAtk=0 foeLevel=0
support PP=0,0 Carl-defense=0 enemy-attack=0,0
party action uses=8,40 / 2,40
frame=27616 map=35.0 pos=45,27 flags=0
party=2 HP=30/30,26/26 battle=0 battlers=0 outcome=0 PP=0,0 trial=0 donut-ability=0
persistent PP=8,2 status=0,0
growth level/xp/item=8/399/0,8/709/0 stats maxHP/attack,maxHP/magic=30/20,26/13 foesHP=0,0
pattern trainer=0 turn=0 foePP=0,0 foeAtkDef=0,0 CarlAtk=0 foeLevel=0
support PP=0,0 Carl-defense=0 enemy-attack=0,0
party action uses=8,40 / 2,40
PASS expect 35 0 45 27 0
frame=27764 map=35.0 pos=36,27 flags=0
party=2 HP=30/30,26/26 battle=0 battlers=0 outcome=0 PP=0,0 trial=0 donut-ability=0
persistent PP=8,2 status=0,0
growth level/xp/item=8/399/0,8/709/0 stats maxHP/attack,maxHP/magic=30/20,26/13 foesHP=0,0
pattern trainer=0 turn=0 foePP=0,0 foeAtkDef=0,0 CarlAtk=0 foeLevel=0
support PP=0,0 Carl-defense=0 enemy-attack=0,0
party action uses=8,40 / 2,40
frame=27804 map=35.0 pos=36,27 flags=0
party=2 HP=30/30,26/26 battle=0 battlers=0 outcome=0 PP=0,0 trial=0 donut-ability=0
persistent PP=8,2 status=0,0
growth level/xp/item=8/399/0,8/709/0 stats maxHP/attack,maxHP/magic=30/20,26/13 foesHP=0,0
pattern trainer=0 turn=0 foePP=0,0 foeAtkDef=0,0 CarlAtk=0 foeLevel=0
support PP=0,0 Carl-defense=0 enemy-attack=0,0
party action uses=8,40 / 2,40
frame=27804 map=35.0 pos=36,27 flags=0
party=2 HP=30/30,26/26 battle=0 battlers=0 outcome=0 PP=0,0 trial=0 donut-ability=0
persistent PP=8,2 status=0,0
growth level/xp/item=8/399/0,8/709/0 stats maxHP/attack,maxHP/magic=30/20,26/13 foesHP=0,0
pattern trainer=0 turn=0 foePP=0,0 foeAtkDef=0,0 CarlAtk=0 foeLevel=0
support PP=0,0 Carl-defense=0 enemy-attack=0,0
party action uses=8,40 / 2,40
PASS expect 35 0 36 27 0
frame=27824 map=35.0 pos=36,26 flags=0
party=2 HP=30/30,26/26 battle=0 battlers=0 outcome=0 PP=0,0 trial=0 donut-ability=0
persistent PP=8,2 status=0,0
growth level/xp/item=8/399/0,8/709/0 stats maxHP/attack,maxHP/magic=30/20,26/13 foesHP=0,0
pattern trainer=0 turn=0 foePP=0,0 foeAtkDef=0,0 CarlAtk=0 foeLevel=0
support PP=0,0 Carl-defense=0 enemy-attack=0,0
party action uses=8,40 / 2,40
frame=27864 map=35.0 pos=36,26 flags=0
party=2 HP=30/30,26/26 battle=0 battlers=0 outcome=0 PP=0,0 trial=0 donut-ability=0
persistent PP=8,2 status=0,0
growth level/xp/item=8/399/0,8/709/0 stats maxHP/attack,maxHP/magic=30/20,26/13 foesHP=0,0
pattern trainer=0 turn=0 foePP=0,0 foeAtkDef=0,0 CarlAtk=0 foeLevel=0
support PP=0,0 Carl-defense=0 enemy-attack=0,0
party action uses=8,40 / 2,40
frame=27864 map=35.0 pos=36,26 flags=0
party=2 HP=30/30,26/26 battle=0 battlers=0 outcome=0 PP=0,0 trial=0 donut-ability=0
persistent PP=8,2 status=0,0
growth level/xp/item=8/399/0,8/709/0 stats maxHP/attack,maxHP/magic=30/20,26/13 foesHP=0,0
pattern trainer=0 turn=0 foePP=0,0 foeAtkDef=0,0 CarlAtk=0 foeLevel=0
support PP=0,0 Carl-defense=0 enemy-attack=0,0
party action uses=8,40 / 2,40
PASS expect 35 0 36 26 0
frame=27900 map=35.0 pos=34,26 flags=0
party=2 HP=30/30,26/26 battle=0 battlers=0 outcome=0 PP=0,0 trial=0 donut-ability=0
persistent PP=8,2 status=0,0
growth level/xp/item=8/399/0,8/709/0 stats maxHP/attack,maxHP/magic=30/20,26/13 foesHP=0,0
pattern trainer=0 turn=0 foePP=0,0 foeAtkDef=0,0 CarlAtk=0 foeLevel=0
support PP=0,0 Carl-defense=0 enemy-attack=0,0
party action uses=8,40 / 2,40
frame=27940 map=35.0 pos=34,26 flags=0
party=2 HP=30/30,26/26 battle=0 battlers=0 outcome=0 PP=0,0 trial=0 donut-ability=0
persistent PP=8,2 status=0,0
growth level/xp/item=8/399/0,8/709/0 stats maxHP/attack,maxHP/magic=30/20,26/13 foesHP=0,0
pattern trainer=0 turn=0 foePP=0,0 foeAtkDef=0,0 CarlAtk=0 foeLevel=0
support PP=0,0 Carl-defense=0 enemy-attack=0,0
party action uses=8,40 / 2,40
frame=27940 map=35.0 pos=34,26 flags=0
party=2 HP=30/30,26/26 battle=0 battlers=0 outcome=0 PP=0,0 trial=0 donut-ability=0
persistent PP=8,2 status=0,0
growth level/xp/item=8/399/0,8/709/0 stats maxHP/attack,maxHP/magic=30/20,26/13 foesHP=0,0
pattern trainer=0 turn=0 foePP=0,0 foeAtkDef=0,0 CarlAtk=0 foeLevel=0
support PP=0,0 Carl-defense=0 enemy-attack=0,0
party action uses=8,40 / 2,40
PASS expect 35 0 34 26 0
frame=27976 map=35.0 pos=34,24 flags=0
party=2 HP=30/30,26/26 battle=0 battlers=0 outcome=0 PP=0,0 trial=0 donut-ability=0
persistent PP=8,2 status=0,0
growth level/xp/item=8/399/0,8/709/0 stats maxHP/attack,maxHP/magic=30/20,26/13 foesHP=0,0
pattern trainer=0 turn=0 foePP=0,0 foeAtkDef=0,0 CarlAtk=0 foeLevel=0
support PP=0,0 Carl-defense=0 enemy-attack=0,0
party action uses=8,40 / 2,40
frame=28016 map=35.0 pos=34,24 flags=0
party=2 HP=30/30,26/26 battle=0 battlers=0 outcome=0 PP=0,0 trial=0 donut-ability=0
persistent PP=8,2 status=0,0
growth level/xp/item=8/399/0,8/709/0 stats maxHP/attack,maxHP/magic=30/20,26/13 foesHP=0,0
pattern trainer=0 turn=0 foePP=0,0 foeAtkDef=0,0 CarlAtk=0 foeLevel=0
support PP=0,0 Carl-defense=0 enemy-attack=0,0
party action uses=8,40 / 2,40
frame=28016 map=35.0 pos=34,24 flags=0
party=2 HP=30/30,26/26 battle=0 battlers=0 outcome=0 PP=0,0 trial=0 donut-ability=0
persistent PP=8,2 status=0,0
growth level/xp/item=8/399/0,8/709/0 stats maxHP/attack,maxHP/magic=30/20,26/13 foesHP=0,0
pattern trainer=0 turn=0 foePP=0,0 foeAtkDef=0,0 CarlAtk=0 foeLevel=0
support PP=0,0 Carl-defense=0 enemy-attack=0,0
party action uses=8,40 / 2,40
PASS expect 35 0 34 24 0
frame=28084 map=35.0 pos=30,24 flags=0
party=2 HP=30/30,26/26 battle=0 battlers=0 outcome=0 PP=0,0 trial=0 donut-ability=0
persistent PP=8,2 status=0,0
growth level/xp/item=8/399/0,8/709/0 stats maxHP/attack,maxHP/magic=30/20,26/13 foesHP=0,0
pattern trainer=0 turn=0 foePP=0,0 foeAtkDef=0,0 CarlAtk=0 foeLevel=0
support PP=0,0 Carl-defense=0 enemy-attack=0,0
party action uses=8,40 / 2,40
frame=28124 map=35.0 pos=30,24 flags=0
party=2 HP=30/30,26/26 battle=0 battlers=0 outcome=0 PP=0,0 trial=0 donut-ability=0
persistent PP=8,2 status=0,0
growth level/xp/item=8/399/0,8/709/0 stats maxHP/attack,maxHP/magic=30/20,26/13 foesHP=0,0
pattern trainer=0 turn=0 foePP=0,0 foeAtkDef=0,0 CarlAtk=0 foeLevel=0
support PP=0,0 Carl-defense=0 enemy-attack=0,0
party action uses=8,40 / 2,40
frame=28124 map=35.0 pos=30,24 flags=0
party=2 HP=30/30,26/26 battle=0 battlers=0 outcome=0 PP=0,0 trial=0 donut-ability=0
persistent PP=8,2 status=0,0
growth level/xp/item=8/399/0,8/709/0 stats maxHP/attack,maxHP/magic=30/20,26/13 foesHP=0,0
pattern trainer=0 turn=0 foePP=0,0 foeAtkDef=0,0 CarlAtk=0 foeLevel=0
support PP=0,0 Carl-defense=0 enemy-attack=0,0
party action uses=8,40 / 2,40
PASS expect 35 0 30 24 0
frame=28124 map=35.0 pos=30,24 flags=0
party=2 HP=30/30,26/26 battle=0 battlers=0 outcome=0 PP=0,0 trial=0 donut-ability=0
persistent PP=8,2 status=0,0
growth level/xp/item=8/399/0,8/709/0 stats maxHP/attack,maxHP/magic=30/20,26/13 foesHP=0,0
pattern trainer=0 turn=0 foePP=0,0 foeAtkDef=0,0 CarlAtk=0 foeLevel=0
support PP=0,0 Carl-defense=0 enemy-attack=0,0
party action uses=8,40 / 2,40
PASS duo healthy
frame=28124 map=35.0 pos=30,24 flags=0
party=2 HP=30/30,26/26 battle=0 battlers=0 outcome=0 PP=0,0 trial=0 donut-ability=0
persistent PP=8,2 status=0,0
growth level/xp/item=8/399/0,8/709/0 stats maxHP/attack,maxHP/magic=30/20,26/13 foesHP=0,0
pattern trainer=0 turn=0 foePP=0,0 foeAtkDef=0,0 CarlAtk=0 foeLevel=0
support PP=0,0 Carl-defense=0 enemy-attack=0,0
party action uses=8,40 / 2,40
PASS uses 8 40 2 40
frame=28124 map=35.0 pos=30,24 flags=0
party=2 HP=30/30,26/26 battle=0 battlers=0 outcome=0 PP=0,0 trial=0 donut-ability=0
persistent PP=8,2 status=0,0
growth level/xp/item=8/399/0,8/709/0 stats maxHP/attack,maxHP/magic=30/20,26/13 foesHP=0,0
PASS flag 32 0
pattern trainer=0 turn=0 foePP=0,0 foeAtkDef=0,0 CarlAtk=0 foeLevel=0
support PP=0,0 Carl-defense=0 enemy-attack=0,0
party action uses=8,40 / 2,40
frame=28124 map=35.0 pos=30,24 flags=0
party=2 HP=30/30,26/26 battle=0 battlers=0 outcome=0 PP=0,0 trial=0 donut-ability=0
persistent PP=8,2 status=0,0
growth level/xp/item=8/399/0,8/709/0 stats maxHP/attack,maxHP/magic=30/20,26/13 foesHP=0,0
PASS flag 33 0
pattern trainer=0 turn=0 foePP=0,0 foeAtkDef=0,0 CarlAtk=0 foeLevel=0
support PP=0,0 Carl-defense=0 enemy-attack=0,0
party action uses=8,40 / 2,40
frame=28124 map=35.0 pos=30,24 flags=0
party=2 HP=30/30,26/26 battle=0 battlers=0 outcome=0 PP=0,0 trial=0 donut-ability=0
persistent PP=8,2 status=0,0
growth level/xp/item=8/399/0,8/709/0 stats maxHP/attack,maxHP/magic=30/20,26/13 foesHP=0,0
PASS flag 34 0
pattern trainer=0 turn=0 foePP=0,0 foeAtkDef=0,0 CarlAtk=0 foeLevel=0
support PP=0,0 Carl-defense=0 enemy-attack=0,0
party action uses=8,40 / 2,40
frame=28124 map=35.0 pos=30,24 flags=0
party=2 HP=30/30,26/26 battle=0 battlers=0 outcome=0 PP=0,0 trial=0 donut-ability=0
persistent PP=8,2 status=0,0
growth level/xp/item=8/399/0,8/709/0 stats maxHP/attack,maxHP/magic=30/20,26/13 foesHP=0,0
PASS flag 35 0
pattern trainer=0 turn=0 foePP=0,0 foeAtkDef=0,0 CarlAtk=0 foeLevel=0
support PP=0,0 Carl-defense=0 enemy-attack=0,0
party action uses=8,40 / 2,40
frame=28124 map=35.0 pos=30,24 flags=0
party=2 HP=30/30,26/26 battle=0 battlers=0 outcome=0 PP=0,0 trial=0 donut-ability=0
persistent PP=8,2 status=0,0
growth level/xp/item=8/399/0,8/709/0 stats maxHP/attack,maxHP/magic=30/20,26/13 foesHP=0,0
PASS flag 36 0
pattern trainer=0 turn=0 foePP=0,0 foeAtkDef=0,0 CarlAtk=0 foeLevel=0
support PP=0,0 Carl-defense=0 enemy-attack=0,0
party action uses=8,40 / 2,40
frame=28124 map=35.0 pos=30,24 flags=0
party=2 HP=30/30,26/26 battle=0 battlers=0 outcome=0 PP=0,0 trial=0 donut-ability=0
persistent PP=8,2 status=0,0
growth level/xp/item=8/399/0,8/709/0 stats maxHP/attack,maxHP/magic=30/20,26/13 foesHP=0,0
PASS flag 37 0
pattern trainer=0 turn=0 foePP=0,0 foeAtkDef=0,0 CarlAtk=0 foeLevel=0
support PP=0,0 Carl-defense=0 enemy-attack=0,0
party action uses=8,40 / 2,40
frame=28124 map=35.0 pos=30,24 flags=0
party=2 HP=30/30,26/26 battle=0 battlers=0 outcome=0 PP=0,0 trial=0 donut-ability=0
persistent PP=8,2 status=0,0
growth level/xp/item=8/399/0,8/709/0 stats maxHP/attack,maxHP/magic=30/20,26/13 foesHP=0,0
PASS flag 38 0
pattern trainer=0 turn=0 foePP=0,0 foeAtkDef=0,0 CarlAtk=0 foeLevel=0
support PP=0,0 Carl-defense=0 enemy-attack=0,0
party action uses=8,40 / 2,40
frame=28124 map=35.0 pos=30,24 flags=0
party=2 HP=30/30,26/26 battle=0 battlers=0 outcome=0 PP=0,0 trial=0 donut-ability=0
persistent PP=8,2 status=0,0
growth level/xp/item=8/399/0,8/709/0 stats maxHP/attack,maxHP/magic=30/20,26/13 foesHP=0,0
PASS flag 39 0
pattern trainer=0 turn=0 foePP=0,0 foeAtkDef=0,0 CarlAtk=0 foeLevel=0
support PP=0,0 Carl-defense=0 enemy-attack=0,0
party action uses=8,40 / 2,40
frame=28124 map=35.0 pos=30,24 flags=0
party=2 HP=30/30,26/26 battle=0 battlers=0 outcome=0 PP=0,0 trial=0 donut-ability=0
persistent PP=8,2 status=0,0
growth level/xp/item=8/399/0,8/709/0 stats maxHP/attack,maxHP/magic=30/20,26/13 foesHP=0,0
PASS flag 40 0
pattern trainer=0 turn=0 foePP=0,0 foeAtkDef=0,0 CarlAtk=0 foeLevel=0
support PP=0,0 Carl-defense=0 enemy-attack=0,0
party action uses=8,40 / 2,40
frame=28124 map=35.0 pos=30,24 flags=0
party=2 HP=30/30,26/26 battle=0 battlers=0 outcome=0 PP=0,0 trial=0 donut-ability=0
persistent PP=8,2 status=0,0
growth level/xp/item=8/399/0,8/709/0 stats maxHP/attack,maxHP/magic=30/20,26/13 foesHP=0,0
PASS flag 41 0
pattern trainer=0 turn=0 foePP=0,0 foeAtkDef=0,0 CarlAtk=0 foeLevel=0
support PP=0,0 Carl-defense=0 enemy-attack=0,0
party action uses=8,40 / 2,40
frame=28124 map=35.0 pos=30,24 flags=0
party=2 HP=30/30,26/26 battle=0 battlers=0 outcome=0 PP=0,0 trial=0 donut-ability=0
persistent PP=8,2 status=0,0
growth level/xp/item=8/399/0,8/709/0 stats maxHP/attack,maxHP/magic=30/20,26/13 foesHP=0,0
PASS flag 42 0
pattern trainer=0 turn=0 foePP=0,0 foeAtkDef=0,0 CarlAtk=0 foeLevel=0
support PP=0,0 Carl-defense=0 enemy-attack=0,0
party action uses=8,40 / 2,40
frame=28124 map=35.0 pos=30,24 flags=0
party=2 HP=30/30,26/26 battle=0 battlers=0 outcome=0 PP=0,0 trial=0 donut-ability=0
persistent PP=8,2 status=0,0
growth level/xp/item=8/399/0,8/709/0 stats maxHP/attack,maxHP/magic=30/20,26/13 foesHP=0,0
PASS flag 43 0
pattern trainer=0 turn=0 foePP=0,0 foeAtkDef=0,0 CarlAtk=0 foeLevel=0
support PP=0,0 Carl-defense=0 enemy-attack=0,0
party action uses=8,40 / 2,40
frame=28124 map=35.0 pos=30,24 flags=0
party=2 HP=30/30,26/26 battle=0 battlers=0 outcome=0 PP=0,0 trial=0 donut-ability=0
persistent PP=8,2 status=0,0
growth level/xp/item=8/399/0,8/709/0 stats maxHP/attack,maxHP/magic=30/20,26/13 foesHP=0,0
PASS flag 44 0
pattern trainer=0 turn=0 foePP=0,0 foeAtkDef=0,0 CarlAtk=0 foeLevel=0
support PP=0,0 Carl-defense=0 enemy-attack=0,0
party action uses=8,40 / 2,40
frame=28124 map=35.0 pos=30,24 flags=0
party=2 HP=30/30,26/26 battle=0 battlers=0 outcome=0 PP=0,0 trial=0 donut-ability=0
persistent PP=8,2 status=0,0
growth level/xp/item=8/399/0,8/709/0 stats maxHP/attack,maxHP/magic=30/20,26/13 foesHP=0,0
PASS flag 45 0
pattern trainer=0 turn=0 foePP=0,0 foeAtkDef=0,0 CarlAtk=0 foeLevel=0
support PP=0,0 Carl-defense=0 enemy-attack=0,0
party action uses=8,40 / 2,40
frame=28124 map=35.0 pos=30,24 flags=0
party=2 HP=30/30,26/26 battle=0 battlers=0 outcome=0 PP=0,0 trial=0 donut-ability=0
persistent PP=8,2 status=0,0
growth level/xp/item=8/399/0,8/709/0 stats maxHP/attack,maxHP/magic=30/20,26/13 foesHP=0,0
PASS flag 46 0
pattern trainer=0 turn=0 foePP=0,0 foeAtkDef=0,0 CarlAtk=0 foeLevel=0
support PP=0,0 Carl-defense=0 enemy-attack=0,0
party action uses=8,40 / 2,40
frame=28124 map=35.0 pos=30,24 flags=0
party=2 HP=30/30,26/26 battle=0 battlers=0 outcome=0 PP=0,0 trial=0 donut-ability=0
persistent PP=8,2 status=0,0
growth level/xp/item=8/399/0,8/709/0 stats maxHP/attack,maxHP/magic=30/20,26/13 foesHP=0,0
PASS flag 47 0
pattern trainer=0 turn=0 foePP=0,0 foeAtkDef=0,0 CarlAtk=0 foeLevel=0
support PP=0,0 Carl-defense=0 enemy-attack=0,0
party action uses=8,40 / 2,40
frame=28124 map=35.0 pos=30,24 flags=0
party=2 HP=30/30,26/26 battle=0 battlers=0 outcome=0 PP=0,0 trial=0 donut-ability=0
persistent PP=8,2 status=0,0
growth level/xp/item=8/399/0,8/709/0 stats maxHP/attack,maxHP/magic=30/20,26/13 foesHP=0,0
PASS flag 48 0
pattern trainer=0 turn=0 foePP=0,0 foeAtkDef=0,0 CarlAtk=0 foeLevel=0
support PP=0,0 Carl-defense=0 enemy-attack=0,0
party action uses=8,40 / 2,40
frame=28124 map=35.0 pos=30,24 flags=0
party=2 HP=30/30,26/26 battle=0 battlers=0 outcome=0 PP=0,0 trial=0 donut-ability=0
persistent PP=8,2 status=0,0
growth level/xp/item=8/399/0,8/709/0 stats maxHP/attack,maxHP/magic=30/20,26/13 foesHP=0,0
PASS flag 2135 0
pattern trainer=0 turn=0 foePP=0,0 foeAtkDef=0,0 CarlAtk=0 foeLevel=0
support PP=0,0 Carl-defense=0 enemy-attack=0,0
party action uses=8,40 / 2,40
frame=28124 map=35.0 pos=30,24 flags=0
party=2 HP=30/30,26/26 battle=0 battlers=0 outcome=0 PP=0,0 trial=0 donut-ability=0
persistent PP=8,2 status=0,0
growth level/xp/item=8/399/0,8/709/0 stats maxHP/attack,maxHP/magic=30/20,26/13 foesHP=0,0
PASS flag 2136 0
pattern trainer=0 turn=0 foePP=0,0 foeAtkDef=0,0 CarlAtk=0 foeLevel=0
support PP=0,0 Carl-defense=0 enemy-attack=0,0
party action uses=8,40 / 2,40
frame=28124 map=35.0 pos=30,24 flags=0
party=2 HP=30/30,26/26 battle=0 battlers=0 outcome=0 PP=0,0 trial=0 donut-ability=0
persistent PP=8,2 status=0,0
growth level/xp/item=8/399/0,8/709/0 stats maxHP/attack,maxHP/magic=30/20,26/13 foesHP=0,0
PASS flag 2137 0
pattern trainer=0 turn=0 foePP=0,0 foeAtkDef=0,0 CarlAtk=0 foeLevel=0
support PP=0,0 Carl-defense=0 enemy-attack=0,0
party action uses=8,40 / 2,40
frame=28124 map=35.0 pos=30,24 flags=0
party=2 HP=30/30,26/26 battle=0 battlers=0 outcome=0 PP=0,0 trial=0 donut-ability=0
persistent PP=8,2 status=0,0
growth level/xp/item=8/399/0,8/709/0 stats maxHP/attack,maxHP/magic=30/20,26/13 foesHP=0,0
PASS flag 2138 0
pattern trainer=0 turn=0 foePP=0,0 foeAtkDef=0,0 CarlAtk=0 foeLevel=0
support PP=0,0 Carl-defense=0 enemy-attack=0,0
party action uses=8,40 / 2,40
frame=28124 map=35.0 pos=30,24 flags=0
party=2 HP=30/30,26/26 battle=0 battlers=0 outcome=0 PP=0,0 trial=0 donut-ability=0
persistent PP=8,2 status=0,0
growth level/xp/item=8/399/0,8/709/0 stats maxHP/attack,maxHP/magic=30/20,26/13 foesHP=0,0
PASS flag 2139 0
pattern trainer=0 turn=0 foePP=0,0 foeAtkDef=0,0 CarlAtk=0 foeLevel=0
support PP=0,0 Carl-defense=0 enemy-attack=0,0
party action uses=8,40 / 2,40
frame=28125 map=35.0 pos=30,24 flags=0
party=2 HP=30/30,26/26 battle=0 battlers=0 outcome=0 PP=0,0 trial=0 donut-ability=0
persistent PP=8,2 status=0,0
growth level/xp/item=8/399/0,8/709/0 stats maxHP/attack,maxHP/magic=30/20,26/13 foesHP=0,0
pattern trainer=0 turn=0 foePP=0,0 foeAtkDef=0,0 CarlAtk=0 foeLevel=0
support PP=0,0 Carl-defense=0 enemy-attack=0,0
party action uses=8,40 / 2,40
frame=28245 map=35.0 pos=30,24 flags=0
party=2 HP=30/30,26/26 battle=0 battlers=0 outcome=0 PP=0,0 trial=0 donut-ability=0
persistent PP=8,2 status=0,0
growth level/xp/item=8/399/0,8/709/0 stats maxHP/attack,maxHP/magic=30/20,26/13 foesHP=0,0
pattern trainer=0 turn=0 foePP=0,0 foeAtkDef=0,0 CarlAtk=0 foeLevel=0
support PP=0,0 Carl-defense=0 enemy-attack=0,0
party action uses=8,40 / 2,40
frame=28246 map=35.0 pos=30,24 flags=0
party=2 HP=30/30,26/26 battle=0 battlers=0 outcome=0 PP=0,0 trial=0 donut-ability=0
persistent PP=8,2 status=0,0
growth level/xp/item=8/399/0,8/709/0 stats maxHP/attack,maxHP/magic=30/20,26/13 foesHP=0,0
pattern trainer=0 turn=0 foePP=0,0 foeAtkDef=0,0 CarlAtk=0 foeLevel=0
support PP=0,0 Carl-defense=0 enemy-attack=0,0
party action uses=8,40 / 2,40
frame=28266 map=35.0 pos=30,24 flags=0
party=2 HP=30/30,26/26 battle=0 battlers=0 outcome=0 PP=0,0 trial=0 donut-ability=0
persistent PP=8,2 status=0,0
growth level/xp/item=8/399/0,8/709/0 stats maxHP/attack,maxHP/magic=30/20,26/13 foesHP=0,0
pattern trainer=0 turn=0 foePP=0,0 foeAtkDef=0,0 CarlAtk=0 foeLevel=0
support PP=0,0 Carl-defense=0 enemy-attack=0,0
party action uses=8,40 / 2,40
frame=28267 map=35.0 pos=30,24 flags=0
party=2 HP=30/30,26/26 battle=0 battlers=0 outcome=0 PP=0,0 trial=0 donut-ability=0
persistent PP=8,2 status=0,0
growth level/xp/item=8/399/0,8/709/0 stats maxHP/attack,maxHP/magic=30/20,26/13 foesHP=0,0
pattern trainer=0 turn=0 foePP=0,0 foeAtkDef=0,0 CarlAtk=0 foeLevel=0
support PP=0,0 Carl-defense=0 enemy-attack=0,0
party action uses=8,40 / 2,40
frame=28287 map=35.0 pos=30,24 flags=0
party=2 HP=30/30,26/26 battle=0 battlers=0 outcome=0 PP=0,0 trial=0 donut-ability=0
persistent PP=8,2 status=0,0
growth level/xp/item=8/399/0,8/709/0 stats maxHP/attack,maxHP/magic=30/20,26/13 foesHP=0,0
pattern trainer=0 turn=0 foePP=0,0 foeAtkDef=0,0 CarlAtk=0 foeLevel=0
support PP=0,0 Carl-defense=0 enemy-attack=0,0
party action uses=8,40 / 2,40
frame=28288 map=35.0 pos=30,24 flags=0
party=2 HP=30/30,26/26 battle=0 battlers=0 outcome=0 PP=0,0 trial=0 donut-ability=0
persistent PP=8,2 status=0,0
growth level/xp/item=8/399/0,8/709/0 stats maxHP/attack,maxHP/magic=30/20,26/13 foesHP=0,0
pattern trainer=0 turn=0 foePP=0,0 foeAtkDef=0,0 CarlAtk=0 foeLevel=0
support PP=0,0 Carl-defense=0 enemy-attack=0,0
party action uses=8,40 / 2,40
frame=28448 map=35.0 pos=30,24 flags=0
party=2 HP=30/30,26/26 battle=0 battlers=0 outcome=0 PP=0,0 trial=0 donut-ability=0
persistent PP=8,2 status=0,0
growth level/xp/item=8/399/0,8/709/0 stats maxHP/attack,maxHP/magic=30/20,26/13 foesHP=0,0
pattern trainer=0 turn=0 foePP=0,0 foeAtkDef=0,0 CarlAtk=0 foeLevel=0
support PP=0,0 Carl-defense=0 enemy-attack=0,0
party action uses=8,40 / 2,40
frame=28449 map=35.0 pos=30,24 flags=0
party=2 HP=30/30,26/26 battle=0 battlers=0 outcome=0 PP=0,0 trial=0 donut-ability=0
persistent PP=8,2 status=0,0
growth level/xp/item=8/399/0,8/709/0 stats maxHP/attack,maxHP/magic=30/20,26/13 foesHP=0,0
pattern trainer=0 turn=0 foePP=0,0 foeAtkDef=0,0 CarlAtk=0 foeLevel=0
support PP=0,0 Carl-defense=0 enemy-attack=0,0
party action uses=8,40 / 2,40
frame=29049 map=35.0 pos=30,24 flags=0
party=2 HP=30/30,26/26 battle=0 battlers=0 outcome=0 PP=0,0 trial=0 donut-ability=0
persistent PP=8,2 status=0,0
growth level/xp/item=8/399/0,8/709/0 stats maxHP/attack,maxHP/magic=30/20,26/13 foesHP=0,0
pattern trainer=0 turn=0 foePP=0,0 foeAtkDef=0,0 CarlAtk=0 foeLevel=0
support PP=0,0 Carl-defense=0 enemy-attack=0,0
party action uses=8,40 / 2,40
frame=29049 map=35.0 pos=30,24 flags=0
party=2 HP=30/30,26/26 battle=0 battlers=0 outcome=0 PP=0,0 trial=0 donut-ability=0
persistent PP=8,2 status=0,0
growth level/xp/item=8/399/0,8/709/0 stats maxHP/attack,maxHP/magic=30/20,26/13 foesHP=0,0
pattern trainer=0 turn=0 foePP=0,0 foeAtkDef=0,0 CarlAtk=0 foeLevel=0
support PP=0,0 Carl-defense=0 enemy-attack=0,0
party action uses=8,40 / 2,40
PASS expect 35 0 30 24 0
result=0 assertions=264
